id,tvt
000d7d20_1442,11746.870785833235
000d7d20_1443,11746.787131058676
000d7d20_1444,11746.897223085769
000d7d20_1445,11747.043767302805
000d7d20_1446,11747.01733005027
000d7d20_1447,11746.870785833235
000d7d20_1448,11746.897223085769
000d7d20_1449,11746.870785833235
000d7d20_1450,11747.01733005027
000d7d20_1451,11747.01733005027
000d7d20_1452,11747.027661481934
000d7d20_1453,11747.022997711056
000d7d20_1454,11747.01733005027
000d7d20_1455,11746.897223085769
000d7d20_1456,11746.870785833235
000d7d20_1457,11747.01733005027
000d7d20_1458,11747.043767302805
000d7d20_1459,11746.870785833235
000d7d20_1460,11747.043767302805
000d7d20_1461,11747.043767302805
000d7d20_1462,11747.043767302805
000d7d20_1463,11747.043767302805
000d7d20_1464,11747.061116012708
000d7d20_1465,11746.897223085769
000d7d20_1466,11746.897223085769
000d7d20_1467,11746.897223085769
000d7d20_1468,11746.897223085769
000d7d20_1469,11746.897223085769
000d7d20_1470,11746.897223085769
000d7d20_1471,11746.897223085769
000d7d20_1472,11746.897223085769
000d7d20_1473,11746.862170871931
000d7d20_1474,11746.884662092221
000d7d20_1475,11746.86749305914
000d7d20_1476,11746.890828107104
000d7d20_1477,11746.885505919894
000d7d20_1478,11746.885505919894
000d7d20_1479,11746.758003540705
000d7d20_1480,11746.758003540705
000d7d20_1481,11746.787730388787
000d7d20_1482,11746.758003540705
000d7d20_1483,11746.758003540705
000d7d20_1484,11746.758003540705
000d7d20_1485,11746.787730388787
000d7d20_1486,11746.77421801213
000d7d20_1487,11746.717171269509
000d7d20_1488,11746.717171269509
000d7d20_1489,11746.717171269509
000d7d20_1490,11746.730772252402
000d7d20_1491,11746.730772252402
000d7d20_1492,11746.730772252402
000d7d20_1493,11746.730772252402
000d7d20_1494,11746.730772252402
000d7d20_1495,11746.846387204652
000d7d20_1496,11746.846387204652
000d7d20_1497,11746.846387204652
000d7d20_1498,11746.846387204652
000d7d20_1499,11746.846387204652
000d7d20_1500,11746.974812425018
000d7d20_1501,11746.974812425018
000d7d20_1502,11746.974812425018
000d7d20_1503,11746.974812425018
000d7d20_1504,11746.939682041782
000d7d20_1505,11747.00911824991
000d7d20_1506,11747.066164992531
000d7d20_1507,11747.00911824991
000d7d20_1508,11747.00911824991
000d7d20_1509,11747.069393950533
000d7d20_1510,11747.069393950533
000d7d20_1511,11747.069393950533
000d7d20_1512,11747.057919786816
000d7d20_1513,11747.057919786816
000d7d20_1514,11747.057919786816
000d7d20_1515,11747.114966529438
000d7d20_1516,11747.057919786816
000d7d20_1517,11747.080947637818
000d7d20_1518,11747.029223082407
000d7d20_1519,11747.086848750372
000d7d20_1520,11746.923464414582
000d7d20_1521,11746.980511157204
000d7d20_1522,11746.923464414582
000d7d20_1523,11746.923464414582
000d7d20_1524,11746.935622174818
000d7d20_1525,11746.935622174818
000d7d20_1526,11746.985433289648
000d7d20_1527,11746.99266891744
000d7d20_1528,11746.940944362028
000d7d20_1529,11746.794227108343
000d7d20_1530,11746.844038223173
000d7d20_1531,11746.794227108343
000d7d20_1532,11746.762491169813
000d7d20_1533,11746.767813357023
000d7d20_1534,11746.762491169813
000d7d20_1535,11746.762491169813
000d7d20_1536,11746.893908416447
000d7d20_1537,11746.893908416447
000d7d20_1538,11746.893908416447
000d7d20_1539,11747.081073203719
000d7d20_1540,11747.081073203719
000d7d20_1541,11747.081073203719
000d7d20_1542,11747.081073203719
000d7d20_1543,11747.153026468248
000d7d20_1544,11747.006482251214
000d7d20_1545,11747.006482251214
000d7d20_1546,11747.16131199293
000d7d20_1547,11747.014767775896
000d7d20_1548,11747.014767775896
000d7d20_1549,11747.043218338462
000d7d20_1550,11747.043218338462
000d7d20_1551,11747.16202302444
000d7d20_1552,11747.16202302444
000d7d20_1553,11747.03989991702
000d7d20_1554,11747.170338313184
000d7d20_1555,11747.03989991702
000d7d20_1556,11746.958191935604
000d7d20_1557,11746.958191935604
000d7d20_1558,11746.958191935604
000d7d20_1559,11746.958191935604
000d7d20_1560,11747.00988647634
000d7d20_1561,11747.00988647634
000d7d20_1562,11747.043075059797
000d7d20_1563,11746.896530842761
000d7d20_1564,11747.043075059797
000d7d20_1565,11747.043075059797
000d7d20_1566,11746.69611981999
000d7d20_1567,11746.866454574349
000d7d20_1568,11745.948529084415
000d7d20_1569,11745.948529084415
000d7d20_1570,11746.09507330145
000d7d20_1571,11746.09507330145
000d7d20_1572,11746.614097888012
000d7d20_1573,11746.467553670976
000d7d20_1574,11746.427275374654
000d7d20_1575,11746.427275374654
000d7d20_1576,11746.427275374654
000d7d20_1577,11746.57381959169
000d7d20_1578,11746.351324953204
000d7d20_1579,11746.351324953204
000d7d20_1580,11746.204780736169
000d7d20_1581,11746.421686776426
000d7d20_1582,11746.401552097926
000d7d20_1583,11746.54809631496
000d7d20_1584,11746.54809631496
000d7d20_1585,11745.954448805946
000d7d20_1586,11746.10099302298
000d7d20_1587,11745.954448805946
000d7d20_1588,11746.035529410177
000d7d20_1589,11746.052878120081
000d7d20_1590,11745.888985193142
000d7d20_1591,11746.035529410177
000d7d20_1592,11746.163516356046
000d7d20_1593,11746.01697213901
000d7d20_1594,11746.163516356046
000d7d20_1595,11745.716931339522
000d7d20_1596,11745.716931339522
000d7d20_1597,11745.759294165231
000d7d20_1598,11745.759294165231
000d7d20_1599,11745.759294165231
000d7d20_1600,11745.892538432276
000d7d20_1601,11746.039082649311
000d7d20_1602,11745.892538432276
000d7d20_1603,11746.01170153588
000d7d20_1604,11746.142139932044
000d7d20_1605,11746.01170153588
000d7d20_1606,11746.01170153588
000d7d20_1607,11746.10335869693
000d7d20_1608,11746.10335869693
000d7d20_1609,11746.10335869693
000d7d20_1610,11746.10335869693
000d7d20_1611,11746.245177311968
000d7d20_1612,11746.245177311968
000d7d20_1613,11746.245177311968
000d7d20_1614,11746.245177311968
000d7d20_1615,11746.185885037043
000d7d20_1616,11746.185885037043
000d7d20_1617,11746.185885037043
000d7d20_1618,11746.185885037043
000d7d20_1619,11746.185885037043
000d7d20_1620,11746.185885037043
000d7d20_1621,11746.185885037043
000d7d20_1622,11746.275584355688
000d7d20_1623,11745.999936221731
000d7d20_1624,11745.999936221731
000d7d20_1625,11745.999936221731
000d7d20_1626,11745.999936221731
000d7d20_1627,11745.999936221731
000d7d20_1628,11745.860427271642
000d7d20_1629,11745.860427271642
000d7d20_1630,11745.990865667809
000d7d20_1631,11746.024320198583
000d7d20_1632,11745.860427271642
000d7d20_1633,11745.860427271642
000d7d20_1634,11745.860427271642
000d7d20_1635,11745.83095665497
000d7d20_1636,11745.83095665497
000d7d20_1637,11745.83095665497
000d7d20_1638,11745.920655973616
000d7d20_1639,11745.83095665497
000d7d20_1640,11745.321765551038
000d7d20_1641,11745.321765551038
000d7d20_1642,11745.321765551038
000d7d20_1643,11745.411464869681
000d7d20_1644,11745.321765551038
000d7d20_1645,11745.163688677007
000d7d20_1646,11745.253387995652
000d7d20_1647,11745.294127073174
000d7d20_1648,11745.163688677007
000d7d20_1649,11745.163688677007
000d7d20_1650,11745.163688677007
000d7d20_1651,11745.163688677007
000d7d20_1652,11745.163688677007
000d7d20_1653,11745.163688677007
000d7d20_1654,11745.327581603948
000d7d20_1655,11745.163688677007
000d7d20_1656,11745.163688677007
000d7d20_1657,11745.163688677007
000d7d20_1658,11745.163688677007
000d7d20_1659,11745.163688677007
000d7d20_1660,11745.327581603948
000d7d20_1661,11745.163688677007
000d7d20_1662,11745.21899525332
000d7d20_1663,11745.349433649488
000d7d20_1664,11745.21899525332
000d7d20_1665,11745.21899525332
000d7d20_1666,11745.313549028739
000d7d20_1667,11745.223849710093
000d7d20_1668,11745.223849710093
000d7d20_1669,11745.337187154895
000d7d20_1670,11745.501080081835
000d7d20_1671,11745.337187154895
000d7d20_1672,11745.583080660654
000d7d20_1673,11745.54962612988
000d7d20_1674,11745.419187733714
000d7d20_1675,11745.565731950748
000d7d20_1676,11745.419187733714
000d7d20_1677,11745.419187733714
000d7d20_1678,11745.419187733714
000d7d20_1679,11745.419187733714
000d7d20_1680,11745.419187733714
000d7d20_1681,11745.512964780173
000d7d20_1682,11745.512964780173
000d7d20_1683,11745.512964780173
000d7d20_1684,11745.512964780173
000d7d20_1685,11745.512964780173
000d7d20_1686,11745.512964780173
000d7d20_1687,11745.432630264124
000d7d20_1688,11745.579174481158
000d7d20_1689,11745.596523191063
000d7d20_1690,11745.563068660289
000d7d20_1691,11745.644284601958
000d7d20_1692,11745.432630264124
000d7d20_1693,11745.497740384924
000d7d20_1694,11745.644284601958
000d7d20_1695,11745.661633311864
000d7d20_1696,11745.644284601958
000d7d20_1697,11745.644284601958
000d7d20_1698,11745.497740384924
000d7d20_1699,11745.644284601958
000d7d20_1700,11745.497740384924
000d7d20_1701,11745.497740384924
000d7d20_1702,11745.438066274748
000d7d20_1703,11745.438066274748
000d7d20_1704,11745.438066274748
000d7d20_1705,11745.438066274748
000d7d20_1706,11745.438066274748
000d7d20_1707,11745.438066274748
000d7d20_1708,11745.438066274748
000d7d20_1709,11745.438066274748
000d7d20_1710,11745.601959201687
000d7d20_1711,11745.527765593391
000d7d20_1712,11745.438066274748
000d7d20_1713,11745.438066274748
000d7d20_1714,11745.527765593391
000d7d20_1715,11745.568504670913
000d7d20_1716,11745.438066274748
000d7d20_1717,11745.584610491782
000d7d20_1718,11745.584610491782
000d7d20_1719,11745.438066274748
000d7d20_1720,11745.590278152567
000d7d20_1721,11745.527765593391
000d7d20_1722,11745.601959201687
000d7d20_1723,11745.438066274748
000d7d20_1724,11745.438066274748
000d7d20_1725,11745.372956153948
000d7d20_1726,11745.536849080887
000d7d20_1727,11745.503394550113
000d7d20_1728,11745.372956153948
000d7d20_1729,11745.536849080887
000d7d20_1730,11745.536849080887
000d7d20_1731,11745.372956153948
000d7d20_1732,11745.519500370981
000d7d20_1733,11745.341393008226
000d7d20_1734,11745.341393008226
000d7d20_1735,11745.471831404391
000d7d20_1736,11745.341393008226
000d7d20_1737,11745.247615961765
000d7d20_1738,11745.33731528041
000d7d20_1739,11745.411508888707
000d7d20_1740,11745.394160178801
000d7d20_1741,11745.33731528041
000d7d20_1742,11745.247615961765
000d7d20_1743,11745.247615961765
000d7d20_1744,11745.247615961765
000d7d20_1745,11745.247615961765
000d7d20_1746,11745.134278516965
000d7d20_1747,11745.134278516965
000d7d20_1748,11745.134278516965
000d7d20_1749,11745.134278516965
000d7d20_1750,11745.134278516965
000d7d20_1751,11745.134278516965
000d7d20_1752,11745.078971940651
000d7d20_1753,11745.078971940651
000d7d20_1754,11745.078971940651
000d7d20_1755,11745.078971940651
000d7d20_1756,11745.078971940651
000d7d20_1757,11745.168671259295
000d7d20_1758,11745.078971940651
000d7d20_1759,11745.168671259295
000d7d20_1760,11745.078971940651
000d7d20_1761,11745.078971940651
000d7d20_1762,11745.078971940651
000d7d20_1763,11745.24286486759
000d7d20_1764,11745.078971940651
000d7d20_1765,11745.078971940651
000d7d20_1766,11745.23704881468
000d7d20_1767,11745.23704881468
000d7d20_1768,11745.23704881468
000d7d20_1769,11745.23704881468
000d7d20_1770,11745.23704881468
000d7d20_1771,11745.746239918613
000d7d20_1772,11745.746239918613
000d7d20_1773,11745.746239918613
000d7d20_1774,11745.746239918613
000d7d20_1775,11745.746239918613
000d7d20_1776,11745.775710535287
000d7d20_1777,11745.939603462226
000d7d20_1778,11745.775710535287
000d7d20_1779,11745.775710535287
000d7d20_1780,11745.86540985393
000d7d20_1781,11745.915219485374
000d7d20_1782,11745.915219485374
000d7d20_1783,11745.985510742763
000d7d20_1784,11745.985510742763
000d7d20_1785,11746.171459558074
000d7d20_1786,11746.171459558074
000d7d20_1787,11746.171459558074
000d7d20_1788,11746.171459558074
000d7d20_1789,11746.171459558074
000d7d20_1790,11746.171459558074
000d7d20_1791,11746.171459558074
000d7d20_1792,11746.171459558074
000d7d20_1793,11746.171459558074
000d7d20_1794,11746.171459558074
000d7d20_1795,11746.171459558074
000d7d20_1796,11746.171459558074
000d7d20_1797,11746.171459558074
000d7d20_1798,11746.171459558074
000d7d20_1799,11746.171459558074
000d7d20_1800,11746.26115887672
000d7d20_1801,11746.160079339203
000d7d20_1802,11746.176185160071
000d7d20_1803,11746.176185160071
000d7d20_1804,11746.029640943038
000d7d20_1805,11746.029640943038
000d7d20_1806,11746.029640943038
000d7d20_1807,11746.029640943038
000d7d20_1808,11746.059885979907
000d7d20_1809,11746.059885979907
000d7d20_1810,11746.206430196942
000d7d20_1811,11746.059885979907
000d7d20_1812,11746.059885979907
000d7d20_1813,11746.059885979907
000d7d20_1814,11746.059885979907
000d7d20_1815,11745.940722876303
000d7d20_1816,11746.104615803244
000d7d20_1817,11746.087267093339
000d7d20_1818,11746.087267093339
000d7d20_1819,11746.087267093339
000d7d20_1820,11746.087267093339
000d7d20_1821,11746.087267093339
000d7d20_1822,11746.087267093339
000d7d20_1823,11746.087267093339
000d7d20_1824,11745.954022826294
000d7d20_1825,11745.954022826294
000d7d20_1826,11745.954022826294
000d7d20_1827,11745.897177927904
000d7d20_1828,11745.95969048708
000d7d20_1829,11745.954022826294
000d7d20_1830,11745.9713715362
000d7d20_1831,11745.954022826294
000d7d20_1832,11745.80747860926
000d7d20_1833,11745.954022826294
000d7d20_1834,11745.954022826294
000d7d20_1835,11745.76511578355
000d7d20_1836,11745.954022826294
000d7d20_1837,11745.911660000585
000d7d20_1838,11745.76511578355
000d7d20_1839,11745.911660000585
000d7d20_1840,11745.911660000585
000d7d20_1841,11745.76511578355
000d7d20_1842,11745.76511578355
000d7d20_1843,11745.76511578355
000d7d20_1844,11745.76511578355
000d7d20_1845,11745.76511578355
000d7d20_1846,11745.76511578355
000d7d20_1847,11745.911660000585
000d7d20_1848,11745.76511578355
000d7d20_1849,11745.76511578355
000d7d20_1850,11745.76511578355
000d7d20_1851,11745.76511578355
000d7d20_1852,11745.76511578355
000d7d20_1853,11745.911660000585
000d7d20_1854,11745.911660000585
000d7d20_1855,11745.76511578355
000d7d20_1856,11745.911660000585
000d7d20_1857,11745.929008710491
000d7d20_1858,11745.76511578355
000d7d20_1859,11745.911660000585
000d7d20_1860,11745.911660000585
000d7d20_1861,11745.76511578355
000d7d20_1862,11745.76511578355
000d7d20_1863,11745.76511578355
000d7d20_1864,11745.929008710491
000d7d20_1865,11745.76511578355
000d7d20_1866,11745.917327661371
000d7d20_1867,11745.911660000585
000d7d20_1868,11745.76511578355
000d7d20_1869,11745.76511578355
000d7d20_1870,11745.76511578355
000d7d20_1871,11745.76511578355
000d7d20_1872,11745.911660000585
000d7d20_1873,11745.76511578355
000d7d20_1874,11745.76511578355
000d7d20_1875,11745.895554179717
000d7d20_1876,11745.76511578355
000d7d20_1877,11745.76511578355
000d7d20_1878,11745.76511578355
000d7d20_1879,11745.911660000585
000d7d20_1880,11745.696390783785
000d7d20_1881,11745.549846566752
000d7d20_1882,11745.696390783785
000d7d20_1883,11745.549846566752
000d7d20_1884,11745.549846566752
000d7d20_1885,11745.71373949369
000d7d20_1886,11745.549846566752
000d7d20_1887,11745.549846566752
000d7d20_1888,11745.696390783785
000d7d20_1889,11745.696390783785
000d7d20_1890,11745.71373949369
000d7d20_1891,11745.549846566752
000d7d20_1892,11745.696390783785
000d7d20_1893,11745.696390783785
000d7d20_1894,11745.71373949369
000d7d20_1895,11745.549846566752
000d7d20_1896,11745.549846566752
000d7d20_1897,11745.549846566752
000d7d20_1898,11745.549846566752
000d7d20_1899,11745.549846566752
000d7d20_1900,11745.628750143296
000d7d20_1901,11745.628750143296
000d7d20_1902,11745.48220592626
000d7d20_1903,11745.628750143296
000d7d20_1904,11745.628750143296
000d7d20_1905,11745.628750143296
000d7d20_1906,11745.48220592626
000d7d20_1907,11745.628750143296
000d7d20_1908,11745.646098853202
000d7d20_1909,11745.48220592626
000d7d20_1910,11745.48220592626
000d7d20_1911,11745.628750143296
000d7d20_1912,11745.48220592626
000d7d20_1913,11745.628750143296
000d7d20_1914,11745.646098853202
000d7d20_1915,11745.48220592626
000d7d20_1916,11745.628750143296
000d7d20_1917,11745.628750143296
000d7d20_1918,11745.48220592626
000d7d20_1919,11745.646098853202
000d7d20_1920,11745.48220592626
000d7d20_1921,11745.48220592626
000d7d20_1922,11745.48220592626
000d7d20_1923,11745.48220592626
000d7d20_1924,11745.48220592626
000d7d20_1925,11745.48220592626
000d7d20_1926,11745.782246725748
000d7d20_1927,11745.612644322428
000d7d20_1928,11745.782246725748
000d7d20_1929,11745.928790942784
000d7d20_1930,11745.928790942784
000d7d20_1931,11745.782246725748
000d7d20_1932,11745.782246725748
000d7d20_1933,11745.787568912958
000d7d20_1934,11745.887245324606
000d7d20_1935,11745.887245324606
000d7d20_1936,11745.782246725748
000d7d20_1937,11745.887245324606
000d7d20_1938,11745.782246725748
000d7d20_1939,11745.782246725748
000d7d20_1940,11745.782246725748
000d7d20_1941,11745.782246725748
000d7d20_1942,11745.782246725748
000d7d20_1943,11745.88420268122
000d7d20_1944,11745.891438309012
000d7d20_1945,11745.782246725748
000d7d20_1946,11745.782246725748
000d7d20_1947,11745.681461588027
000d7d20_1948,11745.79065317129
000d7d20_1949,11745.783417543498
000d7d20_1950,11745.613148752334
000d7d20_1951,11745.613148752334
000d7d20_1952,11745.613148752334
000d7d20_1953,11745.722340335598
000d7d20_1954,11745.613148752334
000d7d20_1955,11745.613148752334
000d7d20_1956,11745.722340335598
000d7d20_1957,11745.613148752334
000d7d20_1958,11745.70284807098
000d7d20_1959,11745.613148752334
000d7d20_1960,11745.613148752334
000d7d20_1961,11745.687033061571
000d7d20_1962,11745.7435871485
000d7d20_1963,11745.777041679274
000d7d20_1964,11745.75969296937
000d7d20_1965,11745.613148752334
000d7d20_1966,11745.613148752334
000d7d20_1967,11745.848812847471
000d7d20_1968,11745.764435716035
000d7d20_1969,11745.759113528826
000d7d20_1970,11745.759113528826
000d7d20_1971,11745.759113528826
000d7d20_1972,11745.669345478918
000d7d20_1973,11745.669345478918
000d7d20_1974,11745.669345478918
000d7d20_1975,11745.669345478918
000d7d20_1976,11745.669345478918
000d7d20_1977,11745.669345478918
000d7d20_1978,11745.698328985987
000d7d20_1979,11745.608629667342
000d7d20_1980,11745.608629667342
000d7d20_1981,11746.224291585033
000d7d20_1982,11746.224291585033
000d7d20_1983,11746.224291585033
000d7d20_1984,11746.224291585033
000d7d20_1985,11746.354729981198
000d7d20_1986,11746.370835802067
000d7d20_1987,11746.376503462852
000d7d20_1988,11746.224291585033
000d7d20_1989,11746.224291585033
000d7d20_1990,11746.224291585033
000d7d20_1991,11746.224291585033
000d7d20_1992,11746.134968303772
000d7d20_1993,11746.155102982271
000d7d20_1994,11746.155102982271
000d7d20_1995,11746.155102982271
000d7d20_1996,11746.155102982271
000d7d20_1997,11746.155102982271
000d7d20_1998,11746.155102982271
000d7d20_1999,11746.155102982271
000d7d20_2000,11746.155102982271
000d7d20_2001,11746.244802300916
000d7d20_2002,11746.155102982271
000d7d20_2003,11746.155102982271
000d7d20_2004,11746.377597620758
000d7d20_2005,11746.377597620758
000d7d20_2006,11746.377597620758
000d7d20_2007,11746.486789204022
000d7d20_2008,11746.377597620758
000d7d20_2009,11746.479553576228
000d7d20_2010,11746.377597620758
000d7d20_2011,11746.377597620758
000d7d20_2012,11746.479553576228
000d7d20_2013,11746.486789204022
000d7d20_2014,11746.41787591708
000d7d20_2015,11746.41787591708
000d7d20_2016,11746.41787591708
000d7d20_2017,11746.527067500343
000d7d20_2018,11746.522874515938
000d7d20_2019,11746.527067500343
000d7d20_2020,11746.41787591708
000d7d20_2021,11746.41787591708
000d7d20_2022,11746.11412054732
000d7d20_2023,11746.11412054732
000d7d20_2024,11746.11412054732
000d7d20_2025,11746.21607650279
000d7d20_2026,11746.11412054732
000d7d20_2027,11746.11412054732
000d7d20_2028,11746.11412054732
000d7d20_2029,11747.145529973222
000d7d20_2030,11747.145529973222
000d7d20_2031,11747.145529973222
000d7d20_2032,11747.145529973222
000d7d20_2033,11747.145529973222
000d7d20_2034,11747.145529973222
000d7d20_2035,11747.145529973222
000d7d20_2036,11747.145529973222
000d7d20_2037,11747.145529973222
000d7d20_2038,11747.145529973222
000d7d20_2039,11747.145529973222
000d7d20_2040,11747.145529973222
000d7d20_2041,11747.145529973222
000d7d20_2042,11747.145529973222
000d7d20_2043,11747.112341389766
000d7d20_2044,11747.112341389766
000d7d20_2045,11747.112341389766
000d7d20_2046,11747.112341389766
000d7d20_2047,11747.112341389766
000d7d20_2048,11747.112341389766
000d7d20_2049,11747.112341389766
000d7d20_2050,11747.112341389766
000d7d20_2051,11747.197067301722
000d7d20_2052,11747.286766620367
000d7d20_2053,11747.25041456858
000d7d20_2054,11747.197067301722
000d7d20_2055,11747.197067301722
000d7d20_2056,11747.197067301722
000d7d20_2057,11747.197067301722
000d7d20_2058,11747.278775283137
000d7d20_2059,11747.278775283137
000d7d20_2060,11747.3494712599
000d7d20_2061,11747.368474601783
000d7d20_2062,11747.278775283137
000d7d20_2063,11747.353991656468
000d7d20_2064,11747.316016729126
000d7d20_2065,11747.296440411965
000d7d20_2066,11747.296440411965
000d7d20_2067,11747.296440411965
000d7d20_2068,11747.38613973061
000d7d20_2069,11747.296440411965
000d7d20_2070,11747.296440411965
000d7d20_2071,11747.338860186355
000d7d20_2072,11747.301618740366
000d7d20_2073,11747.301618740366
000d7d20_2074,11747.38185560618
000d7d20_2075,11747.38185560618
000d7d20_2076,11747.435202873037
000d7d20_2077,11747.435202873037
000d7d20_2078,11747.38185560618
000d7d20_2079,11747.435202873037
000d7d20_2080,11747.38185560618
000d7d20_2081,11747.38185560618
000d7d20_2082,11747.38185560618
000d7d20_2083,11747.426917348355
000d7d20_2084,11747.373570081496
000d7d20_2085,11747.463269400141
000d7d20_2086,11747.373570081496
000d7d20_2087,11747.444266058259
000d7d20_2088,11747.426917348355
000d7d20_2089,11747.410811527485
000d7d20_2090,11747.426917348355
000d7d20_2091,11747.426917348355
000d7d20_2092,11747.69436199828
000d7d20_2093,11747.69436199828
000d7d20_2094,11747.711710708185
000d7d20_2095,11747.584346443613
000d7d20_2096,11747.6206984954
000d7d20_2097,11747.584346443613
000d7d20_2098,11747.584346443613
000d7d20_2099,11747.530999176755
000d7d20_2100,11747.495149658034
000d7d20_2101,11747.584346443613
000d7d20_2102,11747.568240622744
000d7d20_2103,11747.575768829345
000d7d20_2104,11747.628226702001
000d7d20_2105,11747.591874650216
000d7d20_2106,11747.575768829345
000d7d20_2107,11747.538527383358
000d7d20_2108,11747.591874650216
000d7d20_2109,11747.591874650216
000d7d20_2110,11747.575768829345
000d7d20_2111,11747.591874650216
000d7d20_2112,11747.538527383358
000d7d20_2113,11747.591874650216
000d7d20_2114,11747.597542311001
000d7d20_2115,11747.591874650216
000d7d20_2116,11747.591874650216
000d7d20_2117,11747.591874650216
000d7d20_2118,11747.60922336012
000d7d20_2119,11747.591874650216
000d7d20_2120,11747.591874650216
000d7d20_2121,11747.60922336012
000d7d20_2122,11747.591874650216
000d7d20_2123,11747.591874650216
000d7d20_2124,11747.538527383358
000d7d20_2125,11747.591874650216
000d7d20_2126,11747.60922336012
000d7d20_2127,11747.538527383358
000d7d20_2128,11747.591874650216
000d7d20_2129,11747.629278249531
000d7d20_2130,11747.623610588746
000d7d20_2131,11747.623610588746
000d7d20_2132,11747.623610588746
000d7d20_2133,11747.623610588746
000d7d20_2134,11747.629278249531
000d7d20_2135,11747.623610588746
000d7d20_2136,11747.623610588746
000d7d20_2137,11747.623610588746
000d7d20_2138,11747.623610588746
000d7d20_2139,11747.640959298651
000d7d20_2140,11747.659962640533
000d7d20_2141,11747.570263321888
000d7d20_2142,11747.487509331137
000d7d20_2143,11747.737819059694
000d7d20_2144,11747.803224340541
000d7d20_2145,11747.726138010574
000d7d20_2146,11747.756822401576
000d7d20_2147,11747.70436452892
000d7d20_2148,11747.861865416266
000d7d20_2149,11747.845759595395
000d7d20_2150,11747.861865416266
000d7d20_2151,11747.944619407017
000d7d20_2152,11747.944619407017
000d7d20_2153,11747.944619407017
000d7d20_2154,11747.944619407017
000d7d20_2155,11747.861865416266
000d7d20_2156,11747.845759595395
000d7d20_2157,11747.699554059827
000d7d20_2158,11747.699554059827
000d7d20_2159,11747.699554059827
000d7d20_2160,11747.699554059827
000d7d20_2161,11747.782308050579
000d7d20_2162,11747.782308050579
000d7d20_2163,11747.782308050579
000d7d20_2164,11747.782308050579
000d7d20_2165,11747.782308050579
000d7d20_2166,11747.782308050579
000d7d20_2167,11747.699554059827
000d7d20_2168,11747.716902769731
000d7d20_2169,11747.782308050579
000d7d20_2170,11747.699554059827
000d7d20_2171,11747.699554059827
000d7d20_2172,11747.76717913493
000d7d20_2173,11747.701773854082
000d7d20_2174,11747.76717913493
000d7d20_2175,11747.76717913493
000d7d20_2176,11747.720777195964
000d7d20_2177,11747.701773854082
000d7d20_2178,11747.76717913493
000d7d20_2179,11747.76717913493
000d7d20_2180,11747.76717913493
000d7d20_2181,11747.720777195964
000d7d20_2182,11747.684425144178
000d7d20_2183,11747.76717913493
000d7d20_2184,11747.684425144178
000d7d20_2185,11747.668319323308
000d7d20_2186,11747.76717913493
000d7d20_2187,11747.704962186557
000d7d20_2188,11747.720777195964
000d7d20_2189,11747.668319323308
000d7d20_2190,11747.701773854082
000d7d20_2191,11747.861131531401
000d7d20_2192,11747.861131531401
000d7d20_2193,11747.814729592435
000d7d20_2194,11747.861131531401
000d7d20_2195,11747.861131531401
000d7d20_2196,11747.861131531401
000d7d20_2197,11748.172706996196
000d7d20_2198,11748.172706996196
000d7d20_2199,11748.172706996196
000d7d20_2200,11748.172706996196
000d7d20_2201,11748.172706996196
000d7d20_2202,11748.172706996196
000d7d20_2203,11748.172706996196
000d7d20_2204,11748.172706996196
000d7d20_2205,11748.172706996196
000d7d20_2206,11748.12630505723
000d7d20_2207,11748.073847184574
000d7d20_2208,11748.172706996196
000d7d20_2209,11748.172706996196
000d7d20_2210,11748.172706996196
000d7d20_2211,11748.172706996196
000d7d20_2212,11748.172706996196
000d7d20_2213,11748.107301715349
000d7d20_2214,11748.172706996196
000d7d20_2215,11747.986738711881
000d7d20_2216,11747.986738711881
000d7d20_2217,11747.986738711881
000d7d20_2218,11747.887878900261
000d7d20_2219,11748.0207576035
000d7d20_2220,11748.0207576035
000d7d20_2221,11748.0207576035
000d7d20_2222,11748.0207576035
000d7d20_2223,11748.0207576035
000d7d20_2224,11748.0207576035
000d7d20_2225,11748.0207576035
000d7d20_2226,11748.0207576035
000d7d20_2227,11747.974355664535
000d7d20_2228,11748.0207576035
000d7d20_2229,11748.0207576035
000d7d20_2230,11748.0207576035
000d7d20_2231,11747.974355664535
000d7d20_2232,11748.0207576035
000d7d20_2233,11748.0207576035
000d7d20_2234,11748.0207576035
000d7d20_2235,11748.0207576035
000d7d20_2236,11748.0207576035
000d7d20_2237,11748.0207576035
000d7d20_2238,11748.0207576035
000d7d20_2239,11748.0207576035
000d7d20_2240,11748.0207576035
000d7d20_2241,11748.0207576035
000d7d20_2242,11748.0207576035
000d7d20_2243,11748.037553954427
000d7d20_2244,11748.032231767218
000d7d20_2245,11748.032231767218
000d7d20_2246,11747.725468911352
000d7d20_2247,11747.725468911352
000d7d20_2248,11747.725468911352
000d7d20_2249,11747.725468911352
000d7d20_2250,11747.725468911352
000d7d20_2251,11747.725468911352
000d7d20_2252,11747.725468911352
000d7d20_2253,11747.725468911352
000d7d20_2254,11747.725468911352
000d7d20_2255,11747.725468911352
000d7d20_2256,11747.725468911352
000d7d20_2257,11747.725468911352
000d7d20_2258,11747.725468911352
000d7d20_2259,11747.725468911352
000d7d20_2260,11747.725468911352
000d7d20_2261,11747.725468911352
000d7d20_2262,11747.725468911352
000d7d20_2263,11747.725468911352
000d7d20_2264,11747.725468911352
000d7d20_2265,11747.725468911352
000d7d20_2266,11747.725468911352
000d7d20_2267,11747.725468911352
000d7d20_2268,11747.725468911352
000d7d20_2269,11747.725468911352
000d7d20_2270,11747.725468911352
000d7d20_2271,11747.725468911352
000d7d20_2272,11747.725468911352
000d7d20_2273,11747.725468911352
000d7d20_2274,11747.725468911352
000d7d20_2275,11747.725468911352
000d7d20_2276,11747.725468911352
000d7d20_2277,11747.725468911352
000d7d20_2278,11747.725468911352
000d7d20_2279,11747.660063630507
000d7d20_2280,11747.660063630507
000d7d20_2281,11747.660063630507
000d7d20_2282,11747.679066972389
000d7d20_2283,11747.725468911352
000d7d20_2284,11747.725468911352
000d7d20_2285,11747.62660909973
000d7d20_2286,11747.725468911352
000d7d20_2287,11747.793308776625
000d7d20_2288,11747.793308776625
000d7d20_2289,11747.793308776625
000d7d20_2290,11747.793308776625
000d7d20_2291,11747.793308776625
000d7d20_2292,11747.793308776625
000d7d20_2293,11747.793308776625
000d7d20_2294,11747.876062767376
000d7d20_2295,11747.793308776625
000d7d20_2296,11747.793308776625
000d7d20_2297,11747.793308776625
000d7d20_2298,11747.793308776625
000d7d20_2299,11747.793308776625
000d7d20_2300,11747.793308776625
000d7d20_2301,11747.793308776625
000d7d20_2302,11747.793308776625
000d7d20_2303,11747.793308776625
000d7d20_2304,11747.793308776625
000d7d20_2305,11747.876062767376
000d7d20_2306,11747.876062767376
000d7d20_2307,11747.876062767376
000d7d20_2308,11747.793308776625
000d7d20_2309,11747.876062767376
000d7d20_2310,11747.876062767376
000d7d20_2311,11747.90593226827
000d7d20_2312,11747.90593226827
000d7d20_2313,11747.90593226827
000d7d20_2314,11747.90593226827
000d7d20_2315,11747.90593226827
000d7d20_2316,11747.90593226827
000d7d20_2317,11747.90593226827
000d7d20_2318,11747.823178277518
000d7d20_2319,11747.823178277518
000d7d20_2320,11747.90593226827
000d7d20_2321,11747.977945026267
000d7d20_2322,11747.977945026267
000d7d20_2323,11747.895191035515
000d7d20_2324,11747.977945026267
000d7d20_2325,11747.977945026267
000d7d20_2326,11747.895191035515
000d7d20_2327,11747.977945026267
000d7d20_2328,11747.915857205362
000d7d20_2329,11747.915857205362
000d7d20_2330,11747.998611196113
000d7d20_2331,11747.915857205362
000d7d20_2332,11747.933205915266
000d7d20_2333,11747.998611196113
000d7d20_2334,11747.998611196113
000d7d20_2335,11747.998611196113
000d7d20_2336,11747.998611196113
000d7d20_2337,11747.998611196113
000d7d20_2338,11747.998611196113
000d7d20_2339,11747.998611196113
000d7d20_2340,11747.998611196113
000d7d20_2341,11747.952209257148
000d7d20_2342,11747.899751384492
000d7d20_2343,11747.998611196113
000d7d20_2344,11747.998611196113
000d7d20_2345,11747.964592304494
000d7d20_2346,11747.964592304494
000d7d20_2347,11747.91819036553
000d7d20_2348,11747.964592304494
000d7d20_2349,11747.91819036553
000d7d20_2350,11747.865732492872
000d7d20_2351,11747.964592304494
000d7d20_2352,11747.964592304494
000d7d20_2353,11747.964592304494
000d7d20_2354,11747.964592304494
000d7d20_2355,11747.964592304494
000d7d20_2356,11747.964592304494
000d7d20_2357,11747.964592304494
000d7d20_2358,11747.623147338803
000d7d20_2359,11747.48413705572
000d7d20_2360,11747.431679183062
000d7d20_2361,11747.623147338803
000d7d20_2362,11747.743428766467
000d7d20_2363,11747.743428766467
000d7d20_2364,11747.743428766467
000d7d20_2365,11747.568066431597
000d7d20_2366,11747.568066431597
000d7d20_2367,11747.743428766467
000d7d20_2368,11747.568066431597
000d7d20_2369,11747.568066431597
000d7d20_2370,11747.743428766467
000d7d20_2371,11747.580224191834
000d7d20_2372,11747.755586526704
000d7d20_2373,11747.755586526704
000d7d20_2374,11747.580224191834
000d7d20_2375,11747.580224191834
000d7d20_2376,11747.755586526704
000d7d20_2377,11747.580224191834
000d7d20_2378,11747.580224191834
000d7d20_2379,11747.580224191834
000d7d20_2380,11747.580224191834
000d7d20_2381,11747.580224191834
000d7d20_2382,11747.580224191834
000d7d20_2383,11747.525608226271
000d7d20_2384,11747.35346209091
000d7d20_2385,11747.35346209091
000d7d20_2386,11747.35346209091
000d7d20_2387,11747.35346209091
000d7d20_2388,11747.35346209091
000d7d20_2389,11747.35346209091
000d7d20_2390,11747.35346209091
000d7d20_2391,11747.35346209091
000d7d20_2392,11747.35346209091
000d7d20_2393,11747.35346209091
000d7d20_2394,11747.35346209091
000d7d20_2395,11747.35346209091
000d7d20_2396,11747.321726152379
000d7d20_2397,11747.30562033151
000d7d20_2398,11747.321726152379
000d7d20_2399,11747.321726152379
000d7d20_2400,11747.551704452811
000d7d20_2401,11747.551704452811
000d7d20_2402,11747.321726152379
000d7d20_2403,11747.321726152379
000d7d20_2404,11747.551704452811
000d7d20_2405,11747.321726152379
000d7d20_2406,11747.551704452811
000d7d20_2407,11747.28170204544
000d7d20_2408,11747.28170204544
000d7d20_2409,11747.511680345873
000d7d20_2410,11747.511680345873
000d7d20_2411,11747.299050755346
000d7d20_2412,11747.511680345873
000d7d20_2413,11747.303571151915
000d7d20_2414,11747.511680345873
000d7d20_2415,11747.504152139272
000d7d20_2416,11747.504152139272
000d7d20_2417,11747.504152139272
000d7d20_2418,11747.504152139272
000d7d20_2419,11747.504152139272
000d7d20_2420,11747.504152139272
000d7d20_2421,11747.504152139272
000d7d20_2422,11747.504152139272
000d7d20_2423,11746.95558525654
000d7d20_2424,11746.70950113524
000d7d20_2425,11746.72560695611
000d7d20_2426,11746.788409683631
000d7d20_2427,11746.5584313832
000d7d20_2428,11746.575780093104
000d7d20_2429,11746.788409683631
000d7d20_2430,11746.788409683631
000d7d20_2431,11746.731817889078
000d7d20_2432,11746.74010341376
000d7d20_2433,11746.74010341376
000d7d20_2434,11746.74010341376
000d7d20_2435,11746.74010341376
000d7d20_2436,11746.74010341376
000d7d20_2437,11746.74010341376
000d7d20_2438,11746.74010341376
000d7d20_2439,11746.494019292459
000d7d20_2440,11746.62139724657
000d7d20_2441,11746.62139724657
000d7d20_2442,11746.62139724657
000d7d20_2443,11746.62139724657
000d7d20_2444,11746.62139724657
000d7d20_2445,11746.62139724657
000d7d20_2446,11746.62139724657
000d7d20_2447,11746.62139724657
000d7d20_2448,11746.62139724657
000d7d20_2449,11746.603732117743
000d7d20_2450,11746.603732117743
000d7d20_2451,11746.603732117743
000d7d20_2452,11746.603732117743
000d7d20_2453,11746.603732117743
000d7d20_2454,11746.603732117743
000d7d20_2455,11746.603732117743
000d7d20_2456,11746.592703415845
000d7d20_2457,11746.51099543443
000d7d20_2458,11746.317369185785
000d7d20_2459,11746.302886240472
000d7d20_2460,11746.298365843903
000d7d20_2461,11746.298365843903
000d7d20_2462,11746.281017133997
000d7d20_2463,11746.281017133997
000d7d20_2464,11746.317369185785
000d7d20_2465,11746.169274435288
000d7d20_2466,11746.169274435288
000d7d20_2467,11746.138590044286
000d7d20_2468,11746.1329223835
000d7d20_2469,11746.150271093406
000d7d20_2470,11746.150271093406
000d7d20_2471,11746.24686297087
000d7d20_2472,11746.224993864396
000d7d20_2473,11746.261345916182
000d7d20_2474,11746.454972164827
000d7d20_2475,11746.258182447853
000d7d20_2476,11746.294534499639
000d7d20_2477,11746.242076626982
000d7d20_2478,11746.258182447853
000d7d20_2479,11746.1739157258
000d7d20_2480,11746.1739157258
000d7d20_2481,11746.1739157258
000d7d20_2482,11746.1739157258
000d7d20_2483,11746.15780990493
000d7d20_2484,11746.191264435705
000d7d20_2485,11746.179583386585
000d7d20_2486,11745.865084401612
000d7d20_2487,11746.095062702045
000d7d20_2488,11745.865084401612
000d7d20_2489,11745.882433111517
000d7d20_2490,11745.870752062398
000d7d20_2491,11745.865084401612
000d7d20_2492,11745.865084401612
000d7d20_2493,11746.095062702045
000d7d20_2494,11745.9014364534
000d7d20_2495,11746.095062702045
000d7d20_2496,11745.9014364534
000d7d20_2497,11745.882433111517
000d7d20_2498,11746.095062702045
000d7d20_2499,11745.848978580743
000d7d20_2500,11744.669733816309
000d7d20_2501,11744.863360064954
000d7d20_2502,11744.863360064954
000d7d20_2503,11744.488810456922
000d7d20_2504,11744.718788757355
000d7d20_2505,11744.718788757355
000d7d20_2506,11744.718788757355
000d7d20_2507,11744.718788757355
000d7d20_2508,11744.718788757355
000d7d20_2509,11744.488810456922
000d7d20_2510,11744.718788757355
000d7d20_2511,11744.488810456922
000d7d20_2512,11744.506159166827
000d7d20_2513,11744.718788757355
000d7d20_2514,11744.488810456922
000d7d20_2515,11744.488810456922
000d7d20_2516,11744.718788757355
000d7d20_2517,11744.718788757355
000d7d20_2518,11744.488810456922
000d7d20_2519,11744.472704636053
000d7d20_2520,11744.718788757355
000d7d20_2521,11744.672284399021
000d7d20_2522,11744.902262699454
000d7d20_2523,11744.902262699454
000d7d20_2524,11744.672284399021
000d7d20_2525,11744.902262699454
000d7d20_2526,11744.902262699454
000d7d20_2527,11744.902262699454
000d7d20_2528,11744.902262699454
000d7d20_2529,11744.708636450809
000d7d20_2530,11744.65617857815
000d7d20_2531,11744.902262699454
000d7d20_2532,11744.718206102816
000d7d20_2533,11744.718206102816
000d7d20_2534,11744.718206102816
000d7d20_2535,11744.718206102816
000d7d20_2536,11744.718206102816
000d7d20_2537,11744.718206102816
000d7d20_2538,11744.718206102816
000d7d20_2539,11744.718206102816
000d7d20_2540,11744.718206102816
000d7d20_2541,11744.718206102816
000d7d20_2542,11744.718206102816
000d7d20_2543,11744.718206102816
000d7d20_2544,11744.718206102816
000d7d20_2545,11744.718206102816
000d7d20_2546,11744.718206102816
000d7d20_2547,11744.718206102816
000d7d20_2548,11744.718206102816
000d7d20_2549,11744.718206102816
000d7d20_2550,11744.718206102816
000d7d20_2551,11744.718206102816
000d7d20_2552,11744.718206102816
000d7d20_2553,11744.718206102816
000d7d20_2554,11744.718206102816
000d7d20_2555,11744.718206102816
000d7d20_2556,11744.718206102816
000d7d20_2557,11744.718206102816
000d7d20_2558,11744.718206102816
000d7d20_2559,11744.718206102816
000d7d20_2560,11744.718206102816
000d7d20_2561,11744.718206102816
000d7d20_2562,11744.718206102816
000d7d20_2563,11744.718206102816
000d7d20_2564,11744.718206102816
000d7d20_2565,11744.718206102816
000d7d20_2566,11744.718206102816
000d7d20_2567,11744.718206102816
000d7d20_2568,11744.718206102816
000d7d20_2569,11744.718206102816
000d7d20_2570,11744.718206102816
000d7d20_2571,11744.718206102816
000d7d20_2572,11744.718206102816
000d7d20_2573,11744.718206102816
000d7d20_2574,11744.718206102816
000d7d20_2575,11744.760619923045
000d7d20_2576,11744.760619923045
000d7d20_2577,11744.760619923045
000d7d20_2578,11744.760619923045
000d7d20_2579,11744.760619923045
000d7d20_2580,11744.760619923045
000d7d20_2581,11744.514535801743
000d7d20_2582,11744.760619923045
000d7d20_2583,11744.760619923045
000d7d20_2584,11744.760619923045
000d7d20_2585,11744.760619923045
000d7d20_2586,11744.577145980946
000d7d20_2587,11744.760619923045
000d7d20_2588,11744.3835197323
000d7d20_2589,11744.347167680515
000d7d20_2590,11744.577145980946
000d7d20_2591,11744.3835197323
000d7d20_2592,11744.3835197323
000d7d20_2593,11744.369036786988
000d7d20_2594,11744.347167680515
000d7d20_2595,11744.331061859644
000d7d20_2596,11744.364516390418
000d7d20_2597,11744.3835197323
000d7d20_2598,11744.364516390418
000d7d20_2599,11744.369036786988
000d7d20_2600,11744.577145980946
000d7d20_2601,11744.331061859644
000d7d20_2602,11744.541296462225
000d7d20_2603,11744.347167680515
000d7d20_2604,11744.577145980946
000d7d20_2605,11744.3835197323
000d7d20_2606,11744.369036786988
000d7d20_2607,11744.3835197323
000d7d20_2608,11744.347167680515
000d7d20_2609,11744.364516390418
000d7d20_2610,11744.347167680515
000d7d20_2611,11744.331061859644
000d7d20_2612,11744.347167680515
000d7d20_2613,11744.347167680515
000d7d20_2614,11744.347167680515
000d7d20_2615,11744.347167680515
000d7d20_2616,11744.577145980946
000d7d20_2617,11744.347167680515
000d7d20_2618,11744.364516390418
000d7d20_2619,11744.577145980946
000d7d20_2620,11744.3835197323
000d7d20_2621,11744.577145980946
000d7d20_2622,11744.364516390418
000d7d20_2623,11745.67995451624
000d7d20_2624,11745.90993281667
000d7d20_2625,11745.90993281667
000d7d20_2626,11745.697303226143
000d7d20_2627,11745.90993281667
000d7d20_2628,11745.90993281667
000d7d20_2629,11745.716306568025
000d7d20_2630,11745.663848695369
000d7d20_2631,11745.90993281667
000d7d20_2632,11745.90993281667
000d7d20_2633,11745.90993281667
000d7d20_2634,11745.90993281667
000d7d20_2635,11745.67995451624
000d7d20_2636,11745.90993281667
000d7d20_2637,11745.90993281667
000d7d20_2638,11745.652022570497
000d7d20_2639,11745.864652161024
000d7d20_2640,11745.864652161024
000d7d20_2641,11745.864652161024
000d7d20_2642,11745.864652161024
000d7d20_2643,11745.864652161024
000d7d20_2644,11745.864652161024
000d7d20_2645,11745.864652161024
000d7d20_2646,11745.634673860592
000d7d20_2647,11745.864652161024
000d7d20_2648,11745.634673860592
000d7d20_2649,11745.634673860592
000d7d20_2650,11745.634673860592
000d7d20_2651,11745.864652161024
000d7d20_2652,11745.864652161024
000d7d20_2653,11745.864652161024
000d7d20_2654,11745.864652161024
000d7d20_2655,11745.634673860592
000d7d20_2656,11745.634673860592
000d7d20_2657,11745.634673860592
000d7d20_2658,11745.634673860592
000d7d20_2659,11745.634673860592
000d7d20_2660,11745.634673860592
000d7d20_2661,11745.634673860592
000d7d20_2662,11745.634673860592
000d7d20_2663,11745.634673860592
000d7d20_2664,11745.634673860592
000d7d20_2665,11745.634673860592
000d7d20_2666,11745.634673860592
000d7d20_2667,11745.634673860592
000d7d20_2668,11745.634673860592
000d7d20_2669,11745.464664755587
000d7d20_2670,11745.480770576456
000d7d20_2671,11745.489947993718
000d7d20_2672,11745.719926294149
000d7d20_2673,11745.473842172847
000d7d20_2674,11745.495615654503
000d7d20_2675,11745.489947993718
000d7d20_2676,11745.489947993718
000d7d20_2677,11745.489947993718
000d7d20_2678,11745.489947993718
000d7d20_2679,11745.489947993718
000d7d20_2680,11745.489947993718
000d7d20_2681,11745.507296703621
000d7d20_2682,11745.489947993718
000d7d20_2683,11745.489947993718
000d7d20_2684,11745.489947993718
000d7d20_2685,11745.719926294149
000d7d20_2686,11745.489947993718
000d7d20_2687,11745.507296703621
000d7d20_2688,11745.719926294149
000d7d20_2689,11745.493111462047
000d7d20_2690,11745.686737710692
000d7d20_2691,11745.686737710692
000d7d20_2692,11745.456759410261
000d7d20_2693,11745.686737710692
000d7d20_2694,11745.686737710692
000d7d20_2695,11745.686737710692
000d7d20_2696,11745.456759410261
000d7d20_2697,11745.456759410261
000d7d20_2698,11745.686737710692
000d7d20_2699,11745.456759410261
000d7d20_2700,11745.44065358939
000d7d20_2701,11745.686737710692
000d7d20_2702,11745.493111462047
000d7d20_2703,11745.686737710692
000d7d20_2704,11745.686737710692
000d7d20_2705,11745.686737710692
000d7d20_2706,11745.686737710692
000d7d20_2707,11745.686737710692
000d7d20_2708,11745.686737710692
000d7d20_2709,11745.686737710692
000d7d20_2710,11745.686737710692
000d7d20_2711,11745.686737710692
000d7d20_2712,11745.762489795563
000d7d20_2713,11745.686737710692
000d7d20_2714,11745.686737710692
000d7d20_2715,11745.686737710692
000d7d20_2716,11745.686737710692
000d7d20_2717,11745.686737710692
000d7d20_2718,11745.686737710692
000d7d20_2719,11745.459919911966
000d7d20_2720,11745.459919911966
000d7d20_2721,11745.459919911966
000d7d20_2722,11745.459919911966
000d7d20_2723,11745.459919911966
000d7d20_2724,11745.459919911966
000d7d20_2725,11745.459919911966
000d7d20_2726,11745.459919911966
000d7d20_2727,11745.459919911966
000d7d20_2728,11745.459919911966
000d7d20_2729,11745.459919911966
000d7d20_2730,11745.465242099175
000d7d20_2731,11745.539864981241
000d7d20_2732,11745.459919911966
000d7d20_2733,11745.459919911966
000d7d20_2734,11745.459919911966
000d7d20_2735,11745.459919911966
000d7d20_2736,11745.459919911966
000d7d20_2737,11745.459919911966
000d7d20_2738,11745.459919911966
000d7d20_2739,11745.459919911966
000d7d20_2740,11745.459919911966
000d7d20_2741,11745.459919911966
000d7d20_2742,11745.459919911966
000d7d20_2743,11745.465242099175
000d7d20_2744,11745.459919911966
000d7d20_2745,11745.465242099175
000d7d20_2746,11745.561875867437
000d7d20_2747,11745.459919911966
000d7d20_2748,11745.459919911966
000d7d20_2749,11745.459919911966
000d7d20_2750,11745.459919911966
000d7d20_2751,11745.459919911966
000d7d20_2752,11745.465242099175
000d7d20_2753,11745.459919911966
000d7d20_2754,11745.459919911966
000d7d20_2755,11745.459919911966
000d7d20_2756,11745.459919911966
000d7d20_2757,11745.459919911966
000d7d20_2758,11745.459919911966
000d7d20_2759,11745.465242099175
000d7d20_2760,11745.459919911966
000d7d20_2761,11745.459919911966
000d7d20_2762,11745.459919911966
000d7d20_2763,11745.459919911966
000d7d20_2764,11745.459919911966
000d7d20_2765,11745.459919911966
000d7d20_2766,11745.459919911966
000d7d20_2767,11745.459919911966
000d7d20_2768,11745.459919911966
000d7d20_2769,11745.459919911966
000d7d20_2770,11745.459919911966
000d7d20_2771,11745.459919911966
000d7d20_2772,11745.459919911966
000d7d20_2773,11745.459919911966
000d7d20_2774,11745.459919911966
000d7d20_2775,11745.459919911966
000d7d20_2776,11745.459919911966
000d7d20_2777,11745.459919911966
000d7d20_2778,11745.459919911966
000d7d20_2779,11745.459919911966
000d7d20_2780,11745.459919911966
000d7d20_2781,11745.459919911966
000d7d20_2782,11745.459919911966
000d7d20_2783,11745.459919911966
000d7d20_2784,11745.26629366332
000d7d20_2785,11745.459919911966
000d7d20_2786,11745.459919911966
000d7d20_2787,11745.459919911966
000d7d20_2788,11745.459919911966
000d7d20_2789,11745.459919911966
000d7d20_2790,11745.459919911966
000d7d20_2791,11745.493108495422
000d7d20_2792,11745.493108495422
000d7d20_2793,11745.493108495422
000d7d20_2794,11745.493108495422
000d7d20_2795,11745.493108495422
000d7d20_2796,11745.493108495422
000d7d20_2797,11745.493108495422
000d7d20_2798,11745.493108495422
000d7d20_2799,11745.493108495422
000d7d20_2800,11745.493108495422
000d7d20_2801,11745.493108495422
000d7d20_2802,11745.493108495422
000d7d20_2803,11745.493108495422
000d7d20_2804,11745.493108495422
000d7d20_2805,11745.493108495422
000d7d20_2806,11745.493108495422
000d7d20_2807,11745.493108495422
000d7d20_2808,11745.299482246777
000d7d20_2809,11745.26313019499
000d7d20_2810,11745.493108495422
000d7d20_2811,11745.24702437412
000d7d20_2812,11745.299482246777
000d7d20_2813,11745.493108495422
000d7d20_2814,11745.26313019499
000d7d20_2815,11745.493108495422
000d7d20_2816,11745.493108495422
000d7d20_2817,11745.493108495422
000d7d20_2818,11745.493108495422
000d7d20_2819,11745.493108495422
000d7d20_2820,11745.493108495422
000d7d20_2821,11745.493108495422
000d7d20_2822,11745.24702437412
000d7d20_2823,11745.493108495422
000d7d20_2824,11745.493108495422
000d7d20_2825,11745.493108495422
000d7d20_2826,11745.493108495422
000d7d20_2827,11745.493108495422
000d7d20_2828,11745.493108495422
000d7d20_2829,11745.493108495422
000d7d20_2830,11745.299482246777
000d7d20_2831,11745.493108495422
000d7d20_2832,11745.493108495422
000d7d20_2833,11745.493108495422
000d7d20_2834,11745.493108495422
000d7d20_2835,11745.493108495422
000d7d20_2836,11745.493108495422
000d7d20_2837,11745.493108495422
000d7d20_2838,11745.493108495422
000d7d20_2839,11745.493108495422
000d7d20_2840,11745.493108495422
000d7d20_2841,11745.299482246777
000d7d20_2842,11745.493108495422
000d7d20_2843,11745.493108495422
000d7d20_2844,11745.493108495422
000d7d20_2845,11745.493108495422
000d7d20_2846,11745.493108495422
000d7d20_2847,11745.493108495422
000d7d20_2848,11745.493108495422
000d7d20_2849,11745.493108495422
000d7d20_2850,11745.493108495422
000d7d20_2851,11745.493108495422
000d7d20_2852,11744.057531540564
000d7d20_2853,11744.057531540564
000d7d20_2854,11744.057531540564
000d7d20_2855,11744.057531540564
000d7d20_2856,11744.057531540564
000d7d20_2857,11744.057531540564
000d7d20_2858,11744.057531540564
000d7d20_2859,11743.863905291919
000d7d20_2860,11743.811447419263
000d7d20_2861,11744.057531540564
000d7d20_2862,11744.021682021843
000d7d20_2863,11744.057531540564
000d7d20_2864,11744.057531540564
000d7d20_2865,11744.057531540564
000d7d20_2866,11743.844901950037
000d7d20_2867,11744.057531540564
000d7d20_2868,11743.863905291919
000d7d20_2869,11744.057531540564
000d7d20_2870,11744.057531540564
000d7d20_2871,11744.057531540564
000d7d20_2872,11744.057531540564
000d7d20_2873,11744.057531540564
000d7d20_2874,11744.057531540564
000d7d20_2875,11744.057531540564
000d7d20_2876,11744.057531540564
000d7d20_2877,11744.057531540564
000d7d20_2878,11744.057531540564
000d7d20_2879,11744.241005482663
000d7d20_2880,11744.276974309021
000d7d20_2881,11744.276974309021
000d7d20_2882,11744.083348060374
000d7d20_2883,11744.276974309021
000d7d20_2884,11744.276974309021
000d7d20_2885,11744.276974309021
000d7d20_2886,11744.276974309021
000d7d20_2887,11744.276974309021
000d7d20_2888,11744.276974309021
000d7d20_2889,11744.276974309021
000d7d20_2890,11744.276974309021
000d7d20_2891,11744.276974309021
000d7d20_2892,11744.276974309021
000d7d20_2893,11744.083348060374
000d7d20_2894,11744.276974309021
000d7d20_2895,11744.276974309021
000d7d20_2896,11744.276974309021
000d7d20_2897,11744.276974309021
000d7d20_2898,11744.276974309021
000d7d20_2899,11744.276974309021
000d7d20_2900,11744.276974309021
000d7d20_2901,11744.276974309021
000d7d20_2902,11744.276974309021
000d7d20_2903,11744.276974309021
000d7d20_2904,11744.236696012698
000d7d20_2905,11744.236696012698
000d7d20_2906,11744.236696012698
000d7d20_2907,11744.236696012698
000d7d20_2908,11744.236696012698
000d7d20_2909,11744.236696012698
000d7d20_2910,11744.236696012698
000d7d20_2911,11744.236696012698
000d7d20_2912,11744.236696012698
000d7d20_2913,11744.236696012698
000d7d20_2914,11744.236696012698
000d7d20_2915,11744.236696012698
000d7d20_2916,11744.236696012698
000d7d20_2917,11744.043069764053
000d7d20_2918,11744.236696012698
000d7d20_2919,11744.236696012698
000d7d20_2920,11744.043069764053
000d7d20_2921,11743.990611891395
000d7d20_2922,11744.236696012698
000d7d20_2923,11744.236696012698
000d7d20_2924,11744.236696012698
000d7d20_2925,11744.276795475982
000d7d20_2926,11744.276795475982
000d7d20_2927,11744.276795475982
000d7d20_2928,11744.064165885455
000d7d20_2929,11744.03071135468
000d7d20_2930,11744.083169227337
000d7d20_2931,11744.083169227337
000d7d20_2932,11744.083169227337
000d7d20_2933,11744.083169227337
000d7d20_2934,11744.03071135468
000d7d20_2935,11744.068686282022
000d7d20_2936,11743.801571783684
000d7d20_2937,11743.784223073779
000d7d20_2938,11743.801571783684
000d7d20_2939,11744.014201374212
000d7d20_2940,11743.784223073779
000d7d20_2941,11743.820575125566
000d7d20_2942,11743.801571783684
000d7d20_2943,11743.801571783684
000d7d20_2944,11743.801571783684
000d7d20_2945,11743.784223073779
000d7d20_2946,11743.784223073779
000d7d20_2947,11743.76811725291
000d7d20_2948,11743.820575125566
000d7d20_2949,11743.76811725291
000d7d20_2950,11743.801571783684
000d7d20_2951,11743.801571783684
000d7d20_2952,11744.014201374212
000d7d20_2953,11743.820575125566
000d7d20_2954,11743.801571783684
000d7d20_2955,11744.014201374212
000d7d20_2956,11744.014201374212
000d7d20_2957,11743.80476011616
000d7d20_2958,11743.820575125566
000d7d20_2959,11743.820575125566
000d7d20_2960,11743.820575125566
000d7d20_2961,11743.76811725291
000d7d20_2962,11743.97835185549
000d7d20_2963,11743.820575125566
000d7d20_2964,11743.801571783684
000d7d20_2965,11743.820575125566
000d7d20_2966,11743.784223073779
000d7d20_2967,11743.784223073779
000d7d20_2968,11743.784223073779
000d7d20_2969,11743.784223073779
000d7d20_2970,11744.014201374212
000d7d20_2971,11744.014201374212
000d7d20_2972,11743.784223073779
000d7d20_2973,11744.014201374212
000d7d20_2974,11744.014201374212
000d7d20_2975,11743.801571783684
000d7d20_2976,11744.014201374212
000d7d20_2977,11744.014201374212
000d7d20_2978,11744.014201374212
000d7d20_2979,11743.76811725291
000d7d20_2980,11743.820575125566
000d7d20_2981,11744.014201374212
000d7d20_2982,11744.014201374212
000d7d20_2983,11743.784223073779
000d7d20_2984,11744.014201374212
000d7d20_2985,11744.140075238483
000d7d20_2986,11744.140075238483
000d7d20_2987,11744.140075238483
000d7d20_2988,11744.140075238483
000d7d20_2989,11743.91009693805
000d7d20_2990,11744.140075238483
000d7d20_2991,11744.140075238483
000d7d20_2992,11743.91009693805
000d7d20_2993,11744.140075238483
000d7d20_2994,11744.140075238483
000d7d20_2995,11744.140075238483
000d7d20_2996,11744.140075238483
000d7d20_2997,11743.91009693805
000d7d20_2998,11744.140075238483
000d7d20_2999,11744.140075238483
000d7d20_3000,11744.140075238483
000d7d20_3001,11744.140075238483
000d7d20_3002,11744.140075238483
000d7d20_3003,11744.140075238483
000d7d20_3004,11744.140075238483
000d7d20_3005,11744.140075238483
000d7d20_3006,11744.140075238483
000d7d20_3007,11744.140075238483
000d7d20_3008,11744.140075238483
000d7d20_3009,11744.140075238483
000d7d20_3010,11744.140075238483
000d7d20_3011,11744.140075238483
000d7d20_3012,11744.140075238483
000d7d20_3013,11744.140075238483
000d7d20_3014,11744.140075238483
000d7d20_3015,11743.91009693805
000d7d20_3016,11743.91147289296
000d7d20_3017,11743.91147289296
000d7d20_3018,11744.14145119339
000d7d20_3019,11744.14145119339
000d7d20_3020,11743.91147289296
000d7d20_3021,11744.14145119339
000d7d20_3022,11744.14145119339
000d7d20_3023,11743.917140553745
000d7d20_3024,11743.91147289296
000d7d20_3025,11743.89536707209
000d7d20_3026,11743.928821602864
000d7d20_3027,11743.928821602864
000d7d20_3028,11744.14145119339
000d7d20_3029,11744.14145119339
000d7d20_3030,11744.325826586179
000d7d20_3031,11744.309353624181
000d7d20_3032,11744.309353624181
000d7d20_3033,11744.115727375536
000d7d20_3034,11744.079375323749
000d7d20_3035,11744.309353624181
000d7d20_3036,11744.079375323749
000d7d20_3037,11744.309353624181
000d7d20_3038,11744.096724033654
000d7d20_3039,11744.115727375536
000d7d20_3040,11744.309353624181
000d7d20_3041,11744.309353624181
000d7d20_3042,11744.309353624181
000d7d20_3043,11744.309353624181
000d7d20_3044,11744.309353624181
000d7d20_3045,11744.309353624181
000d7d20_3046,11744.309353624181
000d7d20_3047,11744.079375323749
000d7d20_3048,11744.309353624181
000d7d20_3049,11744.309353624181
000d7d20_3050,11744.309353624181
000d7d20_3051,11744.309353624181
000d7d20_3052,11744.06326950288
000d7d20_3053,11744.309353624181
000d7d20_3054,11744.115727375536
000d7d20_3055,11744.309353624181
000d7d20_3056,11744.309353624181
000d7d20_3057,11744.309353624181
000d7d20_3058,11744.309353624181
000d7d20_3059,11744.309631696147
000d7d20_3060,11744.309631696147
000d7d20_3061,11744.309631696147
000d7d20_3062,11744.309631696147
000d7d20_3063,11744.079653395715
000d7d20_3064,11744.063547574844
000d7d20_3065,11744.309631696147
000d7d20_3066,11744.309631696147
000d7d20_3067,11744.309631696147
000d7d20_3068,11744.309631696147
000d7d20_3069,11744.309631696147
000d7d20_3070,11744.309631696147
000d7d20_3071,11744.309631696147
000d7d20_3072,11744.309631696147
000d7d20_3073,11744.309631696147
000d7d20_3074,11744.309631696147
000d7d20_3075,11744.309631696147
000d7d20_3076,11744.309631696147
000d7d20_3077,11744.309631696147
000d7d20_3078,11744.309631696147
000d7d20_3079,11744.309631696147
000d7d20_3080,11744.309631696147
000d7d20_3081,11744.309631696147
000d7d20_3082,11744.309631696147
000d7d20_3083,11744.309631696147
000d7d20_3084,11744.309631696147
000d7d20_3085,11744.309631696147
000d7d20_3086,11744.309631696147
000d7d20_3087,11744.309631696147
000d7d20_3088,11744.314953883357
000d7d20_3089,11744.309631696147
000d7d20_3090,11744.309631696147
000d7d20_3091,11744.309631696147
000d7d20_3092,11744.309631696147
000d7d20_3093,11744.309631696147
000d7d20_3094,11744.309631696147
000d7d20_3095,11744.309631696147
000d7d20_3096,11744.309631696147
000d7d20_3097,11744.116005447502
000d7d20_3098,11744.309631696147
000d7d20_3099,11744.309631696147
000d7d20_3100,11744.309631696147
000d7d20_3101,11744.309631696147
000d7d20_3102,11744.309631696147
000d7d20_3103,11744.314953883357
000d7d20_3104,11744.309631696147
000d7d20_3105,11744.309631696147
000d7d20_3106,11744.309631696147
000d7d20_3107,11744.309631696147
000d7d20_3108,11744.309631696147
000d7d20_3109,11744.314953883357
000d7d20_3110,11744.389576765423
000d7d20_3111,11744.309631696147
000d7d20_3112,11744.411587651617
000d7d20_3113,11744.309631696147
000d7d20_3114,11744.309631696147
000d7d20_3115,11744.309631696147
000d7d20_3116,11744.309631696147
000d7d20_3117,11744.309631696147
000d7d20_3118,11744.309631696147
000d7d20_3119,11744.309631696147
000d7d20_3120,11744.309631696147
000d7d20_3121,11744.252114347213
000d7d20_3122,11744.252114347213
000d7d20_3123,11744.252114347213
000d7d20_3124,11744.33205941649
000d7d20_3125,11744.252114347213
000d7d20_3126,11744.252114347213
000d7d20_3127,11744.252114347213
000d7d20_3128,11744.252114347213
000d7d20_3129,11744.257436534423
000d7d20_3130,11744.252114347213
000d7d20_3131,11744.252114347213
000d7d20_3132,11744.252114347213
000d7d20_3133,11744.252114347213
000d7d20_3134,11744.252114347213
000d7d20_3135,11744.252114347213
000d7d20_3136,11744.252114347213
000d7d20_3137,11744.252114347213
000d7d20_3138,11744.252114347213
000d7d20_3139,11744.252114347213
000d7d20_3140,11744.252114347213
000d7d20_3141,11744.252114347213
000d7d20_3142,11744.252114347213
000d7d20_3143,11744.252114347213
000d7d20_3144,11744.252114347213
000d7d20_3145,11744.252114347213
000d7d20_3146,11744.252114347213
000d7d20_3147,11744.252114347213
000d7d20_3148,11744.252114347213
000d7d20_3149,11744.252114347213
000d7d20_3150,11744.252114347213
000d7d20_3151,11744.252114347213
000d7d20_3152,11744.33205941649
000d7d20_3153,11744.252114347213
000d7d20_3154,11744.252114347213
000d7d20_3155,11744.252114347213
000d7d20_3156,11744.252114347213
000d7d20_3157,11744.252114347213
000d7d20_3158,11744.252114347213
000d7d20_3159,11744.252114347213
000d7d20_3160,11744.252114347213
000d7d20_3161,11744.252114347213
000d7d20_3162,11744.252114347213
000d7d20_3163,11744.252114347213
000d7d20_3164,11744.252114347213
000d7d20_3165,11744.319112280136
000d7d20_3166,11744.319112280136
000d7d20_3167,11744.319112280136
000d7d20_3168,11744.319112280136
000d7d20_3169,11744.319112280136
000d7d20_3170,11744.319112280136
000d7d20_3171,11744.319112280136
000d7d20_3172,11744.319112280136
000d7d20_3173,11744.319112280136
000d7d20_3174,11744.319112280136
000d7d20_3175,11744.282943269503
000d7d20_3176,11744.282943269503
000d7d20_3177,11744.282943269503
000d7d20_3178,11744.282943269503
000d7d20_3179,11744.282943269503
000d7d20_3180,11744.282943269503
000d7d20_3181,11744.282943269503
000d7d20_3182,11744.282943269503
000d7d20_3183,11744.070313678976
000d7d20_3184,11744.05296496907
000d7d20_3185,11744.282943269503
000d7d20_3186,11744.070313678976
000d7d20_3187,11744.069182342359
000d7d20_3188,11744.262808591004
000d7d20_3189,11744.032830290571
000d7d20_3190,11744.262808591004
000d7d20_3191,11744.262808591004
000d7d20_3192,11744.262808591004
000d7d20_3193,11744.262808591004
000d7d20_3194,11744.262808591004
000d7d20_3195,11744.038497951356
000d7d20_3196,11744.0167244697
000d7d20_3197,11744.262808591004
000d7d20_3198,11744.262808591004
000d7d20_3199,11744.262808591004
000d7d20_3200,11744.262808591004
000d7d20_3201,11744.069182342359
000d7d20_3202,11744.262808591004
000d7d20_3203,11744.262808591004
000d7d20_3204,11744.262808591004
000d7d20_3205,11744.262808591004
000d7d20_3206,11744.262808591004
000d7d20_3207,11744.0167244697
000d7d20_3208,11744.032830290571
000d7d20_3209,11744.262808591004
000d7d20_3210,11744.032830290571
000d7d20_3211,11744.262808591004
000d7d20_3212,11744.050179000476
000d7d20_3213,11744.069182342359
000d7d20_3214,11744.262808591004
000d7d20_3215,11744.262808591004
000d7d20_3216,11744.262808591004
000d7d20_3217,11744.262808591004
000d7d20_3218,11744.262808591004
000d7d20_3219,11744.050179000476
000d7d20_3220,11744.05296496907
000d7d20_3221,11744.262808591004
000d7d20_3222,11744.058632629856
000d7d20_3223,11744.050179000476
000d7d20_3224,11744.282943269503
000d7d20_3225,11744.05296496907
000d7d20_3226,11744.282943269503
000d7d20_3227,11744.058632629856
000d7d20_3228,11744.282943269503
000d7d20_3229,11744.282943269503
000d7d20_3230,11744.282943269503
000d7d20_3231,11744.282943269503
000d7d20_3232,11744.282943269503
000d7d20_3233,11744.282943269503
000d7d20_3234,11744.282943269503
000d7d20_3235,11744.282943269503
000d7d20_3236,11744.282943269503
000d7d20_3237,11744.282943269503
000d7d20_3238,11744.282943269503
000d7d20_3239,11744.282943269503
000d7d20_3240,11744.05296496907
000d7d20_3241,11744.282943269503
000d7d20_3242,11744.282943269503
000d7d20_3243,11744.282943269503
000d7d20_3244,11744.282943269503
000d7d20_3245,11744.282943269503
000d7d20_3246,11744.282943269503
000d7d20_3247,11744.282943269503
000d7d20_3248,11744.282943269503
000d7d20_3249,11744.282943269503
000d7d20_3250,11744.070313678976
000d7d20_3251,11744.282943269503
000d7d20_3252,11744.282943269503
000d7d20_3253,11744.05296496907
000d7d20_3254,11744.282943269503
000d7d20_3255,11744.288265456713
000d7d20_3256,11744.189189632398
000d7d20_3257,11744.189189632398
000d7d20_3258,11744.189189632398
000d7d20_3259,11744.189189632398
000d7d20_3260,11744.189189632398
000d7d20_3261,11743.943105511096
000d7d20_3262,11744.189189632398
000d7d20_3263,11744.189189632398
000d7d20_3264,11744.189189632398
000d7d20_3265,11743.995563383753
000d7d20_3266,11744.189189632398
000d7d20_3267,11744.189189632398
000d7d20_3268,11744.189189632398
000d7d20_3269,11744.189189632398
000d7d20_3270,11743.995563383753
000d7d20_3271,11744.189189632398
000d7d20_3272,11744.189189632398
000d7d20_3273,11744.189189632398
000d7d20_3274,11744.189189632398
000d7d20_3275,11744.189189632398
000d7d20_3276,11743.97656004187
000d7d20_3277,11744.189189632398
000d7d20_3278,11744.189189632398
000d7d20_3279,11744.189189632398
000d7d20_3280,11744.189189632398
000d7d20_3281,11744.189189632398
000d7d20_3282,11744.189189632398
000d7d20_3283,11744.181184967383
000d7d20_3284,11744.427269088685
000d7d20_3285,11744.23364284004
000d7d20_3286,11744.427269088685
000d7d20_3287,11744.427269088685
000d7d20_3288,11744.427269088685
000d7d20_3289,11744.427269088685
000d7d20_3290,11744.427269088685
000d7d20_3291,11744.427269088685
000d7d20_3292,11744.427269088685
000d7d20_3293,11744.432591275894
000d7d20_3294,11744.427269088685
000d7d20_3295,11744.427269088685
000d7d20_3296,11744.427269088685
000d7d20_3297,11744.427269088685
000d7d20_3298,11744.427269088685
000d7d20_3299,11744.427269088685
000d7d20_3300,11744.427269088685
000d7d20_3301,11744.433879877435
000d7d20_3302,11744.433879877435
000d7d20_3303,11744.433879877435
000d7d20_3304,11744.433879877435
000d7d20_3305,11744.24025362879
000d7d20_3306,11744.433879877435
000d7d20_3307,11744.433879877435
000d7d20_3308,11744.433879877435
000d7d20_3309,11744.433879877435
000d7d20_3310,11744.433879877435
000d7d20_3311,11744.433879877435
000d7d20_3312,11744.433879877435
000d7d20_3313,11744.433879877435
000d7d20_3314,11744.439202064645
000d7d20_3315,11744.433879877435
000d7d20_3316,11744.433879877435
000d7d20_3317,11744.433879877435
000d7d20_3318,11744.433879877435
000d7d20_3319,11744.433879877435
000d7d20_3320,11744.433879877435
000d7d20_3321,11744.535835832905
000d7d20_3322,11744.51382494671
000d7d20_3323,11744.433879877435
000d7d20_3324,11744.433879877435
000d7d20_3325,11744.433879877435
000d7d20_3326,11744.433879877435
000d7d20_3327,11744.433879877435
000d7d20_3328,11744.433879877435
000d7d20_3329,11744.433879877435
000d7d20_3330,11744.439202064645
000d7d20_3331,11744.433879877435
000d7d20_3332,11744.433879877435
000d7d20_3333,11744.433879877435
000d7d20_3334,11744.433879877435
000d7d20_3335,11744.479480360966
000d7d20_3336,11744.474158173758
000d7d20_3337,11744.474158173758
000d7d20_3338,11744.474158173758
000d7d20_3339,11744.474158173758
000d7d20_3340,11744.474158173758
000d7d20_3341,11744.479480360966
000d7d20_3342,11744.474158173758
000d7d20_3343,11744.474158173758
000d7d20_3344,11744.474158173758
000d7d20_3345,11744.474158173758
000d7d20_3346,11744.554103243034
000d7d20_3347,11744.474158173758
000d7d20_3348,11744.576114129228
000d7d20_3349,11744.479480360966
000d7d20_3350,11744.474158173758
000d7d20_3351,11744.474158173758
000d7d20_3352,11744.474158173758
000d7d20_3353,11744.474158173758
000d7d20_3354,11744.474158173758
000d7d20_3355,11744.479480360966
000d7d20_3356,11744.474158173758
000d7d20_3357,11744.474158173758
000d7d20_3358,11744.474158173758
000d7d20_3359,11744.474158173758
000d7d20_3360,11744.474158173758
000d7d20_3361,11744.474158173758
000d7d20_3362,11744.479480360966
000d7d20_3363,11744.474158173758
000d7d20_3364,11744.474158173758
000d7d20_3365,11744.474158173758
000d7d20_3366,11744.474158173758
000d7d20_3367,11744.474158173758
000d7d20_3368,11744.474158173758
000d7d20_3369,11744.474158173758
000d7d20_3370,11744.474158173758
000d7d20_3371,11744.474158173758
000d7d20_3372,11744.474158173758
000d7d20_3373,11744.187795756132
000d7d20_3374,11744.433879877435
000d7d20_3375,11744.433879877435
000d7d20_3376,11744.433879877435
000d7d20_3377,11744.433879877435
000d7d20_3378,11744.60952053041
000d7d20_3379,11744.363436409109
000d7d20_3380,11744.60952053041
000d7d20_3381,11744.60952053041
000d7d20_3382,11744.60952053041
000d7d20_3383,11744.60952053041
000d7d20_3384,11744.60952053041
000d7d20_3385,11744.60952053041
000d7d20_3386,11744.60952053041
000d7d20_3387,11744.415894281765
000d7d20_3388,11744.396890939883
000d7d20_3389,11744.60952053041
000d7d20_3390,11744.415894281765
000d7d20_3391,11744.670446645154
000d7d20_3392,11744.670446645154
000d7d20_3393,11744.670446645154
000d7d20_3394,11744.299008759459
000d7d20_3395,11744.299008759459
000d7d20_3396,11744.299008759459
000d7d20_3397,11744.105382510814
000d7d20_3398,11744.299008759459
000d7d20_3399,11744.0908995655
000d7d20_3400,11744.052924638157
000d7d20_3401,11744.299008759459
000d7d20_3402,11744.299008759459
000d7d20_3403,11744.299008759459
000d7d20_3404,11744.299008759459
000d7d20_3405,11744.299008759459
000d7d20_3406,11744.299008759459
000d7d20_3407,11744.080172855509
000d7d20_3408,11744.273799104154
000d7d20_3409,11744.273799104154
000d7d20_3410,11744.273799104154
000d7d20_3411,11744.273799104154
000d7d20_3412,11744.273799104154
000d7d20_3413,11744.273799104154
000d7d20_3414,11744.273799104154
000d7d20_3415,11744.39129771945
000d7d20_3416,11744.39129771945
000d7d20_3417,11744.39129771945
000d7d20_3418,11744.39129771945
000d7d20_3419,11744.39129771945
000d7d20_3420,11744.39129771945
000d7d20_3421,11744.39129771945
000d7d20_3422,11744.39129771945
000d7d20_3423,11744.383834652112
000d7d20_3424,11744.463779721389
000d7d20_3425,11744.463779721389
000d7d20_3426,11744.463779721389
000d7d20_3427,11744.463779721389
000d7d20_3428,11744.463779721389
000d7d20_3429,11744.405395160791
000d7d20_3430,11744.405395160791
000d7d20_3431,11744.485340230069
000d7d20_3432,11744.405395160791
000d7d20_3433,11744.507351116263
000d7d20_3434,11744.405395160791
000d7d20_3435,11744.405395160791
000d7d20_3436,11744.405395160791
000d7d20_3437,11744.410717348
000d7d20_3438,11744.405395160791
000d7d20_3439,11744.405395160791
000d7d20_3440,11744.405395160791
000d7d20_3441,11744.211768912146
000d7d20_3442,11744.405395160791
000d7d20_3443,11744.405395160791
000d7d20_3444,11744.405395160791
000d7d20_3445,11744.405395160791
000d7d20_3446,11744.405395160791
000d7d20_3447,11744.405395160791
000d7d20_3448,11744.405395160791
000d7d20_3449,11744.405395160791
000d7d20_3450,11744.405395160791
000d7d20_3451,11744.405395160791
000d7d20_3452,11744.405395160791
000d7d20_3453,11744.405395160791
000d7d20_3454,11744.405395160791
000d7d20_3455,11744.405395160791
000d7d20_3456,11744.405395160791
000d7d20_3457,11744.405395160791
000d7d20_3458,11744.405395160791
000d7d20_3459,11744.405395160791
000d7d20_3460,11744.405395160791
000d7d20_3461,11744.405395160791
000d7d20_3462,11744.405395160791
000d7d20_3463,11744.558935395171
000d7d20_3464,11744.365309146526
000d7d20_3465,11744.558935395171
000d7d20_3466,11744.526421947798
000d7d20_3467,11744.280337826496
000d7d20_3468,11744.280337826496
000d7d20_3469,11744.526421947798
000d7d20_3470,11744.526421947798
000d7d20_3471,11744.526421947798
000d7d20_3472,11744.526421947798
000d7d20_3473,11744.526421947798
000d7d20_3474,11744.31379235727
000d7d20_3475,11744.28834249151
000d7d20_3476,11744.28834249151
000d7d20_3477,11744.28834249151
000d7d20_3478,11744.094716242866
000d7d20_3479,11744.28834249151
000d7d20_3480,11744.28834249151
000d7d20_3481,11744.28834249151
000d7d20_3482,11744.28834249151
000d7d20_3483,11744.028689012344
000d7d20_3484,11744.274773133646
000d7d20_3485,11744.274773133646
000d7d20_3486,11744.274773133646
000d7d20_3487,11744.261109815814
000d7d20_3488,11744.261109815814
000d7d20_3489,11744.261109815814
000d7d20_3490,11744.261109815814
000d7d20_3491,11744.261109815814
000d7d20_3492,11744.261109815814
000d7d20_3493,11744.261109815814
000d7d20_3494,11744.261109815814
000d7d20_3495,11744.261109815814
000d7d20_3496,11744.261109815814
000d7d20_3497,11744.261109815814
000d7d20_3498,11744.261109815814
000d7d20_3499,11744.261109815814
000d7d20_3500,11744.261109815814
000d7d20_3501,11744.067483567169
000d7d20_3502,11744.261109815814
000d7d20_3503,11744.261109815814
000d7d20_3504,11744.295224082385
000d7d20_3505,11744.065245781952
000d7d20_3506,11744.082594491858
000d7d20_3507,11744.295224082385
000d7d20_3508,11744.295224082385
000d7d20_3509,11744.295224082385
000d7d20_3510,11744.295224082385
000d7d20_3511,11744.029593403493
000d7d20_3512,11744.275677524794
000d7d20_3513,11744.275677524794
000d7d20_3514,11744.275677524794
000d7d20_3515,11744.275677524794
000d7d20_3516,11744.275677524794
000d7d20_3517,11744.275677524794
000d7d20_3518,11744.275677524794
000d7d20_3519,11744.275677524794
000d7d20_3520,11744.275677524794
000d7d20_3521,11744.275677524794
000d7d20_3522,11744.275677524794
000d7d20_3523,11744.275677524794
000d7d20_3524,11744.275677524794
000d7d20_3525,11744.275677524794
000d7d20_3526,11744.280999712004
000d7d20_3527,11744.275677524794
000d7d20_3528,11744.232085034131
000d7d20_3529,11744.232085034131
000d7d20_3530,11744.232085034131
000d7d20_3531,11744.232085034131
000d7d20_3532,11744.232085034131
000d7d20_3533,11744.232085034131
000d7d20_3534,11744.232085034131
000d7d20_3535,11744.17137276842
000d7d20_3536,11744.17137276842
000d7d20_3537,11744.17137276842
000d7d20_3538,11744.17137276842
000d7d20_3539,11744.17137276842
000d7d20_3540,11744.17137276842
000d7d20_3541,11744.17137276842
000d7d20_3542,11744.17669495563
000d7d20_3543,11744.17137276842
000d7d20_3544,11744.147304679984
000d7d20_3545,11744.147304679984
000d7d20_3546,11744.147304679984
000d7d20_3547,11744.147304679984
000d7d20_3548,11744.147304679984
000d7d20_3549,11744.147304679984
000d7d20_3550,11744.147304679984
000d7d20_3551,11744.147304679984
000d7d20_3552,11744.147304679984
000d7d20_3553,11744.147304679984
000d7d20_3554,11744.147304679984
000d7d20_3555,11744.147304679984
000d7d20_3556,11744.147304679984
000d7d20_3557,11744.147304679984
000d7d20_3558,11744.147304679984
000d7d20_3559,11744.147304679984
000d7d20_3560,11744.249260635455
000d7d20_3561,11744.147304679984
000d7d20_3562,11744.147304679984
000d7d20_3563,11744.147304679984
000d7d20_3564,11744.147304679984
000d7d20_3565,11744.147304679984
000d7d20_3566,11744.147304679984
000d7d20_3567,11744.147304679984
000d7d20_3568,11744.147304679984
000d7d20_3569,11744.147304679984
000d7d20_3570,11744.147304679984
000d7d20_3571,11744.147304679984
000d7d20_3572,11744.147304679984
000d7d20_3573,11743.891995585182
000d7d20_3574,11743.891995585182
000d7d20_3575,11743.891995585182
000d7d20_3576,11743.891995585182
000d7d20_3577,11743.698369336536
000d7d20_3578,11743.891995585182
000d7d20_3579,11743.891995585182
000d7d20_3580,11743.662017284749
000d7d20_3581,11743.891995585182
000d7d20_3582,11743.27633366749
000d7d20_3583,11743.27633366749
000d7d20_3584,11743.03024954619
000d7d20_3585,11743.27633366749
000d7d20_3586,11743.27633366749
000d7d20_3587,11743.063704076963
000d7d20_3588,11743.27633366749
000d7d20_3589,11743.27633366749
000d7d20_3590,11743.27633366749
000d7d20_3591,11743.27633366749
000d7d20_3592,11743.27633366749
000d7d20_3593,11743.27633366749
000d7d20_3594,11743.27633366749
000d7d20_3595,11743.27633366749
000d7d20_3596,11743.27633366749
000d7d20_3597,11743.27633366749
000d7d20_3598,11743.27633366749
000d7d20_3599,11743.04635536706
000d7d20_3600,11743.27633366749
000d7d20_3601,11743.27633366749
000d7d20_3602,11743.27633366749
000d7d20_3603,11743.04635536706
000d7d20_3604,11743.04635536706
000d7d20_3605,11743.04635536706
000d7d20_3606,11743.03024954619
000d7d20_3607,11743.27633366749
000d7d20_3608,11743.27633366749
000d7d20_3609,11743.27633366749
000d7d20_3610,11743.27633366749
000d7d20_3611,11742.979775034975
000d7d20_3612,11742.979775034975
000d7d20_3613,11742.979775034975
000d7d20_3614,11742.979775034975
000d7d20_3615,11742.979775034975
000d7d20_3616,11742.749796734544
000d7d20_3617,11742.979775034975
000d7d20_3618,11742.979775034975
000d7d20_3619,11742.733690913674
000d7d20_3620,11742.749796734544
000d7d20_3621,11742.749796734544
000d7d20_3622,11742.749796734544
000d7d20_3623,11742.749796734544
000d7d20_3624,11742.749796734544
000d7d20_3625,11742.749796734544
000d7d20_3626,11742.749796734544
000d7d20_3627,11742.749796734544
000d7d20_3628,11742.749796734544
000d7d20_3629,11742.749796734544
000d7d20_3630,11742.749796734544
000d7d20_3631,11742.70164472293
000d7d20_3632,11742.684296013025
000d7d20_3633,11742.684296013025
000d7d20_3634,11742.684296013025
000d7d20_3635,11742.684296013025
000d7d20_3636,11742.638135698491
000d7d20_3637,11742.638135698491
000d7d20_3638,11742.638135698491
000d7d20_3639,11742.638135698491
000d7d20_3640,11742.638135698491
000d7d20_3641,11742.868113998924
000d7d20_3642,11742.638135698491
000d7d20_3643,11742.638135698491
000d7d20_3644,11742.868113998924
000d7d20_3645,11742.868113998924
000d7d20_3646,11742.868113998924
000d7d20_3647,11742.868113998924
000d7d20_3648,11742.868113998924
000d7d20_3649,11742.710462539031
000d7d20_3650,11742.956546660333
000d7d20_3651,11742.7265683599
000d7d20_3652,11742.762920411687
000d7d20_3653,11742.956546660333
000d7d20_3654,11742.710462539031
000d7d20_3655,11742.956546660333
000d7d20_3656,11742.956546660333
000d7d20_3657,11742.956546660333
000d7d20_3658,11742.956546660333
000d7d20_3659,11742.27548598891
000d7d20_3660,11742.505464289343
000d7d20_3661,11742.505464289343
000d7d20_3662,11742.27548598891
000d7d20_3663,11742.505464289343
000d7d20_3664,11742.445676073616
000d7d20_3665,11742.445676073616
000d7d20_3666,11742.233046483088
000d7d20_3667,11742.215697773185
000d7d20_3668,11742.215697773185
000d7d20_3669,11742.445676073616
000d7d20_3670,11742.215697773185
000d7d20_3671,11742.445676073616
000d7d20_3672,11742.445676073616
000d7d20_3673,11742.445676073616
000d7d20_3674,11742.445676073616
000d7d20_3675,11742.266929986556
000d7d20_3676,11742.496908286988
000d7d20_3677,11742.266929986556
000d7d20_3678,11742.266929986556
000d7d20_3679,11742.266929986556
000d7d20_3680,11742.496908286988
000d7d20_3681,11742.496908286988
000d7d20_3682,11742.496908286988
000d7d20_3683,11742.496908286988
000d7d20_3684,11742.496908286988
000d7d20_3685,11742.496908286988
000d7d20_3686,11742.284278696461
000d7d20_3687,11742.496908286988
000d7d20_3688,11742.496908286988
000d7d20_3689,11742.496908286988
000d7d20_3690,11742.496908286988
000d7d20_3691,11742.250824165687
000d7d20_3692,11742.045338511227
000d7d20_3693,11742.238964759872
000d7d20_3694,11742.026335169345
000d7d20_3695,11742.238964759872
000d7d20_3696,11742.238964759872
000d7d20_3697,11741.99288063857
000d7d20_3698,11742.238964759872
000d7d20_3699,11742.238964759872
000d7d20_3700,11742.238964759872
000d7d20_3701,11742.238964759872
000d7d20_3702,11742.238964759872
000d7d20_3703,11742.238964759872
000d7d20_3704,11742.238964759872
000d7d20_3705,11742.238964759872
000d7d20_3706,11742.238964759872
000d7d20_3707,11742.238964759872
000d7d20_3708,11742.238964759872
000d7d20_3709,11742.183727931957
000d7d20_3710,11742.10112792229
000d7d20_3711,11742.10112792229
000d7d20_3712,11742.10112792229
000d7d20_3713,11742.10112792229
000d7d20_3714,11742.10112792229
000d7d20_3715,11742.10112792229
000d7d20_3716,11742.10112792229
000d7d20_3717,11742.10112792229
000d7d20_3718,11742.10112792229
000d7d20_3719,11742.10112792229
000d7d20_3720,11742.181072991565
000d7d20_3721,11742.181072991565
000d7d20_3722,11742.10112792229
000d7d20_3723,11742.10112792229
000d7d20_3724,11742.205802231736
000d7d20_3725,11742.205802231736
000d7d20_3726,11742.205802231736
000d7d20_3727,11742.307758187208
000d7d20_3728,11742.211124418945
000d7d20_3729,11742.205802231736
000d7d20_3730,11742.067752419698
000d7d20_3731,11742.067752419698
000d7d20_3732,11742.067752419698
000d7d20_3733,11741.874126171053
000d7d20_3734,11742.067752419698
000d7d20_3735,11742.067752419698
000d7d20_3736,11742.067752419698
000d7d20_3737,11742.067752419698
000d7d20_3738,11741.85512282917
000d7d20_3739,11741.85512282917
000d7d20_3740,11742.015265382151
000d7d20_3741,11742.015265382151
000d7d20_3742,11741.785287081719
000d7d20_3743,11742.015265382151
000d7d20_3744,11742.015265382151
000d7d20_3745,11742.015265382151
000d7d20_3746,11741.802635791624
000d7d20_3747,11741.933441169916
000d7d20_3748,11741.703462869484
000d7d20_3749,11741.703462869484
000d7d20_3750,11741.548319962114
000d7d20_3751,11741.596943567467
000d7d20_3752,11741.20252146011
000d7d20_3753,11741.596943567467
000d7d20_3754,11741.596943567467
000d7d20_3755,11741.199752852144
000d7d20_3756,11741.199752852144
000d7d20_3757,11741.596943567467
000d7d20_3758,11741.125995965971
000d7d20_3759,11741.125995965971
000d7d20_3760,11741.125995965971
000d7d20_3761,11741.596943567467
000d7d20_3762,11741.346352971013
000d7d20_3763,11741.596943567467
000d7d20_3764,11741.596943567467
000d7d20_3765,11741.211822359666
000d7d20_3766,11741.125995965971
000d7d20_3767,11741.596943567467
000d7d20_3768,11741.596943567467
000d7d20_3769,11741.211822359666
000d7d20_3770,11741.35639347241
000d7d20_3771,11741.35639347241
000d7d20_3772,11740.959202757087
000d7d20_3773,11740.885445870914
000d7d20_3774,11741.35639347241
000d7d20_3775,11740.885445870914
000d7d20_3776,11741.35639347241
000d7d20_3777,11741.35639347241
000d7d20_3778,11740.971272264609
000d7d20_3779,11741.126415171979
000d7d20_3780,11741.35639347241
000d7d20_3781,11741.35639347241
000d7d20_3782,11741.35639347241
000d7d20_3783,11741.35639347241
000d7d20_3784,11741.126415171979
000d7d20_3785,11741.126415171979
000d7d20_3786,11741.35639347241
000d7d20_3787,11741.126415171979
000d7d20_3788,11741.35639347241
000d7d20_3789,11741.126415171979
000d7d20_3790,11741.126415171979
000d7d20_3791,11741.35639347241
000d7d20_3792,11741.126415171979
000d7d20_3793,11741.126415171979
000d7d20_3794,11741.35639347241
000d7d20_3795,11741.184559918514
000d7d20_3796,11741.184559918514
000d7d20_3797,11741.184559918514
000d7d20_3798,11740.954581618083
000d7d20_3799,11741.184559918514
000d7d20_3800,11740.954581618083
000d7d20_3801,11740.954581618083
000d7d20_3802,11741.184559918514
000d7d20_3803,11740.954581618083
000d7d20_3804,11740.971930327987
000d7d20_3805,11741.184559918514
000d7d20_3806,11740.99093366987
000d7d20_3807,11740.938475797213
000d7d20_3808,11741.184559918514
000d7d20_3809,11741.184559918514
000d7d20_3810,11741.184559918514
000d7d20_3811,11741.184559918514
000d7d20_3812,11740.74602541013
000d7d20_3813,11740.64406945466
000d7d20_3814,11740.64406945466
000d7d20_3815,11740.788538655323
000d7d20_3816,11740.594912406677
000d7d20_3817,11740.788538655323
000d7d20_3818,11740.788538655323
000d7d20_3819,11740.788538655323
000d7d20_3820,11740.788538655323
000d7d20_3821,11740.864290740192
000d7d20_3822,11740.864290740192
000d7d20_3823,11740.910011214643
000d7d20_3824,11740.788538655323
000d7d20_3825,11740.868483724598
000d7d20_3826,11740.788538655323
000d7d20_3827,11740.868483724598
000d7d20_3828,11740.868483724598
000d7d20_3829,11740.864290740192
000d7d20_3830,11740.864290740192
000d7d20_3831,11740.666300853554
000d7d20_3832,11740.666300853554
000d7d20_3833,11740.758204060883
000d7d20_3834,11740.27998960717
000d7d20_3835,11740.15851704785
000d7d20_3836,11740.23426913272
000d7d20_3837,11740.23426913272
000d7d20_3838,11740.38740210614
000d7d20_3839,11740.427549316977
000d7d20_3840,11740.15851704785
000d7d20_3841,11740.15851704785
000d7d20_3842,11740.15851704785
000d7d20_3843,11740.15851704785
000d7d20_3844,11740.15851704785
000d7d20_3845,11740.15851704785
000d7d20_3846,11740.15851704785
000d7d20_3847,11740.427549316977
000d7d20_3848,11740.427549316977
000d7d20_3849,11740.15851704785
000d7d20_3850,11740.15851704785
000d7d20_3851,11740.15851704785
000d7d20_3852,11740.15851704785
000d7d20_3853,11740.27998960717
000d7d20_3854,11740.15851704785
000d7d20_3855,11740.250420255179
000d7d20_3856,11740.23426913272
000d7d20_3857,11740.15851704785
000d7d20_3858,11740.23426913272
000d7d20_3859,11740.27998960717
000d7d20_3860,11740.129046431177
000d7d20_3861,11740.129046431177
000d7d20_3862,11740.129046431177
000d7d20_3863,11740.129046431177
000d7d20_3864,11740.129046431177
000d7d20_3865,11740.231002386648
000d7d20_3866,11740.129046431177
000d7d20_3867,11740.208991500454
000d7d20_3868,11740.208991500454
000d7d20_3869,11740.129046431177
000d7d20_3870,11740.129046431177
000d7d20_3871,11740.129046431177
000d7d20_3872,11740.129046431177
000d7d20_3873,11740.129046431177
000d7d20_3874,11740.129046431177
000d7d20_3875,11740.129046431177
000d7d20_3876,11740.129046431177
000d7d20_3877,11740.129046431177
000d7d20_3878,11740.129046431177
000d7d20_3879,11740.129046431177
000d7d20_3880,11740.129046431177
000d7d20_3881,11740.208991500454
000d7d20_3882,11739.935420182532
000d7d20_3883,11740.129046431177
000d7d20_3884,11740.129046431177
000d7d20_3885,11740.129046431177
000d7d20_3886,11740.129046431177
000d7d20_3887,11739.317655633111
000d7d20_3888,11739.317655633111
000d7d20_3889,11739.317655633111
000d7d20_3890,11739.317655633111
000d7d20_3891,11739.124029384466
000d7d20_3892,11739.317655633111
000d7d20_3893,11739.317655633111
000d7d20_3894,11739.087677332678
000d7d20_3895,11739.087677332678
000d7d20_3896,11739.317655633111
000d7d20_3897,11739.317655633111
000d7d20_3898,11739.317655633111
000d7d20_3899,11739.087677332678
000d7d20_3900,11739.087677332678
000d7d20_3901,11739.087677332678
000d7d20_3902,11739.067065036656
000d7d20_3903,11739.317655633111
000d7d20_3904,11739.317655633111
000d7d20_3905,11738.932534425308
000d7d20_3906,11738.920464917786
000d7d20_3907,11739.067065036656
000d7d20_3908,11739.087677332678
000d7d20_3909,11739.087677332678
000d7d20_3910,11739.317655633111
000d7d20_3911,11739.105026042584
000d7d20_3912,11739.317655633111
000d7d20_3913,11739.087677332678
000d7d20_3914,11739.317655633111
000d7d20_3915,11739.317655633111
000d7d20_3916,11739.317655633111
000d7d20_3917,11739.087677332678
000d7d20_3918,11739.317655633111
000d7d20_3919,11739.317655633111
000d7d20_3920,11739.105026042584
000d7d20_3921,11739.317655633111
000d7d20_3922,11739.087677332678
000d7d20_3923,11739.317655633111
000d7d20_3924,11739.317655633111
000d7d20_3925,11739.317655633111
000d7d20_3926,11738.776224046669
000d7d20_3927,11738.776224046669
000d7d20_3928,11738.776224046669
000d7d20_3929,11738.776224046669
000d7d20_3930,11738.781546233879
000d7d20_3931,11738.776224046669
000d7d20_3932,11738.776224046669
000d7d20_3933,11738.776224046669
000d7d20_3934,11738.87818000214
000d7d20_3935,11738.781546233879
000d7d20_3936,11738.776224046669
000d7d20_3937,11738.582597798024
000d7d20_3938,11738.776224046669
000d7d20_3939,11738.776224046669
000d7d20_3940,11738.776224046669
000d7d20_3941,11738.776224046669
000d7d20_3942,11738.563594456142
000d7d20_3943,11738.530139925368
000d7d20_3944,11738.776224046669
000d7d20_3945,11738.776224046669
000d7d20_3946,11738.776224046669
000d7d20_3947,11738.776224046669
000d7d20_3948,11738.776224046669
000d7d20_3949,11738.776224046669
000d7d20_3950,11738.776224046669
000d7d20_3951,11738.776224046669
000d7d20_3952,11738.781546233879
000d7d20_3953,11738.776224046669
000d7d20_3954,11738.776224046669
000d7d20_3955,11738.776224046669
000d7d20_3956,11738.776224046669
000d7d20_3957,11738.776224046669
000d7d20_3958,11738.776224046669
000d7d20_3959,11738.776224046669
000d7d20_3960,11738.776224046669
000d7d20_3961,11738.776224046669
000d7d20_3962,11738.776224046669
000d7d20_3963,11738.776224046669
000d7d20_3964,11738.887871794619
000d7d20_3965,11738.776224046669
000d7d20_3966,11738.776224046669
000d7d20_3967,11738.776224046669
000d7d20_3968,11738.582597798024
000d7d20_3969,11738.776224046669
000d7d20_3970,11738.530139925368
000d7d20_3971,11738.776224046669
000d7d20_3972,11738.776224046669
000d7d20_3973,11738.776224046669
000d7d20_3974,11738.776224046669
000d7d20_3975,11738.776224046669
000d7d20_3976,11738.582597798024
000d7d20_3977,11738.551913407022
000d7d20_3978,11738.546245746236
000d7d20_3979,11738.776224046669
000d7d20_3980,11738.776224046669
000d7d20_3981,11738.776224046669
000d7d20_3982,11738.776224046669
000d7d20_3983,11738.771803404927
000d7d20_3984,11738.525719283625
000d7d20_3985,11738.771803404927
000d7d20_3986,11738.5591738144
000d7d20_3987,11738.5591738144
000d7d20_3988,11738.541825104494
000d7d20_3989,11738.771803404927
000d7d20_3990,11738.771803404927
000d7d20_3991,11738.525719283625
000d7d20_3992,11738.771803404927
000d7d20_3993,11738.578177156282
000d7d20_3994,11738.771803404927
000d7d20_3995,11738.771803404927
000d7d20_3996,11738.771803404927
000d7d20_3997,11738.819969373471
000d7d20_3998,11738.672959149231
000d7d20_3999,11738.784606897181
000d7d20_4000,11738.67828133644
000d7d20_4001,11738.672959149231
000d7d20_4002,11738.672959149231
000d7d20_4003,11738.672959149231
000d7d20_4004,11738.672959149231
000d7d20_4005,11738.672959149231
000d7d20_4006,11738.672959149231
000d7d20_4007,11738.672959149231
000d7d20_4008,11738.67828133644
000d7d20_4009,11738.672959149231
000d7d20_4010,11738.672959149231
000d7d20_4011,11738.672959149231
000d7d20_4012,11738.672959149231
000d7d20_4013,11738.701493277786
000d7d20_4014,11738.770271091822
000d7d20_4015,11738.589845529836
000d7d20_4016,11738.774464076228
000d7d20_4017,11738.589845529836
000d7d20_4018,11738.589845529836
000d7d20_4019,11738.589845529836
000d7d20_4020,11738.589845529836
000d7d20_4021,11738.589845529836
000d7d20_4022,11738.589845529836
000d7d20_4023,11738.589845529836
000d7d20_4024,11738.589845529836
000d7d20_4025,11738.589845529836
000d7d20_4026,11738.589845529836
000d7d20_4027,11737.871814733786
000d7d20_4028,11737.871814733786
000d7d20_4029,11737.625730612484
000d7d20_4030,11737.871814733786
000d7d20_4031,11737.871814733786
000d7d20_4032,11737.871814733786
000d7d20_4033,11737.871814733786
000d7d20_4034,11737.641836433355
000d7d20_4035,11737.871814733786
000d7d20_4036,11737.659185143259
000d7d20_4037,11737.625730612484
000d7d20_4038,11737.871814733786
000d7d20_4039,11737.641836433355
000d7d20_4040,11737.587000696501
000d7d20_4041,11737.587000696501
000d7d20_4042,11737.2857472212
000d7d20_4043,11737.531831342501
000d7d20_4044,11737.531831342501
000d7d20_4045,11737.531831342501
000d7d20_4046,11737.531831342501
000d7d20_4047,11737.531831342501
000d7d20_4048,11737.531831342501
000d7d20_4049,11737.531831342501
000d7d20_4050,11737.2857472212
000d7d20_4051,11737.531831342501
000d7d20_4052,11737.338205093856
000d7d20_4053,11737.531831342501
000d7d20_4054,11737.531831342501
000d7d20_4055,11737.604349406405
000d7d20_4056,11737.531831342501
000d7d20_4057,11737.587000696501
000d7d20_4058,11737.587000696501
000d7d20_4059,11737.531831342501
000d7d20_4060,11737.2857472212
000d7d20_4061,11737.338205093856
000d7d20_4062,11737.338205093856
000d7d20_4063,11737.2857472212
000d7d20_4064,11737.587000696501
000d7d20_4065,11737.604349406405
000d7d20_4066,11737.531831342501
000d7d20_4067,11737.531831342501
000d7d20_4068,11737.531831342501
000d7d20_4069,11737.531831342501
000d7d20_4070,11737.531831342501
000d7d20_4071,11737.587000696501
000d7d20_4072,11737.587000696501
000d7d20_4073,11737.587000696501
000d7d20_4074,11737.338205093856
000d7d20_4075,11737.323722148543
000d7d20_4076,11737.338205093856
000d7d20_4077,11737.338205093856
000d7d20_4078,11737.531831342501
000d7d20_4079,11737.319364629058
000d7d20_4080,11737.391882692962
000d7d20_4081,11737.374533983057
000d7d20_4082,11737.391882692962
000d7d20_4083,11737.319364629058
000d7d20_4084,11737.374533983057
000d7d20_4085,11737.374533983057
000d7d20_4086,11737.374533983057
000d7d20_4087,11737.125738380413
000d7d20_4088,11737.328937196748
000d7d20_4089,11737.27376784275
000d7d20_4090,11737.27376784275
000d7d20_4091,11737.080141594104
000d7d20_4092,11737.27376784275
000d7d20_4093,11737.027683721448
000d7d20_4094,11737.328937196748
000d7d20_4095,11737.346285906653
000d7d20_4096,11737.328937196748
000d7d20_4097,11737.27376784275
000d7d20_4098,11737.080141594104
000d7d20_4099,11737.346285906653
000d7d20_4100,11737.027683721448
000d7d20_4101,11737.080141594104
000d7d20_4102,11737.27376784275
000d7d20_4103,11737.346285906653
000d7d20_4104,11737.080141594104
000d7d20_4105,11737.328937196748
000d7d20_4106,11737.328937196748
000d7d20_4107,11737.328937196748
000d7d20_4108,11737.346285906653
000d7d20_4109,11737.27376784275
000d7d20_4110,11737.27376784275
000d7d20_4111,11737.27376784275
000d7d20_4112,11737.27376784275
000d7d20_4113,11737.27376784275
000d7d20_4114,11737.346285906653
000d7d20_4115,11737.027683721448
000d7d20_4116,11737.27376784275
000d7d20_4117,11737.027683721448
000d7d20_4118,11737.080141594104
000d7d20_4119,11737.27376784275
000d7d20_4120,11737.27376784275
000d7d20_4121,11737.27376784275
000d7d20_4122,11737.346285906653
000d7d20_4123,11737.27376784275
000d7d20_4124,11737.334604857533
000d7d20_4125,11737.08694302633
000d7d20_4126,11737.031773672332
000d7d20_4127,11737.08694302633
000d7d20_4128,11737.08694302633
000d7d20_4129,11737.031773672332
000d7d20_4130,11737.08694302633
000d7d20_4131,11737.031773672332
000d7d20_4132,11737.031773672332
000d7d20_4133,11737.08694302633
000d7d20_4134,11737.031773672332
000d7d20_4135,11737.031773672332
000d7d20_4136,11737.031773672332
000d7d20_4137,11737.031773672332
000d7d20_4138,11737.031773672332
000d7d20_4139,11737.031773672332
000d7d20_4140,11737.08694302633
000d7d20_4141,11737.031773672332
000d7d20_4142,11737.031773672332
000d7d20_4143,11737.031773672332
000d7d20_4144,11737.031773672332
000d7d20_4145,11737.031773672332
000d7d20_4146,11737.031773672332
000d7d20_4147,11737.031773672332
000d7d20_4148,11737.031773672332
000d7d20_4149,11737.08694302633
000d7d20_4150,11737.104291736236
000d7d20_4151,11737.031773672332
000d7d20_4152,11737.031773672332
000d7d20_4153,11737.08694302633
000d7d20_4154,11737.08694302633
000d7d20_4155,11737.08694302633
000d7d20_4156,11737.031773672332
000d7d20_4157,11737.031773672332
000d7d20_4158,11737.031773672332
000d7d20_4159,11737.031773672332
000d7d20_4160,11737.031773672332
000d7d20_4161,11737.031773672332
000d7d20_4162,11737.031773672332
000d7d20_4163,11737.031773672332
000d7d20_4164,11737.031773672332
000d7d20_4165,11737.031773672332
000d7d20_4166,11737.031773672332
000d7d20_4167,11737.031773672332
000d7d20_4168,11737.08694302633
000d7d20_4169,11737.066330730308
000d7d20_4170,11736.93180011896
000d7d20_4171,11736.919730611438
000d7d20_4172,11737.031773672332
000d7d20_4173,11737.031773672332
000d7d20_4174,11736.845973725267
000d7d20_4175,11737.031773672332
000d7d20_4176,11737.031773672332
000d7d20_4177,11736.845973725267
000d7d20_4178,11736.845973725267
000d7d20_4179,11737.031773672332
000d7d20_4180,11737.031773672332
000d7d20_4181,11737.031773672332
000d7d20_4182,11736.845973725267
000d7d20_4183,11737.031773672332
000d7d20_4184,11736.922499219405
000d7d20_4185,11737.031773672332
000d7d20_4186,11736.932016345252
000d7d20_4187,11736.93180011896
000d7d20_4188,11736.845973725267
000d7d20_4189,11736.845973725267
000d7d20_4190,11737.031773672332
000d7d20_4191,11737.031773672332
000d7d20_4192,11737.031773672332
000d7d20_4193,11736.93180011896
000d7d20_4194,11736.919730611438
000d7d20_4195,11737.031773672332
000d7d20_4196,11736.919730611438
000d7d20_4197,11736.922499219405
000d7d20_4198,11737.031773672332
000d7d20_4199,11737.031773672332
000d7d20_4200,11736.93180011896
000d7d20_4201,11737.031773672332
000d7d20_4202,11737.031773672332
000d7d20_4203,11736.922499219405
000d7d20_4204,11737.031773672332
000d7d20_4205,11736.785332456195
000d7d20_4206,11736.785332456195
000d7d20_4207,11736.599532509132
000d7d20_4208,11736.785332456195
000d7d20_4209,11736.785332456195
000d7d20_4210,11736.685358902825
000d7d20_4211,11736.785332456195
000d7d20_4212,11736.67605800327
000d7d20_4213,11736.599532509132
000d7d20_4214,11736.785332456195
000d7d20_4215,11736.623301688229
000d7d20_4216,11736.769901807098
000d7d20_4217,11736.735344749122
000d7d20_4218,11736.735344749122
000d7d20_4219,11736.63537119575
000d7d20_4220,11736.735344749122
000d7d20_4221,11736.735344749122
000d7d20_4222,11736.63537119575
000d7d20_4223,11736.626070296195
000d7d20_4224,11736.735344749122
000d7d20_4225,11736.549544802057
000d7d20_4226,11736.549544802057
000d7d20_4227,11736.735344749122
000d7d20_4228,11736.623301688229
000d7d20_4229,11736.63537119575
000d7d20_4230,11736.735344749122
000d7d20_4231,11736.735344749122
000d7d20_4232,11736.549544802057
000d7d20_4233,11736.735344749122
000d7d20_4234,11736.626070296195
000d7d20_4235,11736.63537119575
000d7d20_4236,11736.735344749122
000d7d20_4237,11736.735344749122
000d7d20_4238,11736.735344749122
000d7d20_4239,11736.706513144265
000d7d20_4240,11736.694227410451
000d7d20_4241,11736.806270471345
000d7d20_4242,11736.806270471345
000d7d20_4243,11736.696996018418
000d7d20_4244,11736.806270471345
000d7d20_4245,11736.706296917973
000d7d20_4246,11736.706296917973
000d7d20_4247,11736.806270471345
000d7d20_4248,11736.696996018418
000d7d20_4249,11736.62047052428
000d7d20_4250,11736.806270471345
000d7d20_4251,11736.696996018418
000d7d20_4252,11736.84082752932
000d7d20_4253,11736.806270471345
000d7d20_4254,11736.806270471345
000d7d20_4255,11736.806270471345
000d7d20_4256,11736.806270471345
000d7d20_4257,11736.60742559794
000d7d20_4258,11736.60742559794
000d7d20_4259,11736.421625650875
000d7d20_4260,11737.297640942448
000d7d20_4261,11737.297640942448
000d7d20_4262,11737.111840995383
000d7d20_4263,11737.062179067148
000d7d20_4264,11737.247979014213
000d7d20_4265,11737.062179067148
000d7d20_4266,11737.062179067148
000d7d20_4267,11737.062179067148
000d7d20_4268,11737.148005460844
000d7d20_4269,11737.062179067148
000d7d20_4270,11737.062179067148
000d7d20_4271,11737.062179067148
000d7d20_4272,11737.062179067148
000d7d20_4273,11737.062179067148
000d7d20_4274,11737.062179067148
000d7d20_4275,11737.041388295567
000d7d20_4276,11737.062179067148
000d7d20_4277,11737.041388295567
000d7d20_4278,11737.041388295567
000d7d20_4279,11737.062179067148
000d7d20_4280,11737.062179067148
000d7d20_4281,11737.135935953322
000d7d20_4282,11737.138704561288
000d7d20_4283,11737.247979014213
000d7d20_4284,11737.062179067148
000d7d20_4285,11737.062179067148
000d7d20_4286,11737.062179067148
000d7d20_4287,11737.062179067148
000d7d20_4288,11737.247979014213
000d7d20_4289,11737.041388295567
000d7d20_4290,11737.062179067148
000d7d20_4291,11737.062179067148
000d7d20_4292,11737.062179067148
000d7d20_4293,11737.135935953322
000d7d20_4294,11737.135935953322
000d7d20_4295,11737.135935953322
000d7d20_4296,11737.062179067148
000d7d20_4297,11737.83586293894
000d7d20_4298,11737.83586293894
000d7d20_4299,11737.83586293894
000d7d20_4300,11737.83586293894
000d7d20_4301,11737.83586293894
000d7d20_4302,11737.921689332634
000d7d20_4303,11738.021662886003
000d7d20_4304,11737.909619825112
000d7d20_4305,11737.912388433078
000d7d20_4306,11738.021662886003
000d7d20_4307,11738.021662886003
000d7d20_4308,11737.83586293894
000d7d20_4309,11738.021662886003
000d7d20_4310,11738.021662886003
000d7d20_4311,11738.06358330783
000d7d20_4312,11737.877783360766
000d7d20_4313,11737.951540246939
000d7d20_4314,11738.06358330783
000d7d20_4315,11738.06358330783
000d7d20_4316,11737.963609754459
000d7d20_4317,11738.06358330783
000d7d20_4318,11737.963609754459
000d7d20_4319,11737.951540246939
000d7d20_4320,11737.877783360766
000d7d20_4321,11737.877783360766
000d7d20_4322,11738.06358330783
000d7d20_4323,11738.093053924502
000d7d20_4324,11737.98101086361
000d7d20_4325,11738.093053924502
000d7d20_4326,11738.093053924502
000d7d20_4327,11738.093053924502
000d7d20_4328,11737.907253977437
000d7d20_4329,11737.907253977437
000d7d20_4330,11738.093053924502
000d7d20_4331,11737.907253977437
000d7d20_4332,11737.907253977437
000d7d20_4333,11738.093053924502
000d7d20_4334,11738.093053924502
000d7d20_4335,11738.093053924502
000d7d20_4336,11738.093053924502
000d7d20_4337,11737.907253977437
000d7d20_4338,11738.093053924502
000d7d20_4339,11738.093053924502
000d7d20_4340,11737.907253977437
000d7d20_4341,11737.907253977437
000d7d20_4342,11738.093053924502
000d7d20_4343,11737.907253977437
000d7d20_4344,11737.907253977437
000d7d20_4345,11738.093053924502
000d7d20_4346,11737.907253977437
000d7d20_4347,11737.886463205856
000d7d20_4348,11737.907253977437
000d7d20_4349,11738.093053924502
000d7d20_4350,11737.907253977437
000d7d20_4351,11738.600837730206
000d7d20_4352,11738.415037783141
000d7d20_4353,11738.600837730206
000d7d20_4354,11738.415037783141
000d7d20_4355,11738.415037783141
000d7d20_4356,11738.415037783141
000d7d20_4357,11738.415037783141
000d7d20_4358,11738.415037783141
000d7d20_4359,11738.415037783141
000d7d20_4360,11738.33422627134
000d7d20_4361,11738.33422627134
000d7d20_4362,11738.260469385166
000d7d20_4363,11738.260469385166
000d7d20_4364,11738.260469385166
000d7d20_4365,11738.336994879306
000d7d20_4366,11738.260469385166
000d7d20_4367,11738.260469385166
000d7d20_4368,11738.260469385166
000d7d20_4369,11738.446269332231
000d7d20_4370,11738.260469385166
000d7d20_4371,11738.260469385166
000d7d20_4372,11738.346295778862
000d7d20_4373,11738.260469385166
000d7d20_4374,11738.346512005153
000d7d20_4375,11738.346512005153
000d7d20_4376,11738.480826390209
000d7d20_4377,11738.33422627134
000d7d20_4378,11738.346295778862
000d7d20_4379,11739.021316854065
000d7d20_4380,11738.886786242716
000d7d20_4381,11739.021316854065
000d7d20_4382,11739.021316854065
000d7d20_4383,11739.041929150086
000d7d20_4384,11739.021316854065
000d7d20_4385,11739.021316854065
000d7d20_4386,11739.041929150086
000d7d20_4387,11739.041929150086
000d7d20_4388,11739.041929150086
000d7d20_4389,11739.041929150086
000d7d20_4390,11739.041929150086
000d7d20_4391,11738.364052500356
000d7d20_4392,11738.364052500356
000d7d20_4393,11738.364052500356
000d7d20_4394,11738.308883146357
000d7d20_4395,11738.308883146357
000d7d20_4396,11738.308883146357
000d7d20_4397,11738.308883146357
000d7d20_4398,11738.308883146357
000d7d20_4399,11738.308883146357
000d7d20_4400,11738.308883146357
000d7d20_4401,11738.364052500356
000d7d20_4402,11738.364052500356
000d7d20_4403,11738.308883146357
000d7d20_4404,11738.308883146357
000d7d20_4405,11738.343440204335
000d7d20_4406,11738.374201542705
000d7d20_4407,11738.319032188707
000d7d20_4408,11738.39155025261
000d7d20_4409,11738.319032188707
000d7d20_4410,11738.374201542705
000d7d20_4411,11738.374201542705
000d7d20_4412,11738.374201542705
000d7d20_4413,11738.374201542705
000d7d20_4414,11738.374201542705
000d7d20_4415,11738.09926844333
000d7d20_4416,11738.154437797328
000d7d20_4417,11738.154437797328
000d7d20_4418,11738.154437797328
000d7d20_4419,11738.154437797328
000d7d20_4420,11738.09926844333
000d7d20_4421,11737.99120344559
000d7d20_4422,11738.04637279959
000d7d20_4423,11738.04637279959
000d7d20_4424,11737.99120344559
000d7d20_4425,11738.04637279959
000d7d20_4426,11737.99120344559
000d7d20_4427,11738.04637279959
000d7d20_4428,11738.04637279959
000d7d20_4429,11737.99120344559
000d7d20_4430,11738.04637279959
000d7d20_4431,11737.99120344559
000d7d20_4432,11737.99120344559
000d7d20_4433,11737.99120344559
000d7d20_4434,11737.99120344559
000d7d20_4435,11737.99120344559
000d7d20_4436,11737.958330791345
000d7d20_4437,11737.958330791345
000d7d20_4438,11737.903161437347
000d7d20_4439,11737.903161437347
000d7d20_4440,11737.903161437347
000d7d20_4441,11737.903161437347
000d7d20_4442,11737.958330791345
000d7d20_4443,11737.696570718701
000d7d20_4444,11737.696570718701
000d7d20_4445,11737.97567950125
000d7d20_4446,11737.903161437347
000d7d20_4447,11737.97567950125
000d7d20_4448,11737.657077316046
000d7d20_4449,11737.903161437347
000d7d20_4450,11737.903161437347
000d7d20_4451,11738.083292089521
000d7d20_4452,11738.083292089521
000d7d20_4453,11738.155810153425
000d7d20_4454,11738.155810153425
000d7d20_4455,11738.083292089521
000d7d20_4456,11738.138461443521
000d7d20_4457,11738.014185295222
000d7d20_4458,11738.014185295222
000d7d20_4459,11737.76810117392
000d7d20_4460,11738.014185295222
000d7d20_4461,11738.06935464922
000d7d20_4462,11737.820559046577
000d7d20_4463,11738.014185295222
000d7d20_4464,11738.014185295222
000d7d20_4465,11738.014185295222
000d7d20_4466,11738.014185295222
000d7d20_4467,11738.06935464922
000d7d20_4468,11738.014185295222
000d7d20_4469,11738.06935464922
000d7d20_4470,11738.06935464922
000d7d20_4471,11738.06935464922
000d7d20_4472,11738.06935464922
000d7d20_4473,11738.014185295222
000d7d20_4474,11738.086703359126
000d7d20_4475,11738.014185295222
000d7d20_4476,11738.014185295222
000d7d20_4477,11738.06935464922
000d7d20_4478,11738.06935464922
000d7d20_4479,11738.06935464922
000d7d20_4480,11738.06935464922
000d7d20_4481,11738.213378565168
000d7d20_4482,11738.268547919168
000d7d20_4483,11738.268547919168
000d7d20_4484,11738.213378565168
000d7d20_4485,11738.213378565168
000d7d20_4486,11738.213378565168
000d7d20_4487,11738.268547919168
000d7d20_4488,11738.268547919168
000d7d20_4489,11738.213378565168
000d7d20_4490,11738.213378565168
000d7d20_4491,11738.268547919168
000d7d20_4492,11738.268547919168
000d7d20_4493,11738.213378565168
000d7d20_4494,11738.213378565168
000d7d20_4495,11738.268547919168
000d7d20_4496,11738.267811107304
000d7d20_4497,11738.322980461302
000d7d20_4498,11738.267811107304
000d7d20_4499,11738.267811107304
000d7d20_4500,11738.267811107304
000d7d20_4501,11738.322980461302
000d7d20_4502,11738.648345770327
000d7d20_4503,11738.671219212907
000d7d20_4504,11738.726388566905
000d7d20_4505,11738.671219212907
000d7d20_4506,11738.726388566905
000d7d20_4507,11738.671219212907
000d7d20_4508,11738.726388566905
000d7d20_4509,11738.671219212907
000d7d20_4510,11738.671219212907
000d7d20_4511,11738.671219212907
000d7d20_4512,11738.671219212907
000d7d20_4513,11738.726388566905
000d7d20_4514,11738.671219212907
000d7d20_4515,11738.671219212907
000d7d20_4516,11738.671219212907
000d7d20_4517,11738.726388566905
000d7d20_4518,11738.671219212907
000d7d20_4519,11738.726388566905
000d7d20_4520,11738.671219212907
000d7d20_4521,11738.671219212907
000d7d20_4522,11738.671219212907
000d7d20_4523,11738.726388566905
000d7d20_4524,11738.726388566905
000d7d20_4525,11738.671219212907
000d7d20_4526,11738.726388566905
000d7d20_4527,11738.671219212907
000d7d20_4528,11738.726388566905
000d7d20_4529,11738.671219212907
000d7d20_4530,11738.726388566905
000d7d20_4531,11738.726388566905
000d7d20_4532,11738.671219212907
000d7d20_4533,11738.726388566905
000d7d20_4534,11738.726388566905
000d7d20_4535,11738.726388566905
000d7d20_4536,11738.726388566905
000d7d20_4537,11738.671219212907
000d7d20_4538,11738.671219212907
000d7d20_4539,11738.671219212907
000d7d20_4540,11738.671219212907
000d7d20_4541,11738.671219212907
000d7d20_4542,11738.425135091604
000d7d20_4543,11738.671219212907
000d7d20_4544,11738.671219212907
000d7d20_4545,11738.726388566905
000d7d20_4546,11738.671219212907
000d7d20_4547,11739.008793075694
000d7d20_4548,11738.953623721696
000d7d20_4549,11738.953623721696
000d7d20_4550,11738.953623721696
000d7d20_4551,11738.891018780278
000d7d20_4552,11738.891018780278
000d7d20_4553,11738.891018780278
000d7d20_4554,11738.891018780278
000d7d20_4555,11738.891018780278
000d7d20_4556,11738.891018780278
000d7d20_4557,11738.891018780278
000d7d20_4558,11738.891018780278
000d7d20_4559,11738.891018780278
000d7d20_4560,11738.891018780278
000d7d20_4561,11738.891018780278
000d7d20_4562,11738.891018780278
000d7d20_4563,11738.891018780278
000d7d20_4564,11738.891018780278
000d7d20_4565,11738.891018780278
000d7d20_4566,11738.891018780278
000d7d20_4567,11738.891018780278
000d7d20_4568,11738.891018780278
000d7d20_4569,11738.963536844181
000d7d20_4570,11738.891018780278
000d7d20_4571,11738.644934658976
000d7d20_4572,11738.891018780278
000d7d20_4573,11738.891018780278
000d7d20_4574,11738.891018780278
000d7d20_4575,11738.891018780278
000d7d20_4576,11738.697392531632
000d7d20_4577,11738.644934658976
000d7d20_4578,11738.891018780278
000d7d20_4579,11738.963536844181
000d7d20_4580,11738.963536844181
000d7d20_4581,11738.891018780278
000d7d20_4582,11738.644934658976
000d7d20_4583,11738.891018780278
000d7d20_4584,11738.963536844181
000d7d20_4585,11738.963536844181
000d7d20_4586,11738.963536844181
000d7d20_4587,11738.644934658976
000d7d20_4588,11738.697392531632
000d7d20_4589,11738.891018780278
000d7d20_4590,11738.891018780278
000d7d20_4591,11738.973618789945
000d7d20_4592,11738.973618789945
000d7d20_4593,11738.973618789945
000d7d20_4594,11738.7799925413
000d7d20_4595,11738.973618789945
000d7d20_4596,11738.727534668644
000d7d20_4597,11738.973618789945
000d7d20_4598,11739.041252788073
000d7d20_4599,11738.973618789945
000d7d20_4600,11738.727534668644
000d7d20_4601,11738.974337680818
000d7d20_4602,11738.974337680818
000d7d20_4603,11739.041971678946
000d7d20_4604,11738.974337680818
000d7d20_4605,11739.041971678946
000d7d20_4606,11739.041971678946
000d7d20_4607,11739.041971678946
000d7d20_4608,11738.974337680818
000d7d20_4609,11738.974337680818
000d7d20_4610,11739.041971678946
000d7d20_4611,11738.974337680818
000d7d20_4612,11739.035174695602
000d7d20_4613,11739.046855744722
000d7d20_4614,11738.780711432173
000d7d20_4615,11738.974337680818
000d7d20_4616,11738.728253559515
000d7d20_4617,11739.2017864217
000d7d20_4618,11739.2017864217
000d7d20_4619,11738.883184236494
000d7d20_4620,11739.196902355925
000d7d20_4621,11739.150753817577
000d7d20_4622,11739.08311981945
000d7d20_4623,11739.150753817577
000d7d20_4624,11739.155637883354
000d7d20_4625,11738.837035698147
000d7d20_4626,11739.08311981945
000d7d20_4627,11739.08311981945
000d7d20_4628,11739.08311981945
000d7d20_4629,11738.889493570805
000d7d20_4630,11739.08311981945
000d7d20_4631,11738.479166177787
000d7d20_4632,11738.672792426432
000d7d20_4633,11738.672792426432
000d7d20_4634,11738.672792426432
000d7d20_4635,11738.672792426432
000d7d20_4636,11738.672792426432
000d7d20_4637,11738.672792426432
000d7d20_4638,11738.479166177787
000d7d20_4639,11738.464683232474
000d7d20_4640,11738.672792426432
000d7d20_4641,11738.672792426432
000d7d20_4642,11738.672792426432
000d7d20_4643,11738.745310490338
000d7d20_4644,11738.42670830513
000d7d20_4645,11738.672792426432
000d7d20_4646,11738.672792426432
000d7d20_4647,11738.446319546376
000d7d20_4648,11738.200235425074
000d7d20_4649,11738.25269329773
000d7d20_4650,11738.200235425074
000d7d20_4651,11738.51883761028
000d7d20_4652,11738.513953544505
000d7d20_4653,11738.239415406339
000d7d20_4654,11738.433041654984
000d7d20_4655,11738.433041654984
000d7d20_4656,11738.433041654984
000d7d20_4657,11738.433041654984
000d7d20_4658,11738.239415406339
000d7d20_4659,11738.239415406339
000d7d20_4660,11738.239415406339
000d7d20_4661,11738.433041654984
000d7d20_4662,11738.433041654984
000d7d20_4663,11738.433041654984
000d7d20_4664,11738.239415406339
000d7d20_4665,11738.433041654984
000d7d20_4666,11738.433041654984
000d7d20_4667,11738.433041654984
000d7d20_4668,11738.433041654984
000d7d20_4669,11738.433041654984
000d7d20_4670,11738.433041654984
000d7d20_4671,11738.433041654984
000d7d20_4672,11738.433041654984
000d7d20_4673,11738.433041654984
000d7d20_4674,11738.433041654984
000d7d20_4675,11738.433041654984
000d7d20_4676,11738.454739596642
000d7d20_4677,11738.454739596642
000d7d20_4678,11738.454739596642
000d7d20_4679,11738.454739596642
000d7d20_4680,11738.454739596642
000d7d20_4681,11738.454739596642
000d7d20_4682,11738.586022535887
000d7d20_4683,11738.454739596642
000d7d20_4684,11738.454739596642
000d7d20_4685,11738.454739596642
000d7d20_4686,11738.454739596642
000d7d20_4687,11738.454739596642
000d7d20_4688,11738.094120539727
000d7d20_4689,11738.454739596642
000d7d20_4690,11738.454739596642
000d7d20_4691,11738.454739596642
000d7d20_4692,11738.454739596642
000d7d20_4693,11738.354290150108
000d7d20_4694,11738.354290150108
000d7d20_4695,11738.354290150108
000d7d20_4696,11738.354290150108
000d7d20_4697,11738.354290150108
000d7d20_4698,11738.3122732784
000d7d20_4699,11738.354290150108
000d7d20_4700,11738.354290150108
000d7d20_4701,11738.354290150108
000d7d20_4702,11738.318440631387
000d7d20_4703,11738.046128965849
000d7d20_4704,11738.354290150108
000d7d20_4705,11738.354290150108
000d7d20_4706,11738.308377341506
000d7d20_4707,11738.308377341506
000d7d20_4708,11738.313261407282
000d7d20_4709,11738.35527827899
000d7d20_4710,11738.308377341506
000d7d20_4711,11738.35527827899
000d7d20_4712,11738.308377341506
000d7d20_4713,11738.308377341506
000d7d20_4714,11738.308377341506
000d7d20_4715,11738.308377341506
000d7d20_4716,11738.35527827899
000d7d20_4717,11738.35527827899
000d7d20_4718,11738.308377341506
000d7d20_4719,11738.35527827899
000d7d20_4720,11738.35527827899
000d7d20_4721,11738.35527827899
000d7d20_4722,11738.35527827899
000d7d20_4723,11738.35527827899
000d7d20_4724,11738.35527827899
000d7d20_4725,11738.35527827899
000d7d20_4726,11738.35527827899
000d7d20_4727,11738.390992131202
000d7d20_4728,11738.390992131202
000d7d20_4729,11738.390992131202
000d7d20_4730,11738.344091193718
000d7d20_4731,11738.344091193718
000d7d20_4732,11738.344091193718
000d7d20_4733,11738.344091193718
000d7d20_4734,11738.344091193718
000d7d20_4735,11738.344091193718
000d7d20_4736,11738.373833008161
000d7d20_4737,11738.373833008161
000d7d20_4738,11738.373833008161
000d7d20_4739,11738.353220712139
000d7d20_4740,11738.373833008161
000d7d20_4741,11738.373833008161
000d7d20_4742,11738.373833008161
000d7d20_4743,11738.373833008161
000d7d20_4744,11738.373833008161
000d7d20_4745,11738.373833008161
000d7d20_4746,11738.373833008161
000d7d20_4747,11738.373833008161
000d7d20_4748,11738.373833008161
000d7d20_4749,11738.353220712139
000d7d20_4750,11738.373833008161
000d7d20_4751,11738.373833008161
000d7d20_4752,11738.353220712139
000d7d20_4753,11738.353220712139
000d7d20_4754,11738.373833008161
000d7d20_4755,11738.353220712139
000d7d20_4756,11738.353220712139
000d7d20_4757,11738.373833008161
000d7d20_4758,11738.373833008161
000d7d20_4759,11738.373833008161
000d7d20_4760,11738.183055781146
000d7d20_4761,11738.048051489817
000d7d20_4762,11738.250569014654
000d7d20_4763,11738.250569014654
000d7d20_4764,11738.250569014654
000d7d20_4765,11738.183055781146
000d7d20_4766,11738.203668077169
000d7d20_4767,11738.233045681278
000d7d20_4768,11738.16553244777
000d7d20_4769,11738.233045681278
000d7d20_4770,11738.333495127812
000d7d20_4771,11738.333495127812
000d7d20_4772,11738.333495127812
000d7d20_4773,11738.333495127812
000d7d20_4774,11738.286594190327
000d7d20_4775,11738.333495127812
000d7d20_4776,11738.286594190327
000d7d20_4777,11738.265981894305
000d7d20_4778,11738.333495127812
000d7d20_4779,11738.333495127812
000d7d20_4780,11738.286594190327
000d7d20_4781,11738.259504694002
000d7d20_4782,11738.259504694002
000d7d20_4783,11738.336107281406
000d7d20_4784,11738.38300821889
000d7d20_4785,11738.336107281406
000d7d20_4786,11738.38300821889
000d7d20_4787,11738.38300821889
000d7d20_4788,11738.336107281406
000d7d20_4789,11738.38300821889
000d7d20_4790,11738.336107281406
000d7d20_4791,11738.336107281406
000d7d20_4792,11738.38300821889
000d7d20_4793,11738.38300821889
000d7d20_4794,11738.38300821889
000d7d20_4795,11738.336107281406
000d7d20_4796,11738.38300821889
000d7d20_4797,11738.38300821889
000d7d20_4798,11738.315494985383
000d7d20_4799,11738.38300821889
000d7d20_4800,11738.336107281406
000d7d20_4801,11738.336107281406
000d7d20_4802,11738.38300821889
000d7d20_4803,11738.336107281406
000d7d20_4804,11738.336107281406
000d7d20_4805,11738.38300821889
000d7d20_4806,11738.38300821889
000d7d20_4807,11738.38300821889
000d7d20_4808,11738.38300821889
000d7d20_4809,11738.38300821889
000d7d20_4810,11738.259559155109
000d7d20_4811,11738.259559155109
000d7d20_4812,11738.38300821889
000d7d20_4813,11738.259559155109
000d7d20_4814,11738.259559155109
000d7d20_4815,11738.022389161975
000d7d20_4816,11738.38300821889
000d7d20_4817,11738.38300821889
000d7d20_4818,11738.259559155109
000d7d20_4819,11738.38300821889
000d7d20_4820,11738.38300821889
000d7d20_4821,11738.38300821889
000d7d20_4822,11738.38300821889
000d7d20_4823,11738.30604780482
000d7d20_4824,11738.348064676527
000d7d20_4825,11738.224615612746
000d7d20_4826,11738.224615612746
000d7d20_4827,11738.348064676527
000d7d20_4828,11738.537032165445
000d7d20_4829,11738.395928929676
000d7d20_4830,11738.395928929676
000d7d20_4831,11738.395928929676
000d7d20_4832,11738.395928929676
000d7d20_4833,11738.395928929676
000d7d20_4834,11738.272479865896
000d7d20_4835,11738.395928929676
000d7d20_4836,11738.272479865896
000d7d20_4837,11738.272479865896
000d7d20_4838,11738.395928929676
000d7d20_4839,11738.272479865896
000d7d20_4840,11738.272479865896
000d7d20_4841,11738.395928929676
000d7d20_4842,11738.272479865896
000d7d20_4843,11738.395928929676
000d7d20_4844,11738.395928929676
000d7d20_4845,11738.251867569874
000d7d20_4846,11738.395928929676
000d7d20_4847,11738.13781906895
000d7d20_4848,11738.014370005169
000d7d20_4849,11738.014370005169
000d7d20_4850,11738.13781906895
000d7d20_4851,11738.014370005169
000d7d20_4852,11738.014370005169
000d7d20_4853,11738.014370005169
000d7d20_4854,11738.014370005169
000d7d20_4855,11738.13781906895
000d7d20_4856,11738.014370005169
000d7d20_4857,11738.014370005169
000d7d20_4858,11738.13781906895
000d7d20_4859,11738.13781906895
000d7d20_4860,11737.858753417817
000d7d20_4861,11738.13781906895
000d7d20_4862,11737.993757709146
000d7d20_4863,11737.993757709146
000d7d20_4864,11738.13781906895
000d7d20_4865,11738.014370005169
000d7d20_4866,11738.13781906895
000d7d20_4867,11737.993757709146
000d7d20_4868,11738.13781906895
000d7d20_4869,11737.993757709146
000d7d20_4870,11738.014370005169
000d7d20_4871,11738.014370005169
000d7d20_4872,11738.13781906895
000d7d20_4873,11738.014370005169
000d7d20_4874,11738.014370005169
000d7d20_4875,11738.13781906895
000d7d20_4876,11738.13781906895
000d7d20_4877,11738.13781906895
000d7d20_4878,11738.014370005169
000d7d20_4879,11738.13781906895
000d7d20_4880,11738.13781906895
000d7d20_4881,11738.13781906895
000d7d20_4882,11738.13781906895
000d7d20_4883,11738.014370005169
000d7d20_4884,11737.993757709146
000d7d20_4885,11738.041650790106
000d7d20_4886,11737.987882477622
000d7d20_4887,11737.987882477622
000d7d20_4888,11737.9672701816
000d7d20_4889,11737.9672701816
000d7d20_4890,11738.041650790106
000d7d20_4891,11738.041650790106
000d7d20_4892,11738.041650790106
000d7d20_4893,11738.041650790106
000d7d20_4894,11738.041650790106
000d7d20_4895,11737.97680381985
000d7d20_4896,11737.902423211344
000d7d20_4897,11737.923035507365
000d7d20_4898,11737.97680381985
000d7d20_4899,11737.97680381985
000d7d20_4900,11737.97680381985
000d7d20_4901,11737.767418920013
000d7d20_4902,11737.97680381985
000d7d20_4903,11737.755349412493
000d7d20_4904,11737.97680381985
000d7d20_4905,11737.97680381985
000d7d20_4906,11738.186683970873
000d7d20_4907,11738.186683970873
000d7d20_4908,11738.186683970873
000d7d20_4909,11738.396068870708
000d7d20_4910,11738.321688262202
000d7d20_4911,11738.396068870708
000d7d20_4912,11738.396068870708
000d7d20_4913,11738.396068870708
000d7d20_4914,11738.396068870708
000d7d20_4915,11738.342300558224
000d7d20_4916,11738.396068870708
000d7d20_4917,11738.342300558224
000d7d20_4918,11738.396068870708
000d7d20_4919,11738.396068870708
000d7d20_4920,11738.342300558224
000d7d20_4921,11738.342300558224
000d7d20_4922,11738.321688262202
000d7d20_4923,11738.396068870708
000d7d20_4924,11738.396068870708
000d7d20_4925,11738.396068870708
000d7d20_4926,11738.321688262202
000d7d20_4927,11738.321688262202
000d7d20_4928,11738.396068870708
000d7d20_4929,11738.321688262202
000d7d20_4930,11738.396068870708
000d7d20_4931,11738.396068870708
000d7d20_4932,11738.186683970873
000d7d20_4933,11738.321688262202
000d7d20_4934,11738.396068870708
000d7d20_4935,11738.321688262202
000d7d20_4936,11738.396068870708
000d7d20_4937,11738.186683970873
000d7d20_4938,11738.396068870708
000d7d20_4939,11738.321688262202
000d7d20_4940,11738.396068870708
000d7d20_4941,11738.396068870708
000d7d20_4942,11738.396068870708
000d7d20_4943,11738.186683970873
000d7d20_4944,11738.396068870708
000d7d20_4945,11738.321688262202
000d7d20_4946,11738.396068870708
000d7d20_4947,11738.186683970873
000d7d20_4948,11738.396068870708
000d7d20_4949,11738.396068870708
000d7d20_4950,11738.396068870708
000d7d20_4951,11738.342300558224
000d7d20_4952,11738.396068870708
000d7d20_4953,11738.342300558224
000d7d20_4954,11738.321688262202
000d7d20_4955,11738.342300558224
000d7d20_4956,11738.342300558224
000d7d20_4957,11738.186683970873
000d7d20_4958,11738.321688262202
000d7d20_4959,11738.342300558224
000d7d20_4960,11738.852556578258
000d7d20_4961,11738.798788265774
000d7d20_4962,11738.798788265774
000d7d20_4963,11738.798788265774
000d7d20_4964,11738.852556578258
000d7d20_4965,11738.798788265774
000d7d20_4966,11738.798788265774
000d7d20_4967,11738.798788265774
000d7d20_4968,11738.852556578258
000d7d20_4969,11738.798788265774
000d7d20_4970,11738.852556578258
000d7d20_4971,11738.798788265774
000d7d20_4972,11738.798788265774
000d7d20_4973,11738.798788265774
000d7d20_4974,11738.852556578258
000d7d20_4975,11738.7607362248
000d7d20_4976,11738.7607362248
000d7d20_4977,11738.7607362248
000d7d20_4978,11738.814504537284
000d7d20_4979,11738.7607362248
000d7d20_4980,11738.7607362248
000d7d20_4981,11738.7607362248
000d7d20_4982,11738.814504537284
000d7d20_4983,11738.7607362248
000d7d20_4984,11738.7607362248
000d7d20_4985,11738.7607362248
000d7d20_4986,11738.7607362248
000d7d20_4987,11738.7607362248
000d7d20_4988,11738.7607362248
000d7d20_4989,11738.7607362248
000d7d20_4990,11738.7607362248
000d7d20_4991,11738.7607362248
000d7d20_4992,11738.7607362248
000d7d20_4993,11738.7607362248
000d7d20_4994,11738.7607362248
000d7d20_4995,11739.056306728433
000d7d20_4996,11739.110075040917
000d7d20_4997,11739.056306728433
000d7d20_4998,11739.056306728433
000d7d20_4999,11739.056306728433
000d7d20_5000,11739.110075040917
000d7d20_5001,11739.056306728433
000d7d20_5002,11739.110075040917
000d7d20_5003,11739.056306728433
000d7d20_5004,11738.8191367353
000d7d20_5005,11739.137738920504
000d7d20_5006,11739.056306728433
000d7d20_5007,11739.110075040917
000d7d20_5008,11739.110075040917
000d7d20_5009,11739.110075040917
000d7d20_5010,11739.110075040917
000d7d20_5011,11739.110075040917
000d7d20_5012,11739.110075040917
000d7d20_5013,11739.110075040917
000d7d20_5014,11739.110075040917
000d7d20_5015,11739.110075040917
000d7d20_5016,11739.115397228126
000d7d20_5017,11739.110075040917
000d7d20_5018,11739.110075040917
000d7d20_5019,11739.110075040917
000d7d20_5020,11739.110075040917
000d7d20_5021,11739.115397228126
000d7d20_5022,11739.110075040917
000d7d20_5023,11739.110075040917
000d7d20_5024,11739.110075040917
000d7d20_5025,11739.110075040917
000d7d20_5026,11739.110075040917
000d7d20_5027,11739.115397228126
000d7d20_5028,11739.110075040917
000d7d20_5029,11739.110075040917
000d7d20_5030,11739.110075040917
000d7d20_5031,11739.110075040917
000d7d20_5032,11739.110075040917
000d7d20_5033,11739.110075040917
000d7d20_5034,11739.110075040917
000d7d20_5035,11739.030971315124
000d7d20_5036,11739.839007216147
000d7d20_5037,11739.839007216147
000d7d20_5038,11739.839007216147
000d7d20_5039,11739.866671095735
000d7d20_5040,11739.839007216147
000d7d20_5041,11739.839007216147
000d7d20_5042,11739.839007216147
000d7d20_5043,11739.839007216147
000d7d20_5044,11739.839007216147
000d7d20_5045,11739.839007216147
000d7d20_5046,11739.839007216147
000d7d20_5047,11739.841058025208
000d7d20_5048,11739.53289684095
000d7d20_5049,11739.868721904795
000d7d20_5050,11739.736598538122
000d7d20_5051,11739.708934658534
000d7d20_5052,11739.708934658534
000d7d20_5053,11739.400773474275
000d7d20_5054,11739.736598538122
000d7d20_5055,11739.65516634605
000d7d20_5056,11739.65516634605
000d7d20_5057,11739.65516634605
000d7d20_5058,11739.65516634605
000d7d20_5059,11739.65516634605
000d7d20_5060,11739.65516634605
000d7d20_5061,11739.708934658534
000d7d20_5062,11739.736598538122
000d7d20_5063,11739.708934658534
000d7d20_5064,11739.708934658534
000d7d20_5065,11739.708934658534
000d7d20_5066,11739.65516634605
000d7d20_5067,11739.65516634605
000d7d20_5068,11739.708934658534
000d7d20_5069,11739.708934658534
000d7d20_5070,11739.708934658534
000d7d20_5071,11739.704386870793
000d7d20_5072,11739.396225686534
000d7d20_5073,11739.381742741221
000d7d20_5074,11739.413448565176
000d7d20_5075,11739.704386870793
000d7d20_5076,11739.668537352072
000d7d20_5077,11739.704386870793
000d7d20_5078,11739.704386870793
000d7d20_5079,11739.704386870793
000d7d20_5080,11739.709709058003
000d7d20_5081,11739.704386870793
000d7d20_5082,11739.712671109077
000d7d20_5083,11739.712671109077
000d7d20_5084,11739.712671109077
000d7d20_5085,11739.712671109077
000d7d20_5086,11739.712671109077
000d7d20_5087,11739.712671109077
000d7d20_5088,11739.712671109077
000d7d20_5089,11739.712671109077
000d7d20_5090,11739.857967329252
000d7d20_5091,11739.712671109077
000d7d20_5092,11739.717993296286
000d7d20_5093,11739.843954048321
000d7d20_5094,11739.857967329252
000d7d20_5095,11739.68726540871
000d7d20_5096,11739.725920553383
000d7d20_5097,11739.832561628884
000d7d20_5098,11739.832561628884
000d7d20_5099,11739.68726540871
000d7d20_5100,11739.68726540871
000d7d20_5101,11739.68726540871
000d7d20_5102,11739.379104224452
000d7d20_5103,11739.396327103092
000d7d20_5104,11739.692587595919
000d7d20_5105,11739.68726540871
000d7d20_5106,11739.68726540871
000d7d20_5107,11739.68726540871
000d7d20_5108,11739.68726540871
000d7d20_5109,11739.68726540871
000d7d20_5110,11739.68726540871
000d7d20_5111,11739.68726540871
000d7d20_5112,11739.68726540871
000d7d20_5113,11739.396327103092
000d7d20_5114,11739.68726540871
000d7d20_5115,11739.68726540871
000d7d20_5116,11739.68726540871
000d7d20_5117,11739.725920553383
000d7d20_5118,11739.832561628884
000d7d20_5119,11739.68726540871
000d7d20_5120,11739.68726540871
000d7d20_5121,11739.379104224452
000d7d20_5122,11739.186344641355
000d7d20_5123,11739.423514634489
000d7d20_5124,11739.504946826562
000d7d20_5125,11739.477282946973
000d7d20_5126,11739.477282946973
000d7d20_5127,11739.169121762716
000d7d20_5128,11739.504946826562
000d7d20_5129,11739.423514634489
000d7d20_5130,11739.477282946973
000d7d20_5131,11739.423514634489
000d7d20_5132,11739.423514634489
000d7d20_5133,11739.423514634489
000d7d20_5134,11739.423514634489
000d7d20_5135,11739.423514634489
000d7d20_5136,11739.477282946973
000d7d20_5137,11739.423514634489
000d7d20_5138,11739.504946826562
000d7d20_5139,11739.423514634489
000d7d20_5140,11739.423514634489
000d7d20_5141,11739.477282946973
000d7d20_5142,11739.423514634489
000d7d20_5143,11739.477282946973
000d7d20_5144,11739.423514634489
000d7d20_5145,11739.423514634489
000d7d20_5146,11739.477282946973
000d7d20_5147,11739.477282946973
000d7d20_5148,11739.477282946973
000d7d20_5149,11739.477282946973
000d7d20_5150,11739.423514634489
000d7d20_5151,11739.504946826562
000d7d20_5152,11739.477282946973
000d7d20_5153,11739.186344641355
000d7d20_5154,11739.169121762716
000d7d20_5155,11739.186344641355
000d7d20_5156,11739.504946826562
000d7d20_5157,11739.423514634489
000d7d20_5158,11739.423514634489
000d7d20_5159,11739.504946826562
000d7d20_5160,11739.186344641355
000d7d20_5161,11739.477282946973
000d7d20_5162,11739.423514634489
000d7d20_5163,11739.423514634489
000d7d20_5164,11739.504946826562
000d7d20_5165,11739.169121762716
000d7d20_5166,11739.477282946973
000d7d20_5167,11739.186344641355
000d7d20_5168,11739.423514634489
000d7d20_5169,11739.423514634489
000d7d20_5170,11739.423514634489
000d7d20_5171,11739.477282946973
000d7d20_5172,11739.477282946973
000d7d20_5173,11739.423514634489
000d7d20_5174,11739.423514634489
000d7d20_5175,11739.423514634489
000d7d20_5176,11739.423514634489
000d7d20_5177,11739.477282946973
000d7d20_5178,11739.477282946973
000d7d20_5179,11739.477282946973
000d7d20_5180,11739.186344641355
000d7d20_5181,11739.504946826562
000d7d20_5182,11739.504946826562
000d7d20_5183,11739.477282946973
000d7d20_5184,11739.477282946973
000d7d20_5185,11739.186344641355
000d7d20_5186,11739.169121762716
000d7d20_5187,11739.423514634489
000d7d20_5188,11739.423514634489
000d7d20_5189,11739.169121762716
000d7d20_5190,11739.186344641355
000d7d20_5191,11739.423514634489
000d7d20_5192,11739.504946826562
000d7d20_5193,11739.186344641355
000d7d20_5194,11739.477282946973
000d7d20_5195,11739.423514634489
000d7d20_5196,11739.423514634489
000d7d20_5197,11739.477282946973
000d7d20_5198,11739.423514634489
000d7d20_5199,11739.511835685958
000d7d20_5200,11739.565603998442
000d7d20_5201,11739.565603998442
000d7d20_5202,11739.565603998442
000d7d20_5203,11739.511835685958
000d7d20_5204,11739.565603998442
000d7d20_5205,11739.511835685958
000d7d20_5206,11739.565603998442
000d7d20_5207,11739.59326787803
000d7d20_5208,11739.565603998442
000d7d20_5209,11739.511835685958
000d7d20_5210,11739.565603998442
000d7d20_5211,11739.565603998442
000d7d20_5212,11739.511835685958
000d7d20_5213,11739.511835685958
000d7d20_5214,11739.565603998442
000d7d20_5215,11739.59326787803
000d7d20_5216,11739.565603998442
000d7d20_5217,11739.257442814185
000d7d20_5218,11739.24295986887
000d7d20_5219,11739.274665692825
000d7d20_5220,11739.565603998442
000d7d20_5221,11739.257442814185
000d7d20_5222,11739.565603998442
000d7d20_5223,11739.59326787803
000d7d20_5224,11739.708184455942
000d7d20_5225,11740.0163456402
000d7d20_5226,11740.0163456402
000d7d20_5227,11740.0163456402
000d7d20_5228,11740.044009519788
000d7d20_5229,11740.0163456402
000d7d20_5230,11740.044009519788
000d7d20_5231,11739.725407334583
000d7d20_5232,11739.962577327715
000d7d20_5233,11739.880356240334
000d7d20_5234,11739.643186247202
000d7d20_5235,11739.93412455282
000d7d20_5236,11739.880356240334
000d7d20_5237,11739.880356240334
000d7d20_5238,11739.62596336856
000d7d20_5239,11739.93412455282
000d7d20_5240,11739.93412455282
000d7d20_5241,11739.93412455282
000d7d20_5242,11739.93412455282
000d7d20_5243,11739.643186247202
000d7d20_5244,11739.961788432407
000d7d20_5245,11739.961788432407
000d7d20_5246,11739.961788432407
000d7d20_5247,11739.643186247202
000d7d20_5248,11739.93412455282
000d7d20_5249,11739.93412455282
000d7d20_5250,11739.93412455282
000d7d20_5251,11739.643186247202
000d7d20_5252,11739.880356240334
000d7d20_5253,11739.93412455282
000d7d20_5254,11739.880356240334
000d7d20_5255,11739.62596336856
000d7d20_5256,11739.93412455282
000d7d20_5257,11739.93412455282
000d7d20_5258,11739.961788432407
000d7d20_5259,11739.643186247202
000d7d20_5260,11739.62596336856
000d7d20_5261,11739.93412455282
000d7d20_5262,11739.961788432407
000d7d20_5263,11739.880356240334
000d7d20_5264,11739.93412455282
000d7d20_5265,11739.643186247202
000d7d20_5266,11739.93412455282
000d7d20_5267,11739.93412455282
000d7d20_5268,11739.93412455282
000d7d20_5269,11739.880356240334
000d7d20_5270,11739.93412455282
000d7d20_5271,11739.880356240334
000d7d20_5272,11739.961788432407
000d7d20_5273,11739.880356240334
000d7d20_5274,11739.880356240334
000d7d20_5275,11739.880356240334
000d7d20_5276,11739.93412455282
000d7d20_5277,11739.880356240334
00bbac68_1545,12225.050351094347
00bbac68_1546,12225.249118697904
00bbac68_1547,12225.17798124215
00bbac68_1548,12225.290317938912
00bbac68_1549,12225.13287960095
00bbac68_1550,12225.004635493464
00bbac68_1551,12225.050351094347
00bbac68_1552,12224.81104109481
00bbac68_1553,12225.063831043155
00bbac68_1554,12224.979213638593
00bbac68_1555,12225.050351094347
00bbac68_1556,12225.042937070086
00bbac68_1557,12225.050351094347
00bbac68_1558,12224.936589932177
00bbac68_1559,12225.047772228416
00bbac68_1560,12225.047772228416
00bbac68_1561,12225.050351094347
00bbac68_1562,12225.047772228416
00bbac68_1563,12225.047772228416
00bbac68_1564,12224.936589932177
00bbac68_1565,12225.047772228416
00bbac68_1566,12225.047772228416
00bbac68_1567,12225.047772228416
00bbac68_1568,12224.99249098513
00bbac68_1569,12224.999905009392
00bbac68_1570,12224.999905009392
00bbac68_1571,12224.999905009392
00bbac68_1572,12224.871660901908
00bbac68_1573,12225.0133849582
00bbac68_1574,12224.99732614346
00bbac68_1575,12224.999905009392
00bbac68_1576,12224.760595009855
00bbac68_1577,12224.673741653936
00bbac68_1578,12224.886143847221
00bbac68_1579,12224.886143847221
00bbac68_1580,12224.886143847221
00bbac68_1581,12224.928767553638
00bbac68_1582,12224.999905009392
00bbac68_1583,12224.99732614346
00bbac68_1584,12224.994148819384
00bbac68_1585,12224.994148819384
00bbac68_1586,12224.92559022956
00bbac68_1587,12224.882966523144
00bbac68_1588,12224.757417685778
00bbac68_1589,12224.757417685778
00bbac68_1590,12224.67056432986
00bbac68_1591,12224.67056432986
00bbac68_1592,12224.67056432986
00bbac68_1593,12224.67056432986
00bbac68_1594,12224.67056432986
00bbac68_1595,12224.67056432986
00bbac68_1596,12224.757417685778
00bbac68_1597,12224.693899377822
00bbac68_1598,12224.867533200884
00bbac68_1599,12224.954386556803
00bbac68_1600,12224.867533200884
00bbac68_1601,12224.867533200884
00bbac68_1602,12225.07993539417
00bbac68_1603,12225.07993539417
00bbac68_1604,12225.122559100586
00bbac68_1605,12224.954386556803
00bbac68_1606,12224.867533200884
00bbac68_1607,12224.867533200884
00bbac68_1608,12224.954386556803
00bbac68_1609,12224.867533200884
00bbac68_1610,12224.867533200884
00bbac68_1611,12224.867533200884
00bbac68_1612,12224.867533200884
00bbac68_1613,12224.880420484013
00bbac68_1614,12225.08071055879
00bbac68_1615,12225.08071055879
00bbac68_1616,12225.08071055879
00bbac68_1617,12224.872855388094
00bbac68_1618,12224.867533200884
00bbac68_1619,12224.867533200884
00bbac68_1620,12225.018466156429
00bbac68_1621,12225.018466156429
00bbac68_1622,12225.0930675222
00bbac68_1623,12225.0930675222
00bbac68_1624,12225.0930675222
00bbac68_1625,12225.0930675222
00bbac68_1626,12225.0930675222
00bbac68_1627,12225.0930675222
00bbac68_1628,12225.305469715486
00bbac68_1629,12225.348093421902
00bbac68_1630,12225.305469715486
00bbac68_1631,12225.0930675222
00bbac68_1632,12225.348093421902
00bbac68_1633,12225.416652011725
00bbac68_1634,12225.305469715486
00bbac68_1635,12225.0930675222
00bbac68_1636,12225.0930675222
00bbac68_1637,12225.348093421902
00bbac68_1638,12225.419230877656
00bbac68_1639,12225.305469715486
00bbac68_1640,12225.290986770171
00bbac68_1641,12225.305469715486
00bbac68_1642,12225.416652011725
00bbac68_1643,12225.66629699341
00bbac68_1644,12225.66629699341
00bbac68_1645,12225.429565859804
00bbac68_1646,12225.586266274851
00bbac68_1647,12225.654824864674
00bbac68_1648,12225.654824864674
00bbac68_1649,12225.654824864674
00bbac68_1650,12225.657403730604
00bbac68_1651,12225.544417733056
00bbac68_1652,12225.517993326011
00bbac68_1653,12225.654824864674
00bbac68_1654,12225.654824864674
00bbac68_1655,12225.654824864674
00bbac68_1656,12225.654824864674
00bbac68_1657,12225.654824864674
00bbac68_1658,12225.657403730604
00bbac68_1659,12225.418093731068
00bbac68_1660,12225.543642568433
00bbac68_1661,12225.33124037515
00bbac68_1662,12225.418093731068
00bbac68_1663,12225.418093731068
00bbac68_1664,12225.586266274851
00bbac68_1665,12225.657403730604
00bbac68_1666,12225.654824864674
00bbac68_1667,12225.726040012309
00bbac68_1668,12225.726040012309
00bbac68_1669,12225.965350011846
00bbac68_1670,12226.136341713156
00bbac68_1671,12226.220959117716
00bbac68_1672,12226.20747916891
00bbac68_1673,12226.204900302979
00bbac68_1674,12226.20747916891
00bbac68_1675,12225.881315813454
00bbac68_1676,12226.09371800674
00bbac68_1677,12226.204900302979
00bbac68_1678,12226.204900302979
00bbac68_1679,12226.204900302979
00bbac68_1680,12226.09371800674
00bbac68_1681,12225.881315813454
00bbac68_1682,12225.968169169373
00bbac68_1683,12225.968169169373
00bbac68_1684,12225.881315813454
00bbac68_1685,12225.881315813454
00bbac68_1686,12225.881315813454
00bbac68_1687,12225.881315813454
00bbac68_1688,12225.881315813454
00bbac68_1689,12225.881315813454
00bbac68_1690,12225.968169169373
00bbac68_1691,12226.555864573187
00bbac68_1692,12226.469011217268
00bbac68_1693,12226.469011217268
00bbac68_1694,12226.661733236335
00bbac68_1695,12226.748586592254
00bbac68_1696,12226.87413542962
00bbac68_1697,12226.661733236335
00bbac68_1698,12226.661733236335
00bbac68_1699,12226.674620519463
00bbac68_1700,12226.820769164024
00bbac68_1701,12226.661733236335
00bbac68_1702,12226.661733236335
00bbac68_1703,12226.661733236335
00bbac68_1704,12226.661733236335
00bbac68_1705,12226.661733236335
00bbac68_1706,12226.820769164024
00bbac68_1707,12226.820769164024
00bbac68_1708,12226.661733236335
00bbac68_1709,12226.661733236335
00bbac68_1710,12226.748586592254
00bbac68_1711,12226.748586592254
00bbac68_1712,12226.661733236335
00bbac68_1713,12226.661733236335
00bbac68_1714,12226.674620519463
00bbac68_1715,12226.661733236335
00bbac68_1716,12227.16868839419
00bbac68_1717,12226.956286200904
00bbac68_1718,12227.200453715424
00bbac68_1719,12227.274419788215
00bbac68_1720,12227.399968625581
00bbac68_1721,12227.442592331998
00bbac68_1722,12227.513729787752
00bbac68_1723,12227.513729787752
00bbac68_1724,12227.399968625581
00bbac68_1725,12227.187566432296
00bbac68_1726,12227.187566432296
00bbac68_1727,12227.274419788215
00bbac68_1728,12227.513729787752
00bbac68_1729,12227.274419788215
00bbac68_1730,12227.274419788215
00bbac68_1731,12227.274419788215
00bbac68_1732,12227.274419788215
00bbac68_1733,12227.187566432296
00bbac68_1734,12227.274419788215
00bbac68_1735,12227.274419788215
00bbac68_1736,12227.274419788215
00bbac68_1737,12227.346602359985
00bbac68_1738,12227.187566432296
00bbac68_1739,12227.720420885707
00bbac68_1740,12227.720420885707
00bbac68_1741,12227.895125591616
00bbac68_1742,12227.983301914319
00bbac68_1743,12227.914743324494
00bbac68_1744,12227.746570780711
00bbac68_1745,12227.659717424795
00bbac68_1746,12227.746570780711
00bbac68_1747,12227.872119618078
00bbac68_1748,12227.746570780711
00bbac68_1749,12227.659717424795
00bbac68_1750,12227.746570780711
00bbac68_1751,12227.659717424795
00bbac68_1752,12227.746570780711
00bbac68_1753,12227.746570780711
00bbac68_1754,12227.659717424795
00bbac68_1755,12227.659717424795
00bbac68_1756,12227.659717424795
00bbac68_1757,12227.659717424795
00bbac68_1758,12227.872119618078
00bbac68_1759,12227.659717424795
00bbac68_1760,12227.659717424795
00bbac68_1761,12227.659717424795
00bbac68_1762,12227.659717424795
00bbac68_1763,12228.204656213582
00bbac68_1764,12228.117802857665
00bbac68_1765,12228.117802857665
00bbac68_1766,12228.756232037096
00bbac68_1767,12228.756232037096
00bbac68_1768,12228.51950090349
00bbac68_1769,12228.645049740857
00bbac68_1770,12228.432647547572
00bbac68_1771,12228.432647547572
00bbac68_1772,12228.432647547572
00bbac68_1773,12228.432647547572
00bbac68_1774,12228.51950090349
00bbac68_1775,12228.432647547572
00bbac68_1776,12228.432647547572
00bbac68_1777,12228.432647547572
00bbac68_1778,12228.432647547572
00bbac68_1779,12228.432647547572
00bbac68_1780,12228.432647547572
00bbac68_1781,12228.484093069832
00bbac68_1782,12228.33179558505
00bbac68_1783,12228.299404929461
00bbac68_1784,12228.216826262293
00bbac68_1785,12228.216826262293
00bbac68_1786,12228.216826262293
00bbac68_1787,12228.160560167484
00bbac68_1788,12228.160560167484
00bbac68_1789,12228.160560167484
00bbac68_1790,12228.69385148234
00bbac68_1791,12228.69385148234
00bbac68_1792,12228.69385148234
00bbac68_1793,12228.606998126423
00bbac68_1794,12228.606998126423
00bbac68_1795,12228.69385148234
00bbac68_1796,12228.72196744918
00bbac68_1797,12228.689576793591
00bbac68_1798,12228.69385148234
00bbac68_1799,12228.69385148234
00bbac68_1800,12228.69385148234
00bbac68_1801,12228.69385148234
00bbac68_1802,12228.606998126423
00bbac68_1803,12228.606998126423
00bbac68_1804,12228.606998126423
00bbac68_1805,12228.528516392278
00bbac68_1806,12228.528516392278
00bbac68_1807,12228.528516392278
00bbac68_1808,12228.615369748197
00bbac68_1809,12228.615369748197
00bbac68_1810,12228.615369748197
00bbac68_1811,12228.528516392278
00bbac68_1812,12228.576406419947
00bbac68_1813,12228.576406419947
00bbac68_1814,12228.553314535795
00bbac68_1815,12228.553314535795
00bbac68_1816,12228.553314535795
00bbac68_1817,12228.553314535795
00bbac68_1818,12228.553314535795
00bbac68_1819,12228.553314535795
00bbac68_1820,12228.553314535795
00bbac68_1821,12228.76571672908
00bbac68_1822,12228.87947789125
00bbac68_1823,12228.640167891714
00bbac68_1824,12228.640167891714
00bbac68_1825,12228.640167891714
00bbac68_1826,12228.553314535795
00bbac68_1827,12228.570010320258
00bbac68_1828,12228.570010320258
00bbac68_1829,12228.570010320258
00bbac68_1830,12228.656863676177
00bbac68_1831,12228.656863676177
00bbac68_1832,12228.582897603384
00bbac68_1833,12228.570010320258
00bbac68_1834,12228.570010320258
00bbac68_1835,12228.560465002784
00bbac68_1836,12228.560465002784
00bbac68_1837,12228.647318358702
00bbac68_1838,12228.969699371479
00bbac68_1839,12228.985758186216
00bbac68_1840,12228.761084204712
00bbac68_1841,12228.646114881954
00bbac68_1842,12228.646114881954
00bbac68_1843,12228.646114881954
00bbac68_1844,12228.646114881954
00bbac68_1845,12228.646114881954
00bbac68_1846,12228.646114881954
00bbac68_1847,12228.732968237873
00bbac68_1848,12228.646114881954
00bbac68_1849,12228.618384558575
00bbac68_1850,12228.618384558575
00bbac68_1851,12228.705237914493
00bbac68_1852,12228.705237914493
00bbac68_1853,12228.618384558575
00bbac68_1854,12228.733353881333
00bbac68_1855,12228.733353881333
00bbac68_1856,12228.618384558575
00bbac68_1857,12228.705237914493
00bbac68_1858,12228.705237914493
00bbac68_1859,12228.618384558575
00bbac68_1860,12228.631271841701
00bbac68_1861,12228.618384558575
00bbac68_1862,12229.144760710149
00bbac68_1863,12229.25852187232
00bbac68_1864,12228.932358516866
00bbac68_1865,12229.019211872785
00bbac68_1866,12228.945245799992
00bbac68_1867,12229.047327839624
00bbac68_1868,12228.666792485392
00bbac68_1869,12228.579939129473
00bbac68_1870,12228.579939129473
00bbac68_1871,12228.666792485392
00bbac68_1872,12228.694908452231
00bbac68_1873,12228.694908452231
00bbac68_1874,12228.666792485392
00bbac68_1875,12228.579939129473
00bbac68_1876,12228.579939129473
00bbac68_1877,12228.579939129473
00bbac68_1878,12228.579939129473
00bbac68_1879,12228.666792485392
00bbac68_1880,12228.666792485392
00bbac68_1881,12228.666792485392
00bbac68_1882,12228.602625080495
00bbac68_1883,12228.635015736085
00bbac68_1884,12228.626606117257
00bbac68_1885,12228.606899769246
00bbac68_1886,12228.76168602354
00bbac68_1887,12228.687719950747
00bbac68_1888,12228.67483266762
00bbac68_1889,12228.76168602354
00bbac68_1890,12228.687719950747
00bbac68_1891,12228.67483266762
00bbac68_1892,12228.841034965588
00bbac68_1893,12228.586009065886
00bbac68_1894,12228.700978388644
00bbac68_1895,12228.700978388644
00bbac68_1896,12228.586009065886
00bbac68_1897,12228.586009065886
00bbac68_1898,12228.672862421805
00bbac68_1899,12228.586009065886
00bbac68_1900,12228.586009065886
00bbac68_1901,12228.586009065886
00bbac68_1902,12228.586009065886
00bbac68_1903,12228.672862421805
00bbac68_1904,12228.672862421805
00bbac68_1905,12228.672862421805
00bbac68_1906,12228.80260914763
00bbac68_1907,12228.830725114469
00bbac68_1908,12228.830725114469
00bbac68_1909,12228.71575579171
00bbac68_1910,12228.93375187324
00bbac68_1911,12229.234485516665
00bbac68_1912,12229.234485516665
00bbac68_1913,12229.234485516665
00bbac68_1914,12228.93375187324
00bbac68_1915,12229.229650358333
00bbac68_1916,12229.059300710607
00bbac68_1917,12229.051644480525
00bbac68_1918,12228.926095643159
00bbac68_1919,12228.83924228724
00bbac68_1920,12228.83924228724
00bbac68_1921,12228.83924228724
00bbac68_1922,12228.83924228724
00bbac68_1923,12228.926095643159
00bbac68_1924,12229.051644480525
00bbac68_1925,12229.051644480525
00bbac68_1926,12228.926095643159
00bbac68_1927,12228.83924228724
00bbac68_1928,12228.926095643159
00bbac68_1929,12228.926262290797
00bbac68_1930,12228.926262290797
00bbac68_1931,12228.926262290797
00bbac68_1932,12229.222160775891
00bbac68_1933,12229.09443483458
00bbac68_1934,12228.820888425698
00bbac68_1935,12228.820888425698
00bbac68_1936,12228.820888425698
00bbac68_1937,12228.820888425698
00bbac68_1938,12228.907741781617
00bbac68_1939,12228.907741781617
00bbac68_1940,12228.820888425698
00bbac68_1941,12228.820888425698
00bbac68_1942,12228.820888425698
00bbac68_1943,12228.833775708825
00bbac68_1944,12228.820888425698
00bbac68_1945,12228.820888425698
00bbac68_1946,12228.907741781617
00bbac68_1947,12229.033290618983
00bbac68_1948,12228.907741781617
00bbac68_1949,12228.907741781617
00bbac68_1950,12228.907741781617
00bbac68_1951,12229.033290618983
00bbac68_1952,12228.820888425698
00bbac68_1953,12228.960047781458
00bbac68_1954,12228.960047781458
00bbac68_1955,12229.046901137375
00bbac68_1956,12229.046901137375
00bbac68_1957,12229.046901137375
00bbac68_1958,12229.046901137375
00bbac68_1959,12229.046901137375
00bbac68_1960,12228.960047781458
00bbac68_1961,12228.960047781458
00bbac68_1962,12228.960047781458
00bbac68_1963,12228.960047781458
00bbac68_1964,12229.046901137375
00bbac68_1965,12229.046901137375
00bbac68_1966,12228.960047781458
00bbac68_1967,12228.960047781458
00bbac68_1968,12229.046901137375
00bbac68_1969,12228.960047781458
00bbac68_1970,12229.046901137375
00bbac68_1971,12229.172449974742
00bbac68_1972,12229.215073681158
00bbac68_1973,12229.172449974742
00bbac68_1974,12229.046901137375
00bbac68_1975,12229.046901137375
00bbac68_1976,12229.075017104216
00bbac68_1977,12229.258083573357
00bbac68_1978,12229.258083573357
00bbac68_1979,12229.258083573357
00bbac68_1980,12229.194559772857
00bbac68_1981,12229.148436437807
00bbac68_1982,12229.30069031144
00bbac68_1983,12229.426239148806
00bbac68_1984,12229.426239148806
00bbac68_1985,12229.426239148806
00bbac68_1986,12229.213836955523
00bbac68_1987,12229.265282477783
00bbac68_1988,12229.328806278281
00bbac68_1989,12229.30069031144
00bbac68_1990,12229.30069031144
00bbac68_1991,12229.30069031144
00bbac68_1992,12229.426239148806
00bbac68_1993,12229.213836955523
00bbac68_1994,12229.213836955523
00bbac68_1995,12229.213836955523
00bbac68_1996,12229.213836955523
00bbac68_1997,12229.213836955523
00bbac68_1998,12229.328806278281
00bbac68_1999,12229.328806278281
00bbac68_2000,12229.22672423865
00bbac68_2001,12229.127678065834
00bbac68_2002,12229.214531421752
00bbac68_2003,12229.14056534896
00bbac68_2004,12229.127678065834
00bbac68_2005,12229.127678065834
00bbac68_2006,12229.356796246504
00bbac68_2007,12229.443649602421
00bbac68_2008,12229.356796246504
00bbac68_2009,12229.356796246504
00bbac68_2010,12229.356796246504
00bbac68_2011,12229.36968352963
00bbac68_2012,12229.362118433712
00bbac68_2013,12229.356796246504
00bbac68_2014,12229.356796246504
00bbac68_2015,12229.443649602421
00bbac68_2016,12229.356796246504
00bbac68_2017,12229.356796246504
00bbac68_2018,12229.356796246504
00bbac68_2019,12229.471765569262
00bbac68_2020,12229.356796246504
00bbac68_2021,12229.443649602421
00bbac68_2022,12229.761396509914
00bbac68_2023,12229.695291470178
00bbac68_2024,12229.443649602421
00bbac68_2025,12229.356796246504
00bbac68_2026,12229.471765569262
00bbac68_2027,12229.443649602421
00bbac68_2028,12229.362118433712
00bbac68_2029,12229.36968352963
00bbac68_2030,12229.345090424436
00bbac68_2031,12229.373206391278
00bbac68_2032,12229.25823706852
00bbac68_2033,12229.470639261803
00bbac68_2034,12229.345090424436
00bbac68_2035,12229.25823706852
00bbac68_2036,12229.25823706852
00bbac68_2037,12229.25823706852
00bbac68_2038,12229.25823706852
00bbac68_2039,12229.25823706852
00bbac68_2040,12229.336705786389
00bbac68_2041,12229.373206391278
00bbac68_2042,12229.271124351646
00bbac68_2043,12229.25823706852
00bbac68_2044,12229.25823706852
00bbac68_2045,12229.25823706852
00bbac68_2046,12229.25823706852
00bbac68_2047,12229.25823706852
00bbac68_2048,12229.345090424436
00bbac68_2049,12229.345090424436
00bbac68_2050,12229.345090424436
00bbac68_2051,12229.345090424436
00bbac68_2052,12229.25823706852
00bbac68_2053,12229.25823706852
00bbac68_2054,12229.25823706852
00bbac68_2055,12229.25823706852
00bbac68_2056,12229.25823706852
00bbac68_2057,12229.25823706852
00bbac68_2058,12229.345090424436
00bbac68_2059,12229.470639261803
00bbac68_2060,12229.345090424436
00bbac68_2061,12229.25823706852
00bbac68_2062,12229.345090424436
00bbac68_2063,12229.25823706852
00bbac68_2064,12229.25823706852
00bbac68_2065,12229.345090424436
00bbac68_2066,12229.25823706852
00bbac68_2067,12229.25823706852
00bbac68_2068,12229.345090424436
00bbac68_2069,12229.345090424436
00bbac68_2070,12229.345090424436
00bbac68_2071,12229.345090424436
00bbac68_2072,12229.645824067862
00bbac68_2073,12229.645824067862
00bbac68_2074,12229.645824067862
00bbac68_2075,12229.470639261803
00bbac68_2076,12229.25823706852
00bbac68_2077,12229.345090424436
00bbac68_2078,12229.578043711861
00bbac68_2079,12229.703592549227
00bbac68_2080,12229.703592549227
00bbac68_2081,12229.491190355944
00bbac68_2082,12229.491190355944
00bbac68_2083,12229.491190355944
00bbac68_2084,12229.810218765464
00bbac68_2085,12229.703592549227
00bbac68_2086,12229.491190355944
00bbac68_2087,12229.578043711861
00bbac68_2088,12229.578043711861
00bbac68_2089,12229.491190355944
00bbac68_2090,12229.491190355944
00bbac68_2091,12229.491190355944
00bbac68_2092,12229.491190355944
00bbac68_2093,12229.491190355944
00bbac68_2094,12229.746216255644
00bbac68_2095,12229.878777355287
00bbac68_2096,12229.578043711861
00bbac68_2097,12229.505275362071
00bbac68_2098,12229.505275362071
00bbac68_2099,12229.505275362071
00bbac68_2100,12229.505275362071
00bbac68_2101,12229.418422006154
00bbac68_2102,12229.502778243173
00bbac68_2103,12229.589631599092
00bbac68_2104,12229.502778243173
00bbac68_2105,12229.502778243173
00bbac68_2106,12229.502778243173
00bbac68_2107,12229.502778243173
00bbac68_2108,12229.502778243173
00bbac68_2109,12229.502778243173
00bbac68_2110,12229.715180436458
00bbac68_2111,12229.892944108447
00bbac68_2112,12229.589631599092
00bbac68_2113,12229.892944108447
00bbac68_2114,12229.589631599092
00bbac68_2115,12229.715180436458
00bbac68_2116,12229.627200715042
00bbac68_2117,12229.501651877676
00bbac68_2118,12229.501651877676
00bbac68_2119,12229.501651877676
00bbac68_2120,12229.501651877676
00bbac68_2121,12229.501651877676
00bbac68_2122,12229.501651877676
00bbac68_2123,12229.414798521759
00bbac68_2124,12229.414798521759
00bbac68_2125,12229.414798521759
00bbac68_2126,12229.52014758045
00bbac68_2127,12229.52014758045
00bbac68_2128,12229.52014758045
00bbac68_2129,12229.52014758045
00bbac68_2130,12229.52014758045
00bbac68_2131,12229.732549773735
00bbac68_2132,12229.83917598997
00bbac68_2133,12229.607000936368
00bbac68_2134,12229.52014758045
00bbac68_2135,12229.607000936368
00bbac68_2136,12229.52014758045
00bbac68_2137,12229.607000936368
00bbac68_2138,12229.910313445724
00bbac68_2139,12229.448730422055
00bbac68_2140,12229.448730422055
00bbac68_2141,12229.448730422055
00bbac68_2142,12229.535583777972
00bbac68_2143,12229.535583777972
00bbac68_2144,12229.448730422055
00bbac68_2145,12229.535583777972
00bbac68_2146,12229.661132615338
00bbac68_2147,12229.535583777972
00bbac68_2148,12229.535583777972
00bbac68_2149,12229.448730422055
00bbac68_2150,12229.6157575591
00bbac68_2151,12229.528904203182
00bbac68_2152,12229.528904203182
00bbac68_2153,12229.528904203182
00bbac68_2154,12229.528904203182
00bbac68_2155,12229.528904203182
00bbac68_2156,12229.6157575591
00bbac68_2157,12229.528904203182
00bbac68_2158,12229.528904203182
00bbac68_2159,12229.6157575591
00bbac68_2160,12229.528904203182
00bbac68_2161,12229.528904203182
00bbac68_2162,12229.528904203182
00bbac68_2163,12229.6157575591
00bbac68_2164,12229.608534509496
00bbac68_2165,12229.636650476335
00bbac68_2166,12229.636650476335
00bbac68_2167,12229.527003340787
00bbac68_2168,12229.695188845833
00bbac68_2169,12229.695188845833
00bbac68_2170,12229.608335489915
00bbac68_2171,12229.608335489915
00bbac68_2172,12229.608335489915
00bbac68_2173,12229.608335489915
00bbac68_2174,12229.608335489915
00bbac68_2175,12229.608335489915
00bbac68_2176,12229.8207376832
00bbac68_2177,12229.8207376832
00bbac68_2178,12229.695188845833
00bbac68_2179,12229.695188845833
00bbac68_2180,12229.608335489915
00bbac68_2181,12229.695188845833
00bbac68_2182,12229.608335489915
00bbac68_2183,12229.695188845833
00bbac68_2184,12229.695188845833
00bbac68_2185,12229.995922489257
00bbac68_2186,12229.8207376832
00bbac68_2187,12229.608335489915
00bbac68_2188,12229.608335489915
00bbac68_2189,12229.695188845833
00bbac68_2190,12229.995922489257
00bbac68_2191,12229.995922489257
00bbac68_2192,12229.949411691721
00bbac68_2193,12229.695188845833
00bbac68_2194,12229.608335489915
00bbac68_2195,12229.714895193847
00bbac68_2196,12231.875534483743
00bbac68_2197,12231.252122325264
00bbac68_2198,12230.10321277342
00bbac68_2199,12230.10321277342
00bbac68_2200,12230.13132874026
00bbac68_2201,12230.016359417501
00bbac68_2202,12230.393345221713
00bbac68_2203,12230.092611578288
00bbac68_2204,12230.00575822237
00bbac68_2205,12230.00575822237
00bbac68_2206,12230.092611578288
00bbac68_2207,12230.393345221713
00bbac68_2208,12230.393345221713
00bbac68_2209,12230.092611578288
00bbac68_2210,12230.00575822237
00bbac68_2211,12230.00575822237
00bbac68_2212,12230.092611578288
00bbac68_2213,12230.092611578288
00bbac68_2214,12230.092611578288
00bbac68_2215,12230.092611578288
00bbac68_2216,12230.075412760929
00bbac68_2217,12230.393159668422
00bbac68_2218,12230.376146404353
00bbac68_2219,12229.98855940501
00bbac68_2220,12230.075412760929
00bbac68_2221,12230.378725270284
00bbac68_2222,12230.200961598295
00bbac68_2223,12229.98855940501
00bbac68_2224,12229.98855940501
00bbac68_2225,12229.98855940501
00bbac68_2226,12229.98855940501
00bbac68_2227,12230.200961598295
00bbac68_2228,12230.075412760929
00bbac68_2229,12229.98855940501
00bbac68_2230,12229.98855940501
00bbac68_2231,12229.98855940501
00bbac68_2232,12229.98855940501
00bbac68_2233,12230.075412760929
00bbac68_2234,12230.075412760929
00bbac68_2235,12230.103528727768
00bbac68_2236,12230.103528727768
00bbac68_2237,12230.075412760929
00bbac68_2238,12230.075412760929
00bbac68_2239,12230.075412760929
00bbac68_2240,12230.059660108116
00bbac68_2241,12230.087776074957
00bbac68_2242,12229.968731283427
00bbac68_2243,12229.968731283427
00bbac68_2244,12229.940615316587
00bbac68_2245,12229.853761960669
00bbac68_2246,12230.018016430371
00bbac68_2247,12230.104869786288
00bbac68_2248,12230.104869786288
00bbac68_2249,12230.104869786288
00bbac68_2250,12230.104869786288
00bbac68_2251,12230.104869786288
00bbac68_2252,12230.104869786288
00bbac68_2253,12230.104869786288
00bbac68_2254,12230.018016430371
00bbac68_2255,12230.405603429714
00bbac68_2256,12230.405603429714
00bbac68_2257,12230.104869786288
00bbac68_2258,12230.104869786288
00bbac68_2259,12230.116106663558
00bbac68_2260,12230.18279197542
00bbac68_2261,12230.124576134302
00bbac68_2262,12230.124576134302
00bbac68_2263,12230.13298575313
00bbac68_2264,12230.13298575313
00bbac68_2265,12230.124576134302
00bbac68_2266,12230.124576134302
00bbac68_2267,12230.13298575313
00bbac68_2268,12230.13298575313
00bbac68_2269,12230.13298575313
00bbac68_2270,12230.124576134302
00bbac68_2271,12230.104869786288
00bbac68_2272,12230.116106663558
00bbac68_2273,12230.116106663558
00bbac68_2274,12230.124576134302
00bbac68_2275,12230.13298575313
00bbac68_2276,12230.421662244451
00bbac68_2277,12230.408182295643
00bbac68_2278,12230.124576134302
00bbac68_2279,12230.13298575313
00bbac68_2280,12230.151677177531
00bbac68_2281,12230.151677177531
00bbac68_2282,12230.12356121069
00bbac68_2283,12230.12356121069
00bbac68_2284,12230.12356121069
00bbac68_2285,12230.151677177531
00bbac68_2286,12230.151677177531
00bbac68_2287,12230.12356121069
00bbac68_2288,12230.077105310842
00bbac68_2289,12230.077105310842
00bbac68_2290,12230.105221277681
00bbac68_2291,12230.105221277681
00bbac68_2292,12230.105221277681
00bbac68_2293,12230.105221277681
00bbac68_2294,12230.230934906831
00bbac68_2295,12230.230934906831
00bbac68_2296,12230.202818939992
00bbac68_2297,12230.230934906831
00bbac68_2298,12230.230934906831
00bbac68_2299,12230.202818939992
00bbac68_2300,12230.202818939992
00bbac68_2301,12230.202818939992
00bbac68_2302,12230.280741129121
00bbac68_2303,12230.222525288003
00bbac68_2304,12230.230934906831
00bbac68_2305,12230.230934906831
00bbac68_2306,12230.202818939992
00bbac68_2307,12230.202818939992
00bbac68_2308,12230.202818939992
00bbac68_2309,12230.202818939992
00bbac68_2310,12230.202818939992
00bbac68_2311,12230.202818939992
00bbac68_2312,12230.441526155719
00bbac68_2313,12230.441526155719
00bbac68_2314,12230.202818939992
00bbac68_2315,12230.202818939992
00bbac68_2316,12230.202818939992
00bbac68_2317,12230.202818939992
00bbac68_2318,12230.141198387257
00bbac68_2319,12230.141198387257
00bbac68_2320,12230.141198387257
00bbac68_2321,12230.169314354096
00bbac68_2322,12230.169314354096
00bbac68_2323,12230.169314354096
00bbac68_2324,12230.169314354096
00bbac68_2325,12230.141198387257
00bbac68_2326,12230.43631062304
00bbac68_2327,12230.43631062304
00bbac68_2328,12230.737044266465
00bbac68_2329,12230.737044266465
00bbac68_2330,12230.675017838767
00bbac68_2331,12230.690533468929
00bbac68_2332,12230.732209108133
00bbac68_2333,12230.349457267122
00bbac68_2334,12230.2870893116
00bbac68_2335,12230.315205278439
00bbac68_2336,12230.315205278439
00bbac68_2337,12230.2870893116
00bbac68_2338,12230.2870893116
00bbac68_2339,12230.2870893116
00bbac68_2340,12230.2870893116
00bbac68_2341,12230.2870893116
00bbac68_2342,12230.369590870141
00bbac68_2343,12230.282737514222
00bbac68_2344,12230.672903379496
00bbac68_2345,12230.282737514222
00bbac68_2346,12230.282737514222
00bbac68_2347,12230.369590870141
00bbac68_2348,12230.282737514222
00bbac68_2349,12230.282737514222
00bbac68_2350,12230.282737514222
00bbac68_2351,12230.282737514222
00bbac68_2352,12230.369590870141
00bbac68_2353,12230.369590870141
00bbac68_2354,12229.994468569257
00bbac68_2355,12229.9590607356
00bbac68_2356,12230.03048183559
00bbac68_2357,12229.994468569257
00bbac68_2358,12229.994468569257
00bbac68_2359,12229.994468569257
00bbac68_2360,12230.023008711169
00bbac68_2361,12230.023008711169
00bbac68_2362,12230.023008711169
00bbac68_2363,12230.023008711169
00bbac68_2364,12230.023008711169
00bbac68_2365,12230.023008711169
00bbac68_2366,12229.690315921864
00bbac68_2367,12229.777169277782
00bbac68_2368,12229.690315921864
00bbac68_2369,12229.690315921864
00bbac68_2370,12229.777169277782
00bbac68_2371,12229.690315921864
00bbac68_2372,12229.777169277782
00bbac68_2373,12229.690315921864
00bbac68_2374,12229.511339873481
00bbac68_2375,12229.634206495732
00bbac68_2376,12229.634206495732
00bbac68_2377,12229.511339873481
00bbac68_2378,12229.511339873481
00bbac68_2379,12229.511339873481
00bbac68_2380,12229.511339873481
00bbac68_2381,12229.511339873481
00bbac68_2382,12229.511339873481
00bbac68_2383,12229.5981932294
00bbac68_2384,12229.510889857778
00bbac68_2385,12229.510889857778
00bbac68_2386,12229.597743213697
00bbac68_2387,12229.510889857778
00bbac68_2388,12229.597743213697
00bbac68_2389,12229.63375648003
00bbac68_2390,12229.523777140905
00bbac68_2391,12229.510889857778
00bbac68_2392,12229.510889857778
00bbac68_2393,12229.63375648003
00bbac68_2394,12229.46726075628
00bbac68_2395,12229.564296405124
00bbac68_2396,12229.46726075628
00bbac68_2397,12229.46726075628
00bbac68_2398,12229.564296405124
00bbac68_2399,12229.46726075628
00bbac68_2400,12229.564296405124
00bbac68_2401,12229.46726075628
00bbac68_2402,12229.477443049207
00bbac68_2403,12229.68984524249
00bbac68_2404,12229.564296405124
00bbac68_2405,12229.564296405124
00bbac68_2406,12229.564296405124
00bbac68_2407,12229.564296405124
00bbac68_2408,12229.554734778712
00bbac68_2409,12229.651770427556
00bbac68_2410,12229.651770427556
00bbac68_2411,12229.826475133465
00bbac68_2412,12229.888501561163
00bbac68_2413,12229.554734778712
00bbac68_2414,12229.795489637552
00bbac68_2415,12229.867127683978
00bbac68_2416,12229.808911842858
00bbac68_2417,12229.82132061096
00bbac68_2418,12229.90262790391
00bbac68_2419,12229.928458877317
00bbac68_2420,12230.139359037516
00bbac68_2421,12230.09284823998
00bbac68_2422,12229.90262790391
00bbac68_2423,12230.070800447693
00bbac68_2424,12229.815774547991
00bbac68_2425,12229.90262790391
00bbac68_2426,12229.90262790391
00bbac68_2427,12229.928458877317
00bbac68_2428,12229.928458877317
00bbac68_2429,12229.90262790391
00bbac68_2430,12229.805592255065
00bbac68_2431,12229.805592255065
00bbac68_2432,12229.850871286191
00bbac68_2433,12229.812313047058
00bbac68_2434,12229.799425763931
00bbac68_2435,12229.896461412776
00bbac68_2436,12229.909883618082
00bbac68_2437,12229.922292386182
00bbac68_2438,12229.922292386182
00bbac68_2439,12229.896461412776
00bbac68_2440,12229.799425763931
00bbac68_2441,12229.799425763931
00bbac68_2442,12229.799425763931
00bbac68_2443,12229.799425763931
00bbac68_2444,12229.799425763931
00bbac68_2445,12229.896461412776
00bbac68_2446,12229.896461412776
00bbac68_2447,12229.896461412776
00bbac68_2448,12230.086681748846
00bbac68_2449,12230.133192546382
00bbac68_2450,12230.12835738805
00bbac68_2451,12229.946827497022
00bbac68_2452,12229.946827497022
00bbac68_2453,12229.946827497022
00bbac68_2454,12229.946827497022
00bbac68_2455,12230.150997568004
00bbac68_2456,12230.248033216849
00bbac68_2457,12230.273864190254
00bbac68_2458,12230.273864190254
00bbac68_2459,12230.248033216849
00bbac68_2460,12230.248033216849
00bbac68_2461,12230.248033216849
00bbac68_2462,12230.232945932998
00bbac68_2463,12230.258776906405
00bbac68_2464,12230.258776906405
00bbac68_2465,12230.258776906405
00bbac68_2466,12230.258776906405
00bbac68_2467,12230.258776906405
00bbac68_2468,12229.973831834417
00bbac68_2469,12229.961423066316
00bbac68_2470,12229.973831834417
00bbac68_2471,12229.973831834417
00bbac68_2472,12229.834803453414
00bbac68_2473,12229.84498574634
00bbac68_2474,12229.834803453414
00bbac68_2475,12229.973831834417
00bbac68_2476,12229.973831834417
00bbac68_2477,12229.973831834417
00bbac68_2478,12230.272785436282
00bbac68_2479,12230.318618027415
00bbac68_2480,12230.318618027415
00bbac68_2481,12230.331026795517
00bbac68_2482,12230.331026795517
00bbac68_2483,12230.331026795517
00bbac68_2484,12230.289034063358
00bbac68_2485,12230.331026795517
00bbac68_2486,12230.331026795517
00bbac68_2487,12230.331026795517
00bbac68_2488,12230.331026795517
00bbac68_2489,12230.331026795517
00bbac68_2490,12230.331026795517
00bbac68_2491,12230.331026795517
00bbac68_2492,12230.331026795517
00bbac68_2493,12230.318618027415
00bbac68_2494,12230.197320601723
00bbac68_2495,12230.20218070744
00bbac68_2496,12230.191998414513
00bbac68_2497,12230.191998414513
00bbac68_2498,12230.20218070744
00bbac68_2499,12230.191998414513
00bbac68_2500,12230.191998414513
00bbac68_2501,12230.191998414513
00bbac68_2502,12230.19976416029
00bbac68_2503,12230.099667528359
00bbac68_2504,12230.099667528359
00bbac68_2505,12230.099667528359
00bbac68_2506,12230.196703177202
00bbac68_2507,12230.109849821285
00bbac68_2508,12230.301400097926
00bbac68_2509,12230.099667528359
00bbac68_2510,12230.409016494803
00bbac68_2511,12230.409016494803
00bbac68_2512,12230.2699881138
00bbac68_2513,12230.2699881138
00bbac68_2514,12230.409016494803
00bbac68_2515,12230.2699881138
00bbac68_2516,12230.2699881138
00bbac68_2517,12230.409016494803
00bbac68_2518,12230.409016494803
00bbac68_2519,12230.332352111427
00bbac68_2520,12230.374344843585
00bbac68_2521,12230.235316462584
00bbac68_2522,12230.235316462584
00bbac68_2523,12230.332352111427
00bbac68_2524,12230.332352111427
00bbac68_2525,12230.321166554591
00bbac68_2526,12230.308279271463
00bbac68_2527,12230.578570430855
00bbac68_2528,12230.4529051893
00bbac68_2529,12230.308279271463
00bbac68_2530,12230.308279271463
00bbac68_2531,12230.308279271463
00bbac68_2532,12230.31846156439
00bbac68_2533,12230.385680153198
00bbac68_2534,12230.576505905037
00bbac68_2535,12230.479470256192
00bbac68_2536,12230.479470256192
00bbac68_2537,12230.479470256192
00bbac68_2538,12230.752340281513
00bbac68_2539,12230.576505905037
00bbac68_2540,12230.576505905037
00bbac68_2541,12230.479470256192
00bbac68_2542,12230.576505905037
00bbac68_2543,12230.681202825761
00bbac68_2544,12230.576505905037
00bbac68_2545,12230.489652549119
00bbac68_2546,12230.489652549119
00bbac68_2547,12230.328135264112
00bbac68_2548,12230.328135264112
00bbac68_2549,12230.328135264112
00bbac68_2550,12230.487244127262
00bbac68_2551,12230.59359126517
00bbac68_2552,12230.487244127262
00bbac68_2553,12230.338317557038
00bbac68_2554,12230.338317557038
00bbac68_2555,12230.598426423501
00bbac68_2556,12230.489946529102
00bbac68_2557,12230.530428224767
00bbac68_2558,12230.51599382663
00bbac68_2559,12230.243123801309
00bbac68_2560,12230.298391188291
00bbac68_2561,12230.457500051441
00bbac68_2562,12230.584741162418
00bbac68_2563,12230.500123757858
00bbac68_2564,12230.395426837136
00bbac68_2565,12230.308573481218
00bbac68_2566,12230.308573481218
00bbac68_2567,12230.571261213612
00bbac68_2568,12230.457500051441
00bbac68_2569,12230.395426837136
00bbac68_2570,12230.298391188291
00bbac68_2571,12230.298391188291
00bbac68_2572,12230.395426837136
00bbac68_2573,12230.242804950842
00bbac68_2574,12230.242804950842
00bbac68_2575,12230.339840599687
00bbac68_2576,12230.252987243768
00bbac68_2577,12230.252987243768
00bbac68_2578,12230.242804950842
00bbac68_2579,12230.242804950842
00bbac68_2580,12230.339840599687
00bbac68_2581,12230.242804950842
00bbac68_2582,12230.555573884574
00bbac68_2583,12230.458538235729
00bbac68_2584,12229.71163167906
00bbac68_2585,12229.71163167906
00bbac68_2586,12229.582785590983
00bbac68_2587,12229.774335867623
00bbac68_2588,12229.582785590983
00bbac68_2589,12229.572603298056
00bbac68_2590,12229.572603298056
00bbac68_2591,12229.572603298056
00bbac68_2592,12229.582785590983
00bbac68_2593,12229.572603298056
00bbac68_2594,12229.71163167906
00bbac68_2595,12229.585490581183
00bbac68_2596,12229.572603298056
00bbac68_2597,12229.267116317124
00bbac68_2598,12229.254229033997
00bbac68_2599,12229.254229033997
00bbac68_2600,12229.264411326923
00bbac68_2601,12229.35126468284
00bbac68_2602,12229.264411326923
00bbac68_2603,12229.254229033997
00bbac68_2604,12229.254229033997
00bbac68_2605,12229.254229033997
00bbac68_2606,12229.168206113742
00bbac68_2607,12229.168206113742
00bbac68_2608,12229.265241762587
00bbac68_2609,12229.265241762587
00bbac68_2610,12229.168206113742
00bbac68_2611,12229.265241762587
00bbac68_2612,12229.438497273131
00bbac68_2613,12229.327314976892
00bbac68_2614,12229.168206113742
00bbac68_2615,12229.307234494745
00bbac68_2616,12229.168206113742
00bbac68_2617,12229.178388406668
00bbac68_2618,12229.153400037272
00bbac68_2619,12229.056364388427
00bbac68_2620,12229.061686575636
00bbac68_2621,12229.19539276943
00bbac68_2622,12229.056364388427
00bbac68_2623,12229.056364388427
00bbac68_2624,12229.056364388427
00bbac68_2625,12229.056364388427
00bbac68_2626,12229.19539276943
00bbac68_2627,12229.19539276943
00bbac68_2628,12229.056364388427
00bbac68_2629,12229.056364388427
00bbac68_2630,12229.056364388427
00bbac68_2631,12229.056364388427
00bbac68_2632,12229.056364388427
00bbac68_2633,12229.153400037272
00bbac68_2634,12229.215473251577
00bbac68_2635,12229.153400037272
00bbac68_2636,12229.277100463545
00bbac68_2637,12229.23151033696
00bbac68_2638,12228.853651169004
00bbac68_2639,12228.714622788002
00bbac68_2640,12228.724805080928
00bbac68_2641,12228.819898872165
00bbac68_2642,12228.91693452101
00bbac68_2643,12229.125419840828
00bbac68_2644,12228.91693452101
00bbac68_2645,12229.054282385074
00bbac68_2646,12229.011658678657
00bbac68_2647,12228.91693452101
00bbac68_2648,12228.958927253167
00bbac68_2649,12228.958927253167
00bbac68_2650,12228.91693452101
00bbac68_2651,12228.819898872165
00bbac68_2652,12228.552844418893
00bbac68_2653,12228.552844418893
00bbac68_2654,12228.57349424868
00bbac68_2655,12228.57349424868
00bbac68_2656,12228.670529897525
00bbac68_2657,12228.750771109857
00bbac68_2658,12228.765254055172
00bbac68_2659,12228.583676541606
00bbac68_2660,12228.57349424868
00bbac68_2661,12228.57349424868
00bbac68_2662,12228.670529897525
00bbac68_2663,12228.765254055172
00bbac68_2664,12228.571265910938
00bbac68_2665,12228.484412555019
00bbac68_2666,12228.589450450614
00bbac68_2667,12228.684174608261
00bbac68_2668,12228.589450450614
00bbac68_2669,12228.492414801769
00bbac68_2670,12228.684174608261
00bbac68_2671,12228.726798314678
00bbac68_2672,12228.684174608261
00bbac68_2673,12228.502597094695
00bbac68_2674,12228.502597094695
00bbac68_2675,12228.505302084895
00bbac68_2676,12228.501817539032
00bbac68_2677,12228.511999831959
00bbac68_2678,12228.641267008104
00bbac68_2679,12228.86323227673
00bbac68_2680,12228.735991165751
00bbac68_2681,12228.554413652188
00bbac68_2682,12228.554413652188
00bbac68_2683,12228.554413652188
00bbac68_2684,12228.554413652188
00bbac68_2685,12228.641267008104
00bbac68_2686,12228.384200346642
00bbac68_2687,12228.384200346642
00bbac68_2688,12228.297346990723
00bbac68_2689,12228.287164697796
00bbac68_2690,12228.287164697796
00bbac68_2691,12228.4261930788
00bbac68_2692,12228.338610220057
00bbac68_2693,12228.287164697796
00bbac68_2694,12228.318235096902
00bbac68_2695,12228.318235096902
00bbac68_2696,12228.318235096902
00bbac68_2697,12228.328417389828
00bbac68_2698,12228.328417389828
00bbac68_2699,12228.415270745747
00bbac68_2700,12228.415270745747
00bbac68_2701,12228.415270745747
00bbac68_2702,12228.523980148144
00bbac68_2703,12228.347658989496
00bbac68_2704,12228.44469463834
00bbac68_2705,12228.653179958157
00bbac68_2706,12228.650601092228
00bbac68_2707,12228.44469463834
00bbac68_2708,12228.539418795986
00bbac68_2709,12228.357841282423
00bbac68_2710,12228.347658989496
00bbac68_2711,12228.438130217795
00bbac68_2712,12228.525713076539
00bbac68_2713,12228.386684695535
00bbac68_2714,12228.48372034438
00bbac68_2715,12228.396866988462
00bbac68_2716,12228.386684695535
00bbac68_2717,12228.386684695535
00bbac68_2718,12228.386684695535
00bbac68_2719,12228.392006882745
00bbac68_2720,12228.022709195187
00bbac68_2721,12228.022709195187
00bbac68_2722,12228.022709195187
00bbac68_2723,12228.022709195187
00bbac68_2724,12228.11974484403
00bbac68_2725,12228.022709195187
00bbac68_2726,12228.121337391822
00bbac68_2727,12228.20819074774
00bbac68_2728,12228.20819074774
00bbac68_2729,12227.545632818103
00bbac68_2730,12227.684661199106
00bbac68_2731,12227.684661199106
00bbac68_2732,12227.545632818103
00bbac68_2733,12227.555815111029
00bbac68_2734,12227.737392624595
00bbac68_2735,12227.737392624595
00bbac68_2736,12227.642668466948
00bbac68_2737,12227.642668466948
00bbac68_2738,12227.780016331011
00bbac68_2739,12227.851153786765
00bbac68_2740,12227.737392624595
00bbac68_2741,12227.545632818103
00bbac68_2742,12227.555815111029
00bbac68_2743,12227.72290967928
00bbac68_2744,12227.737392624595
00bbac68_2745,12227.545632818103
00bbac68_2746,12227.555815111029
00bbac68_2747,12227.851153786765
00bbac68_2748,12227.765596805935
00bbac68_2749,12227.90496757719
00bbac68_2750,12227.953073799586
00bbac68_2751,12227.690774689345
00bbac68_2752,12227.690774689345
00bbac68_2753,12227.850170345697
00bbac68_2754,12227.863368655091
00bbac68_2755,12227.865947521022
00bbac68_2756,12227.752186358852
00bbac68_2757,12227.657462201205
00bbac68_2758,12227.671507994986
00bbac68_2759,12227.661325702058
00bbac68_2760,12227.964267804791
00bbac68_2761,12227.917757007253
00bbac68_2762,12227.298021205368
00bbac68_2763,12226.995079102637
00bbac68_2764,12227.005261395563
00bbac68_2765,12227.09211475148
00bbac68_2766,12227.005261395563
00bbac68_2767,12226.995079102637
00bbac68_2768,12227.09211475148
00bbac68_2769,12227.007966385763
00bbac68_2770,12227.09211475148
00bbac68_2771,12227.09211475148
00bbac68_2772,12226.807106498052
00bbac68_2773,12226.84909923021
00bbac68_2774,12226.710070849207
00bbac68_2775,12226.807106498052
00bbac68_2776,12227.01559181787
00bbac68_2777,12226.807106498052
00bbac68_2778,12226.901830655699
00bbac68_2779,12226.720253142134
00bbac68_2780,12226.50307958097
00bbac68_2781,12226.411366119335
00bbac68_2782,12226.545072313129
00bbac68_2783,12226.545072313129
00bbac68_2784,12226.406043932126
00bbac68_2785,12226.406043932126
00bbac68_2786,12226.416226225052
00bbac68_2787,12226.416226225052
00bbac68_2788,12226.411366119335
00bbac68_2789,12226.287150051592
00bbac68_2790,12226.287150051592
00bbac68_2791,12226.158303963517
00bbac68_2792,12226.33988147708
00bbac68_2793,12226.453642639251
00bbac68_2794,12226.3825051835
00bbac68_2795,12226.33988147708
00bbac68_2796,12226.14812167059
00bbac68_2797,12226.287150051592
00bbac68_2798,12226.197885864627
00bbac68_2799,12226.208068157553
00bbac68_2800,12226.389645671117
00bbac68_2801,12226.29492151347
00bbac68_2802,12226.29492151347
00bbac68_2803,12226.503406833288
00bbac68_2804,12226.375162725804
00bbac68_2805,12226.29492151347
00bbac68_2806,12226.29492151347
00bbac68_2807,12226.208068157553
00bbac68_2808,12226.432269377536
00bbac68_2809,12226.500827967358
00bbac68_2810,12226.002299814438
00bbac68_2811,12225.959676108021
00bbac68_2812,12225.590122128719
00bbac68_2813,12225.590122128719
00bbac68_2814,12225.590122128719
00bbac68_2815,12225.796028582605
00bbac68_2816,12225.796028582605
00bbac68_2817,12225.590122128719
00bbac68_2818,12225.590122128719
00bbac68_2819,12225.269670909414
00bbac68_2820,12225.269670909414
00bbac68_2821,12225.182817553496
00bbac68_2822,12225.275067923585
00bbac68_2823,12225.361921279504
00bbac68_2824,12225.57040659932
00bbac68_2825,12225.275067923585
00bbac68_2826,12225.56782773339
00bbac68_2827,12225.56782773339
00bbac68_2828,12225.45664543715
00bbac68_2829,12225.56782773339
00bbac68_2830,12225.3835596662
00bbac68_2831,12225.080617563468
00bbac68_2832,12225.386138532129
00bbac68_2833,12225.27237736996
00bbac68_2834,12225.177653212313
00bbac68_2835,12225.3835596662
00bbac68_2836,12225.386138532129
00bbac68_2837,12225.3835596662
00bbac68_2838,12225.399618480937
00bbac68_2839,12225.315001076377
00bbac68_2840,12225.3835596662
00bbac68_2841,12225.3835596662
00bbac68_2842,12224.830016747474
00bbac68_2843,12224.732981098628
00bbac68_2844,12224.732981098628
00bbac68_2845,12224.743163391555
00bbac68_2846,12224.743163391555
00bbac68_2847,12224.743163391555
00bbac68_2848,12224.743163391555
00bbac68_2849,12224.967364611537
00bbac68_2850,12225.031088043028
00bbac68_2851,12224.92474090512
00bbac68_2852,12224.92474090512
00bbac68_2853,12224.84541367209
00bbac68_2854,12224.758560316171
00bbac68_2855,12224.758560316171
00bbac68_2856,12224.84541367209
00bbac68_2857,12224.154956171918
00bbac68_2858,12224.154956171918
00bbac68_2859,12224.241809527835
00bbac68_2860,12224.241809527835
00bbac68_2861,12224.447715981723
00bbac68_2862,12224.450294847653
00bbac68_2863,12224.154956171918
00bbac68_2864,12224.154956171918
00bbac68_2865,12224.447715981723
00bbac68_2866,12224.336533685482
00bbac68_2867,12224.3791573919
00bbac68_2868,12224.144773878992
00bbac68_2869,12224.213979552544
00bbac68_2870,12224.213979552544
00bbac68_2871,12224.154956171918
00bbac68_2872,12224.241809527835
00bbac68_2873,12224.154956171918
00bbac68_2874,12224.213979552544
00bbac68_2875,12224.241809527835
00bbac68_2876,12224.201570784442
00bbac68_2877,12224.213979552544
00bbac68_2878,12224.213979552544
00bbac68_2879,12224.181964048914
00bbac68_2880,12224.144773878992
00bbac68_2881,12224.241809527835
00bbac68_2882,12224.447715981723
00bbac68_2883,12224.447715981723
00bbac68_2884,12224.241809527835
00bbac68_2885,12224.241809527835
00bbac68_2886,12224.241809527835
00bbac68_2887,12224.241809527835
00bbac68_2888,12224.3791573919
00bbac68_2889,12224.32205074017
00bbac68_2890,12224.241809527835
00bbac68_2891,12224.154956171918
00bbac68_2892,12224.154956171918
00bbac68_2893,12224.241809527835
00bbac68_2894,12224.144773878992
00bbac68_2895,12224.144773878992
00bbac68_2896,12224.144773878992
00bbac68_2897,12224.336533685482
00bbac68_2898,12224.46377479646
00bbac68_2899,12224.336533685482
00bbac68_2900,12224.234398799592
00bbac68_2901,12224.234398799592
00bbac68_2902,12224.234398799592
00bbac68_2903,12224.321252155509
00bbac68_2904,12224.321252155509
00bbac68_2905,12224.224216506664
00bbac68_2906,12224.224216506664
00bbac68_2907,12224.321252155509
00bbac68_2908,12224.321252155509
00bbac68_2909,12224.234398799592
00bbac68_2910,12224.321252155509
00bbac68_2911,12224.321252155509
00bbac68_2912,12224.321252155509
00bbac68_2913,12224.321252155509
00bbac68_2914,12224.529737475326
00bbac68_2915,12224.543217424134
00bbac68_2916,12224.527158609397
00bbac68_2917,12224.527158609397
00bbac68_2918,12224.321252155509
00bbac68_2919,12224.234398799592
00bbac68_2920,12224.224216506664
00bbac68_2921,12225.019366062133
00bbac68_2922,12225.019366062133
00bbac68_2923,12225.156713926197
00bbac68_2924,12225.3166927082
00bbac68_2925,12225.3166927082
00bbac68_2926,12225.303212759394
00bbac68_2927,12225.094727439577
00bbac68_2928,12224.997691790732
00bbac68_2929,12225.094727439577
00bbac68_2930,12225.189451597224
00bbac68_2931,12225.23207530364
00bbac68_2932,12225.303212759394
00bbac68_2933,12225.094727439577
00bbac68_2934,12225.189451597224
00bbac68_2935,12225.007874083658
00bbac68_2936,12225.189451597224
00bbac68_2937,12225.300633893463
00bbac68_2938,12225.650849224234
00bbac68_2939,12225.442363904416
00bbac68_2940,12225.648270358302
00bbac68_2941,12225.648270358302
00bbac68_2942,12225.648270358302
00bbac68_2943,12225.648270358302
00bbac68_2944,12225.650849224234
00bbac68_2945,12225.442363904416
00bbac68_2946,12225.648270358302
00bbac68_2947,12225.648270358302
00bbac68_2948,12225.537088062063
00bbac68_2949,12225.345328255571
00bbac68_2950,12225.57971176848
00bbac68_2951,12225.650849224234
00bbac68_2952,12225.442363904416
00bbac68_2953,12225.650849224234
00bbac68_2954,12225.648270358302
00bbac68_2955,12225.442363904416
00bbac68_2956,12225.442363904416
00bbac68_2957,12225.542483605888
00bbac68_2958,12225.529596322762
00bbac68_2959,12225.626631971607
00bbac68_2960,12225.835117291424
00bbac68_2961,12225.832538425493
00bbac68_2962,12225.832538425493
00bbac68_2963,12225.832538425493
00bbac68_2964,12225.832538425493
00bbac68_2965,12225.832538425493
00bbac68_2966,12225.832538425493
00bbac68_2967,12225.539778615688
00bbac68_2968,12225.76397983567
00bbac68_2969,12225.84859724023
00bbac68_2970,12225.76397983567
00bbac68_2971,12225.721356129254
00bbac68_2972,12225.65896956518
00bbac68_2973,12225.745822921097
00bbac68_2974,12226.160998298048
00bbac68_2975,12226.160998298048
00bbac68_2976,12226.066274140401
00bbac68_2977,12226.066274140401
00bbac68_2978,12226.066274140401
00bbac68_2979,12225.979420784482
00bbac68_2980,12226.135077208222
00bbac68_2981,12226.316654721788
00bbac68_2982,12226.427837018027
00bbac68_2983,12226.427837018027
00bbac68_2984,12226.221930564141
00bbac68_2985,12226.221930564141
00bbac68_2986,12226.221930564141
00bbac68_2987,12226.316654721788
00bbac68_2988,12226.221930564141
00bbac68_2989,12226.789247991303
00bbac68_2990,12226.789247991303
00bbac68_2991,12226.651900127239
00bbac68_2992,12226.651900127239
00bbac68_2993,12226.554864478394
00bbac68_2994,12226.554864478394
00bbac68_2995,12226.651900127239
00bbac68_2996,12226.654277359175
00bbac68_2997,12226.846037165666
00bbac68_2998,12226.957219461907
00bbac68_2999,12226.959798327836
00bbac68_3000,12226.846037165666
00bbac68_3001,12226.664459652102
00bbac68_3002,12226.664459652102
00bbac68_3003,12226.751313008019
00bbac68_3004,12226.888660872084
00bbac68_3005,12226.846037165666
00bbac68_3006,12226.654277359175
00bbac68_3007,12226.654277359175
00bbac68_3008,12226.664459652102
00bbac68_3009,12226.957219461907
00bbac68_3010,12226.957219461907
00bbac68_3011,12226.737738385063
00bbac68_3012,12226.654277359175
00bbac68_3013,12226.846037165666
00bbac68_3014,12226.664459652102
00bbac68_3015,12226.664459652102
00bbac68_3016,12226.973278276644
00bbac68_3017,12226.952384303575
00bbac68_3018,12226.873046168874
00bbac68_3019,12226.776010520029
00bbac68_3020,12226.776010520029
00bbac68_3021,12226.776010520029
00bbac68_3022,12227.130968430409
00bbac68_3023,12227.336874884295
00bbac68_3024,12227.268316294472
00bbac68_3025,12227.04411507449
00bbac68_3026,12227.033932781564
00bbac68_3027,12227.130968430409
00bbac68_3028,12227.033932781564
00bbac68_3029,12227.033932781564
00bbac68_3030,12227.033932781564
00bbac68_3031,12227.225692588056
00bbac68_3032,12227.268316294472
00bbac68_3033,12227.130968430409
00bbac68_3034,12227.336874884295
00bbac68_3035,12227.130968430409
00bbac68_3036,12227.04411507449
00bbac68_3037,12227.643480667308
00bbac68_3038,12227.529719505137
00bbac68_3039,12227.337959698645
00bbac68_3040,12227.43499534749
00bbac68_3041,12227.572343211554
00bbac68_3042,12227.348141991573
00bbac68_3043,12227.337959698645
00bbac68_3044,12227.43499534749
00bbac68_3045,12227.43499534749
00bbac68_3046,12227.337959698645
00bbac68_3047,12227.529719505137
00bbac68_3048,12227.529719505137
00bbac68_3049,12227.389405220905
00bbac68_3050,12227.337959698645
00bbac68_3051,12227.928488920737
00bbac68_3052,12227.622967952075
00bbac68_3053,12227.622967952075
00bbac68_3054,12227.622967952075
00bbac68_3055,12227.633150245001
00bbac68_3056,12227.72000360092
00bbac68_3057,12227.814727758567
00bbac68_3058,12227.814727758567
00bbac68_3059,12227.72000360092
00bbac68_3060,12227.622967952075
00bbac68_3061,12227.628290139284
00bbac68_3062,12227.858918972337
00bbac68_3063,12227.858918972337
00bbac68_3064,12227.942379998227
00bbac68_3065,12227.942379998227
00bbac68_3066,12227.961446748452
00bbac68_3067,12228.535347864687
00bbac68_3068,12228.535347864687
00bbac68_3069,12228.535347864687
00bbac68_3070,12228.622201220605
00bbac68_3071,12228.622201220605
00bbac68_3072,12228.52516557176
00bbac68_3073,12228.622201220605
00bbac68_3074,12228.622201220605
00bbac68_3075,12228.745129559593
00bbac68_3076,12228.828107674492
00bbac68_3077,12228.759549084669
00bbac68_3078,12228.622201220605
00bbac68_3079,12228.622201220605
00bbac68_3080,12228.535347864687
00bbac68_3081,12228.842485298816
00bbac68_3082,12228.842485298816
00bbac68_3083,12228.842485298816
00bbac68_3084,12228.842485298816
00bbac68_3085,12228.93952094766
00bbac68_3086,12229.148006267478
00bbac68_3087,12229.034245105307
00bbac68_3088,12228.842485298816
00bbac68_3089,12228.842485298816
00bbac68_3090,12229.148006267478
00bbac68_3091,12228.93952094766
00bbac68_3092,12229.034245105307
00bbac68_3093,12228.842485298816
00bbac68_3094,12228.842485298816
00bbac68_3095,12228.842485298816
00bbac68_3096,12228.852667591742
00bbac68_3097,12228.852667591742
00bbac68_3098,12228.852667591742
00bbac68_3099,12229.076868811724
00bbac68_3100,12229.034245105307
00bbac68_3101,12228.852667591742
00bbac68_3102,12229.034245105307
00bbac68_3103,12229.034245105307
00bbac68_3104,12229.034245105307
00bbac68_3105,12228.842485298816
00bbac68_3106,12228.925946324705
00bbac68_3107,12228.842485298816
00bbac68_3108,12228.93952094766
00bbac68_3109,12228.93952094766
00bbac68_3110,12229.296088442688
00bbac68_3111,12229.433436306752
00bbac68_3112,12229.497159738245
00bbac68_3113,12229.518053711314
00bbac68_3114,12229.250498316103
00bbac68_3115,12229.211940076972
00bbac68_3116,12229.199052793843
00bbac68_3117,12229.211940076972
00bbac68_3118,12229.282513819733
00bbac68_3119,12229.282513819733
00bbac68_3120,12229.282513819733
00bbac68_3121,12229.199052793843
00bbac68_3122,12229.282513819733
00bbac68_3123,12229.848036100526
00bbac68_3124,12229.848036100526
00bbac68_3125,12229.848036100526
00bbac68_3126,12229.848036100526
00bbac68_3127,12229.848036100526
00bbac68_3128,12229.848036100526
00bbac68_3129,12229.848036100526
00bbac68_3130,12229.848036100526
00bbac68_3131,12229.81440054587
00bbac68_3132,12229.747715234009
00bbac68_3133,12229.756184704751
00bbac68_3134,12229.81440054587
00bbac68_3135,12229.848036100526
00bbac68_3136,12229.848036100526
00bbac68_3137,12229.848036100526
00bbac68_3138,12230.259928264191
00bbac68_3139,12230.259928264191
00bbac68_3140,12230.273502887147
00bbac68_3141,12230.259928264191
00bbac68_3142,12230.259928264191
00bbac68_3143,12230.259928264191
00bbac68_3144,12230.168076868416
00bbac68_3145,12230.273502887147
00bbac68_3146,12230.168076868416
00bbac68_3147,12230.273502887147
00bbac68_3148,12230.273502887147
00bbac68_3149,12230.273502887147
00bbac68_3150,12230.226292709536
00bbac68_3151,12230.346005804935
00bbac68_3152,12230.393215982545
00bbac68_3153,12230.279320493073
00bbac68_3154,12230.279320493073
00bbac68_3155,12230.346005804935
00bbac68_3156,12230.279320493073
00bbac68_3157,12230.287789963817
00bbac68_3158,12230.279320493073
00bbac68_3159,12230.346005804935
00bbac68_3160,12230.287789963817
00bbac68_3161,12230.37964135959
00bbac68_3162,12230.287789963817
00bbac68_3163,12230.36707547362
00bbac68_3164,12230.47250149235
00bbac68_3165,12230.375465843505
00bbac68_3166,12230.388353126631
00bbac68_3167,12230.458926869394
00bbac68_3168,12230.388353126631
00bbac68_3169,12230.375465843505
00bbac68_3170,12230.375465843505
00bbac68_3171,12230.375465843505
00bbac68_3172,12230.375465843505
00bbac68_3173,12230.385648136431
00bbac68_3174,12230.47250149235
00bbac68_3175,12230.441431093244
00bbac68_3176,12230.357282727526
00bbac68_3177,12230.3443954444
00bbac68_3178,12230.536155250891
00bbac68_3179,12230.578778957308
00bbac68_3180,12230.441431093244
00bbac68_3181,12230.578778957308
00bbac68_3182,12230.567755801914
00bbac68_3183,12230.7736622558
00bbac68_3184,12230.7736622558
00bbac68_3185,12230.567755801914
00bbac68_3186,12230.824822463377
00bbac68_3187,12231.033307783195
00bbac68_3188,12230.824822463377
00bbac68_3189,12230.824822463377
00bbac68_3190,12231.030728917263
00bbac68_3191,12230.824822463377
00bbac68_3192,12230.824822463377
00bbac68_3193,12230.947750802366
00bbac68_3194,12231.026790494132
00bbac68_3195,12231.087121573619
00bbac68_3196,12231.026790494132
00bbac68_3197,12231.026790494132
00bbac68_3198,12231.026790494132
00bbac68_3199,12231.026790494132
00bbac68_3200,12231.27781013962
00bbac68_3201,12231.176997364466
00bbac68_3202,12231.176997364466
00bbac68_3203,12231.015511029378
00bbac68_3204,12231.221417483264
00bbac68_3205,12231.151374020395
00bbac68_3206,12231.176997364466
00bbac68_3207,12231.176997364466
00bbac68_3208,12231.176997364466
00bbac68_3209,12231.27781013962
00bbac68_3210,12231.138439368366
00bbac68_3211,12231.174906685728
00bbac68_3212,12231.015511029378
00bbac68_3213,12231.138439368366
00bbac68_3214,12231.121644941994
00bbac68_3215,12231.158112259356
00bbac68_3216,12231.121644941994
00bbac68_3217,12231.200684633759
00bbac68_3218,12231.261015713248
00bbac68_3219,12231.134579594021
00bbac68_3220,12231.121644941994
00bbac68_3221,12230.998716603006
00bbac68_3222,12231.158112259356
00bbac68_3223,12231.204623056892
00bbac68_3224,12231.204623056892
00bbac68_3225,12230.998716603006
00bbac68_3226,12231.200684633759
00bbac68_3227,12231.200684633759
00bbac68_3228,12231.134579594021
00bbac68_3229,12231.430026573345
00bbac68_3230,12231.533133084915
00bbac68_3231,12231.533133084915
00bbac68_3232,12231.373737428565
00bbac68_3233,12231.579643882451
00bbac68_3234,12231.533133084915
00bbac68_3235,12231.533133084915
00bbac68_3236,12231.373737428565
00bbac68_3237,12231.579643882451
00bbac68_3238,12231.579643882451
00bbac68_3239,12231.373737428565
00bbac68_3240,12231.579643882451
00bbac68_3241,12231.533133084915
00bbac68_3242,12231.496665767554
00bbac68_3243,12231.373737428565
00bbac68_3244,12231.579643882451
00bbac68_3245,12232.069771106571
00bbac68_3246,12232.069771106571
00bbac68_3247,12231.863864652685
00bbac68_3248,12231.863864652685
00bbac68_3249,12231.863864652685
00bbac68_3250,12232.069771106571
00bbac68_3251,12232.072349972503
00bbac68_3252,12231.863864652685
00bbac68_3253,12231.843243511577
00bbac68_3254,12231.867125272394
00bbac68_3255,12232.1598850822
00bbac68_3256,12232.1598850822
00bbac68_3257,12232.1598850822
00bbac68_3258,12232.1598850822
00bbac68_3259,12232.1598850822
00bbac68_3260,12232.1598850822
00bbac68_3261,12232.1598850822
00bbac68_3262,12232.1598850822
00bbac68_3263,12232.1598850822
00bbac68_3264,12232.1598850822
00bbac68_3265,12232.1598850822
00bbac68_3266,12232.162463948129
00bbac68_3267,12232.1598850822
00bbac68_3268,12232.0769069673
00bbac68_3269,12232.1598850822
00bbac68_3270,12232.1598850822
00bbac68_3271,12232.1598850822
00bbac68_3272,12232.091326492377
00bbac68_3273,12231.953978628311
00bbac68_3274,12232.1598850822
00bbac68_3275,12232.1598850822
00bbac68_3276,12232.175943896937
00bbac68_3277,12232.104090480574
00bbac68_3278,12232.22689836782
00bbac68_3279,12232.22689836782
00bbac68_3280,12232.335420780293
00bbac68_3281,12232.335420780293
00bbac68_3282,12232.129514326407
00bbac68_3283,12232.129514326407
00bbac68_3284,12232.335420780293
00bbac68_3285,12232.224238484054
00bbac68_3286,12232.224238484054
00bbac68_3287,12232.042660970488
00bbac68_3288,12232.129514326407
00bbac68_3289,12232.042660970488
00bbac68_3290,12232.129514326407
00bbac68_3291,12232.337999646224
00bbac68_3292,12232.337999646224
00bbac68_3293,12232.129514326407
00bbac68_3294,12232.032478677562
00bbac68_3295,12232.032478677562
00bbac68_3296,12232.224238484054
00bbac68_3297,12232.129514326407
00bbac68_3298,12232.453826508514
00bbac68_3299,12232.466713791642
00bbac68_3300,12232.537287534404
00bbac68_3301,12232.537287534404
00bbac68_3302,12232.550862157359
00bbac68_3303,12232.453826508514
00bbac68_3304,12232.537287534404
00bbac68_3305,12232.537287534404
00bbac68_3306,12232.537287534404
00bbac68_3307,12232.550862157359
00bbac68_3308,12232.537287534404
00bbac68_3309,12232.436966667887
00bbac68_3310,12232.436966667887
00bbac68_3311,12232.445436138629
00bbac68_3312,12232.537287534404
00bbac68_3313,12232.537287534404
00bbac68_3314,12232.537287534404
00bbac68_3315,12232.537287534404
00bbac68_3316,12233.5517354124
00bbac68_3317,12233.451414545883
00bbac68_3318,12233.459884016625
00bbac68_3319,12233.46827438651
00bbac68_3320,12233.46827438651
00bbac68_3321,12233.5517354124
00bbac68_3322,12233.550853053679
00bbac68_3323,12233.46827438651
00bbac68_3324,12233.46827438651
00bbac68_3325,12233.46827438651
00bbac68_3326,12233.675979169455
00bbac68_3327,12233.675979169455
00bbac68_3328,12233.675979169455
00bbac68_3329,12233.675979169455
00bbac68_3330,12233.675979169455
00bbac68_3331,12233.605405426692
00bbac68_3332,12233.675979169455
00bbac68_3333,12233.675979169455
00bbac68_3334,12233.605405426692
00bbac68_3335,12233.65828667394
00bbac68_3336,12233.65828667394
00bbac68_3337,12233.648104381014
00bbac68_3338,12233.648104381014
00bbac68_3339,12233.839864187506
00bbac68_3340,12233.839864187506
00bbac68_3341,12233.839864187506
00bbac68_3342,12233.65828667394
00bbac68_3343,12233.74514002986
00bbac68_3344,12233.882487893923
00bbac68_3345,12233.951046483746
00bbac68_3346,12233.839864187506
00bbac68_3347,12233.78890323217
00bbac68_3348,12233.799085525096
00bbac68_3349,12233.799085525096
00bbac68_3350,12233.799085525096
00bbac68_3351,12234.107904149638
00bbac68_3352,12234.0918453349
00bbac68_3353,12233.885938881014
00bbac68_3354,12234.0918453349
00bbac68_3355,12234.0918453349
00bbac68_3356,12234.0918453349
00bbac68_3357,12234.173459247355
00bbac68_3358,12233.967552793467
00bbac68_3359,12233.88069943755
00bbac68_3360,12233.967552793467
00bbac68_3361,12234.173459247355
00bbac68_3362,12234.173459247355
00bbac68_3363,12233.88069943755
00bbac68_3364,12234.062276951114
00bbac68_3365,12234.173459247355
00bbac68_3366,12234.173459247355
00bbac68_3367,12234.176038113284
00bbac68_3368,12234.062276951114
00bbac68_3369,12233.88069943755
00bbac68_3370,12234.062276951114
00bbac68_3371,12234.176038113284
00bbac68_3372,12233.88069943755
00bbac68_3373,12233.870517144622
00bbac68_3374,12233.88340442775
00bbac68_3375,12233.953978170512
00bbac68_3376,12233.870517144622
00bbac68_3377,12233.870517144622
00bbac68_3378,12233.870517144622
00bbac68_3379,12233.870517144622
00bbac68_3380,12233.953978170512
00bbac68_3381,12233.953978170512
00bbac68_3382,12233.953978170512
00bbac68_3383,12233.870517144622
00bbac68_3384,12233.870517144622
00bbac68_3385,12234.364006229103
00bbac68_3386,12234.364006229103
00bbac68_3387,12234.376893512232
00bbac68_3388,12234.447467254993
00bbac68_3389,12234.447467254993
00bbac68_3390,12234.447467254993
00bbac68_3391,12234.447467254993
00bbac68_3392,12234.447467254993
00bbac68_3393,12234.447467254993
00bbac68_3394,12234.447467254993
00bbac68_3395,12234.56966315477
00bbac68_3396,12234.56966315477
00bbac68_3397,12234.469342288252
00bbac68_3398,12234.518631703078
00bbac68_3399,12234.518631703078
00bbac68_3400,12234.518631703078
00bbac68_3401,12234.518631703078
00bbac68_3402,12234.518631703078
00bbac68_3403,12234.518631703078
00bbac68_3404,12234.518631703078
00bbac68_3405,12234.451946391217
00bbac68_3406,12234.451946391217
00bbac68_3407,12234.518631703078
00bbac68_3408,12234.518631703078
00bbac68_3409,12234.583237777726
00bbac68_3410,12234.583237777726
00bbac68_3411,12234.518631703078
00bbac68_3412,12234.46041586196
00bbac68_3413,12234.518631703078
00bbac68_3414,12234.518631703078
00bbac68_3415,12234.583237777726
00bbac68_3416,12234.513700561394
00bbac68_3417,12234.52402413208
00bbac68_3418,12236.628653570553
00bbac68_3419,12234.59540854281
00bbac68_3420,12234.522386802226
00bbac68_3421,12234.586992876873
00bbac68_3422,12234.58556680467
00bbac68_3423,12234.580635662986
00bbac68_3424,12234.58556680467
00bbac68_3425,12234.58556680467
00bbac68_3426,12234.650172879317
00bbac68_3427,12234.58556680467
00bbac68_3428,12234.527350963552
00bbac68_3429,12234.619202359325
00bbac68_3430,12234.650172879317
00bbac68_3431,12234.650172879317
00bbac68_3432,12234.650172879317
00bbac68_3433,12234.851631450756
00bbac68_3434,12234.820660930764
00bbac68_3435,12234.851631450756
00bbac68_3436,12234.720340064247
00bbac68_3437,12234.728809534989
00bbac68_3438,12234.728809534989
00bbac68_3439,12234.820660930764
00bbac68_3440,12234.820660930764
00bbac68_3441,12234.820660930764
00bbac68_3442,12234.820660930764
00bbac68_3443,12234.819778572044
00bbac68_3444,12234.850808726975
00bbac68_3445,12234.850808726975
00bbac68_3446,12234.784743598122
00bbac68_3447,12234.784743598122
00bbac68_3448,12234.784743598122
00bbac68_3449,12234.794925891048
00bbac68_3450,12234.784743598122
00bbac68_3451,12234.784743598122
00bbac68_3452,12234.784743598122
00bbac68_3453,12234.784743598122
00bbac68_3454,12234.797630881249
00bbac68_3455,12234.784743598122
00bbac68_3456,12234.881779246967
00bbac68_3457,12235.090264566783
00bbac68_3458,12235.090264566783
00bbac68_3459,12235.10374451559
00bbac68_3460,12235.087685700853
00bbac68_3461,12235.087685700853
00bbac68_3462,12235.090264566783
00bbac68_3463,12235.087685700853
00bbac68_3464,12235.087685700853
00bbac68_3465,12235.087685700853
00bbac68_3466,12235.087685700853
00bbac68_3467,12235.087685700853
00bbac68_3468,12235.087685700853
00bbac68_3469,12235.087685700853
00bbac68_3470,12235.087685700853
00bbac68_3471,12235.041174903317
00bbac68_3472,12235.004707585955
00bbac68_3473,12234.881779246967
00bbac68_3474,12235.087685700853
00bbac68_3475,12235.087685700853
00bbac68_3476,12235.087685700853
00bbac68_3477,12235.041174903317
00bbac68_3478,12235.041174903317
00bbac68_3479,12235.041174903317
00bbac68_3480,12235.041174903317
00bbac68_3481,12235.041174903317
00bbac68_3482,12235.116816502425
00bbac68_3483,12235.116816502425
00bbac68_3484,12235.080349185062
00bbac68_3485,12235.093283837092
00bbac68_3486,12235.15938887683
00bbac68_3487,12235.080349185062
00bbac68_3488,12235.116816502425
00bbac68_3489,12235.116816502425
00bbac68_3490,12235.080349185062
00bbac68_3491,12235.080349185062
00bbac68_3492,12235.080349185062
00bbac68_3493,12235.15938887683
00bbac68_3494,12235.280646071058
00bbac68_3495,12235.220314991571
00bbac68_3496,12235.141275299806
00bbac68_3497,12235.177742617168
00bbac68_3498,12235.224253414704
00bbac68_3499,12235.177742617168
00bbac68_3500,12235.224253414704
00bbac68_3501,12235.224253414704
00bbac68_3502,12235.224253414704
00bbac68_3503,12235.224253414704
00bbac68_3504,12235.224253414704
00bbac68_3505,12235.177742617168
00bbac68_3506,12235.018346960816
00bbac68_3507,12235.155694824882
00bbac68_3508,12235.224253414704
00bbac68_3509,12235.141275299806
00bbac68_3510,12235.220314991571
00bbac68_3511,12235.177742617168
00bbac68_3512,12235.224253414704
00bbac68_3513,12235.018346960816
00bbac68_3514,12235.224253414704
00bbac68_3515,12235.224253414704
00bbac68_3516,12235.018346960816
00bbac68_3517,12235.224253414704
00bbac68_3518,12235.224253414704
00bbac68_3519,12235.224253414704
00bbac68_3520,12235.177742617168
00bbac68_3521,12235.224253414704
00bbac68_3522,12235.224253414704
00bbac68_3523,12235.224253414704
00bbac68_3524,12235.224253414704
00bbac68_3525,12235.018346960816
00bbac68_3526,12235.018346960816
00bbac68_3527,12235.018346960816
00bbac68_3528,12235.219418256373
00bbac68_3529,12235.148611815595
00bbac68_3530,12235.148611815595
00bbac68_3531,12235.148611815595
00bbac68_3532,12235.148611815595
00bbac68_3533,12235.148611815595
00bbac68_3534,12235.148611815595
00bbac68_3535,12235.148611815595
00bbac68_3536,12235.080053225773
00bbac68_3537,12235.037429519356
00bbac68_3538,12235.037429519356
00bbac68_3539,12235.080053225773
00bbac68_3540,12235.080053225773
00bbac68_3541,12234.94270536171
00bbac68_3542,12235.151190681527
00bbac68_3543,12235.080053225773
00bbac68_3544,12234.85585200579
00bbac68_3545,12234.845669712864
00bbac68_3546,12234.85855699599
00bbac68_3547,12234.85855699599
00bbac68_3548,12234.911734841717
00bbac68_3549,12234.911734841717
00bbac68_3550,12234.911734841717
00bbac68_3551,12234.911734841717
00bbac68_3552,12234.911734841717
00bbac68_3553,12234.911734841717
00bbac68_3554,12234.911734841717
00bbac68_3555,12234.845669712864
00bbac68_3556,12234.94270536171
00bbac68_3557,12234.930801591943
00bbac68_3558,12234.878099287062
00bbac68_3559,12234.819883445944
00bbac68_3560,12234.911734841717
00bbac68_3561,12234.819883445944
00bbac68_3562,12234.911734841717
00bbac68_3563,12234.911734841717
00bbac68_3564,12234.845669712864
00bbac68_3565,12234.911734841717
00bbac68_3566,12234.900684339636
00bbac68_3567,12234.992535735411
00bbac68_3568,12234.992535735411
00bbac68_3569,12234.992535735411
00bbac68_3570,12234.992535735411
00bbac68_3571,12234.992535735411
00bbac68_3572,12234.900684339636
00bbac68_3573,12234.953969039072
00bbac68_3574,12234.958900180754
00bbac68_3575,12234.958900180754
00bbac68_3576,12234.953969039072
00bbac68_3577,12234.953969039072
00bbac68_3578,12234.953969039072
00bbac68_3579,12234.958900180754
00bbac68_3580,12234.958900180754
00bbac68_3581,12234.958900180754
00bbac68_3582,12234.958900180754
00bbac68_3583,12234.958900180754
00bbac68_3584,12234.958900180754
00bbac68_3585,12234.900684339636
00bbac68_3586,12234.958900180754
00bbac68_3587,12234.953969039072
00bbac68_3588,12234.953969039072
00bbac68_3589,12234.900684339636
00bbac68_3590,12234.860752423298
00bbac68_3591,12234.855821281615
00bbac68_3592,12234.925358497945
00bbac68_3593,12234.866144852302
00bbac68_3594,12234.860752423298
00bbac68_3595,12234.860752423298
00bbac68_3596,12234.860752423298
00bbac68_3597,12234.855821281615
00bbac68_3598,12235.615905051895
00bbac68_3599,12235.61097391021
00bbac68_3600,12237.020806779476
00bbac68_3601,12235.61097391021
00bbac68_3602,12235.61097391021
00bbac68_3603,12235.615905051895
00bbac68_3604,12235.615905051895
00bbac68_3605,12235.615905051895
00bbac68_3606,12235.61097391021
00bbac68_3607,12235.615905051895
00bbac68_3608,12235.615905051895
00bbac68_3609,12235.61097391021
00bbac68_3610,12235.658689563134
00bbac68_3611,12235.658689563134
00bbac68_3612,12235.663620704816
00bbac68_3613,12235.663620704816
00bbac68_3614,12235.739683027583
00bbac68_3615,12235.61750111133
00bbac68_3616,12235.61750111133
00bbac68_3617,12235.739683027583
00bbac68_3618,12235.739683027583
00bbac68_3619,12235.7347518859
00bbac68_3620,12235.7347518859
00bbac68_3621,12235.7347518859
00bbac68_3622,12235.739683027583
00bbac68_3623,12235.625970582074
00bbac68_3624,12235.61750111133
00bbac68_3625,12235.739683027583
00bbac68_3626,12235.61750111133
00bbac68_3627,12235.739683027583
00bbac68_3628,12235.7347518859
00bbac68_3629,12235.66625049363
00bbac68_3630,12235.255503334667
00bbac68_3631,12235.255503334667
00bbac68_3632,12235.255503334667
00bbac68_3633,12235.250572192985
00bbac68_3634,12235.250572192985
00bbac68_3635,12235.250572192985
00bbac68_3636,12235.260895763671
00bbac68_3637,12235.260895763671
00bbac68_3638,12235.257676489939
00bbac68_3639,12235.179865706104
00bbac68_3640,12235.257676489939
00bbac68_3641,12235.257676489939
00bbac68_3642,12235.257676489939
00bbac68_3643,12235.257676489939
00bbac68_3644,12235.179865706104
00bbac68_3645,12235.262607631623
00bbac68_3646,12235.262607631623
00bbac68_3647,12235.179865706104
00bbac68_3648,12235.262607631623
00bbac68_3649,12235.257676489939
00bbac68_3650,12235.257676489939
00bbac68_3651,12235.262607631623
00bbac68_3652,12235.262607631623
00bbac68_3653,12235.262607631623
00bbac68_3654,12235.262607631623
00bbac68_3655,12235.262607631623
00bbac68_3656,12235.257676489939
00bbac68_3657,12235.179865706104
00bbac68_3658,12235.207080910364
00bbac68_3659,12235.212012052047
00bbac68_3660,12235.212012052047
00bbac68_3661,12235.207080910364
00bbac68_3662,12235.207080910364
00bbac68_3663,12235.212012052047
00bbac68_3664,12235.212012052047
00bbac68_3665,12235.207080910364
00bbac68_3666,12235.207080910364
00bbac68_3667,12235.129270126528
00bbac68_3668,12235.089830135794
00bbac68_3669,12235.212012052047
00bbac68_3670,12235.207080910364
00bbac68_3671,12235.138173775289
00bbac68_3672,12235.143104916973
00bbac68_3673,12235.143104916973
00bbac68_3674,12235.143104916973
00bbac68_3675,12235.143104916973
00bbac68_3676,12235.060362991455
00bbac68_3677,12236.548006644554
00bbac68_3678,12235.148497345976
00bbac68_3679,12235.138173775289
00bbac68_3680,12235.138173775289
00bbac68_3681,12235.143104916973
00bbac68_3682,12235.233759738303
00bbac68_3683,12235.151017812785
00bbac68_3684,12235.239152167307
00bbac68_3685,12235.22882859662
00bbac68_3686,12235.233759738303
00bbac68_3687,12235.233759738303
00bbac68_3688,12235.233759738303
00bbac68_3689,12235.233759738303
00bbac68_3690,12235.239152167307
00bbac68_3691,12236.638661465886
00bbac68_3692,12235.233759738303
00bbac68_3693,12235.11157782205
00bbac68_3694,12235.233759738303
00bbac68_3695,12235.151017812785
00bbac68_3696,12235.120047292794
00bbac68_3697,12235.11157782205
00bbac68_3698,12235.22882859662
00bbac68_3699,12235.239152167307
00bbac68_3700,12235.22882859662
00bbac68_3701,12235.120047292794
00bbac68_3702,12235.11157782205
00bbac68_3703,12235.233759738303
00bbac68_3704,12235.11157782205
00bbac68_3705,12235.064461055345
00bbac68_3706,12235.064461055345
00bbac68_3707,12235.064461055345
00bbac68_3708,12235.064461055345
00bbac68_3709,12235.064461055345
00bbac68_3710,12235.064461055345
00bbac68_3711,12235.064461055345
00bbac68_3712,12235.095431575337
00bbac68_3713,12235.178173500855
00bbac68_3714,12235.178173500855
00bbac68_3715,12235.095431575337
00bbac68_3716,12235.011283209618
00bbac68_3717,12235.064461055345
00bbac68_3718,12235.064461055345
00bbac68_3719,12235.095431575337
00bbac68_3720,12235.095431575337
00bbac68_3721,12235.095431575337
00bbac68_3722,12235.095431575337
00bbac68_3723,12235.095431575337
00bbac68_3724,12235.095431575337
00bbac68_3725,12235.064461055345
00bbac68_3726,12235.064461055345
00bbac68_3727,12235.064461055345
00bbac68_3728,12235.064461055345
00bbac68_3729,12235.064461055345
00bbac68_3730,12233.909277164556
00bbac68_3731,12233.909277164556
00bbac68_3732,12233.909277164556
00bbac68_3733,12234.022989610066
00bbac68_3734,12233.940247684548
00bbac68_3735,12234.018058468382
00bbac68_3736,12233.900807693813
00bbac68_3737,12233.909277164556
00bbac68_3738,12233.900807693813
00bbac68_3739,12234.022989610066
00bbac68_3740,12233.909277164556
00bbac68_3741,12233.843212035703
00bbac68_3742,12233.843212035703
00bbac68_3743,12233.85609931883
00bbac68_3744,12233.940247684548
00bbac68_3745,12233.940247684548
00bbac68_3746,12233.909277164556
00bbac68_3747,12233.909277164556
00bbac68_3748,12233.940247684548
00bbac68_3749,12233.85609931883
00bbac68_3750,12233.909277164556
00bbac68_3751,12233.909277164556
00bbac68_3752,12233.909277164556
00bbac68_3753,12233.487929333603
00bbac68_3754,12233.460247089737
00bbac68_3755,12233.49121760973
00bbac68_3756,12233.394181960884
00bbac68_3757,12233.40436425381
00bbac68_3758,12233.551254199778
00bbac68_3759,12233.551254199778
00bbac68_3760,12233.46440084386
00bbac68_3761,12233.551254199778
00bbac68_3762,12233.551254199778
00bbac68_3763,12233.454218550934
00bbac68_3764,12233.454218550934
00bbac68_3765,12233.551254199778
00bbac68_3766,12233.551254199778
00bbac68_3767,12233.454218550934
00bbac68_3768,12233.454218550934
00bbac68_3769,12233.551254199778
00bbac68_3770,12233.46440084386
00bbac68_3771,12233.64021198423
00bbac68_3772,12233.6658353283
00bbac68_3773,12233.557312915826
00bbac68_3774,12233.442731787305
00bbac68_3775,12233.648638241191
00bbac68_3776,12233.664697055929
00bbac68_3777,12233.500117575424
00bbac68_3778,12233.70602402931
00bbac68_3779,12233.70602402931
00bbac68_3780,12233.708602895242
00bbac68_3781,12233.413264219505
00bbac68_3782,12233.403081926579
00bbac68_3783,12233.413264219505
00bbac68_3784,12233.500117575424
00bbac68_3785,12233.708602895242
00bbac68_3786,12233.70602402931
00bbac68_3787,12233.70602402931
00bbac68_3788,12233.70602402931
00bbac68_3789,12233.70602402931
00bbac68_3790,12233.70602402931
00bbac68_3791,12233.70602402931
00bbac68_3792,12233.70602402931
00bbac68_3793,12233.580358787756
00bbac68_3794,12233.469147055432
00bbac68_3795,12233.469147055432
00bbac68_3796,12233.413264219505
00bbac68_3797,12233.70602402931
00bbac68_3798,12233.70602402931
00bbac68_3799,12233.70602402931
00bbac68_3800,12233.70602402931
00bbac68_3801,12233.500117575424
00bbac68_3802,12233.70602402931
00bbac68_3803,12233.500117575424
00bbac68_3804,12233.500117575424
00bbac68_3805,12233.614698703946
00bbac68_3806,12233.614698703946
00bbac68_3807,12233.7155114791
00bbac68_3808,12233.70602402931
00bbac68_3809,12233.70602402931
00bbac68_3810,12233.70602402931
00bbac68_3811,12233.70602402931
00bbac68_3812,12233.500117575424
00bbac68_3813,12233.70602402931
00bbac68_3814,12233.70602402931
00bbac68_3815,12233.70602402931
00bbac68_3816,12233.70602402931
00bbac68_3817,12233.70602402931
00bbac68_3818,12233.70602402931
00bbac68_3819,12233.500117575424
00bbac68_3820,12233.708602895242
00bbac68_3821,12233.72208284405
00bbac68_3822,12233.70602402931
00bbac68_3823,12233.216938924488
00bbac68_3824,12233.216938924488
00bbac68_3825,12233.275981338744
00bbac68_3826,12233.275981338744
00bbac68_3827,12233.275981338744
00bbac68_3828,12233.292040153481
00bbac68_3829,12232.973039236012
00bbac68_3830,12232.973039236012
00bbac68_3831,12233.292040153481
00bbac68_3832,12233.275981338744
00bbac68_3833,12233.275981338744
00bbac68_3834,12233.164799042504
00bbac68_3835,12233.070074884858
00bbac68_3836,12233.207422748921
00bbac68_3837,12232.973039236012
00bbac68_3838,12233.070074884858
00bbac68_3839,12233.278560204673
00bbac68_3840,12233.164799042504
00bbac68_3841,12233.070074884858
00bbac68_3842,12232.983221528939
00bbac68_3843,12233.164799042504
00bbac68_3844,12233.070074884858
00bbac68_3845,12232.983221528939
00bbac68_3846,12232.973039236012
00bbac68_3847,12232.973039236012
00bbac68_3848,12232.973039236012
00bbac68_3849,12233.207422748921
00bbac68_3850,12233.292040153481
00bbac68_3851,12233.070074884858
00bbac68_3852,12233.070074884858
00bbac68_3853,12232.968904827003
00bbac68_3854,12232.750015431084
00bbac68_3855,12232.750015431084
00bbac68_3856,12232.95592188497
00bbac68_3857,12232.84473958873
00bbac68_3858,12232.719044911091
00bbac68_3859,12232.719044911091
00bbac68_3860,12232.652979782239
00bbac68_3861,12232.719044911091
00bbac68_3862,12232.719044911091
00bbac68_3863,12232.719044911091
00bbac68_3864,12232.652979782239
00bbac68_3865,12232.719044911091
00bbac68_3866,12232.719044911091
00bbac68_3867,12232.719044911091
00bbac68_3868,12232.719044911091
00bbac68_3869,12232.663162075165
00bbac68_3870,12232.699131609426
00bbac68_3871,12232.468467354418
00bbac68_3872,12232.468467354418
00bbac68_3873,12232.468467354418
00bbac68_3874,12232.468467354418
00bbac68_3875,12232.692668574398
00bbac68_3876,12232.650044867982
00bbac68_3877,12232.555320710335
00bbac68_3878,12232.555320710335
00bbac68_3879,12232.45828506149
00bbac68_3880,12232.524350190344
00bbac68_3881,12232.4636072487
00bbac68_3882,12232.45828506149
00bbac68_3883,12232.763806030152
00bbac68_3884,12232.555320710335
00bbac68_3885,12232.555320710335
00bbac68_3886,12232.555320710335
00bbac68_3887,12232.524350190344
00bbac68_3888,12232.524350190344
00bbac68_3889,12232.45828506149
00bbac68_3890,12232.468467354418
00bbac68_3891,12232.475079487864
00bbac68_3892,12232.48526178079
00bbac68_3893,12232.475079487864
00bbac68_3894,12232.48526178079
00bbac68_3895,12232.778021590595
00bbac68_3896,12232.778021590595
00bbac68_3897,12232.48796677099
00bbac68_3898,12232.475079487864
00bbac68_3899,12232.48526178079
00bbac68_3900,12232.778021590595
00bbac68_3901,12232.778021590595
00bbac68_3902,12232.475079487864
00bbac68_3903,12232.526525010124
00bbac68_3904,12232.541144616716
00bbac68_3905,12232.572115136709
00bbac68_3906,12232.475079487864
00bbac68_3907,12232.541144616716
00bbac68_3908,12232.541144616716
00bbac68_3909,12232.541144616716
00bbac68_3910,12232.541144616716
00bbac68_3911,12232.541144616716
00bbac68_3912,12232.541144616716
00bbac68_3913,12232.541144616716
00bbac68_3914,12232.541144616716
00bbac68_3915,12232.480401675073
00bbac68_3916,12232.475079487864
00bbac68_3917,12232.654336515661
00bbac68_3918,12232.654336515661
00bbac68_3919,12232.601158669935
00bbac68_3920,12232.588271386807
00bbac68_3921,12232.588271386807
00bbac68_3922,12232.598453679735
00bbac68_3923,12232.685307035652
00bbac68_3924,12232.588271386807
00bbac68_3925,12232.46364794966
00bbac68_3926,12232.449028343068
00bbac68_3927,12232.397582820808
00bbac68_3928,12232.407765113734
00bbac68_3929,12232.589342627298
00bbac68_3930,12232.589342627298
00bbac68_3931,12232.494618469651
00bbac68_3932,12232.574859681985
00bbac68_3933,12232.631966333716
00bbac68_3934,12232.631966333716
00bbac68_3935,12232.568570581416
00bbac68_3936,12232.47153493257
00bbac68_3937,12232.47153493257
00bbac68_3938,12232.47153493257
00bbac68_3939,12232.568570581416
00bbac68_3940,12232.524562209366
00bbac68_3941,12232.761439183245
00bbac68_3942,12232.67011385788
00bbac68_3943,12232.67011385788
00bbac68_3944,12232.714928385709
00bbac68_3945,12232.458497080514
00bbac68_3946,12232.555532729359
00bbac68_3947,12232.458497080514
00bbac68_3948,12232.555532729359
00bbac68_3949,12232.555532729359
00bbac68_3950,12232.761439183245
00bbac68_3951,12232.555532729359
00bbac68_3952,12232.555532729359
00bbac68_3953,12232.555532729359
00bbac68_3954,12232.334444831293
00bbac68_3955,12232.334444831293
00bbac68_3956,12232.334444831293
00bbac68_3957,12232.334444831293
00bbac68_3958,12232.334444831293
00bbac68_3959,12232.237409182448
00bbac68_3960,12232.237409182448
00bbac68_3961,12232.237409182448
00bbac68_3962,12232.237409182448
00bbac68_3963,12232.247591475374
00bbac68_3964,12232.326580189238
00bbac68_3965,12232.326580189238
00bbac68_3966,12232.212819027067
00bbac68_3967,12232.11809486942
00bbac68_3968,12232.11809486942
00bbac68_3969,12232.212819027067
00bbac68_3970,12232.326580189238
00bbac68_3971,12232.255442733484
00bbac68_3972,12232.212819027067
00bbac68_3973,12232.11809486942
00bbac68_3974,12232.326580189238
00bbac68_3975,12232.324001323306
00bbac68_3976,12232.236352365906
00bbac68_3977,12232.236352365906
00bbac68_3978,12232.167793776083
00bbac68_3979,12232.125170069665
00bbac68_3980,12232.030445912018
00bbac68_3981,12232.238931231836
00bbac68_3982,12232.101692300123
00bbac68_3983,12232.101692300123
00bbac68_3984,12232.101692300123
00bbac68_3985,12232.307598754009
00bbac68_3986,12232.307598754009
00bbac68_3987,12232.307598754009
00bbac68_3988,12232.434047863766
00bbac68_3989,12232.327700725857
00bbac68_3990,12232.441461888027
00bbac68_3991,12232.438883022098
00bbac68_3992,12232.438883022098
00bbac68_3993,12232.438883022098
00bbac68_3994,12232.438883022098
00bbac68_3995,12232.438883022098
00bbac68_3996,12232.392372224562
00bbac68_3997,12232.23297656821
00bbac68_3998,12232.438883022098
00bbac68_3999,12232.441461888027
00bbac68_4000,12232.327700725857
00bbac68_4001,12232.29778520692
00bbac68_4002,12232.29520634099
00bbac68_4003,12232.089299887102
00bbac68_4004,12232.089299887102
00bbac68_4005,12232.089299887102
00bbac68_4006,12232.002446531185
00bbac68_4007,12232.18402404475
00bbac68_4008,12232.226647751168
00bbac68_4009,12232.089299887102
00bbac68_4010,12232.089299887102
00bbac68_4011,12232.089299887102
00bbac68_4012,12232.090675842011
00bbac68_4013,12232.296582295898
00bbac68_4014,12232.296582295898
00bbac68_4015,12232.296582295898
00bbac68_4016,12232.090675842011
00bbac68_4017,12232.296582295898
00bbac68_4018,12232.090675842011
00bbac68_4019,12232.296582295898
00bbac68_4020,12232.296582295898
00bbac68_4021,12232.296582295898
00bbac68_4022,12232.296582295898
00bbac68_4023,12232.296582295898
00bbac68_4024,12232.296582295898
00bbac68_4025,12232.090675842011
00bbac68_4026,12232.090675842011
00bbac68_4027,12232.171076411807
00bbac68_4028,12232.171076411807
00bbac68_4029,12232.171076411807
00bbac68_4030,12231.826123921837
00bbac68_4031,12231.780533795252
00bbac68_4032,12231.73927056592
00bbac68_4033,12232.032030375725
00bbac68_4034,12232.032030375725
00bbac68_4035,12231.611120167074
00bbac68_4036,12231.81702662096
00bbac68_4037,12231.81702662096
00bbac68_4038,12231.748468031137
00bbac68_4039,12231.524266811155
00bbac68_4040,12231.611120167074
00bbac68_4041,12231.611120167074
00bbac68_4042,12231.920339438338
00bbac68_4043,12231.873828640802
00bbac68_4044,12231.920339438338
00bbac68_4045,12231.714432984452
00bbac68_4046,12231.922918304268
00bbac68_4047,12231.920339438338
00bbac68_4048,12231.920339438338
00bbac68_4049,12231.873828640802
00bbac68_4050,12231.714432984452
00bbac68_4051,12231.920339438338
00bbac68_4052,12231.920339438338
00bbac68_4053,12231.714432984452
00bbac68_4054,12231.920339438338
00bbac68_4055,12231.920339438338
00bbac68_4056,12231.920339438338
00bbac68_4057,12231.920339438338
00bbac68_4058,12231.920339438338
00bbac68_4059,12231.18414863683
00bbac68_4060,12231.002571123265
00bbac68_4061,12231.226772343247
00bbac68_4062,12231.29533093307
00bbac68_4063,12231.29533093307
00bbac68_4064,12231.29533093307
00bbac68_4065,12231.29533093307
00bbac68_4066,12231.29533093307
00bbac68_4067,12231.29533093307
00bbac68_4068,12231.290495774738
00bbac68_4069,12231.29533093307
00bbac68_4070,12231.29533093307
00bbac68_4071,12231.29533093307
00bbac68_4072,12231.29533093307
00bbac68_4073,12231.311389747807
00bbac68_4074,12231.29533093307
00bbac68_4075,12231.29533093307
00bbac68_4076,12231.29533093307
00bbac68_4077,12231.311389747807
00bbac68_4078,12231.29533093307
00bbac68_4079,12231.29533093307
00bbac68_4080,12231.29533093307
00bbac68_4081,12231.29533093307
00bbac68_4082,12231.29533093307
00bbac68_4083,12231.29533093307
00bbac68_4084,12231.29533093307
00bbac68_4085,12231.29533093307
00bbac68_4086,12231.089424479183
00bbac68_4087,12231.297909799
00bbac68_4088,12231.089424479183
00bbac68_4089,12231.089424479183
00bbac68_4090,12231.089424479183
00bbac68_4091,12231.089424479183
00bbac68_4092,12231.18414863683
00bbac68_4093,12231.297909799
00bbac68_4094,12231.262713501106
00bbac68_4095,12231.194154911283
00bbac68_4096,12230.91764085407
00bbac68_4097,12230.91764085407
00bbac68_4098,12231.05680704722
00bbac68_4099,12231.194154911283
00bbac68_4100,12231.151531204867
00bbac68_4101,12230.91764085407
00bbac68_4102,12230.91764085407
00bbac68_4103,12230.969953691301
00bbac68_4104,12230.969953691301
00bbac68_4105,12230.959771398375
00bbac68_4106,12231.05680704722
00bbac68_4107,12231.194154911283
00bbac68_4108,12230.91764085407
00bbac68_4109,12230.930528137196
00bbac68_4110,12230.969953691301
00bbac68_4111,12230.969953691301
00bbac68_4112,12230.91764085407
00bbac68_4113,12230.969953691301
00bbac68_4114,12231.265292367038
00bbac68_4115,12231.05680704722
00bbac68_4116,12230.91764085407
00bbac68_4117,12230.405506663124
00bbac68_4118,12230.613991982942
00bbac68_4119,12230.627471931748
00bbac68_4120,12230.500230820771
00bbac68_4121,12230.266340469974
00bbac68_4122,12230.405506663124
00bbac68_4123,12230.405506663124
00bbac68_4124,12230.500230820771
00bbac68_4125,12230.405506663124
00bbac68_4126,12230.500230820771
00bbac68_4127,12230.405506663124
00bbac68_4128,12230.026731628705
00bbac68_4129,12229.974418791473
00bbac68_4130,12230.113584984621
00bbac68_4131,12230.026731628705
00bbac68_4132,12230.208309142268
00bbac68_4133,12230.31949143851
00bbac68_4134,12230.322070304439
00bbac68_4135,12230.113584984621
00bbac68_4136,12230.113584984621
00bbac68_4137,12230.026731628705
00bbac68_4138,12230.113584984621
00bbac68_4139,12230.026731628705
00bbac68_4140,12230.113584984621
00bbac68_4141,12230.040483920326
00bbac68_4142,12230.040483920326
00bbac68_4143,12230.016549335778
00bbac68_4144,12230.026731628705
00bbac68_4145,12230.026731628705
00bbac68_4146,12230.220206638622
00bbac68_4147,12230.262830345038
00bbac68_4148,12230.125482480975
00bbac68_4149,12230.125482480975
00bbac68_4150,12230.220206638622
00bbac68_4151,12230.220206638622
00bbac68_4152,12230.153741309934
00bbac68_4153,12230.153741309934
00bbac68_4154,12230.066887954015
00bbac68_4155,12230.153741309934
00bbac68_4156,12231.013527013847
00bbac68_4157,12230.35964776382
00bbac68_4158,12231.010948147916
00bbac68_4159,12230.942389558093
00bbac68_4160,12230.80504169403
00bbac68_4161,12230.80504169403
00bbac68_4162,12230.899765851676
00bbac68_4163,12230.942389558093
00bbac68_4164,12231.027006962653
00bbac68_4165,12231.013527013847
00bbac68_4166,12230.885282906362
00bbac68_4167,12231.027006962653
00bbac68_4168,12231.010948147916
00bbac68_4169,12231.010948147916
00bbac68_4170,12230.80504169403
00bbac68_4171,12230.80504169403
00bbac68_4172,12230.80504169403
00bbac68_4173,12231.010948147916
00bbac68_4174,12231.010948147916
00bbac68_4175,12231.006112989584
00bbac68_4176,12231.013527013847
00bbac68_4177,12231.010948147916
00bbac68_4178,12231.010948147916
00bbac68_4179,12230.80504169403
00bbac68_4180,12231.010948147916
00bbac68_4181,12231.010948147916
00bbac68_4182,12231.010948147916
00bbac68_4183,12230.96443735038
00bbac68_4184,12230.96443735038
00bbac68_4185,12231.010948147916
00bbac68_4186,12231.010948147916
00bbac68_4187,12231.010948147916
00bbac68_4188,12231.010948147916
00bbac68_4189,12231.010948147916
00bbac68_4190,12230.80504169403
00bbac68_4191,12231.010948147916
00bbac68_4192,12231.010948147916
00bbac68_4193,12230.80504169403
00bbac68_4194,12231.010948147916
00bbac68_4195,12231.010948147916
00bbac68_4196,12231.010948147916
00bbac68_4197,12231.013527013847
00bbac68_4198,12230.80504169403
00bbac68_4199,12230.80504169403
00bbac68_4200,12231.010948147916
00bbac68_4201,12231.010948147916
00bbac68_4202,12231.010948147916
00bbac68_4203,12231.010948147916
00bbac68_4204,12231.010948147916
00bbac68_4205,12231.013527013847
00bbac68_4206,12231.010948147916
00bbac68_4207,12231.010948147916
00bbac68_4208,12231.010948147916
00bbac68_4209,12231.010948147916
00bbac68_4210,12230.80504169403
00bbac68_4211,12230.80504169403
00bbac68_4212,12230.80504169403
00bbac68_4213,12230.96443735038
00bbac68_4214,12230.743638481958
00bbac68_4215,12230.743638481958
00bbac68_4216,12230.96443735038
00bbac68_4217,12231.013527013847
00bbac68_4218,12230.899765851676
00bbac68_4219,12231.027006962653
00bbac68_4220,12231.010948147916
00bbac68_4221,12231.010948147916
00bbac68_4222,12231.01519771819
00bbac68_4223,12231.01519771819
00bbac68_4224,12231.01519771819
00bbac68_4225,12231.01519771819
00bbac68_4226,12231.01519771819
00bbac68_4227,12231.01519771819
00bbac68_4228,12231.01519771819
00bbac68_4229,12231.01519771819
00bbac68_4230,12231.01519771819
00bbac68_4231,12230.809291264304
00bbac68_4232,12230.670125071154
00bbac68_4233,12231.01519771819
00bbac68_4234,12231.703767572344
00bbac68_4235,12231.703767572344
00bbac68_4236,12231.703767572344
00bbac68_4237,12231.703767572344
00bbac68_4238,12231.703767572344
00bbac68_4239,12231.703767572344
00bbac68_4240,12231.703767572344
00bbac68_4241,12231.703767572344
00bbac68_4242,12231.703767572344
00bbac68_4243,12231.703767572344
00bbac68_4244,12231.703767572344
00bbac68_4245,12231.703767572344
00bbac68_4246,12231.703767572344
00bbac68_4247,12231.706346438275
00bbac68_4248,12231.719826387081
00bbac68_4249,12231.497861118458
00bbac68_4250,12231.703767572344
00bbac68_4251,12231.703767572344
00bbac68_4252,12231.703767572344
00bbac68_4253,12231.703767572344
00bbac68_4254,12231.703767572344
00bbac68_4255,12231.703767572344
00bbac68_4256,12231.635208982521
00bbac68_4257,12231.719826387081
00bbac68_4258,12231.706346438275
00bbac68_4259,12231.698932414012
00bbac68_4260,12231.703767572344
00bbac68_4261,12231.703767572344
00bbac68_4262,12231.703767572344
00bbac68_4263,12231.592585276105
00bbac68_4264,12231.698932414012
00bbac68_4265,12231.703767572344
00bbac68_4266,12231.607934607768
00bbac68_4267,12231.402028153881
00bbac68_4268,12231.315174797963
00bbac68_4269,12231.262861960731
00bbac68_4270,12231.402028153881
00bbac68_4271,12231.496752311528
00bbac68_4272,12231.402028153881
00bbac68_4273,12231.315174797963
00bbac68_4274,12231.315174797963
00bbac68_4275,12231.315174797963
00bbac68_4276,12231.262861960731
00bbac68_4277,12231.262861960731
00bbac68_4278,12231.275749243858
00bbac68_4279,12231.262861960731
00bbac68_4280,12231.496752311528
00bbac68_4281,12231.607934607768
00bbac68_4282,12231.607934607768
00bbac68_4283,12231.607934607768
00bbac68_4284,12231.402028153881
00bbac68_4285,12231.402028153881
00bbac68_4286,12231.402028153881
00bbac68_4287,12231.402028153881
00bbac68_4288,12231.496752311528
00bbac68_4289,12231.539376017945
00bbac68_4290,12231.402028153881
00bbac68_4291,12231.607934607768
00bbac68_4292,12231.607934607768
00bbac68_4293,12231.402028153881
00bbac68_4294,12231.402028153881
00bbac68_4295,12231.496752311528
00bbac68_4296,12231.402028153881
00bbac68_4297,12231.402028153881
00bbac68_4298,12231.610513473699
00bbac68_4299,12231.539376017945
00bbac68_4300,12231.402028153881
00bbac68_4301,12231.402028153881
00bbac68_4302,12231.315174797963
00bbac68_4303,12231.262861960731
00bbac68_4304,12231.402028153881
00bbac68_4305,12231.402028153881
00bbac68_4306,12231.561423810232
00bbac68_4307,12231.607934607768
00bbac68_4308,12231.262861960731
00bbac68_4309,12231.328927089584
00bbac68_4310,12231.402028153881
00bbac68_4311,12231.442639535093
00bbac68_4312,12231.328927089584
00bbac68_4313,12231.402028153881
00bbac68_4314,12231.262861960731
00bbac68_4315,12231.496752311528
00bbac68_4316,12231.607934607768
00bbac68_4317,12231.539376017945
00bbac68_4318,12231.262861960731
00bbac68_4319,12231.06004181854
00bbac68_4320,12231.19920801169
00bbac68_4321,12231.293932169337
00bbac68_4322,12231.336555875754
00bbac68_4323,12231.405114465579
00bbac68_4324,12231.405114465579
00bbac68_4325,12231.407693331508
00bbac68_4326,12231.407693331508
00bbac68_4327,12231.405114465579
00bbac68_4328,12231.293932169337
00bbac68_4329,12231.336555875754
00bbac68_4330,12231.405114465579
00bbac68_4331,12231.405114465579
00bbac68_4332,12231.405114465579
00bbac68_4333,12231.407693331508
00bbac68_4334,12231.400279307247
00bbac68_4335,12231.405114465579
00bbac68_4336,12231.405114465579
00bbac68_4337,12231.405114465579
00bbac68_4338,12231.421173280316
00bbac68_4339,12231.400279307247
00bbac68_4340,12231.405114465579
00bbac68_4341,12231.405114465579
00bbac68_4342,12231.109508826936
00bbac68_4343,12230.903602373048
00bbac68_4344,12231.109508826936
00bbac68_4345,12230.903602373048
00bbac68_4346,12231.109508826936
00bbac68_4347,12231.109508826936
00bbac68_4348,12231.109508826936
00bbac68_4349,12231.109508826936
00bbac68_4350,12231.109508826936
00bbac68_4351,12231.0629980294
00bbac68_4352,12231.109508826936
00bbac68_4353,12231.109508826936
00bbac68_4354,12231.109508826936
00bbac68_4355,12231.109508826936
00bbac68_4356,12231.125567641673
00bbac68_4357,12231.109508826936
00bbac68_4358,12231.109508826936
00bbac68_4359,12231.109508826936
00bbac68_4360,12231.109508826936
00bbac68_4361,12231.109508826936
00bbac68_4362,12231.040950237113
00bbac68_4363,12231.109508826936
00bbac68_4364,12231.109508826936
00bbac68_4365,12231.109508826936
00bbac68_4366,12230.903602373048
00bbac68_4367,12231.040950237113
00bbac68_4368,12231.040950237113
00bbac68_4369,12231.109508826936
00bbac68_4370,12231.109508826936
00bbac68_4371,12230.998326530695
00bbac68_4372,12231.040950237113
00bbac68_4373,12231.109508826936
00bbac68_4374,12231.109508826936
00bbac68_4375,12231.109508826936
00bbac68_4376,12231.109508826936
00bbac68_4377,12231.0629980294
00bbac68_4378,12231.109508826936
00bbac68_4379,12231.109508826936
00bbac68_4380,12231.109508826936
00bbac68_4381,12231.112087692865
00bbac68_4382,12231.109508826936
00bbac68_4383,12231.125567641673
00bbac68_4384,12231.040950237113
00bbac68_4385,12231.109508826936
00bbac68_4386,12231.040950237113
00bbac68_4387,12231.112087692865
00bbac68_4388,12231.109508826936
00bbac68_4389,12231.040950237113
00bbac68_4390,12230.903602373048
00bbac68_4391,12230.81674901713
00bbac68_4392,12230.7644361799
00bbac68_4393,12230.903602373048
00bbac68_4394,12230.998326530695
00bbac68_4395,12231.112087692865
00bbac68_4396,12230.903602373048
00bbac68_4397,12230.81674901713
00bbac68_4398,12230.81674901713
00bbac68_4399,12230.903602373048
00bbac68_4400,12231.040950237113
00bbac68_4401,12231.109508826936
00bbac68_4402,12231.109508826936
00bbac68_4403,12230.903602373048
00bbac68_4404,12231.109508826936
00bbac68_4405,12231.109508826936
00bbac68_4406,12230.998326530695
00bbac68_4407,12230.7644361799
00bbac68_4408,12230.983843585382
00bbac68_4409,12231.040950237113
00bbac68_4410,12230.7644361799
00bbac68_4411,12230.903602373048
00bbac68_4412,12230.803217405031
00bbac68_4413,12230.664051211881
00bbac68_4414,12230.732488623229
00bbac68_4415,12230.732488623229
00bbac68_4416,12230.666423494376
00bbac68_4417,12230.666423494376
00bbac68_4418,12230.805589687527
00bbac68_4419,12230.679310777503
00bbac68_4420,12230.679310777503
00bbac68_4421,12230.666423494376
00bbac68_4422,12230.666423494376
00bbac68_4423,12230.732488623229
00bbac68_4424,12230.732488623229
00bbac68_4425,12230.666423494376
00bbac68_4426,12230.732488623229
00bbac68_4427,12230.679310777503
00bbac68_4428,12230.732488623229
00bbac68_4429,12230.732488623229
00bbac68_4430,12230.732488623229
00bbac68_4431,12230.732488623229
00bbac68_4432,12230.732488623229
00bbac68_4433,12230.732488623229
00bbac68_4434,12230.732488623229
00bbac68_4435,12230.732488623229
00bbac68_4436,12230.664922913273
00bbac68_4437,12230.778635358782
00bbac68_4438,12230.656453442529
00bbac68_4439,12230.664922913273
00bbac68_4440,12230.664922913273
00bbac68_4441,12230.738023977568
00bbac68_4442,12230.738023977568
00bbac68_4443,12230.738023977568
00bbac68_4444,12230.664922913273
00bbac68_4445,12230.664922913273
00bbac68_4446,12230.738023977568
00bbac68_4447,12230.738023977568
00bbac68_4448,12230.664922913273
00bbac68_4449,12230.611745067547
00bbac68_4450,12230.598857784418
00bbac68_4451,12230.598857784418
00bbac68_4452,12230.664922913273
00bbac68_4453,12230.664922913273
00bbac68_4454,12230.664922913273
00bbac68_4455,12230.664922913273
00bbac68_4456,12230.611745067547
00bbac68_4457,12230.664922913273
00bbac68_4458,12230.664922913273
00bbac68_4459,12230.598857784418
00bbac68_4460,12230.598857784418
00bbac68_4461,12230.664922913273
00bbac68_4462,12230.611745067547
00bbac68_4463,12230.611745067547
00bbac68_4464,12230.664922913273
00bbac68_4465,12230.664922913273
00bbac68_4466,12230.664922913273
00bbac68_4467,12230.664922913273
00bbac68_4468,12230.664922913273
00bbac68_4469,12230.664922913273
00bbac68_4470,12230.664922913273
00bbac68_4471,12230.664922913273
00bbac68_4472,12230.664922913273
00bbac68_4473,12230.664922913273
00bbac68_4474,12230.664922913273
00bbac68_4475,12230.664922913273
00bbac68_4476,12230.664922913273
00bbac68_4477,12230.664922913273
00bbac68_4478,12230.738023977568
00bbac68_4479,12230.664922913273
00bbac68_4480,12230.778635358782
00bbac68_4481,12230.656453442529
00bbac68_4482,12230.664922913273
00bbac68_4483,12230.664922913273
00bbac68_4484,12230.664922913273
00bbac68_4485,12230.664922913273
00bbac68_4486,12230.778635358782
00bbac68_4487,12230.778635358782
00bbac68_4488,12230.778635358782
00bbac68_4489,12230.778635358782
00bbac68_4490,12230.664922913273
00bbac68_4491,12230.664922913273
00bbac68_4492,12230.664922913273
00bbac68_4493,12230.664922913273
00bbac68_4494,12230.475409787565
00bbac68_4495,12230.601688697587
00bbac68_4496,12230.528587633291
00bbac68_4497,12230.528587633291
00bbac68_4498,12230.528587633291
00bbac68_4499,12230.528587633291
00bbac68_4500,12230.528587633291
00bbac68_4501,12230.528587633291
00bbac68_4502,12230.528587633291
00bbac68_4503,12230.528587633291
00bbac68_4504,12230.528587633291
00bbac68_4505,12230.528587633291
00bbac68_4506,12230.528587633291
00bbac68_4507,12230.528587633291
00bbac68_4508,12230.528587633291
00bbac68_4509,12230.528587633291
00bbac68_4510,12230.601688697587
00bbac68_4511,12230.601688697587
00bbac68_4512,12230.528587633291
00bbac68_4513,12230.528587633291
00bbac68_4514,12230.528587633291
00bbac68_4515,12230.528587633291
00bbac68_4516,12230.528587633291
00bbac68_4517,12230.601688697587
00bbac68_4518,12230.596617822257
00bbac68_4519,12230.54343997653
00bbac68_4520,12230.582865530636
00bbac68_4521,12230.582865530636
00bbac68_4522,12230.530552693404
00bbac68_4523,12230.54343997653
00bbac68_4524,12230.669718886555
00bbac68_4525,12230.530552693404
00bbac68_4526,12230.530552693404
00bbac68_4527,12230.530552693404
00bbac68_4528,12230.54343997653
00bbac68_4529,12230.669718886555
00bbac68_4530,12229.830767515601
00bbac68_4531,12229.830767515601
00bbac68_4532,12229.830767515601
00bbac68_4533,12229.830767515601
00bbac68_4534,12229.849726179864
00bbac68_4535,12229.776625115566
00bbac68_4536,12229.72344726984
00bbac68_4537,12229.710559986714
00bbac68_4538,12229.762005508974
00bbac68_4539,12229.795691865793
00bbac68_4540,12229.710559986714
00bbac68_4541,12229.710559986714
00bbac68_4542,12229.72344726984
00bbac68_4543,12229.710559986714
00bbac68_4544,12229.762872823945
00bbac68_4545,12229.762872823945
00bbac68_4546,12229.72344726984
00bbac68_4547,12229.776625115566
00bbac68_4548,12229.776625115566
00bbac68_4549,12229.601167075945
00bbac68_4550,12229.653479913177
00bbac68_4551,12229.740333269096
00bbac68_4552,12229.653479913177
00bbac68_4553,12229.601167075945
00bbac68_4554,12229.653479913177
00bbac68_4555,12229.835057426742
00bbac68_4556,12229.740333269096
00bbac68_4557,12229.223882775943
00bbac68_4558,12229.289947904797
00bbac68_4559,12229.289947904797
00bbac68_4560,12229.223882775943
00bbac68_4561,12229.223882775943
00bbac68_4562,12229.223882775943
00bbac68_4563,12229.363048969093
00bbac68_4564,12229.500396833158
00bbac68_4565,12229.57153428891
00bbac68_4566,12229.228454358326
00bbac68_4567,12229.36580222239
00bbac68_4568,12229.228454358326
00bbac68_4569,12229.131418709481
00bbac68_4570,12229.089288165176
00bbac68_4571,12228.57715397423
00bbac68_4572,12228.671878131878
00bbac68_4573,12228.671878131878
00bbac68_4574,12228.490300618314
00bbac68_4575,12228.57715397423
00bbac68_4576,12228.671878131878
00bbac68_4577,12228.57715397423
00bbac68_4578,12228.354714946296
00bbac68_4579,12228.302402109064
00bbac68_4580,12228.368467237917
00bbac68_4581,12228.354714946296
00bbac68_4582,12228.578916166278
00bbac68_4583,12228.441568302214
00bbac68_4584,12228.354714946296
00bbac68_4585,12228.536292459861
00bbac68_4586,12228.650053622032
00bbac68_4587,12228.441568302214
00bbac68_4588,12228.536292459861
00bbac68_4589,12228.302402109064
00bbac68_4590,12228.302402109064
00bbac68_4591,12228.441568302214
00bbac68_4592,12228.441568302214
00bbac68_4593,12228.650053622032
00bbac68_4594,12228.600963958565
00bbac68_4595,12228.42052469667
00bbac68_4596,12228.42052469667
00bbac68_4597,12228.302402109064
00bbac68_4598,12228.441568302214
00bbac68_4599,12228.368467237917
00bbac68_4600,12228.536292459861
00bbac68_4601,12228.536292459861
00bbac68_4602,12228.441568302214
00bbac68_4603,12228.536292459861
00bbac68_4604,12228.441568302214
00bbac68_4605,12228.441568302214
00bbac68_4606,12228.354714946296
00bbac68_4607,12228.302402109064
00bbac68_4608,12228.368467237917
00bbac68_4609,12228.215173879396
00bbac68_4610,12228.234240629623
00bbac68_4611,12228.149108750544
00bbac68_4612,12228.149108750544
00bbac68_4613,12228.288274943694
00bbac68_4614,12228.425622807757
00bbac68_4615,12228.38299910134
00bbac68_4616,12228.288274943694
00bbac68_4617,12228.201421587775
00bbac68_4618,12228.149108750544
00bbac68_4619,12228.16199603367
00bbac68_4620,12228.149108750544
00bbac68_4621,12228.149108750544
00bbac68_4622,12228.16199603367
00bbac68_4623,12228.149108750544
00bbac68_4624,12228.149108750544
00bbac68_4625,12228.149108750544
00bbac68_4626,12228.149108750544
00bbac68_4627,12228.149108750544
00bbac68_4628,12228.149108750544
00bbac68_4629,12228.149108750544
00bbac68_4630,12228.149108750544
00bbac68_4631,12228.215173879396
00bbac68_4632,12228.215173879396
00bbac68_4633,12228.201421587775
00bbac68_4634,12228.201421587775
00bbac68_4635,12228.191239294849
00bbac68_4636,12228.149108750544
00bbac68_4637,12228.288274943694
00bbac68_4638,12228.149108750544
00bbac68_4639,12228.219673584686
00bbac68_4640,12228.134541705607
00bbac68_4641,12228.134541705607
00bbac68_4642,12228.20060683446
00bbac68_4643,12228.134541705607
00bbac68_4644,12228.368432056404
00bbac68_4645,12228.186854542839
00bbac68_4646,12228.186854542839
00bbac68_4647,12228.411055762821
00bbac68_4648,12228.368432056404
00bbac68_4649,12228.134541705607
00bbac68_4650,12228.273707898757
00bbac68_4651,12228.134541705607
00bbac68_4652,12228.186854542839
00bbac68_4653,12228.482193218575
00bbac68_4654,12228.433103555108
00bbac68_4655,12228.273707898757
00bbac68_4656,12228.134541705607
00bbac68_4657,12228.134541705607
00bbac68_4658,12228.147428988734
00bbac68_4659,12228.273707898757
00bbac68_4660,12228.273707898757
00bbac68_4661,12228.134541705607
00bbac68_4662,12228.186854542839
00bbac68_4663,12228.186854542839
00bbac68_4664,12228.134541705607
00bbac68_4665,12228.134541705607
00bbac68_4666,12228.273707898757
00bbac68_4667,12228.134541705607
00bbac68_4668,12228.134541705607
00bbac68_4669,12228.134541705607
00bbac68_4670,12228.495673167381
00bbac68_4671,12228.433103555108
00bbac68_4672,12228.324325497964
00bbac68_4673,12227.979252850928
00bbac68_4674,12227.979252850928
00bbac68_4675,12227.911851685334
00bbac68_4676,12227.964164522566
00bbac68_4677,12228.145742036131
00bbac68_4678,12227.974210702805
00bbac68_4679,12227.79263318924
00bbac68_4680,12227.79263318924
00bbac68_4681,12227.879486545158
00bbac68_4682,12227.879486545158
00bbac68_4683,12227.974210702805
00bbac68_4684,12227.79263318924
00bbac68_4685,12227.740320352008
00bbac68_4686,12227.974210702805
00bbac68_4687,12227.79263318924
00bbac68_4688,12227.740320352008
00bbac68_4689,12227.80638548086
00bbac68_4690,12227.753207635134
00bbac68_4691,12227.740320352008
00bbac68_4692,12227.740320352008
00bbac68_4693,12227.79263318924
00bbac68_4694,12227.79263318924
00bbac68_4695,12227.879486545158
00bbac68_4696,12227.79263318924
00bbac68_4697,12227.879486545158
00bbac68_4698,12227.79263318924
00bbac68_4699,12227.736447279627
00bbac68_4700,12227.723559996499
00bbac68_4701,12227.957450347296
00bbac68_4702,12227.862726189649
00bbac68_4703,12227.77587283373
00bbac68_4704,12227.723559996499
00bbac68_4705,12227.723559996499
00bbac68_4706,12227.723559996499
00bbac68_4707,12227.723559996499
00bbac68_4708,12227.723559996499
00bbac68_4709,12227.723559996499
00bbac68_4710,12227.77587283373
00bbac68_4711,12227.862726189649
00bbac68_4712,12227.789625125351
00bbac68_4713,12227.789625125351
00bbac68_4714,12227.736447279627
00bbac68_4715,12227.723559996499
00bbac68_4716,12227.77587283373
00bbac68_4717,12227.957450347296
00bbac68_4718,12228.000074053713
00bbac68_4719,12228.000074053713
00bbac68_4720,12227.862726189649
00bbac68_4721,12227.77587283373
00bbac68_4722,12227.723559996499
00bbac68_4723,12227.723559996499
00bbac68_4724,12227.77587283373
00bbac68_4725,12227.957450347296
00bbac68_4726,12227.957450347296
00bbac68_4727,12227.723559996499
00bbac68_4728,12227.788742766632
00bbac68_4729,12227.723559996499
00bbac68_4730,12227.723559996499
00bbac68_4731,12227.723559996499
00bbac68_4732,12227.723559996499
00bbac68_4733,12227.789625125351
00bbac68_4734,12227.795380645526
00bbac68_4735,12227.795380645526
00bbac68_4736,12227.728882183708
00bbac68_4737,12227.77587283373
00bbac68_4738,12227.957450347296
00bbac68_4739,12227.77587283373
00bbac68_4740,12227.723559996499
00bbac68_4741,12227.862726189649
00bbac68_4742,12227.723559996499
00bbac68_4743,12227.723559996499
00bbac68_4744,12227.723559996499
00bbac68_4745,12227.561707770994
00bbac68_4746,12227.700873964144
00bbac68_4747,12227.561707770994
00bbac68_4748,12227.561707770994
00bbac68_4749,12227.561707770994
00bbac68_4750,12227.561707770994
00bbac68_4751,12227.700873964144
00bbac68_4752,12227.90678041803
00bbac68_4753,12227.90678041803
00bbac68_4754,12227.614020608225
00bbac68_4755,12227.561707770994
00bbac68_4756,12227.627772899847
00bbac68_4757,12227.613153293254
00bbac68_4758,12227.561707770994
00bbac68_4759,12227.614020608225
00bbac68_4760,12227.614020608225
00bbac68_4761,12227.614020608225
00bbac68_4762,12227.700873964144
00bbac68_4763,12227.795598121791
00bbac68_4764,12227.795598121791
00bbac68_4765,12227.90678041803
00bbac68_4766,12227.90678041803
00bbac68_4767,12227.838221828208
00bbac68_4768,12227.795598121791
00bbac68_4769,12227.90935928396
00bbac68_4770,12227.614020608225
00bbac68_4771,12227.561707770994
00bbac68_4772,12227.795598121791
00bbac68_4773,12227.838221828208
00bbac68_4774,12227.803159423991
00bbac68_4775,12227.91434172023
00bbac68_4776,12227.91434172023
00bbac68_4777,12227.569269073194
00bbac68_4778,12227.569269073194
00bbac68_4779,12227.708435266344
00bbac68_4780,12227.788676478678
00bbac68_4781,12227.9095065619
00bbac68_4782,12227.91434172023
00bbac68_4783,12227.91434172023
00bbac68_4784,12227.708435266344
00bbac68_4785,12227.803159423991
00bbac68_4786,12227.708435266344
00bbac68_4787,12227.621581910425
00bbac68_4788,12227.635334202048
00bbac68_4789,12227.749046647557
00bbac68_4790,12227.635334202048
00bbac68_4791,12227.569269073194
00bbac68_4792,12227.569269073194
00bbac68_4793,12227.327746337607
00bbac68_4794,12227.327746337607
00bbac68_4795,12227.327746337607
00bbac68_4796,12227.380059174839
00bbac68_4797,12227.466912530757
00bbac68_4798,12227.466912530757
00bbac68_4799,12227.667983826312
00bbac68_4800,12227.327746337607
00bbac68_4801,12227.507523911969
00bbac68_4802,12227.507523911969
00bbac68_4803,12227.39381146646
00bbac68_4804,12227.327746337607
00bbac68_4805,12227.39381146646
00bbac68_4806,12227.380059174839
00bbac68_4807,12227.672818984644
00bbac68_4808,12227.672818984644
00bbac68_4809,12227.60426039482
00bbac68_4810,12227.380059174839
00bbac68_4811,12227.466912530757
00bbac68_4812,12227.466912530757
00bbac68_4813,12227.327746337607
00bbac68_4814,12227.327746337607
00bbac68_4815,12227.561636688404
00bbac68_4816,12227.401665804846
00bbac68_4817,12227.326758958521
00bbac68_4818,12227.326758958521
00bbac68_4819,12227.401665804846
00bbac68_4820,12227.53901366891
00bbac68_4821,12227.314812448927
00bbac68_4822,12227.401665804846
00bbac68_4823,12227.602737100402
00bbac68_4824,12227.610151124663
00bbac68_4825,12227.53901366891
00bbac68_4826,12227.610151124663
00bbac68_4827,12227.401665804846
00bbac68_4828,12227.401665804846
00bbac68_4829,12227.401665804846
00bbac68_4830,12227.57921500055
00bbac68_4831,12227.441867136487
00bbac68_4832,12227.441867136487
00bbac68_4833,12227.536591294134
00bbac68_4834,12227.441867136487
00bbac68_4835,12227.536591294134
00bbac68_4836,12227.355013780569
00bbac68_4837,12227.355013780569
00bbac68_4838,12227.395474892824
00bbac68_4839,12227.577052406388
00bbac68_4840,12227.56494828684
00bbac68_4841,12227.56494828684
00bbac68_4842,12227.56494828684
00bbac68_4843,12227.56494828684
00bbac68_4844,12227.470224129193
00bbac68_4845,12227.56494828684
00bbac68_4846,12227.383370773274
00bbac68_4847,12227.470224129193
00bbac68_4848,12227.331057936042
00bbac68_4849,12227.383370773274
00bbac68_4850,12227.56494828684
00bbac68_4851,12227.454409211128
00bbac68_4852,12227.470224129193
00bbac68_4853,12227.383370773274
00bbac68_4854,12227.383370773274
00bbac68_4855,12227.383370773274
00bbac68_4856,12227.52554666688
00bbac68_4857,12227.522967800951
00bbac68_4858,12227.52554666688
00bbac68_4859,12227.470224129193
00bbac68_4860,12227.331057936042
00bbac68_4861,12227.331057936042
00bbac68_4862,12227.383370773274
00bbac68_4863,12227.454409211128
00bbac68_4864,12227.454409211128
00bbac68_4865,12227.56494828684
00bbac68_4866,12227.383370773274
00bbac68_4867,12227.331057936042
00bbac68_4868,12227.383370773274
00bbac68_4869,12227.470224129193
00bbac68_4870,12227.52554666688
00bbac68_4871,12227.52554666688
00bbac68_4872,12227.52554666688
00bbac68_4873,12227.522967800951
00bbac68_4874,12227.522967800951
00bbac68_4875,12227.522967800951
00bbac68_4876,12227.522967800951
00bbac68_4877,12227.522967800951
00bbac68_4878,12227.52554666688
00bbac68_4879,12227.470224129193
00bbac68_4880,12227.383370773274
00bbac68_4881,12227.470224129193
00bbac68_4882,12227.56494828684
00bbac68_4883,12227.56494828684
00bbac68_4884,12227.56494828684
00bbac68_4885,12227.454409211128
00bbac68_4886,12226.925994550342
00bbac68_4887,12226.93947449915
00bbac68_4888,12226.870672012652
00bbac68_4889,12226.731505819504
00bbac68_4890,12226.731505819504
00bbac68_4891,12226.74439310263
00bbac68_4892,12226.854857094588
00bbac68_4893,12226.92341568441
00bbac68_4894,12226.870672012652
00bbac68_4895,12226.783818656735
00bbac68_4896,12226.965396170299
00bbac68_4897,12226.870672012652
00bbac68_4898,12226.731505819504
00bbac68_4899,12226.870672012652
00bbac68_4900,12226.783818656735
00bbac68_4901,12226.782951341764
00bbac68_4902,12226.870672012652
00bbac68_4903,12226.854857094588
00bbac68_4904,12226.92341568441
00bbac68_4905,12226.92341568441
00bbac68_4906,12226.870672012652
00bbac68_4907,12226.854857094588
00bbac68_4908,12226.773636363809
00bbac68_4909,12226.854857094588
00bbac68_4910,12226.965396170299
00bbac68_4911,12226.731505819504
00bbac68_4912,12226.731505819504
00bbac68_4913,12226.731505819504
00bbac68_4914,12226.783818656735
00bbac68_4915,12226.92341568441
00bbac68_4916,12226.876904886874
00bbac68_4917,12226.876904886874
00bbac68_4918,12226.870672012652
00bbac68_4919,12226.783818656735
00bbac68_4920,12226.731505819504
00bbac68_4921,12226.783818656735
00bbac68_4922,12226.783818656735
00bbac68_4923,12226.870672012652
00bbac68_4924,12226.783818656735
00bbac68_4925,12226.731505819504
00bbac68_4926,12226.828840999677
00bbac68_4927,12226.828840999677
00bbac68_4928,12226.700508947573
00bbac68_4929,12226.88295377611
00bbac68_4930,12226.649063425313
00bbac68_4931,12226.788229618463
00bbac68_4932,12226.7724147004
00bbac68_4933,12226.843552156153
00bbac68_4934,12226.788229618463
00bbac68_4935,12226.701376262545
00bbac68_4936,12226.701376262545
00bbac68_4937,12226.701376262545
00bbac68_4938,12226.701376262545
00bbac68_4939,12226.788229618463
00bbac68_4940,12226.7724147004
00bbac68_4941,12226.88295377611
00bbac68_4942,12226.649063425313
00bbac68_4943,12226.701376262545
00bbac68_4944,12226.88295377611
00bbac68_4945,12226.88295377611
00bbac68_4946,12226.691193969618
00bbac68_4947,12226.649063425313
00bbac68_4948,12226.649063425313
00bbac68_4949,12226.88295377611
00bbac68_4950,12226.733656105365
00bbac68_4951,12226.61030483028
00bbac68_4952,12226.66261766751
00bbac68_4953,12226.66261766751
00bbac68_4954,12226.74947102343
00bbac68_4955,12226.61030483028
00bbac68_4956,12226.61030483028
00bbac68_4957,12226.594742175155
00bbac68_4958,12226.609361781748
00bbac68_4959,12226.548618840105
00bbac68_4960,12226.543296652895
00bbac68_4961,12226.595609490127
00bbac68_4962,12226.543296652895
00bbac68_4963,12226.609361781748
00bbac68_4964,12226.595609490127
00bbac68_4965,12226.609361781748
00bbac68_4966,12226.682462846045
00bbac68_4967,12226.609361781748
00bbac68_4968,12226.543296652895
00bbac68_4969,12226.682462846045
00bbac68_4970,12226.609361781748
00bbac68_4971,12226.609361781748
00bbac68_4972,12226.609361781748
00bbac68_4973,12227.260662165843
00bbac68_4974,12227.260662165843
00bbac68_4975,12227.19459703699
00bbac68_4976,12227.246909874222
00bbac68_4977,12227.246909874222
00bbac68_4978,12227.19459703699
00bbac68_4979,12227.33376323014
00bbac68_4980,12227.33376323014
00bbac68_4981,12227.33376323014
00bbac68_4982,12227.19459703699
00bbac68_4983,12227.33376323014
00bbac68_4984,12227.33376323014
00bbac68_4985,12227.260662165843
00bbac68_4986,12227.260662165843
00bbac68_4987,12227.260662165843
00bbac68_4988,12227.260662165843
00bbac68_4989,12227.260662165843
00bbac68_4990,12227.260662165843
00bbac68_4991,12227.207484320117
00bbac68_4992,12227.19459703699
00bbac68_4993,12227.260662165843
00bbac68_4994,12227.260662165843
00bbac68_4995,12227.260662165843
00bbac68_4996,12227.260662165843
00bbac68_4997,12227.33376323014
00bbac68_4998,12227.193950169727
00bbac68_4999,12227.193950169727
00bbac68_5000,12227.140772324
00bbac68_5001,12227.267051234025
00bbac68_5002,12227.193950169727
00bbac68_5003,12227.193950169727
00bbac68_5004,12227.193950169727
00bbac68_5005,12227.267051234025
00bbac68_5006,12227.14806924838
00bbac68_5007,12227.14806924838
00bbac68_5008,12227.059165813078
00bbac68_5009,12227.28723544153
00bbac68_5010,12227.059165813078
00bbac68_5011,12227.160956531507
00bbac68_5012,12227.14806924838
00bbac68_5013,12227.200382085612
00bbac68_5014,12227.381959599177
00bbac68_5015,12227.200382085612
00bbac68_5016,12227.14806924838
00bbac68_5017,12227.214134377233
00bbac68_5018,12227.899299948444
00bbac68_5019,12227.900167263417
00bbac68_5020,12227.847854426183
00bbac68_5021,12227.860741709312
00bbac68_5022,12227.859754589717
00bbac68_5023,12227.84068783949
00bbac68_5024,12227.826068232898
00bbac68_5025,12227.774622710638
00bbac68_5026,12227.82693554787
00bbac68_5027,12227.82693554787
00bbac68_5028,12227.913788903788
00bbac68_5029,12227.913788903788
00bbac68_5030,12227.913788903788
00bbac68_5031,12227.774622710638
00bbac68_5032,12227.82693554787
00bbac68_5033,12227.913788903788
00bbac68_5034,12227.913788903788
00bbac68_5035,12227.816753254943
00bbac68_5036,12227.787509993765
00bbac68_5037,12227.84068783949
00bbac68_5038,12227.913788903788
00bbac68_5039,12227.913788903788
00bbac68_5040,12227.913788903788
00bbac68_5041,12227.913788903788
00bbac68_5042,12227.913788903788
00bbac68_5043,12227.84068783949
00bbac68_5044,12227.84068783949
00bbac68_5045,12227.84068783949
00bbac68_5046,12227.913788903788
00bbac68_5047,12227.84068783949
00bbac68_5048,12227.84068783949
00bbac68_5049,12227.84068783949
00bbac68_5050,12227.84068783949
00bbac68_5051,12227.82693554787
00bbac68_5052,12228.008513061435
00bbac68_5053,12227.969111441476
00bbac68_5054,12227.774622710638
00bbac68_5055,12227.84068783949
00bbac68_5056,12227.774622710638
00bbac68_5057,12227.774622710638
00bbac68_5058,12227.985260473806
00bbac68_5059,12227.966193723581
00bbac68_5060,12228.039294787879
00bbac68_5061,12227.96531136486
00bbac68_5062,12228.039294787879
00bbac68_5063,12228.039294787879
00bbac68_5064,12228.039294787879
00bbac68_5065,12227.900128594729
00bbac68_5066,12227.966193723581
00bbac68_5067,12227.966193723581
00bbac68_5068,12227.966193723581
00bbac68_5069,12227.966193723581
00bbac68_5070,12227.936150432944
00bbac68_5071,12227.936150432944
00bbac68_5072,12227.949037716071
00bbac68_5073,12228.002215561797
00bbac68_5074,12228.075316626095
00bbac68_5075,12227.936150432944
00bbac68_5076,12227.899526753947
00bbac68_5077,12227.9655918828
00bbac68_5078,12227.912414037073
00bbac68_5079,12227.899526753947
00bbac68_5080,12227.899526753947
00bbac68_5081,12227.899526753947
00bbac68_5082,12227.899526753947
00bbac68_5083,12227.899526753947
00bbac68_5084,12227.9655918828
00bbac68_5085,12228.038692947097
00bbac68_5086,12227.96091628369
00bbac68_5087,12227.82175009054
00bbac68_5088,12227.827072277749
00bbac68_5089,12227.82175009054
00bbac68_5090,12227.82175009054
00bbac68_5091,12227.96091628369
00bbac68_5092,12227.96091628369
00bbac68_5093,12228.013659955448
00bbac68_5094,12227.82175009054
00bbac68_5095,12227.8731956128
00bbac68_5096,12227.834637373666
00bbac68_5097,12227.82175009054
00bbac68_5098,12227.96091628369
00bbac68_5099,12227.834637373666
00bbac68_5100,12228.215265372137
00bbac68_5101,12228.215265372137
00bbac68_5102,12228.267578209368
00bbac68_5103,12228.267578209368
00bbac68_5104,12228.354431565287
00bbac68_5105,12228.270333881366
00bbac68_5106,12228.270333881366
00bbac68_5107,12228.342827973092
00bbac68_5108,12228.407175237046
00bbac68_5109,12228.267578209368
00bbac68_5110,12228.215265372137
00bbac68_5111,12228.223317062435
00bbac68_5112,12228.215265372137
00bbac68_5113,12228.215265372137
00bbac68_5114,12228.215265372137
00bbac68_5115,12228.215265372137
00bbac68_5116,12228.354431565287
00bbac68_5117,12228.215265372137
00bbac68_5118,12228.215265372137
00bbac68_5119,12228.449155722934
00bbac68_5120,12228.215265372137
00bbac68_5121,12228.215265372137
00bbac68_5122,12228.215265372137
00bbac68_5123,12228.27136732368
00bbac68_5124,12228.358220679598
00bbac68_5125,12228.342405761532
00bbac68_5126,12228.342405761532
00bbac68_5127,12228.231941769574
00bbac68_5128,12228.227106176744
00bbac68_5129,12228.231941769574
00bbac68_5130,12228.358220679598
00bbac68_5131,12228.219054486448
00bbac68_5132,12228.219054486448
00bbac68_5133,12228.219054486448
00bbac68_5134,12228.219054486448
00bbac68_5135,12228.219054486448
00bbac68_5136,12228.231941769574
00bbac68_5137,12228.219054486448
00bbac68_5138,12228.27136732368
00bbac68_5139,12228.219054486448
00bbac68_5140,12228.227106176744
00bbac68_5141,12228.227106176744
00bbac68_5142,12228.219054486448
00bbac68_5143,12228.319590726976
00bbac68_5144,12228.314755134146
00bbac68_5145,12228.314755134146
00bbac68_5146,12228.314755134146
00bbac68_5147,12228.358148966108
00bbac68_5148,12228.312025631058
00bbac68_5149,12228.358148966108
00bbac68_5150,12228.329398080674
00bbac68_5151,12228.198283577822
00bbac68_5152,12228.198283577822
00bbac68_5153,12228.198283577822
00bbac68_5154,12228.198283577822
00bbac68_5155,12228.329398080674
00bbac68_5156,12228.198283577822
00bbac68_5157,12228.198283577822
00bbac68_5158,12228.198283577822
00bbac68_5159,12228.382141752432
00bbac68_5160,12228.101328452221
00bbac68_5161,12228.101328452221
00bbac68_5162,12228.382141752432
00bbac68_5163,12228.198283577822
00bbac68_5164,12228.198283577822
00bbac68_5165,12228.241677409784
00bbac68_5166,12228.190231887524
00bbac68_5167,12228.190231887524
00bbac68_5168,12228.241677409784
00bbac68_5169,12228.198283577822
00bbac68_5170,12228.190231887524
00bbac68_5171,12228.31358316261
00bbac68_5172,12228.329398080674
00bbac68_5173,12228.190231887524
00bbac68_5174,12228.329398080674
00bbac68_5175,12228.198283577822
00bbac68_5176,12228.198283577822
00bbac68_5177,12228.198283577822
00bbac68_5178,12228.190231887524
00bbac68_5179,12228.242544724755
00bbac68_5180,12228.42412223832
00bbac68_5181,12228.190231887524
00bbac68_5182,12228.190231887524
00bbac68_5183,12228.46955379042
00bbac68_5184,12228.46955379042
00bbac68_5185,12228.66146365533
00bbac68_5186,12228.380650355119
00bbac68_5187,12228.380650355119
00bbac68_5188,12228.608719983571
00bbac68_5189,12228.703444141218
00bbac68_5190,12228.477605480719
00bbac68_5191,12228.477605480719
00bbac68_5192,12228.477605480719
00bbac68_5193,12228.608719983571
00bbac68_5194,12228.618597583725
00bbac68_5195,12228.531744227806
00bbac68_5196,12228.479431390575
00bbac68_5197,12228.479431390575
00bbac68_5198,12228.50635886091
00bbac68_5199,12228.367192667762
00bbac68_5200,12228.367192667762
00bbac68_5201,12228.367192667762
00bbac68_5202,12228.367192667762
00bbac68_5203,12228.367192667762
00bbac68_5204,12228.380079950888
00bbac68_5205,12228.367192667762
00bbac68_5206,12228.419505504993
00bbac68_5207,12228.512591735132
00bbac68_5208,12228.278289232458
00bbac68_5209,12228.512591735132
00bbac68_5210,12228.419505504993
00bbac68_5211,12228.380079950888
00bbac68_5212,12228.375244358058
00bbac68_5213,12228.559102532668
00bbac68_5214,12228.512591735132
00bbac68_5215,12228.375244358058
00bbac68_5216,12228.375244358058
00bbac68_5217,12228.367192667762
00bbac68_5218,12228.367192667762
00bbac68_5219,12228.50635886091
00bbac68_5220,12228.375244358058
00bbac68_5221,12228.375244358058
00bbac68_5222,12228.418638190022
00bbac68_5223,12228.375244358058
00bbac68_5224,12228.375244358058
00bbac68_5225,12228.375244358058
00bbac68_5226,12228.50635886091
00bbac68_5227,12228.375244358058
00bbac68_5228,12228.375244358058
00bbac68_5229,12228.375244358058
00bbac68_5230,12228.375244358058
00bbac68_5231,12228.375244358058
00bbac68_5232,12228.375244358058
00bbac68_5233,12228.50635886091
00bbac68_5234,12228.559102532668
00bbac68_5235,12228.5616813986
00bbac68_5236,12228.601083018557
00bbac68_5237,12228.367192667762
00bbac68_5238,12228.278013803576
00bbac68_5239,12228.173704333316
00bbac68_5240,12228.312870526466
00bbac68_5241,12228.181756023612
00bbac68_5242,12228.226017170547
00bbac68_5243,12228.365614198225
00bbac68_5244,12228.297055608402
00bbac68_5245,12228.407594684113
00bbac68_5246,12228.312870526466
00bbac68_5247,12228.215834877621
00bbac68_5248,12228.181756023612
00bbac68_5249,12228.181756023612
00bbac68_5250,12228.312870526466
00bbac68_5251,12228.225149855576
00bbac68_5252,12228.173704333316
00bbac68_5253,12228.173704333316
00bbac68_5254,12228.186591616442
00bbac68_5255,12228.312870526466
00bbac68_5256,12228.368193064154
00bbac68_5257,12228.407594684113
00bbac68_5258,12228.226017170547
00bbac68_5259,12228.407594684113
00bbac68_5260,12228.407594684113
00bbac68_5261,12228.312870526466
00bbac68_5262,12228.226017170547
00bbac68_5263,12228.226017170547
00bbac68_5264,12228.312870526466
00bbac68_5265,12228.117729450256
00bbac68_5266,12228.204582806175
00bbac68_5267,12228.299306963821
00bbac68_5268,12228.259905343864
00bbac68_5269,12228.204582806175
00bbac68_5270,12228.210815680397
00bbac68_5271,12228.257326477933
00bbac68_5272,12228.259905343864
00bbac68_5273,12228.065416613024
00bbac68_5274,12228.204582806175
00bbac68_5275,12228.204582806175
00bbac68_5276,12228.299306963821
00bbac68_5277,12228.299306963821
00bbac68_5278,12228.204582806175
00bbac68_5279,12228.117729450256
00bbac68_5280,12228.204582806175
00bbac68_5281,12228.299306963821
00bbac68_5282,12228.204582806175
00bbac68_5283,12228.257326477933
00bbac68_5284,12228.204582806175
00bbac68_5285,12228.257326477933
00bbac68_5286,12228.204582806175
00bbac68_5287,12228.204582806175
00bbac68_5288,12228.204582806175
00bbac68_5289,12228.065416613024
00bbac68_5290,12228.065416613024
00bbac68_5291,12228.204582806175
00bbac68_5292,12228.204582806175
00bbac68_5293,12228.18876788811
00bbac68_5294,12228.27338529267
00bbac68_5295,12228.299306963821
00bbac68_5296,12228.117729450256
00bbac68_5297,12228.204582806175
00bbac68_5298,12228.204582806175
00bbac68_5299,12228.065416613024
00bbac68_5300,12228.073468303322
00bbac68_5301,12228.299306963821
00bbac68_5302,12228.301604540764
00bbac68_5303,12228.1200270272
00bbac68_5304,12228.080601473095
00bbac68_5305,12228.075765880265
00bbac68_5306,12228.067714189967
00bbac68_5307,12228.067714189967
00bbac68_5308,12228.206880383117
00bbac68_5309,12228.1200270272
00bbac68_5310,12228.1200270272
00bbac68_5311,12228.1200270272
00bbac68_5312,12228.067714189967
00bbac68_5313,12228.080601473095
00bbac68_5314,12228.142693347394
00bbac68_5315,12228.32427086096
00bbac68_5316,12228.229546703313
00bbac68_5317,12228.229546703313
00bbac68_5318,12228.213731785248
00bbac68_5319,12228.282290375071
00bbac68_5320,12228.229546703313
00bbac68_5321,12228.32427086096
00bbac68_5322,12228.142693347394
00bbac68_5323,12228.090380510163
00bbac68_5324,12228.142693347394
00bbac68_5325,12228.213731785248
00bbac68_5326,12228.32427086096
00bbac68_5327,12228.142693347394
00bbac68_5328,12228.09843220046
00bbac68_5329,12228.09843220046
00bbac68_5330,12228.090380510163
00bbac68_5331,12228.090380510163
00bbac68_5332,12228.09843220046
00bbac68_5333,12228.229546703313
00bbac68_5334,12228.090380510163
00bbac68_5335,12228.142693347394
00bbac68_5336,12228.142693347394
00bbac68_5337,12228.142693347394
00bbac68_5338,12228.090380510163
00bbac68_5339,12228.065672229337
00bbac68_5340,12228.117985066569
00bbac68_5341,12228.204838422487
00bbac68_5342,12228.117985066569
00bbac68_5343,12228.117985066569
00bbac68_5344,12228.299562580134
00bbac68_5345,12228.065672229337
00bbac68_5346,12228.065672229337
00bbac68_5347,12228.117985066569
00bbac68_5348,12228.204838422487
00bbac68_5349,12228.065672229337
00bbac68_5350,12228.204838422487
00bbac68_5351,12228.299562580134
00bbac68_5352,12228.260160960175
00bbac68_5353,12228.257582094246
00bbac68_5354,12228.117985066569
00bbac68_5355,12228.073723919635
00bbac68_5356,12228.073723919635
00bbac68_5357,12228.065672229337
00bbac68_5358,12228.117985066569
00bbac68_5359,12228.189023504423
00bbac68_5360,12228.260160960175
00bbac68_5361,12228.204838422487
00bbac68_5362,12228.189023504423
00bbac68_5363,12228.299562580134
00bbac68_5364,12228.204838422487
00bbac68_5365,12228.189023504423
00bbac68_5366,12228.260160960175
00bbac68_5367,12228.117985066569
00bbac68_5368,12228.065672229337
00bbac68_5369,12228.065672229337
00bbac68_5370,12228.065672229337
00bbac68_5371,12228.107802773642
00bbac68_5372,12228.117985066569
00bbac68_5373,12228.204838422487
00bbac68_5374,12228.189023504423
00bbac68_5375,12228.117985066569
00bbac68_5376,12228.065672229337
00bbac68_5377,12228.065672229337
00bbac68_5378,12228.117985066569
00bbac68_5379,12228.204838422487
00bbac68_5380,12228.117985066569
00bbac68_5381,12228.117985066569
00bbac68_5382,12228.260160960175
00bbac68_5383,12228.299562580134
00bbac68_5384,12228.117985066569
00bbac68_5385,12228.065672229337
00bbac68_5386,12228.065672229337
00bbac68_5387,12227.949051938309
00bbac68_5388,12228.072403213395
00bbac68_5389,12228.157020617955
00bbac68_5390,12227.622189266498
00bbac68_5391,12227.566866728808
00bbac68_5392,12227.566866728808
00bbac68_5393,12227.566866728808
00bbac68_5394,12227.480013372891
00bbac68_5395,12227.480013372891
00bbac68_5396,12227.427700535658
00bbac68_5397,12227.566866728808
00bbac68_5398,12227.427700535658
00bbac68_5399,12227.427700535658
00bbac68_5400,12227.427700535658
00bbac68_5401,12227.480013372891
00bbac68_5402,12227.566866728808
00bbac68_5403,12227.480013372891
00bbac68_5404,12227.480013372891
00bbac68_5405,12227.566866728808
00bbac68_5406,12227.566866728808
00bbac68_5407,12227.661590886455
00bbac68_5408,12227.661590886455
00bbac68_5409,12227.551051810744
00bbac68_5410,12227.647107941142
00bbac68_5411,12227.441192312688
00bbac68_5412,12227.441192312688
00bbac68_5413,12227.509994799186
00bbac68_5414,12227.496514850378
00bbac68_5415,12227.521433525022
00bbac68_5416,12227.441192312688
00bbac68_5417,12227.425377394624
00bbac68_5418,12227.425377394624
00bbac68_5419,12227.535916470335
00bbac68_5420,12227.441192312688
00bbac68_5421,12227.441192312688
00bbac68_5422,12227.368243575778
00bbac68_5423,12227.32884195582
00bbac68_5424,12227.342321904627
00bbac68_5425,12227.257704500067
00bbac68_5426,12227.368243575778
00bbac68_5427,12227.257704500067
00bbac68_5428,12227.32884195582
00bbac68_5429,12227.32626308989
00bbac68_5430,12227.32626308989
00bbac68_5431,12227.32626308989
00bbac68_5432,12227.353760630464
00bbac68_5433,12227.186666062213
00bbac68_5434,12227.186666062213
00bbac68_5435,12227.273519418131
00bbac68_5436,12227.342321904627
00bbac68_5437,12227.32626308989
00bbac68_5438,12227.32626308989
00bbac68_5439,12227.368243575778
00bbac68_5440,12227.273519418131
00bbac68_5441,12227.147240508108
00bbac68_5442,12227.14240491528
00bbac68_5443,12226.863083012382
00bbac68_5444,12226.855031322084
00bbac68_5445,12227.046941186993
00bbac68_5446,12226.903645546165
00bbac68_5447,12226.903645546165
00bbac68_5448,12226.711735681256
00bbac68_5449,12226.719787371554
00bbac68_5450,12226.850901874406
00bbac68_5451,12226.919704360902
00bbac68_5452,12226.835086956342
00bbac68_5453,12226.76404851849
00bbac68_5454,12226.711735681256
00bbac68_5455,12226.850901874406
00bbac68_5456,12226.76404851849
00bbac68_5457,12226.76404851849
00bbac68_5458,12226.850901874406
00bbac68_5459,12226.719787371554
00bbac68_5460,12226.719787371554
00bbac68_5461,12226.711735681256
00bbac68_5462,12226.711735681256
00bbac68_5463,12226.850901874406
00bbac68_5464,12226.719787371554
00bbac68_5465,12226.850901874406
00bbac68_5466,12226.850901874406
00bbac68_5467,12226.850901874406
00bbac68_5468,12226.636974006982
00bbac68_5469,12226.632138414154
00bbac68_5470,12226.391029832866
00bbac68_5471,12226.391029832866
00bbac68_5472,12226.391029832866
00bbac68_5473,12226.391029832866
00bbac68_5474,12226.678859203244
00bbac68_5475,12226.673928061562
00bbac68_5476,12226.522144335719
00bbac68_5477,12226.391029832866
00bbac68_5478,12226.382978142568
00bbac68_5479,12226.4352909798
00bbac68_5480,12226.382978142568
00bbac68_5481,12226.382978142568
00bbac68_5482,12225.413576984669
00bbac68_5483,12225.647467335464
00bbac68_5484,12225.552743177817
00bbac68_5485,12225.621545664315
00bbac68_5486,12225.605486849576
00bbac68_5487,12225.605486849576
00bbac68_5488,12225.605486849576
00bbac68_5489,12225.605486849576
00bbac68_5490,12225.461810168468
00bbac68_5491,12225.461810168468
00bbac68_5492,12225.461810168468
00bbac68_5493,12225.461810168468
00bbac68_5494,12225.4643890344
00bbac68_5495,12225.461810168468
00bbac68_5496,12225.461810168468
00bbac68_5497,12225.461810168468
00bbac68_5498,12225.461810168468
00bbac68_5499,12225.461810168468
00bbac68_5500,12225.477868983207
00bbac68_5501,12225.461810168468
00bbac68_5502,12225.456975010138
00bbac68_5503,12225.393251578646
00bbac68_5504,12225.489307709044
00bbac68_5505,12225.4643890344
00bbac68_5506,12225.4643890344
00bbac68_5507,12224.93278426936
00bbac68_5508,12224.845930913443
00bbac68_5509,12224.93278426936
00bbac68_5510,12224.985527941119
00bbac68_5511,12224.98810680705
00bbac68_5512,12225.027508427007
00bbac68_5513,12224.807278385271
00bbac68_5514,12224.807278385271
00bbac68_5515,12224.791463467205
00bbac68_5516,12224.807278385271
00bbac68_5517,12224.720425029353
00bbac68_5518,12224.57485836249
00bbac68_5519,12224.43569216934
00bbac68_5520,12224.443743859638
00bbac68_5521,12224.443743859638
00bbac68_5522,12224.57485836249
00bbac68_5523,12224.443743859638
00bbac68_5524,12224.443743859638
00bbac68_5525,12224.443743859638
00bbac68_5526,12224.43569216934
00bbac68_5527,12224.443743859638
00bbac68_5528,12223.888464840187
00bbac68_5529,12223.888464840187
00bbac68_5530,12223.888464840187
00bbac68_5531,12223.797280138004
00bbac68_5532,12223.797280138004
00bbac68_5533,12223.797280138004
00bbac68_5534,12223.797280138004
00bbac68_5535,12223.928394640856
00bbac68_5536,12223.797280138004
00bbac68_5537,12223.09370584589
00bbac68_5538,12223.09370584589
00bbac68_5539,12223.09370584589
00bbac68_5540,12223.09370584589
00bbac68_5541,12223.09370584589
00bbac68_5542,12223.09370584589
00bbac68_5543,12223.09370584589
00bbac68_5544,12223.09370584589
00bbac68_5545,12223.09370584589
00bbac68_5546,12223.09370584589
00bbac68_5547,12223.09370584589
00bbac68_5548,12223.09370584589
00bbac68_5549,12223.098541438718
00bbac68_5550,12223.085654155591
00bbac68_5551,12223.137966992823
00bbac68_5552,12223.045739692041
00bbac68_5553,12223.132593047958
00bbac68_5554,12223.132593047958
00bbac68_5555,12223.132593047958
00bbac68_5556,12223.132593047958
00bbac68_5557,12222.993426854808
00bbac68_5558,12223.006314137936
00bbac68_5559,12222.993426854808
00bbac68_5560,12222.993426854808
00bbac68_5561,12222.993426854808
00bbac68_5562,12223.132593047958
00bbac68_5563,12222.50686155834
00bbac68_5564,12222.403763193703
00bbac68_5565,12222.403763193703
00bbac68_5566,12222.403763193703
00bbac68_5567,12222.39892803537
00bbac68_5568,12222.617400634052
00bbac68_5569,12222.406342059634
00bbac68_5570,12222.406342059634
00bbac68_5571,12222.522676476405
00bbac68_5572,12222.617400634052
00bbac68_5573,12222.435823120488
00bbac68_5574,12222.50686155834
00bbac68_5575,12222.602917688739
00bbac68_5576,12222.522676476405
00bbac68_5577,12222.435823120488
00bbac68_5578,12222.522676476405
00bbac68_5579,12222.435823120488
00bbac68_5580,12222.435823120488
00bbac68_5581,12222.383510283256
00bbac68_5582,12222.383510283256
00bbac68_5583,12222.383510283256
00bbac68_5584,12222.383510283256
00bbac68_5585,12222.383510283256
00bbac68_5586,12222.396397566383
00bbac68_5587,12222.391561973553
00bbac68_5588,12222.492548336313
00bbac68_5589,12222.536809483247
00bbac68_5590,12222.623662839165
00bbac68_5591,12222.484496646015
00bbac68_5592,12222.484496646015
00bbac68_5593,12222.536809483247
00bbac68_5594,12222.718386996812
00bbac68_5595,12222.623662839165
00bbac68_5596,12222.536809483247
00bbac68_5597,12222.497383929143
00bbac68_5598,12222.466547355914
00bbac68_5599,12222.554268026803
00bbac68_5600,12222.554268026803
00bbac68_5601,12222.554268026803
00bbac68_5602,12222.415101833652
00bbac68_5603,12222.415101833652
00bbac68_5604,12222.554268026803
00bbac68_5605,12222.554268026803
00bbac68_5606,12222.554268026803
00bbac68_5607,12222.554268026803
00bbac68_5608,12222.4353547441
00bbac68_5609,12222.140408344754
00bbac68_5610,12222.177303429871
00bbac68_5611,12222.177303429871
00bbac68_5612,12222.264156785788
00bbac68_5613,12222.140408344754
00bbac68_5614,12222.248341867724
00bbac68_5615,12222.177303429871
00bbac68_5616,12222.124990592638
00bbac68_5617,12222.177303429871
00bbac68_5618,12222.264156785788
00bbac68_5619,12222.264156785788
00bbac68_5620,12222.147822369016
00bbac68_5621,12222.161302317823
00bbac68_5622,12222.147822369016
00bbac68_5623,12222.145243503086
00bbac68_5624,12222.145243503086
00bbac68_5625,12222.145243503086
00bbac68_5626,12222.145243503086
00bbac68_5627,12222.145243503086
00bbac68_5628,12222.145243503086
00bbac68_5629,12222.145243503086
00bbac68_5630,12220.916841687444
00bbac68_5631,12221.035754970148
00bbac68_5632,12220.916841687444
00bbac68_5633,12220.916841687444
00bbac68_5634,12220.870330889908
00bbac68_5635,12220.870330889908
00bbac68_5636,12220.916841687444
00bbac68_5637,12220.916841687444
00bbac68_5638,12220.916841687444
00bbac68_5639,12220.916841687444
00bbac68_5640,12220.916841687444
00bbac68_5641,12220.916841687444
00bbac68_5642,12220.916841687444
00bbac68_5643,12221.035754970148
00bbac68_5644,12221.035754970148
00bbac68_5645,12221.157332052306
00bbac68_5646,12221.038418769602
00bbac68_5647,12221.157332052306
00bbac68_5648,12221.157332052306
00bbac68_5649,12221.038418769602
00bbac68_5650,12219.62026428676
00bbac68_5651,12219.739177569463
00bbac68_5652,12219.567635796453
00bbac68_5653,12219.44872251375
00bbac68_5654,12219.567635796453
00bbac68_5655,12219.44872251375
00bbac68_5656,12219.45130137968
00bbac68_5657,12219.567635796453
00bbac68_5658,12219.428469603303
00bbac68_5659,12219.428469603303
00bbac68_5660,12219.428469603303
00bbac68_5661,12219.4365212936
00bbac68_5662,12219.364107256906
00bbac68_5663,12219.529754711031
00bbac68_5664,12219.364107256906
00bbac68_5665,12219.364107256906
00bbac68_5666,12219.364107256906
00bbac68_5667,12219.364107256906
00bbac68_5668,12219.495221759758
00bbac68_5669,12219.364107256906
00bbac68_5670,12219.364107256906
00bbac68_5671,12218.09532139675
00bbac68_5672,12218.087269706451
00bbac68_5673,12217.555867718473
00bbac68_5674,12217.695033911623
00bbac68_5675,12217.56391940877
00bbac68_5676,12217.56391940877
00bbac68_5677,12217.56391940877
00bbac68_5678,12217.695033911623
00bbac68_5679,12217.555867718473
00bbac68_5680,12217.555867718473
00bbac68_5681,12217.608180555706
00bbac68_5682,12217.714816518484
00bbac68_5683,12217.714816518484
00bbac68_5684,12217.695033911623
00bbac68_5685,12217.695033911623
00bbac68_5686,12217.695033911623
00bbac68_5687,12217.515662023448
00bbac68_5688,12217.515662023448
00bbac68_5689,12216.978001083391
00bbac68_5690,12217.157372971566
00bbac68_5691,12216.931490285855
00bbac68_5692,12216.978001083391
00bbac68_5693,12216.978001083391
00bbac68_5694,12215.721122202647
00bbac68_5695,12215.721122202647
00bbac68_5696,12215.721122202647
00bbac68_5697,12215.721122202647
00bbac68_5698,12215.721122202647
00bbac68_5699,12215.721122202647
00bbac68_5700,12215.900494090822
00bbac68_5701,12215.674611405111
00bbac68_5702,12215.721122202647
00bbac68_5703,12215.674611405111
00bbac68_5704,12215.584280846968
00bbac68_5705,12215.674611405111
00bbac68_5706,12215.721122202647
00bbac68_5707,12215.089876701963
00bbac68_5708,12215.089876701963
00bbac68_5709,12215.092455567894
00bbac68_5710,12215.032510979818
00bbac68_5711,12215.032510979818
00bbac68_5712,12214.986000182282
00bbac68_5713,12215.211882867994
00bbac68_5714,12215.032510979818
00bbac68_5715,12215.02048556384
00bbac68_5716,12215.02048556384
00bbac68_5717,12215.199857452017
00bbac68_5718,12215.114265911001
00bbac68_5719,12215.114265911001
00bbac68_5720,12215.037992387463
00bbac68_5721,12215.037992387463
00bbac68_5722,12214.934894022825
00bbac68_5723,12214.934894022825
00bbac68_5724,12214.934894022825
00bbac68_5725,12214.934894022825
00bbac68_5726,12214.934894022825
00bbac68_5727,12215.114265911001
00bbac68_5728,12215.114265911001
00bbac68_5729,12215.027412555082
00bbac68_5730,12214.97509971785
00bbac68_5731,12215.114265911001
00bbac68_5732,12214.934894022825
00bbac68_5733,12214.930058864493
00bbac68_5734,12215.114265911001
00bbac68_5735,12214.950952837562
00bbac68_5736,12212.404870480683
00bbac68_5737,12212.404870480683
00bbac68_5738,12212.404870480683
00bbac68_5739,12212.58424236886
00bbac68_5740,12212.404870480683
00bbac68_5741,12212.404870480683
00bbac68_5742,12212.404870480683
00bbac68_5743,12212.404870480683
00bbac68_5744,12212.404870480683
00bbac68_5745,12212.404870480683
00bbac68_5746,12212.58424236886
00bbac68_5747,12212.358359683147
00bbac68_5748,12211.814002810122
00bbac68_5749,12211.860513607659
00bbac68_5750,12212.039885495835
00bbac68_5751,12211.860513607659
00bbac68_5752,12211.860513607659
00bbac68_5753,12211.814002810122
00bbac68_5754,12211.860513607659
00bbac68_5755,12211.860513607659
00bbac68_5756,12211.860513607659
00bbac68_5757,12212.039885495835
00bbac68_5758,12212.039885495835
00bbac68_5759,12211.86309247359
00bbac68_5760,12211.860513607659
00bbac68_5761,12211.860513607659
00bbac68_5762,12211.963611972296
00bbac68_5763,12212.074151048007
00bbac68_5764,12212.059668102695
00bbac68_5765,12211.643160752992
00bbac68_5766,12211.540062388354
00bbac68_5767,12211.540062388354
00bbac68_5768,12211.540062388354
00bbac68_5769,12211.540062388354
00bbac68_5770,12211.540062388354
00bbac68_5771,12211.540062388354
00bbac68_5772,12211.73921688339
00bbac68_5773,12211.71943427653
00bbac68_5774,12211.535227230022
00bbac68_5775,12211.540062388354
00bbac68_5776,12211.71943427653
00bbac68_5777,12211.540062388354
00bbac68_5778,12211.540062388354
00bbac68_5779,12211.71943427653
00bbac68_5780,12211.58026808338
00bbac68_5781,12211.588319773677
00bbac68_5782,12211.755495857213
00bbac68_5783,12211.755495857213
00bbac68_5784,12211.755495857213
00bbac68_5785,12211.747444166916
00bbac68_5786,12211.39039846375
00bbac68_5787,12211.24502860856
00bbac68_5788,12211.24502860856
00bbac68_5789,12211.24502860856
00bbac68_5790,12211.24502860856
00bbac68_5791,12211.39039846375
00bbac68_5792,12211.24502860856
00bbac68_5793,12211.39039846375
00bbac68_5794,12211.39039846375
00bbac68_5795,12211.24502860856
00bbac68_5796,12211.2512322706
00bbac68_5797,12211.264119553729
00bbac68_5798,12211.24502860856
00bbac68_5799,12211.39039846375
00bbac68_5800,12211.24502860856
00bbac68_5801,12211.277011506152
00bbac68_5802,12211.422381361343
00bbac68_5803,12211.422381361343
00bbac68_5804,12211.277011506152
00bbac68_5805,12211.422381361343
00bbac68_5806,12211.350509374055
00bbac68_5807,12211.495879229245
00bbac68_5808,12211.287155975371
00bbac68_5809,12211.287155975371
00bbac68_5810,12211.210882451835
00bbac68_5811,12211.110362953126
00bbac68_5812,12211.110362953126
00bbac68_5813,12211.287155975371
00bbac68_5814,12211.102948928865
00bbac68_5815,12211.287155975371
00bbac68_5816,12211.107784087197
00bbac68_5817,12211.107784087197
00bbac68_5818,12211.107784087197
00bbac68_5819,12211.287155975371
00bbac68_5820,12211.107784087197
00bbac68_5821,12211.107784087197
00bbac68_5822,12211.107784087197
00bbac68_5823,12211.107784087197
00bbac68_5824,12211.107784087197
00bbac68_5825,12211.107784087197
00bbac68_5826,12211.107784087197
00bbac68_5827,12211.287155975371
00bbac68_5828,12210.044308644116
00bbac68_5829,12210.044308644116
00bbac68_5830,12210.120582167652
00bbac68_5831,12210.120582167652
00bbac68_5832,12210.120582167652
00bbac68_5833,12209.941210279476
00bbac68_5834,12209.941210279476
00bbac68_5835,12209.941210279476
00bbac68_5836,12209.941210279476
00bbac68_5837,12210.033728811733
00bbac68_5838,12210.033728811733
00bbac68_5839,12209.941210279476
00bbac68_5840,12209.941210279476
00bbac68_5841,12209.941210279476
00bbac68_5842,12209.941210279476
00bbac68_5843,12209.941210279476
00bbac68_5844,12209.941210279476
00bbac68_5845,12209.941210279476
00bbac68_5846,12209.941210279476
00bbac68_5847,12209.941210279476
00bbac68_5848,12209.943789145407
00bbac68_5849,12210.154235773483
00bbac68_5850,12210.044308644116
00bbac68_5851,12210.044308644116
00bbac68_5852,12209.941210279476
00bbac68_5853,12209.159896546667
00bbac68_5854,12209.159896546667
00bbac68_5855,12209.056798182028
00bbac68_5856,12209.159896546667
00bbac68_5857,12209.269823676035
00bbac68_5858,12209.23555812386
00bbac68_5859,12209.269823676035
00bbac68_5860,12209.274215163055
00bbac68_5861,12209.095455221222
00bbac68_5862,12209.09062006289
00bbac68_5863,12209.294609716258
00bbac68_5864,12209.095455221222
00bbac68_5865,12209.095455221222
00bbac68_5866,12209.095455221222
00bbac68_5867,12209.095455221222
00bbac68_5868,12209.187361807137
00bbac68_5869,12209.17717951421
00bbac68_5870,12209.308480715228
00bbac68_5871,12209.274215163055
00bbac68_5872,12209.274215163055
00bbac68_5873,12209.274215163055
00bbac68_5874,12208.777009775022
00bbac68_5875,12208.766827482095
00bbac68_5876,12208.327671031413
00bbac68_5877,12206.61056094079
00bbac68_5878,12207.146753040317
00bbac68_5879,12207.146753040317
00bbac68_5880,12206.61056094079
00bbac68_5881,12206.61056094079
00bbac68_5882,12206.61056094079
00bbac68_5883,12206.364147180702
00bbac68_5884,12206.361568314773
00bbac68_5885,12206.361568314773
00bbac68_5886,12206.897760414298
00bbac68_5887,12206.361568314773
00bbac68_5888,12206.361568314773
00bbac68_5889,12206.897760414298
00bbac68_5890,12206.361568314773
00bbac68_5891,12206.361568314773
00bbac68_5892,12206.361568314773
00bbac68_5893,12206.361568314773
00bbac68_5894,12206.361568314773
00bbac68_5895,12206.364147180702
00bbac68_5896,12206.361568314773
00bbac68_5897,12206.361568314773
00bbac68_5898,12206.574593808778
00bbac68_5899,12206.897760414298
00bbac68_5900,12206.897760414298
00bbac68_5901,12206.758461289637
00bbac68_5902,12206.845314645554
00bbac68_5903,12206.522148040034
00bbac68_5904,12206.508277041065
00bbac68_5905,12206.412220910666
00bbac68_5906,12206.325181360766
00bbac68_5907,12206.058446583054
00bbac68_5908,12206.594638682582
00bbac68_5909,12206.594638682582
00bbac68_5910,12206.594638682582
00bbac68_5911,12206.594638682582
00bbac68_5912,12206.594638682582
00bbac68_5913,12206.594638682582
00bbac68_5914,12206.594638682582
00bbac68_5915,12206.507785326663
00bbac68_5916,12206.497603033737
00bbac68_5917,12206.594638682582
00bbac68_5918,12206.491399371696
00bbac68_5919,12206.491399371696
00bbac68_5920,12206.497603033737
00bbac68_5921,12206.497603033737
00bbac68_5922,12206.491399371696
00bbac68_5923,12206.491399371696
00bbac68_5924,12206.491399371696
00bbac68_5925,12206.491399371696
00bbac68_5926,12206.491399371696
00bbac68_5927,12206.491399371696
00bbac68_5928,12206.491399371696
00bbac68_5929,12206.491399371696
00bbac68_5930,12206.489263697136
00bbac68_5931,12204.745822411736
00bbac68_5932,12204.849061722622
00bbac68_5933,12204.752026073777
00bbac68_5934,12204.752026073777
00bbac68_5935,12204.752026073777
00bbac68_5936,12204.745822411736
00bbac68_5937,12204.762208366703
00bbac68_5938,12204.525895117102
00bbac68_5939,12204.849061722622
00bbac68_5940,12204.762208366703
00bbac68_5941,12204.752026073777
00bbac68_5942,12204.1599145774
00bbac68_5943,12204.256950226245
00bbac68_5944,12203.91082451545
00bbac68_5945,12203.933783620725
00bbac68_5946,12204.256950226245
00bbac68_5947,12204.256950226245
00bbac68_5948,12204.256950226245
00bbac68_5949,12204.1599145774
00bbac68_5950,12204.172801860526
00bbac68_5951,12204.15371091536
00bbac68_5952,12204.1599145774
00bbac68_5953,12204.15371091536
00bbac68_5954,12204.15371091536
00bbac68_5955,12203.919912621754
00bbac68_5956,12203.810305016741
00bbac68_5957,12204.256950226245
00bbac68_5958,12204.15371091536
00bbac68_5959,12204.1599145774
00bbac68_5960,12204.1599145774
00bbac68_5961,12204.256950226245
00bbac68_5962,12203.66545951586
00bbac68_5963,12204.025251369445
00bbac68_5964,12203.788938119844
00bbac68_5965,12203.788938119844
00bbac68_5966,12204.112104725364
00bbac68_5967,12203.66288064993
00bbac68_5968,12203.66288064993
00bbac68_5969,12203.66288064993
00bbac68_5970,12203.66288064993
00bbac68_5971,12203.66288064993
00bbac68_5972,12203.678939464668
00bbac68_5973,12203.788938119844
00bbac68_5974,12203.66545951586
00bbac68_5975,12203.678939464668
00bbac68_5976,12203.765979014568
00bbac68_5977,12204.025251369445
00bbac68_5978,12203.602333292361
00bbac68_5979,12203.505297643516
00bbac68_5980,12203.257333502192
00bbac68_5981,12203.263537164234
00bbac68_5982,12203.263537164234
00bbac68_5983,12203.263537164234
00bbac68_5984,12203.037406207557
00bbac68_5985,12203.014447102281
00bbac68_5986,12203.27371945716
00bbac68_5987,12203.27371945716
00bbac68_5988,12203.27371945716
00bbac68_5989,12203.263537164234
00bbac68_5990,12203.037406207557
00bbac68_5991,12203.014447102281
00bbac68_5992,12203.014447102281
00bbac68_5993,12203.037406207557
00bbac68_5994,12203.27371945716
00bbac68_5995,12202.386991090038
00bbac68_5996,12202.30013773412
00bbac68_5997,12202.283751779152
00bbac68_5998,12202.283751779152
00bbac68_5999,12202.289955441192
00bbac68_6000,12202.289955441192
00bbac68_6001,12202.283751779152
00bbac68_6002,12202.283751779152
00bbac68_6003,12202.289955441192
00bbac68_6004,12202.289955441192
00bbac68_6005,12202.289955441192
00bbac68_6006,12202.289955441192
00bbac68_6007,12202.30284272432
00bbac68_6008,12202.283751779152
00bbac68_6009,12202.283751779152
00bbac68_6010,12202.283751779152
00bbac68_6011,12202.386991090038
00bbac68_6012,12202.289955441192
00bbac68_6013,12202.289955441192
00bbac68_6014,12202.289955441192
00bbac68_6015,12202.073437947261
00bbac68_6016,12202.16029130318
00bbac68_6017,12202.063255654335
00bbac68_6018,12202.063255654335
00bbac68_6019,12202.068577841545
00bbac68_6020,12202.063255654335
00bbac68_6021,12201.814165592385
00bbac68_6022,12201.711067227745
00bbac68_6023,12202.16029130318
00bbac68_6024,12202.16029130318
00bbac68_6025,12202.046020538754
00bbac68_6026,12202.046020538754
00bbac68_6027,12202.046020538754
00bbac68_6028,12201.796930476801
00bbac68_6029,12201.693832112163
00bbac68_6030,12201.696410978095
00bbac68_6031,12201.819889582077
00bbac68_6032,12202.143056187597
00bbac68_6033,12202.143056187597
00bbac68_6034,12201.819889582077
00bbac68_6035,12202.143056187597
00bbac68_6036,12202.05890782188
00bbac68_6037,12202.05620283168
00bbac68_6038,12202.143056187597
00bbac68_6039,12202.046020538754
00bbac68_6040,12202.05890782188
00bbac68_6041,12201.932905913354
00bbac68_6042,12201.932905913354
00bbac68_6043,12201.932905913354
00bbac68_6044,12201.932905913354
00bbac68_6045,12201.932905913354
00bbac68_6046,12202.046020538754
00bbac68_6047,12202.143056187597
00bbac68_6048,12202.143056187597
00bbac68_6049,12202.143056187597
00bbac68_6050,12201.983224544012
00bbac68_6051,12201.77307426977
00bbac68_6052,12201.77307426977
00bbac68_6053,12201.896371188093
00bbac68_6054,12201.886188895167
00bbac68_6055,12201.77307426977
00bbac68_6056,12201.983224544012
00bbac68_6057,12201.660057938492
00bbac68_6058,12201.983224544012
00bbac68_6059,12201.896371188093
00bbac68_6060,12201.886188895167
00bbac68_6061,12201.886188895167
00bbac68_6062,12201.64618693952
00bbac68_6063,12201.536579334508
00bbac68_6064,12201.536579334508
00bbac68_6065,12201.534000468579
00bbac68_6066,12201.660057938492
00bbac68_6067,12201.983224544012
00bbac68_6068,12201.534000468579
00bbac68_6069,12201.637098833216
00bbac68_6070,12201.886188895167
00bbac68_6071,12201.983224544012
00bbac68_6072,12201.983224544012
00bbac68_6073,12201.983224544012
00bbac68_6074,12201.983224544012
00bbac68_6075,12201.983224544012
00bbac68_6076,12201.660057938492
00bbac68_6077,12201.660057938492
00bbac68_6078,12201.983224544012
00bbac68_6079,12201.534000468579
00bbac68_6080,12200.988340839074
00bbac68_6081,12201.42150609977
00bbac68_6082,12201.075380388975
00bbac68_6083,12200.972282024337
00bbac68_6084,12201.09833949425
00bbac68_6085,12201.42150609977
00bbac68_6086,12200.972282024337
00bbac68_6087,12200.972282024337
00bbac68_6088,12201.075380388975
00bbac68_6089,12201.42150609977
00bbac68_6090,12201.324470450925
00bbac68_6091,12201.324470450925
00bbac68_6092,12201.329792638135
00bbac68_6093,12200.359353644446
00bbac68_6094,12200.359353644446
00bbac68_6095,12200.456389293291
00bbac68_6096,12199.848075950911
00bbac68_6097,12199.848075950911
00bbac68_6098,12199.834596002103
00bbac68_6099,12200.456389293291
00bbac68_6100,12200.456389293291
00bbac68_6101,12200.359353644446
00bbac68_6102,12200.359353644446
00bbac68_6103,12200.456389293291
00bbac68_6104,12199.958074606087
00bbac68_6105,12199.935115500812
00bbac68_6106,12199.944203607116
00bbac68_6107,12200.359353644446
00bbac68_6108,12200.359353644446
00bbac68_6109,12199.653112087302
00bbac68_6110,12199.653112087302
00bbac68_6111,12199.737260453021
00bbac68_6112,12199.640224804176
00bbac68_6113,12199.737260453021
00bbac68_6114,12199.737260453021
00bbac68_6115,12199.737260453021
00bbac68_6116,12199.640224804176
00bbac68_6117,12199.640224804176
00bbac68_6118,12199.565434789962
00bbac68_6119,12199.67854941536
00bbac68_6120,12199.775585064204
00bbac68_6121,12198.856093692582
00bbac68_6122,12199.377367485062
00bbac68_6123,12198.856093692582
00bbac68_6124,12198.879052797858
00bbac68_6125,12199.280331836217
00bbac68_6126,12199.377367485062
00bbac68_6127,12198.209928900076
00bbac68_6128,12198.209928900076
00bbac68_6129,12198.232888005352
00bbac68_6130,12198.731202692554
00bbac68_6131,12198.232888005352
00bbac68_6132,12198.634167043709
00bbac68_6133,12198.634167043709
00bbac68_6134,12198.731202692554
00bbac68_6135,12198.232888005352
00bbac68_6136,12198.731202692554
00bbac68_6137,12198.731202692554
00bbac68_6138,12198.232888005352
00bbac68_6139,12198.282935178051
00bbac68_6140,12198.185899529206
00bbac68_6141,12198.185899529206
00bbac68_6142,12198.282935178051
00bbac68_6143,12198.282935178051
00bbac68_6144,12198.173730921186
00bbac68_6145,12198.166165825269
00bbac68_6146,12198.185899529206
00bbac68_6147,12198.173730921186
00bbac68_6148,12198.173730921186
00bbac68_6149,12198.282935178051
00bbac68_6150,12198.282935178051
00bbac68_6151,12198.185899529206
00bbac68_6152,12198.185899529206
00bbac68_6153,12198.099220595199
00bbac68_6154,12198.04772901266
00bbac68_6155,12198.282935178051
00bbac68_6156,12198.04772901266
00bbac68_6157,12198.185899529206
00bbac68_6158,12198.185899529206
00bbac68_6159,12198.04772901266
00bbac68_6160,12198.04772901266
00bbac68_6161,12198.282935178051
00bbac68_6162,12198.04772901266
00bbac68_6163,12198.185899529206
00bbac68_6164,12198.282935178051
00bbac68_6165,12198.04772901266
00bbac68_6166,12198.04772901266
00bbac68_6167,12198.282935178051
00bbac68_6168,12197.974933560434
00bbac68_6169,12197.974933560434
00bbac68_6170,12197.836763043888
00bbac68_6171,12197.836763043888
00bbac68_6172,12197.836763043888
00bbac68_6173,12197.836763043888
00bbac68_6174,12198.071969209279
00bbac68_6175,12198.071969209279
00bbac68_6176,12198.071969209279
00bbac68_6177,12198.071969209279
00bbac68_6178,12197.974933560434
00bbac68_6179,12197.836763043888
00bbac68_6180,12197.836763043888
00bbac68_6181,12198.071969209279
00bbac68_6182,12198.071969209279
00bbac68_6183,12198.071969209279
00bbac68_6184,12197.962764952414
00bbac68_6185,12198.071969209279
00bbac68_6186,12197.98511585336
00bbac68_6187,12197.98511585336
00bbac68_6188,12197.98511585336
00bbac68_6189,12197.974933560434
00bbac68_6190,12197.836763043888
00bbac68_6191,12197.7705044546
00bbac68_6192,12197.908674971146
00bbac68_6193,12197.918857264072
00bbac68_6194,12198.005710619991
00bbac68_6195,12197.918857264072
00bbac68_6196,12197.908674971146
00bbac68_6197,12197.908674971146
00bbac68_6198,12198.005710619991
00bbac68_6199,12197.507395932787
00bbac68_6200,12198.005710619991
00bbac68_6201,12198.005710619991
00bbac68_6202,12198.005710619991
00bbac68_6203,12197.7705044546
00bbac68_6204,12197.7705044546
00bbac68_6205,12197.7705044546
00bbac68_6206,12197.908674971146
00bbac68_6207,12197.918857264072
00bbac68_6208,12198.005710619991
00bbac68_6209,12198.005710619991
00bbac68_6210,12198.005710619991
00bbac68_6211,12198.005710619991
00bbac68_6212,12197.7705044546
00bbac68_6213,12197.908674971146
00bbac68_6214,12197.908674971146
00bbac68_6215,12197.79472408243
00bbac68_6216,12197.656553565885
00bbac68_6217,12197.891759731276
00bbac68_6218,12197.656553565885
00bbac68_6219,12197.656553565885
00bbac68_6220,12197.656553565885
00bbac68_6221,12197.79472408243
00bbac68_6222,12197.79472408243
00bbac68_6223,12197.79472408243
00bbac68_6224,12197.79472408243
00bbac68_6225,12197.79472408243
00bbac68_6226,12197.79472408243
00bbac68_6227,12197.78255547441
00bbac68_6228,12197.78255547441
00bbac68_6229,12197.79472408243
00bbac68_6230,12197.79472408243
00bbac68_6231,12197.79472408243
00bbac68_6232,12197.804906375357
00bbac68_6233,12197.78255547441
00bbac68_6234,12197.79472408243
00bbac68_6235,12197.269966440088
00bbac68_6236,12197.656553565885
00bbac68_6237,12197.656553565885
00bbac68_6238,12197.656553565885
00bbac68_6239,12197.886409560822
00bbac68_6240,12197.651203395433
00bbac68_6241,12197.777205303957
00bbac68_6242,12197.651203395433
00bbac68_6243,12197.651203395433
00bbac68_6244,12197.651203395433
00bbac68_6245,12197.651203395433
00bbac68_6246,12197.651203395433
00bbac68_6247,12197.886409560822
00bbac68_6248,12197.789373911979
00bbac68_6249,12197.886409560822
00bbac68_6250,12197.886409560822
00bbac68_6251,12197.886409560822
00bbac68_6252,12197.70269497797
00bbac68_6253,12197.651203395433
00bbac68_6254,12197.886409560822
00bbac68_6255,12197.651203395433
00bbac68_6256,12197.651203395433
00bbac68_6257,12197.651203395433
00bbac68_6258,12197.651203395433
00bbac68_6259,12197.886409560822
00bbac68_6260,12197.651203395433
00bbac68_6261,12197.651203395433
00bbac68_6262,12197.677911490879
00bbac68_6263,12197.677911490879
00bbac68_6264,12197.816082007424
00bbac68_6265,12197.816082007424
00bbac68_6266,12197.729403073417
00bbac68_6267,12197.816082007424
00bbac68_6268,12197.82626430035
00bbac68_6269,12197.91311765627
00bbac68_6270,12197.91311765627
00bbac68_6271,12197.816082007424
00bbac68_6272,12196.219996753347
00bbac68_6273,12196.219996753347
00bbac68_6274,12196.125220068765
00bbac68_6275,12196.081826236801
00bbac68_6276,12196.081826236801
00bbac68_6277,12196.081826236801
00bbac68_6278,12196.081826236801
00bbac68_6279,12196.081826236801
00bbac68_6280,12196.081826236801
00bbac68_6281,12196.081826236801
00bbac68_6282,12196.317032402192
00bbac68_6283,12196.081826236801
00bbac68_6284,12196.113368710394
00bbac68_6285,12196.081826236801
00bbac68_6286,12196.126597552333
00bbac68_6287,12196.126597552333
00bbac68_6288,12196.126597552333
00bbac68_6289,12196.126597552333
00bbac68_6290,12196.361803717724
00bbac68_6291,12196.264768068879
00bbac68_6292,12196.264768068879
00bbac68_6293,12196.264768068879
00bbac68_6294,12196.264768068879
00bbac68_6295,12196.361803717724
00bbac68_6296,12196.274950361805
00bbac68_6297,12196.274950361805
00bbac68_6298,12196.274950361805
00bbac68_6299,12196.361803717724
00bbac68_6300,12196.361803717724
00bbac68_6301,12196.264768068879
00bbac68_6302,12196.126597552333
00bbac68_6303,12196.126597552333
00bbac68_6304,12196.126597552333
00bbac68_6305,12196.126597552333
00bbac68_6306,12196.126597552333
00bbac68_6307,12196.126597552333
00bbac68_6308,12196.252599460859
00bbac68_6309,12196.264768068879
00bbac68_6310,12196.328528384336
00bbac68_6311,12196.328528384336
00bbac68_6312,12196.233751699754
00bbac68_6313,12196.19035786779
00bbac68_6314,12196.19035786779
00bbac68_6315,12196.19035786779
00bbac68_6316,12196.328528384336
00bbac68_6317,12196.19035786779
00bbac68_6318,12196.19035786779
00bbac68_6319,12196.425564033181
00bbac68_6320,12196.316359776316
00bbac68_6321,12196.328528384336
00bbac68_6322,12196.328528384336
00bbac68_6323,12196.316359776316
00bbac68_6324,12196.19035786779
00bbac68_6325,12196.19035786779
00bbac68_6326,12196.19035786779
00bbac68_6327,12196.19035786779
00bbac68_6328,12196.19035786779
00bbac68_6329,12196.19035786779
00bbac68_6330,12196.19035786779
00bbac68_6331,12196.19035786779
00bbac68_6332,12196.19035786779
00bbac68_6333,12196.19035786779
00bbac68_6334,12196.19035786779
00bbac68_6335,12196.308794680399
00bbac68_6336,12196.425564033181
00bbac68_6337,12196.425564033181
00bbac68_6338,12196.328528384336
00bbac68_6339,12196.328528384336
00bbac68_6340,12196.328528384336
00bbac68_6341,12196.328528384336
00bbac68_6342,12196.328528384336
00bbac68_6343,12196.19035786779
00bbac68_6344,12196.19035786779
00bbac68_6345,12196.19035786779
00bbac68_6346,12196.19035786779
00bbac68_6347,12196.316359776316
00bbac68_6348,12196.425564033181
00bbac68_6349,12196.328528384336
00bbac68_6350,12196.328528384336
00bbac68_6351,12196.328528384336
00bbac68_6352,12196.328528384336
00bbac68_6353,12196.328528384336
00bbac68_6354,12196.19035786779
00bbac68_6355,12196.425564033181
00bbac68_6356,12196.328528384336
00bbac68_6357,12196.26763948966
00bbac68_6358,12196.26763948966
00bbac68_6359,12196.26763948966
00bbac68_6360,12196.26763948966
00bbac68_6361,12196.26763948966
00bbac68_6362,12196.26763948966
00bbac68_6363,12196.393641398185
00bbac68_6364,12196.405810006207
00bbac68_6365,12196.405810006207
00bbac68_6366,12196.405810006207
00bbac68_6367,12196.405810006207
00bbac68_6368,12196.405810006207
00bbac68_6369,12196.405810006207
00bbac68_6370,12196.405810006207
00bbac68_6371,12196.405810006207
00bbac68_6372,12196.405810006207
00bbac68_6373,12196.502845655052
00bbac68_6374,12195.866492174186
00bbac68_6375,12195.81998137665
00bbac68_6376,12196.004530967848
00bbac68_6377,12196.393641398185
00bbac68_6378,12196.26763948966
00bbac68_6379,12196.26763948966
00bbac68_6380,12196.26763948966
00bbac68_6381,12196.26763948966
00bbac68_6382,12196.393641398185
00bbac68_6383,12196.311033321623
00bbac68_6384,12196.26763948966
00bbac68_6385,12196.26763948966
00bbac68_6386,12196.502845655052
00bbac68_6387,12196.26763948966
00bbac68_6388,12196.393641398185
00bbac68_6389,12196.405810006207
00bbac68_6390,12196.405810006207
00bbac68_6391,12196.26763948966
00bbac68_6392,12196.26763948966
00bbac68_6393,12196.193073166522
00bbac68_6394,12196.428279331913
00bbac68_6395,12196.236466998485
00bbac68_6396,12196.193073166522
00bbac68_6397,12196.319075075047
00bbac68_6398,12196.428279331913
00bbac68_6399,12196.341425975994
00bbac68_6400,12196.193073166522
00bbac68_6401,12196.319075075047
00bbac68_6402,12196.331243683067
00bbac68_6403,12196.193073166522
00bbac68_6404,12196.193073166522
00bbac68_6405,12196.193073166522
00bbac68_6406,12196.641340681024
00bbac68_6407,12196.641340681024
00bbac68_6408,12196.641340681024
00bbac68_6409,12196.641340681024
00bbac68_6410,12196.641340681024
00bbac68_6411,12196.77951119757
00bbac68_6412,12196.641340681024
00bbac68_6413,12196.641340681024
00bbac68_6414,12196.641340681024
00bbac68_6415,12196.641340681024
00bbac68_6416,12196.876546846415
00bbac68_6417,12196.876546846415
00bbac68_6418,12196.24019336555
00bbac68_6419,12196.24019336555
00bbac68_6420,12196.24019336555
00bbac68_6421,12196.876546846415
00bbac68_6422,12196.789693490497
00bbac68_6423,12196.789693490497
00bbac68_6424,12196.77951119757
00bbac68_6425,12196.789693490497
00bbac68_6426,12196.789693490497
00bbac68_6427,12196.877033271629
00bbac68_6428,12196.8668509787
00bbac68_6429,12196.963886627545
00bbac68_6430,12196.90441977905
00bbac68_6431,12197.001455427895
00bbac68_6432,12196.90441977905
00bbac68_6433,12196.90441977905
00bbac68_6434,12196.914602071976
00bbac68_6435,12196.90441977905
00bbac68_6436,12196.809312006057
00bbac68_6437,12196.503140740693
00bbac68_6438,12196.480181635417
00bbac68_6439,12196.914602071976
00bbac68_6440,12196.90441977905
00bbac68_6441,12197.001455427895
00bbac68_6442,12196.37966213671
00bbac68_6443,12196.480181635417
00bbac68_6444,12197.001455427895
00bbac68_6445,12197.001455427895
00bbac68_6446,12196.90441977905
00bbac68_6447,12196.90441977905
00bbac68_6448,12196.90441977905
00bbac68_6449,12196.914602071976
00bbac68_6450,12196.375966642303
00bbac68_6451,12197.099680645706
00bbac68_6452,12196.907868312277
00bbac68_6453,12196.982911292922
00bbac68_6454,12196.45987612881
00bbac68_6455,12197.085364914403
00bbac68_6456,12196.988329265558
00bbac68_6457,12196.45987612881
00bbac68_6458,12196.988329265558
00bbac68_6459,12196.988329265558
00bbac68_6460,12196.998511558484
00bbac68_6461,12196.893221492564
00bbac68_6462,12196.893221492564
00bbac68_6463,12196.893552580974
00bbac68_6464,12196.988329265558
00bbac68_6465,12196.988329265558
00bbac68_6466,12196.893221492564
00bbac68_6467,12196.988329265558
00bbac68_6468,12196.988329265558
00bbac68_6469,12196.998511558484
00bbac68_6470,12196.988329265558
00bbac68_6471,12196.988329265558
00bbac68_6472,12196.988329265558
00bbac68_6473,12196.988329265558
00bbac68_6474,12197.085364914403
00bbac68_6475,12196.5870502272
00bbac68_6476,12196.988329265558
00bbac68_6477,12196.988329265558
00bbac68_6478,12196.998511558484
00bbac68_6479,12196.893221492564
00bbac68_6480,12196.988329265558
00bbac68_6481,12196.988329265558
00bbac68_6482,12196.988329265558
00bbac68_6483,12196.988329265558
00bbac68_6484,12196.877389330435
00bbac68_6485,12196.972497103428
00bbac68_6486,12197.069532752274
00bbac68_6487,12196.982679396355
00bbac68_6488,12196.982679396355
00bbac68_6489,12197.069532752274
00bbac68_6490,12196.972497103428
00bbac68_6491,12196.972497103428
00bbac68_6492,12196.972497103428
00bbac68_6493,12196.972497103428
00bbac68_6494,12196.877389330435
00bbac68_6495,12196.877389330435
00bbac68_6496,12196.877389330435
00bbac68_6497,12196.972497103428
00bbac68_6498,12197.131862636246
00bbac68_6499,12197.045009280328
00bbac68_6500,12197.045009280328
00bbac68_6501,12196.633547949043
00bbac68_6502,12197.045009280328
00bbac68_6503,12197.034826987401
00bbac68_6504,12197.034826987401
00bbac68_6505,12197.045009280328
00bbac68_6506,12197.034826987401
00bbac68_6507,12197.131862636246
00bbac68_6508,12197.001988921678
00bbac68_6509,12197.001988921678
00bbac68_6510,12197.034826987401
00bbac68_6511,12197.001988921678
00bbac68_6512,12196.994991231975
00bbac68_6513,12197.034826987401
00bbac68_6514,12197.001988921678
00bbac68_6515,12196.940050302817
00bbac68_6516,12197.034826987401
00bbac68_6517,12197.022658379381
00bbac68_6518,12196.97504212303
00bbac68_6519,12197.034826987401
00bbac68_6520,12197.753955827671
00bbac68_6521,12197.659179143087
00bbac68_6522,12197.753955827671
00bbac68_6523,12197.753955827671
00bbac68_6524,12197.721117761948
00bbac68_6525,12197.721117761948
00bbac68_6526,12197.721117761948
00bbac68_6527,12197.753955827671
00bbac68_6528,12197.753955827671
00bbac68_6529,12197.741787219651
00bbac68_6530,12197.850991476516
00bbac68_6531,12197.753955827671
00bbac68_6532,12197.753955827671
00bbac68_6533,12197.721117761948
00bbac68_6534,12197.659179143087
00bbac68_6535,12197.753955827671
00bbac68_6536,12197.753955827671
00bbac68_6537,12197.850991476516
00bbac68_6538,12197.741787219651
00bbac68_6539,12197.734222123732
00bbac68_6540,12197.741787219651
00bbac68_6541,12197.721117761948
00bbac68_6542,12197.721117761948
00bbac68_6543,12197.741787219651
00bbac68_6544,12197.753955827671
00bbac68_6545,12197.753955827671
00bbac68_6546,12197.721117761948
00bbac68_6547,12197.721117761948
00bbac68_6548,12197.721117761948
00bbac68_6549,12197.721117761948
00bbac68_6550,12197.753955827671
00bbac68_6551,12197.753955827671
00bbac68_6552,12197.764138120598
00bbac68_6553,12197.352676789313
00bbac68_6554,12197.753955827671
00bbac68_6555,12197.753955827671
00bbac68_6556,12197.764138120598
00bbac68_6557,12197.850991476516
00bbac68_6558,12197.850991476516
00bbac68_6559,12197.753955827671
00bbac68_6560,12197.850991476516
00bbac68_6561,12197.753955827671
00bbac68_6562,12197.721117761948
00bbac68_6563,12197.721117761948
00bbac68_6564,12197.721117761948
00bbac68_6565,12197.721117761948
00bbac68_6566,12197.721117761948
00bbac68_6567,12197.721117761948
00bbac68_6568,12197.721117761948
00bbac68_6569,12197.721117761948
00bbac68_6570,12197.721117761948
00bbac68_6571,12197.734222123732
00bbac68_6572,12197.753955827671
00bbac68_6573,12197.850991476516
00bbac68_6574,12197.352676789313
00bbac68_6575,12197.352676789313
00bbac68_6576,12197.850991476516
00bbac68_6577,12197.753955827671
00bbac68_6578,12197.753955827671
00bbac68_6579,12197.753955827671
00bbac68_6580,12197.721117761948
00bbac68_6581,12197.721117761948
00bbac68_6582,12197.741787219651
00bbac68_6583,12197.721117761948
00bbac68_6584,12197.721117761948
00bbac68_6585,12197.659179143087
00bbac68_6586,12197.741787219651
00bbac68_6587,12197.753955827671
00bbac68_6588,12197.850991476516
00bbac68_6589,12197.764138120598
00bbac68_6590,12197.753955827671
00bbac68_6591,12197.850991476516
00bbac68_6592,12197.753955827671
00bbac68_6593,12197.780761273103
00bbac68_6594,12197.877796921948
00bbac68_6595,12197.877796921948
00bbac68_6596,12197.747923207382
00bbac68_6597,12197.747923207382
00bbac68_6598,12198.309641651624
00bbac68_6599,12198.342479717345
00bbac68_6600,12198.43951536619
00bbac68_6601,12198.342479717345
00bbac68_6602,12198.342479717345
00bbac68_6603,12198.342479717345
00bbac68_6604,12198.342479717345
00bbac68_6605,12198.342479717345
00bbac68_6606,12198.352662010271
00bbac68_6607,12198.309641651624
00bbac68_6608,12198.309641651624
00bbac68_6609,12198.342479717345
00bbac68_6610,12198.43951536619
00bbac68_6611,12198.43951536619
00bbac68_6612,12198.352662010271
00bbac68_6613,12198.247703032763
00bbac68_6614,12198.342479717345
00bbac68_6615,12198.352662010271
00bbac68_6616,12198.43951536619
00bbac68_6617,12197.941200678986
00bbac68_6618,12198.43951536619
00bbac68_6619,12198.352662010271
00bbac68_6620,12198.352662010271
00bbac68_6621,12197.819220700063
00bbac68_6622,12198.342479717345
00bbac68_6623,12198.309641651624
00bbac68_6624,12198.342479717345
00bbac68_6625,12198.352662010271
00bbac68_6626,12198.352662010271
00bbac68_6627,12198.342479717345
00bbac68_6628,12198.352662010271
00bbac68_6629,12198.43951536619
00bbac68_6630,12197.941200678986
00bbac68_6631,12197.941200678986
00bbac68_6632,12198.43951536619
00bbac68_6633,12197.814026580598
00bbac68_6634,12197.918241573712
00bbac68_6635,12198.352662010271
00bbac68_6636,12197.817722075004
00bbac68_6637,12197.814026580598
00bbac68_6638,12197.814026580598
00bbac68_6639,12197.941200678986
00bbac68_6640,12198.342479717345
00bbac68_6641,12198.342479717345
00bbac68_6642,12198.43951536619
00bbac68_6643,12197.918241573712
00bbac68_6644,12197.918241573712
00bbac68_6645,12197.814026580598
00bbac68_6646,12197.817722075004
00bbac68_6647,12197.817722075004
00bbac68_6648,12197.814026580598
00bbac68_6649,12198.352662010271
00bbac68_6650,12198.352662010271
00bbac68_6651,12198.352662010271
00bbac68_6652,12198.342479717345
00bbac68_6653,12198.342479717345
00bbac68_6654,12198.76088630608
00bbac68_6655,12198.76088630608
00bbac68_6656,12198.76088630608
00bbac68_6657,12198.76088630608
00bbac68_6658,12198.262571618878
00bbac68_6659,12198.135397520487
00bbac68_6660,12198.76088630608
00bbac68_6661,12198.262571618878
00bbac68_6662,12199.026940707396
00bbac68_6663,12198.940087351477
00bbac68_6664,12198.401451921804
00bbac68_6665,12198.401451921804
00bbac68_6666,12198.401451921804
00bbac68_6667,12199.026940707396
00bbac68_6668,12199.026940707396
00bbac68_6669,12198.528626020192
00bbac68_6670,12198.397733391947
00bbac68_6671,12198.397733391947
00bbac68_6672,12198.514755021222
00bbac68_6673,12198.401451921804
00bbac68_6674,12198.40514741621
00bbac68_6675,12198.92990505855
00bbac68_6676,12198.940087351477
00bbac68_6677,12198.528626020192
00bbac68_6678,12198.505666914916
00bbac68_6679,12198.528626020192
00bbac68_6680,12198.528626020192
00bbac68_6681,12198.397733391947
00bbac68_6682,12198.401451921804
00bbac68_6683,12199.026940707396
00bbac68_6684,12199.026940707396
00bbac68_6685,12198.940087351477
00bbac68_6686,12199.49515760725
00bbac68_6687,12199.398121958406
00bbac68_6688,12199.385953350386
00bbac68_6689,12199.385953350386
00bbac68_6690,12199.398121958406
00bbac68_6691,12199.398121958406
00bbac68_6692,12199.49515760725
00bbac68_6693,12199.398121958406
00bbac68_6694,12199.398121958406
00bbac68_6695,12199.398121958406
00bbac68_6696,12199.398121958406
00bbac68_6697,12199.398121958406
00bbac68_6698,12199.49515760725
00bbac68_6699,12198.973883814773
00bbac68_6700,12198.873364316065
00bbac68_6701,12198.973883814773
00bbac68_6702,12199.49515760725
00bbac68_6703,12199.49515760725
00bbac68_6704,12199.408304251334
00bbac68_6705,12199.398121958406
00bbac68_6706,12199.398121958406
00bbac68_6707,12199.408304251334
00bbac68_6708,12199.408304251334
00bbac68_6709,12199.408304251334
00bbac68_6710,12199.533680307393
00bbac68_6711,12199.035365620191
00bbac68_6712,12199.436644658548
00bbac68_6713,12199.446826951475
00bbac68_6714,12199.012406514916
00bbac68_6715,12198.908191521801
00bbac68_6716,12198.908191521801
00bbac68_6717,12199.533680307393
00bbac68_6718,12199.436644658548
00bbac68_6719,12199.035365620191
00bbac68_6720,12199.436644658548
00bbac68_6721,12199.436644658548
00bbac68_6722,12199.533680307393
00bbac68_6723,12199.035365620191
00bbac68_6724,12199.012406514916
00bbac68_6725,12199.012406514916
00bbac68_6726,12199.533680307393
00bbac68_6727,12199.76038009425
00bbac68_6728,12199.134891308659
00bbac68_6729,12199.262065407049
00bbac68_6730,12199.76038009425
00bbac68_6731,12199.138586803065
00bbac68_6732,12199.76038009425
00bbac68_6733,12199.155572516862
00bbac68_6734,12199.155572516862
00bbac68_6735,12199.282746615252
00bbac68_6736,12199.920299454176
00bbac68_6737,12199.421984766972
00bbac68_6738,12199.408113768002
00bbac68_6739,12199.833446098257
00bbac68_6740,12199.920299454176
00bbac68_6741,12199.920299454176
00bbac68_6742,12199.294810668584
00bbac68_6743,12199.294810668584
00bbac68_6744,12199.294810668584
00bbac68_6745,12199.399025661696
00bbac68_6746,12199.294810668584
00bbac68_6747,12199.294810668584
00bbac68_6748,12199.294810668584
00bbac68_6749,12199.294810668584
00bbac68_6750,12199.348309834273
00bbac68_6751,12199.348309834273
00bbac68_6752,12199.35200532868
00bbac68_6753,12199.348309834273
00bbac68_6754,12199.348309834273
00bbac68_6755,12199.348309834273
00bbac68_6756,12199.348309834273
00bbac68_6757,12199.348309834273
00bbac68_6758,12199.348309834273
00bbac68_6759,12199.348309834273
00bbac68_6760,12199.348309834273
00bbac68_6761,12199.475483932662
00bbac68_6762,12199.35200532868
00bbac68_6763,12199.348309834273
00bbac68_6764,12199.348309834273
00bbac68_6765,12199.348309834273
00bbac68_6766,12199.348309834273
00bbac68_6767,12199.348309834273
00bbac68_6768,12199.348309834273
00bbac68_6769,12199.348309834273
00bbac68_6770,12199.348309834273
00bbac68_6771,12199.35200532868
00bbac68_6772,12199.475483932662
00bbac68_6773,12199.973798619865
00bbac68_6774,12199.973798619865
00bbac68_6775,12199.973798619865
00bbac68_6776,12199.348309834273
00bbac68_6777,12199.348309834273
00bbac68_6778,12199.452524827386
00bbac68_6779,12199.973798619865
00bbac68_6780,12200.263836845234
00bbac68_6781,12199.720544361524
00bbac68_6782,12199.873251174824
00bbac68_6783,12199.977466167937
00bbac68_6784,12200.000425273212
00bbac68_6785,12200.000425273212
00bbac68_6786,12200.401704311571
00bbac68_6787,12200.401704311571
00bbac68_6788,12200.498739960416
00bbac68_6789,12200.36886624585
00bbac68_6790,12200.38953570355
00bbac68_6791,12200.411886604497
00bbac68_6792,12200.000425273212
00bbac68_6793,12200.411886604497
00bbac68_6794,12200.498739960416
00bbac68_6795,12200.498739960416
00bbac68_6796,12200.498739960416
00bbac68_6797,12199.977466167937
00bbac68_6798,12200.401704311571
00bbac68_6799,12200.411886604497
00bbac68_6800,12199.87694666923
00bbac68_6801,12200.36886624585
00bbac68_6802,12200.401704311571
00bbac68_6803,12200.498739960416
00bbac68_6804,12200.000425273212
00bbac68_6805,12200.000425273212
00bbac68_6806,12200.000425273212
00bbac68_6807,12200.000425273212
00bbac68_6808,12200.411886604497
00bbac68_6809,12200.498739960416
00bbac68_6810,12199.873251174824
00bbac68_6811,12199.873251174824
00bbac68_6812,12199.869532644967
00bbac68_6813,12199.87694666923
00bbac68_6814,12200.909318743195
00bbac68_6815,12200.909318743195
00bbac68_6816,12200.411004055992
00bbac68_6817,12200.287525452008
00bbac68_6818,12200.388044950716
00bbac68_6819,12200.822465387277
00bbac68_6820,12200.81228309435
00bbac68_6821,12200.81228309435
00bbac68_6822,12200.81228309435
00bbac68_6823,12200.822465387277
00bbac68_6824,12200.388044950716
00bbac68_6825,12200.800114486328
00bbac68_6826,12200.800114486328
00bbac68_6827,12200.81228309435
00bbac68_6828,12200.779445028627
00bbac68_6829,12201.513740435843
00bbac68_6830,12201.513740435843
00bbac68_6831,12201.513740435843
00bbac68_6832,12201.513740435843
00bbac68_6833,12201.546578501566
00bbac68_6834,12201.546578501566
00bbac68_6835,12201.546578501566
00bbac68_6836,12201.546578501566
00bbac68_6837,12201.546578501566
00bbac68_6838,12201.513740435843
00bbac68_6839,12201.513740435843
00bbac68_6840,12201.513740435843
00bbac68_6841,12201.513740435843
00bbac68_6842,12201.513740435843
00bbac68_6843,12201.513740435843
00bbac68_6844,12201.145299463207
00bbac68_6845,12201.64361415041
00bbac68_6846,12201.89388705962
00bbac68_6847,12202.010656412402
00bbac68_6848,12202.010656412402
00bbac68_6849,12201.390361746275
00bbac68_6850,12201.38516762681
00bbac68_6851,12201.5123417252
00bbac68_6852,12201.923803056485
00bbac68_6853,12201.913620763558
00bbac68_6854,12201.390361746275
00bbac68_6855,12201.38516762681
00bbac68_6856,12201.38516762681
00bbac68_6857,12201.388863121216
00bbac68_6858,12202.010656412402
00bbac68_6859,12202.010656412402
00bbac68_6860,12201.923803056485
00bbac68_6861,12202.010656412402
00bbac68_6862,12201.5123417252
00bbac68_6863,12201.5123417252
00bbac68_6864,12201.5123417252
00bbac68_6865,12201.923803056485
00bbac68_6866,12201.5123417252
00bbac68_6867,12201.38516762681
00bbac68_6868,12201.388863121216
00bbac68_6869,12201.38516762681
00bbac68_6870,12201.5123417252
00bbac68_6871,12201.923803056485
00bbac68_6872,12202.010656412402
00bbac68_6873,12201.923803056485
00bbac68_6874,12201.923803056485
00bbac68_6875,12201.5123417252
00bbac68_6876,12202.010656412402
00bbac68_6877,12202.010656412402
00bbac68_6878,12202.305225622738
00bbac68_6879,12201.679736837144
00bbac68_6880,12201.68493095661
00bbac68_6881,12201.68343233155
00bbac68_6882,12201.806910935535
00bbac68_6883,12201.806910935535
00bbac68_6884,12202.305225622738
00bbac68_6885,12202.305225622738
00bbac68_6886,12201.793039936563
00bbac68_6887,12201.783951830259
00bbac68_6888,12202.305225622738
00bbac68_6889,12202.305225622738
00bbac68_6890,12201.806910935535
00bbac68_6891,12202.208189973893
00bbac68_6892,12202.21837226682
00bbac68_6893,12202.21837226682
00bbac68_6894,12202.21837226682
00bbac68_6895,12202.208189973893
00bbac68_6896,12202.208189973893
00bbac68_6897,12202.208189973893
00bbac68_6898,12202.489495540698
00bbac68_6899,12202.489495540698
00bbac68_6900,12202.489495540698
00bbac68_6901,12202.489495540698
00bbac68_6902,12202.489495540698
00bbac68_6903,12202.456657474977
00bbac68_6904,12202.456657474977
00bbac68_6905,12202.456657474977
00bbac68_6906,12202.477326932678
00bbac68_6907,12202.489495540698
00bbac68_6908,12202.586531189543
00bbac68_6909,12202.088216502341
00bbac68_6910,12202.088216502341
00bbac68_6911,12202.489495540698
00bbac68_6912,12202.477326932678
00bbac68_6913,12202.586531189543
00bbac68_6914,12202.456657474977
00bbac68_6915,12202.499677833626
00bbac68_6916,12201.966236523416
00bbac68_6917,12202.065257397066
00bbac68_6918,12202.489495540698
00bbac68_6919,12202.489495540698
00bbac68_6920,12202.489495540698
00bbac68_6921,12202.489495540698
00bbac68_6922,12202.456657474977
00bbac68_6923,12202.489495540698
00bbac68_6924,12202.088216502341
00bbac68_6925,12202.586531189543
00bbac68_6926,12202.499677833626
00bbac68_6927,12202.088216502341
00bbac68_6928,12202.088216502341
00bbac68_6929,12202.499677833626
00bbac68_6930,12202.489495540698
00bbac68_6931,12202.489495540698
00bbac68_6932,12202.489495540698
00bbac68_6933,12202.489495540698
00bbac68_6934,12204.471905599103
00bbac68_6935,12204.471905599103
00bbac68_6936,12204.43906753338
00bbac68_6937,12204.377128914519
00bbac68_6938,12204.471905599103
00bbac68_6939,12204.471905599103
00bbac68_6940,12204.43906753338
00bbac68_6941,12204.43906753338
00bbac68_6942,12204.517396650517
00bbac68_6943,12204.529565258537
00bbac68_6944,12204.529565258537
00bbac68_6945,12204.529565258537
00bbac68_6946,12204.529565258537
00bbac68_6947,12204.626600907382
00bbac68_6948,12204.105327114903
00bbac68_6949,12204.128286220179
00bbac68_6950,12204.529565258537
00bbac68_6951,12204.509831554598
00bbac68_6952,12204.529565258537
00bbac68_6953,12204.489729503111
00bbac68_6954,12204.496727192816
00bbac68_6955,12204.496727192816
00bbac68_6956,12204.496727192816
00bbac68_6957,12204.529565258537
00bbac68_6958,12204.539747551464
00bbac68_6959,12204.529565258537
00bbac68_6960,12204.529565258537
00bbac68_6961,12204.626600907382
00bbac68_6962,12204.529565258537
00bbac68_6963,12204.529565258537
00bbac68_6964,12204.529565258537
00bbac68_6965,12204.529565258537
00bbac68_6966,12204.539747551464
00bbac68_6967,12204.004807616197
00bbac68_6968,12204.00111212179
00bbac68_6969,12205.036159428702
00bbac68_6970,12204.939123779859
00bbac68_6971,12204.939123779859
00bbac68_6972,12204.939123779859
00bbac68_6973,12204.949306072785
00bbac68_6974,12205.464630760573
00bbac68_6975,12205.36759511173
00bbac68_6976,12205.36759511173
00bbac68_6977,12205.377777404656
00bbac68_6978,12204.96631607337
00bbac68_6979,12204.96631607337
00bbac68_6980,12204.842837469387
00bbac68_6981,12204.83914197498
00bbac68_6982,12204.83914197498
00bbac68_6983,12204.9524450744
00bbac68_6984,12204.96631607337
00bbac68_6985,12205.464630760573
00bbac68_6986,12205.464630760573
00bbac68_6987,12204.842837469387
00bbac68_6988,12204.83914197498
00bbac68_6989,12204.83914197498
00bbac68_6990,12204.83914197498
00bbac68_6991,12204.83914197498
00bbac68_6992,12204.987735290711
00bbac68_6993,12204.987735290711
00bbac68_6994,12204.987735290711
00bbac68_6995,12204.987735290711
00bbac68_6996,12205.613224076304
00bbac68_6997,12205.613224076304
00bbac68_6998,12204.987735290711
00bbac68_6999,12204.987735290711
00bbac68_7000,12204.987735290711
00bbac68_7001,12205.938405977447
00bbac68_7002,12205.938405977447
00bbac68_7003,12205.938405977447
00bbac68_7004,12205.938405977447
00bbac68_7005,12205.938405977447
00bbac68_7006,12205.938405977447
00bbac68_7007,12205.938405977447
00bbac68_7008,12205.938405977447
00bbac68_7009,12205.938405977447
00bbac68_7010,12205.938405977447
00bbac68_7011,12206.56389476304
00bbac68_7012,12205.938405977447
00bbac68_7013,12205.938405977447
00bbac68_7014,12205.938405977447
00bbac68_7015,12205.938405977447
00bbac68_7016,12205.938405977447
00bbac68_7017,12206.56389476304
00bbac68_7018,12205.938405977447
00bbac68_7019,12206.47704140712
00bbac68_7020,12206.56389476304
00bbac68_7021,12206.065580075838
00bbac68_7022,12205.938405977447
00bbac68_7023,12205.942101471854
00bbac68_7024,12206.56389476304
00bbac68_7025,12205.942101471854
00bbac68_7026,12205.938405977447
00bbac68_7027,12206.042620970562
00bbac68_7028,12206.47704140712
00bbac68_7029,12206.56389476304
00bbac68_7030,12206.466859114194
00bbac68_7031,12206.48672631758
00bbac68_7032,12206.56389476304
00bbac68_7033,12206.466859114194
00bbac68_7034,12206.466859114194
00bbac68_7035,12206.507395775283
00bbac68_7036,12206.48672631758
00bbac68_7037,12206.47704140712
00bbac68_7038,12205.938405977447
00bbac68_7039,12205.938405977447
00bbac68_7040,12206.764924094485
00bbac68_7041,12206.764924094485
00bbac68_7042,12206.66788844564
00bbac68_7043,12206.764924094485
00bbac68_7044,12206.764924094485
00bbac68_7045,12206.266609407281
00bbac68_7046,12206.243650302005
00bbac68_7047,12206.764924094485
00bbac68_7048,12206.266609407281
00bbac68_7049,12206.139435308893
00bbac68_7050,12206.764924094485
00bbac68_7051,12206.266609407281
00bbac68_7052,12206.243650302005
00bbac68_7053,12206.143130803299
00bbac68_7054,12206.764924094485
00bbac68_7055,12206.764924094485
00bbac68_7056,12206.678070738566
00bbac68_7057,12206.678070738566
00bbac68_7058,12206.66788844564
00bbac68_7059,12206.66788844564
00bbac68_7060,12206.66788844564
00bbac68_7061,12206.687755649025
00bbac68_7062,12206.687755649025
00bbac68_7063,12206.66788844564
00bbac68_7064,12206.266609407281
00bbac68_7065,12206.678070738566
00bbac68_7066,12206.764924094485
00bbac68_7067,12206.144629428356
00bbac68_7068,12206.243650302005
00bbac68_7069,12206.764924094485
00bbac68_7070,12206.66788844564
00bbac68_7071,12206.66788844564
00bbac68_7072,12206.764924094485
00bbac68_7073,12206.764924094485
00bbac68_7074,12206.678070738566
00bbac68_7075,12206.687755649025
00bbac68_7076,12206.625817030164
00bbac68_7077,12206.66788844564
00bbac68_7078,12206.66788844564
00bbac68_7079,12206.708425106726
00bbac68_7080,12206.66788844564
00bbac68_7081,12206.687755649025
00bbac68_7082,12206.66788844564
00bbac68_7083,12206.678070738566
00bbac68_7084,12206.266609407281
00bbac68_7085,12206.397851945314
00bbac68_7086,12206.388763839008
00bbac68_7087,12206.388763839008
00bbac68_7088,12206.288244340301
00bbac68_7089,12206.411722944284
00bbac68_7090,12206.411722944284
00bbac68_7091,12206.388763839008
00bbac68_7092,12206.388763839008
00bbac68_7093,12206.411722944284
00bbac68_7094,12206.910037631487
00bbac68_7095,12206.284548845895
00bbac68_7096,12206.284548845895
00bbac68_7097,12206.388763839008
00bbac68_7098,12206.388763839008
00bbac68_7099,12206.411722944284
00bbac68_7100,12206.411722944284
00bbac68_7101,12206.288244340301
00bbac68_7102,12206.288244340301
00bbac68_7103,12206.288244340301
00bbac68_7104,12206.284548845895
00bbac68_7105,12206.284548845895
00bbac68_7106,12206.284548845895
00bbac68_7107,12206.910037631487
00bbac68_7108,12206.284548845895
00bbac68_7109,12207.527833344608
00bbac68_7110,12207.527833344608
00bbac68_7111,12207.527833344608
00bbac68_7112,12207.527833344608
00bbac68_7113,12207.527833344608
00bbac68_7114,12207.527833344608
00bbac68_7115,12207.655007442998
00bbac68_7116,12207.527833344608
00bbac68_7117,12208.153322130202
00bbac68_7118,12207.481322547072
00bbac68_7119,12207.481322547072
00bbac68_7120,12208.153322130202
00bbac68_7121,12207.527833344608
00bbac68_7122,12207.527833344608
00bbac68_7123,12207.527833344608
00bbac68_7124,12207.527833344608
00bbac68_7125,12207.527833344608
00bbac68_7126,12207.527833344608
00bbac68_7127,12207.527833344608
00bbac68_7128,12207.527833344608
00bbac68_7129,12207.527833344608
00bbac68_7130,12208.24307223118
00bbac68_7131,12208.24307223118
00bbac68_7132,12208.24307223118
00bbac68_7133,12207.617583445588
00bbac68_7134,12207.617583445588
00bbac68_7135,12207.617583445588
00bbac68_7136,12207.617583445588
00bbac68_7137,12208.24307223118
00bbac68_7138,12207.617583445588
00bbac68_7139,12207.617583445588
00bbac68_7140,12207.617583445588
00bbac68_7141,12207.617583445588
00bbac68_7142,12207.617583445588
00bbac68_7143,12207.617583445588
00bbac68_7144,12207.617583445588
00bbac68_7145,12207.617583445588
00bbac68_7146,12207.617583445588
00bbac68_7147,12207.903567531874
00bbac68_7148,12207.903567531874
00bbac68_7149,12207.903567531874
00bbac68_7150,12207.903567531874
00bbac68_7151,12207.903567531874
00bbac68_7152,12207.903567531874
00bbac68_7153,12207.903567531874
00bbac68_7154,12207.929546888721
00bbac68_7155,12207.929546888721
00bbac68_7156,12207.929546888721
00bbac68_7157,12207.929546888721
00bbac68_7158,12207.929546888721
00bbac68_7159,12208.056720987111
00bbac68_7160,12208.45800002547
00bbac68_7161,12208.498536686557
00bbac68_7162,12208.45800002547
00bbac68_7163,12208.45800002547
00bbac68_7164,12208.450920430205
00bbac68_7165,12208.468182318396
00bbac68_7166,12208.60098466734
00bbac68_7167,12208.590802374414
00bbac68_7168,12208.590802374414
00bbac68_7169,12208.590802374414
00bbac68_7170,12208.590802374414
00bbac68_7171,12208.687838023257
00bbac68_7172,12208.60098466734
00bbac68_7173,12208.590802374414
00bbac68_7174,12208.6106695778
00bbac68_7175,12208.6106695778
00bbac68_7176,12208.6313390355
00bbac68_7177,12208.6106695778
00bbac68_7178,12208.6106695778
00bbac68_7179,12208.907882873498
00bbac68_7180,12208.9285523312
00bbac68_7181,12208.907882873498
00bbac68_7182,12208.907882873498
00bbac68_7183,12208.907882873498
00bbac68_7184,12208.907882873498
00bbac68_7185,12208.907882873498
00bbac68_7186,12208.907882873498
00bbac68_7187,12208.907882873498
00bbac68_7188,12208.907882873498
00bbac68_7189,12208.907882873498
00bbac68_7190,12208.907882873498
00bbac68_7191,12208.907882873498
00bbac68_7192,12208.907882873498
00bbac68_7193,12208.907882873498
00bbac68_7194,12208.907882873498
00bbac68_7195,12208.888015670113
00bbac68_7196,12209.296493459877
00bbac68_7197,12209.296493459877
00bbac68_7198,12209.367500493301
00bbac68_7199,12209.296493459877
00bbac68_7200,12209.296493459877
00bbac68_7201,12209.296493459877
00bbac68_7202,12209.480119225875
00bbac68_7203,12209.59941821564
00bbac68_7204,12209.480119225875
00bbac68_7205,12209.480119225875
00bbac68_7206,12209.480119225875
00bbac68_7207,12209.480119225875
00bbac68_7208,12209.480119225875
00bbac68_7209,12209.480119225875
00bbac68_7210,12209.460252022489
00bbac68_7211,12209.460252022489
00bbac68_7212,12209.480119225875
00bbac68_7213,12209.480119225875
00bbac68_7214,12209.59758195598
00bbac68_7215,12209.59758195598
00bbac68_7216,12209.59758195598
00bbac68_7217,12209.59758195598
00bbac68_7218,12209.535643337118
00bbac68_7219,12209.577714752595
00bbac68_7220,12209.716880945745
00bbac68_7221,12209.577714752595
00bbac68_7222,12209.716880945745
00bbac68_7223,12209.577714752595
00bbac68_7224,12209.577714752595
00bbac68_7225,12209.218566258542
00bbac68_7226,12209.360659501888
00bbac68_7227,12209.858974189092
00bbac68_7228,12209.360659501888
00bbac68_7229,12209.337700396612
00bbac68_7230,12209.2334854035
00bbac68_7231,12209.2334854035
00bbac68_7232,12209.337700396612
00bbac68_7233,12209.858974189092
00bbac68_7234,12209.360659501888
00bbac68_7235,12209.858974189092
00bbac68_7236,12209.858974189092
00bbac68_7237,12209.2334854035
00bbac68_7238,12209.238679522965
00bbac68_7239,12209.2334854035
00bbac68_7240,12209.858974189092
00bbac68_7241,12209.2334854035
00bbac68_7242,12209.2334854035
00bbac68_7243,12209.2334854035
00bbac68_7244,12209.858974189092
00bbac68_7245,12209.2334854035
00bbac68_7246,12209.2334854035
00bbac68_7247,12209.237180897906
00bbac68_7248,12209.858974189092
00bbac68_7249,12209.238679522965
00bbac68_7250,12209.2334854035
00bbac68_7251,12209.392031951347
00bbac68_7252,12209.392031951347
00bbac68_7253,12209.38831342149
00bbac68_7254,12209.392031951347
00bbac68_7255,12209.392031951347
00bbac68_7256,12209.392031951347
00bbac68_7257,12209.392031951347
00bbac68_7258,12210.01752073694
00bbac68_7259,12209.392031951347
00bbac68_7260,12209.395727445752
00bbac68_7261,12209.395727445752
00bbac68_7262,12209.392031951347
00bbac68_7263,12209.392031951347
00bbac68_7264,12209.392031951347
00bbac68_7265,12209.392031951347
00bbac68_7266,12209.34552115381
00bbac68_7267,12209.392031951347
00bbac68_7268,12209.392031951347
00bbac68_7269,12210.01752073694
00bbac68_7270,12210.01752073694
00bbac68_7271,12209.392031951347
00bbac68_7272,12209.392031951347
00bbac68_7273,12209.392031951347
00bbac68_7274,12209.392031951347
00bbac68_7275,12209.447465051871
00bbac68_7276,12210.1240090008
00bbac68_7277,12210.129203120265
00bbac68_7278,12210.1240090008
00bbac68_7279,12210.1240090008
00bbac68_7280,12210.1240090008
00bbac68_7281,12210.077498203264
00bbac68_7282,12209.945545318038
00bbac68_7283,12210.077498203264
00bbac68_7284,12210.1240090008
00bbac68_7285,12210.749497786392
00bbac68_7286,12210.1240090008
00bbac68_7287,12210.1240090008
00bbac68_7288,12210.1240090008
00bbac68_7289,12210.749497786392
00bbac68_7290,12210.127704495206
00bbac68_7291,12210.749497786392
00bbac68_7292,12210.1240090008
00bbac68_7293,12210.749497786392
00bbac68_7294,12210.749497786392
00bbac68_7295,12210.1240090008
00bbac68_7296,12210.1240090008
00bbac68_7297,12210.1240090008
00bbac68_7298,12210.1240090008
00bbac68_7299,12210.129203120265
00bbac68_7300,12210.25118309919
00bbac68_7301,12210.610331593243
00bbac68_7302,12210.610331593243
00bbac68_7303,12210.228223993914
00bbac68_7304,12210.1240090008
00bbac68_7305,12210.1240090008
00bbac68_7306,12210.749497786392
00bbac68_7307,12210.127704495206
00bbac68_7308,12210.127704495206
00bbac68_7309,12210.1240090008
00bbac68_7310,12210.027154477933
00bbac68_7311,12210.652643263526
00bbac68_7312,12210.513477070375
00bbac68_7313,12210.513477070375
00bbac68_7314,12210.565789907609
00bbac68_7315,12210.027154477933
00bbac68_7316,12210.027154477933
00bbac68_7317,12210.027154477933
00bbac68_7318,12210.027154477933
00bbac68_7319,12210.027154477933
00bbac68_7320,12210.027154477933
00bbac68_7321,12210.027154477933
00bbac68_7322,12210.03084997234
00bbac68_7323,12210.616713064725
00bbac68_7324,12210.616713064725
00bbac68_7325,12210.20525173344
00bbac68_7326,12210.083271754514
00bbac68_7327,12210.078077635051
00bbac68_7328,12210.078077635051
00bbac68_7329,12210.703566420643
00bbac68_7330,12210.078077635051
00bbac68_7331,12210.078077635051
00bbac68_7332,12210.078077635051
00bbac68_7333,12210.078077635051
00bbac68_7334,12210.703566420643
00bbac68_7335,12210.703566420643
00bbac68_7336,12210.616713064725
00bbac68_7337,12210.20525173344
00bbac68_7338,12210.078077635051
00bbac68_7339,12210.191380734468
00bbac68_7340,12210.703566420643
00bbac68_7341,12210.616713064725
00bbac68_7342,12210.564400227493
00bbac68_7343,12210.564400227493
00bbac68_7344,12210.703566420643
00bbac68_7345,12210.703566420643
00bbac68_7346,12210.703566420643
00bbac68_7347,12210.793989499667
00bbac68_7348,12210.61612603177
00bbac68_7349,12210.492647427785
00bbac68_7350,12210.48895193338
00bbac68_7351,12210.48895193338
00bbac68_7352,12211.114440718971
00bbac68_7353,12210.48895193338
00bbac68_7354,12210.48895193338
00bbac68_7355,12210.48895193338
00bbac68_7356,12210.48895193338
00bbac68_7357,12210.48895193338
00bbac68_7358,12210.48895193338
00bbac68_7359,12210.48895193338
00bbac68_7360,12210.48895193338
00bbac68_7361,12210.48895193338
00bbac68_7362,12210.48895193338
00bbac68_7363,12210.48895193338
00bbac68_7364,12210.48895193338
00bbac68_7365,12210.48895193338
00bbac68_7366,12210.48895193338
00bbac68_7367,12210.48895193338
00bbac68_7368,12211.114440718971
00bbac68_7369,12210.593166926494
00bbac68_7370,12210.61612603177
00bbac68_7371,12210.574654156317
00bbac68_7372,12210.574654156317
00bbac68_7373,12210.574654156317
00bbac68_7374,12210.574654156317
00bbac68_7375,12210.574654156317
00bbac68_7376,12210.574654156317
00bbac68_7377,12210.678869149431
00bbac68_7378,12211.113289585992
00bbac68_7379,12211.113289585992
00bbac68_7380,12211.113289585992
00bbac68_7381,12210.570935626462
00bbac68_7382,12210.574654156317
00bbac68_7383,12210.574654156317
00bbac68_7384,12210.574654156317
00bbac68_7385,12210.574654156317
00bbac68_7386,12210.574654156317
00bbac68_7387,12210.574654156317
00bbac68_7388,12210.574654156317
00bbac68_7389,12210.574654156317
00bbac68_7390,12210.574654156317
00bbac68_7391,12211.200142941909
00bbac68_7392,12210.579848275782
00bbac68_7393,12210.574654156317
00bbac68_7394,12210.574654156317
00bbac68_7395,12210.574654156317
00bbac68_7396,12210.574654156317
00bbac68_7397,12210.574654156317
00bbac68_7398,12210.574654156317
00bbac68_7399,12210.574654156317
00bbac68_7400,12210.574654156317
00bbac68_7401,12211.200142941909
00bbac68_7402,12210.574654156317
00bbac68_7403,12210.574654156317
00bbac68_7404,12210.574654156317
00bbac68_7405,12210.574654156317
00bbac68_7406,12210.52814335878
00bbac68_7407,12210.574654156317
00bbac68_7408,12210.52814335878
00bbac68_7409,12210.396190473555
00bbac68_7410,12211.703373029774
00bbac68_7411,12211.077884244181
00bbac68_7412,12211.077884244181
00bbac68_7413,12211.077884244181
00bbac68_7414,12210.997763828076
00bbac68_7415,12210.997763828076
00bbac68_7416,12210.997763828076
00bbac68_7417,12210.997763828076
00bbac68_7418,12211.044274625612
00bbac68_7419,12211.044274625612
00bbac68_7420,12211.044274625612
00bbac68_7421,12211.044274625612
00bbac68_7422,12211.669763411204
00bbac68_7423,12210.997763828076
00bbac68_7424,12211.044274625612
00bbac68_7425,12211.044274625612
00bbac68_7426,12211.044274625612
00bbac68_7427,12210.997763828076
00bbac68_7428,12210.997763828076
00bbac68_7429,12211.669763411204
00bbac68_7430,12211.044274625612
00bbac68_7431,12211.044274625612
00bbac68_7432,12211.044274625612
00bbac68_7433,12211.044274625612
00bbac68_7434,12211.044274625612
00bbac68_7435,12211.044274625612
00bbac68_7436,12210.997763828076
00bbac68_7437,12210.997763828076
00bbac68_7438,12211.044274625612
00bbac68_7439,12210.997763828076
00bbac68_7440,12210.86581094285
00bbac68_7441,12211.044274625612
00bbac68_7442,12211.044274625612
00bbac68_7443,12210.601862313311
00bbac68_7444,12211.044274625612
00bbac68_7445,12211.148489618725
00bbac68_7446,12211.044274625612
00bbac68_7447,12211.044274625612
00bbac68_7448,12211.044274625612
00bbac68_7449,12211.044274625612
00bbac68_7450,12211.044274625612
00bbac68_7451,12211.044274625612
00bbac68_7452,12211.044274625612
00bbac68_7453,12211.044274625612
00bbac68_7454,12211.044274625612
00bbac68_7455,12211.044274625612
00bbac68_7456,12210.86581094285
00bbac68_7457,12211.044274625612
00bbac68_7458,12211.047970120018
00bbac68_7459,12211.582910055286
00bbac68_7460,12211.530597218054
00bbac68_7461,12211.669763411204
00bbac68_7462,12211.55753107277
00bbac68_7463,12211.447923467758
00bbac68_7464,12211.447923467758
00bbac68_7465,12211.57140207174
00bbac68_7466,12211.57140207174
00bbac68_7467,12211.447923467758
00bbac68_7468,12211.449422092815
00bbac68_7469,12211.57140207174
00bbac68_7470,12211.57140207174
00bbac68_7471,12211.982863403025
00bbac68_7472,12212.069716758944
00bbac68_7473,12212.348957414653
00bbac68_7474,12211.930550565794
00bbac68_7475,12211.982863403025
00bbac68_7476,12211.982863403025
00bbac68_7477,12211.930550565794
00bbac68_7478,12211.930550565794
00bbac68_7479,12211.982863403025
00bbac68_7480,12212.069716758944
00bbac68_7481,12211.982863403025
00bbac68_7482,12211.982863403025
00bbac68_7483,12211.930550565794
00bbac68_7484,12212.348957414653
00bbac68_7485,12212.348957414653
00bbac68_7486,12212.069716758944
00bbac68_7487,12212.069716758944
00bbac68_7488,12212.393216590752
00bbac68_7489,12212.641628839405
00bbac68_7490,12212.51382383192
00bbac68_7491,12212.393216590752
00bbac68_7492,12212.393216590752
00bbac68_7493,12212.393216590752
00bbac68_7494,12212.393216590752
00bbac68_7495,12212.51382383192
00bbac68_7496,12212.393216590752
00bbac68_7497,12212.393216590752
00bbac68_7498,12212.393216590752
00bbac68_7499,12212.393216590752
00bbac68_7500,12212.393216590752
00bbac68_7501,12212.393216590752
00bbac68_7502,12212.015346402977
00bbac68_7503,12212.393216590752
00bbac68_7504,12212.393216590752
00bbac68_7505,12212.393216590752
00bbac68_7506,12212.393216590752
00bbac68_7507,12212.393216590752
00bbac68_7508,12212.257851903065
00bbac68_7509,12212.393216590752
00bbac68_7510,12212.51382383192
00bbac68_7511,12212.11397593504
00bbac68_7512,12212.393216590752
00bbac68_7513,12212.393216590752
00bbac68_7514,12211.97480974189
00bbac68_7515,12212.027122579122
00bbac68_7516,12212.11397593504
00bbac68_7517,12211.615661247837
00bbac68_7518,12211.95438679168
00bbac68_7519,12211.867533435761
00bbac68_7520,12211.81522059853
00bbac68_7521,12211.867533435761
00bbac68_7522,12211.95438679168
00bbac68_7523,12211.81522059853
00bbac68_7524,12211.81522059853
00bbac68_7525,12211.81522059853
00bbac68_7526,12211.867533435761
00bbac68_7527,12211.332593500494
00bbac68_7528,12211.95438679168
00bbac68_7529,12212.864872948074
00bbac68_7530,12212.446466099214
00bbac68_7531,12212.498778936446
00bbac68_7532,12212.585632292365
00bbac68_7533,12212.585632292365
00bbac68_7534,12212.087317605161
00bbac68_7535,12211.963839001177
00bbac68_7536,12212.087317605161
00bbac68_7537,12212.585632292365
00bbac68_7538,12212.585632292365
00bbac68_7539,12211.96014350677
00bbac68_7540,12211.96014350677
00bbac68_7541,12211.96014350677
00bbac68_7542,12211.96014350677
00bbac68_7543,12211.963839001177
00bbac68_7544,12212.585632292365
00bbac68_7545,12212.585632292365
00bbac68_7546,12212.585632292365
00bbac68_7547,12211.96014350677
00bbac68_7548,12211.96014350677
00bbac68_7549,12211.963839001177
00bbac68_7550,12212.064358499885
00bbac68_7551,12211.96014350677
00bbac68_7552,12211.913632709235
00bbac68_7553,12212.585632292365
00bbac68_7554,12211.96014350677
00bbac68_7555,12211.913632709235
00bbac68_7556,12211.78167982401
00bbac68_7557,12211.78167982401
00bbac68_7558,12211.96014350677
00e12e8b_2083,11607.719768629007
00e12e8b_2084,11607.719768629007
00e12e8b_2085,11607.586482485542
00e12e8b_2086,11607.586482485542
00e12e8b_2087,11607.586482485542
00e12e8b_2088,11607.586482485542
00e12e8b_2089,11607.586482485542
00e12e8b_2090,11607.586482485542
00e12e8b_2091,11607.586482485542
00e12e8b_2092,11606.773046787343
00e12e8b_2093,11607.586482485542
00e12e8b_2094,11607.586482485542
00e12e8b_2095,11607.586482485542
00e12e8b_2096,11607.586482485542
00e12e8b_2097,11606.773046787343
00e12e8b_2098,11607.586482485542
00e12e8b_2099,11607.586482485542
00e12e8b_2100,11607.586482485542
00e12e8b_2101,11607.586482485542
00e12e8b_2102,11607.586482485542
00e12e8b_2103,11607.586482485542
00e12e8b_2104,11607.586482485542
00e12e8b_2105,11607.36981783658
00e12e8b_2106,11607.19650991299
00e12e8b_2107,11607.19650991299
00e12e8b_2108,11607.19650991299
00e12e8b_2109,11607.017752414169
00e12e8b_2110,11607.108321564612
00e12e8b_2111,11606.982154835077
00e12e8b_2112,11606.982154835077
00e12e8b_2113,11606.982154835077
00e12e8b_2114,11606.982154835077
00e12e8b_2115,11606.991917713896
00e12e8b_2116,11606.773046787343
00e12e8b_2117,11606.90397073369
00e12e8b_2118,11606.982154835077
00e12e8b_2119,11607.017752414169
00e12e8b_2120,11607.108321564612
00e12e8b_2121,11607.102512427015
00e12e8b_2122,11607.193081577458
00e12e8b_2123,11607.193081577458
00e12e8b_2124,11607.193081577458
00e12e8b_2125,11607.193081577458
00e12e8b_2126,11607.193081577458
00e12e8b_2127,11607.193081577458
00e12e8b_2128,11607.193081577458
00e12e8b_2129,11607.193081577458
00e12e8b_2130,11607.102512427015
00e12e8b_2131,11607.066914847923
00e12e8b_2132,11607.066914847923
00e12e8b_2133,11607.066914847923
00e12e8b_2134,11607.281269925837
00e12e8b_2135,11607.193081577458
00e12e8b_2136,11607.354841060867
00e12e8b_2137,11607.416025490898
00e12e8b_2138,11607.416025490898
00e12e8b_2139,11607.416025490898
00e12e8b_2140,11607.416025490898
00e12e8b_2141,11607.504213839278
00e12e8b_2142,11607.504213839278
00e12e8b_2143,11607.504213839278
00e12e8b_2144,11607.504213839278
00e12e8b_2145,11607.504213839278
00e12e8b_2146,11607.504213839278
00e12e8b_2147,11607.504213839278
00e12e8b_2148,11607.894186411828
00e12e8b_2149,11607.504213839278
00e12e8b_2150,11607.677521762866
00e12e8b_2151,11607.504213839278
00e12e8b_2152,11607.677521762866
00e12e8b_2153,11608.210047475977
00e12e8b_2154,11608.03673955239
00e12e8b_2155,11608.03673955239
00e12e8b_2156,11608.210047475977
00e12e8b_2157,11608.42671212494
00e12e8b_2158,11608.42671212494
00e12e8b_2159,11608.42671212494
00e12e8b_2160,11608.75557791073
00e12e8b_2161,11608.75557791073
00e12e8b_2162,11608.75557791073
00e12e8b_2163,11608.75557791073
00e12e8b_2164,11607.942142212532
00e12e8b_2165,11608.75557791073
00e12e8b_2166,11608.75557791073
00e12e8b_2167,11608.75557791073
00e12e8b_2168,11608.75557791073
00e12e8b_2169,11608.75557791073
00e12e8b_2170,11608.305045222105
00e12e8b_2171,11609.118480920302
00e12e8b_2172,11609.118480920302
00e12e8b_2173,11608.305045222105
00e12e8b_2174,11609.118480920302
00e12e8b_2175,11609.118480920302
00e12e8b_2176,11609.118480920302
00e12e8b_2177,11609.118480920302
00e12e8b_2178,11609.118480920302
00e12e8b_2179,11609.118480920302
00e12e8b_2180,11609.118480920302
00e12e8b_2181,11609.118480920302
00e12e8b_2182,11609.118480920302
00e12e8b_2183,11609.118480920302
00e12e8b_2184,11609.546046404777
00e12e8b_2185,11609.546046404777
00e12e8b_2186,11609.546046404777
00e12e8b_2187,11609.546046404777
00e12e8b_2188,11610.154470983636
00e12e8b_2189,11610.154470983636
00e12e8b_2190,11610.154470983636
00e12e8b_2191,11610.154470983636
00e12e8b_2192,11610.154470983636
00e12e8b_2193,11610.154470983636
00e12e8b_2194,11610.154470983636
00e12e8b_2195,11610.154470983636
00e12e8b_2196,11610.154470983636
00e12e8b_2197,11609.341035285439
00e12e8b_2198,11610.154470983636
00e12e8b_2199,11610.154470983636
00e12e8b_2200,11610.154470983636
00e12e8b_2201,11610.154470983636
00e12e8b_2202,11610.154470983636
00e12e8b_2203,11610.154470983636
00e12e8b_2204,11610.154470983636
00e12e8b_2205,11610.449023948206
00e12e8b_2206,11610.449023948206
00e12e8b_2207,11610.449023948206
00e12e8b_2208,11610.894713905256
00e12e8b_2209,11610.894713905256
00e12e8b_2210,11610.894713905256
00e12e8b_2211,11610.894713905256
00e12e8b_2212,11610.894713905256
00e12e8b_2213,11610.894713905256
00e12e8b_2214,11610.894713905256
00e12e8b_2215,11610.894713905256
00e12e8b_2216,11610.894713905256
00e12e8b_2217,11610.894713905256
00e12e8b_2218,11610.894713905256
00e12e8b_2219,11610.894713905256
00e12e8b_2220,11610.894713905256
00e12e8b_2221,11610.894713905256
00e12e8b_2222,11611.351585428221
00e12e8b_2223,11611.13492077926
00e12e8b_2224,11610.982049239845
00e12e8b_2225,11611.155357163432
00e12e8b_2226,11610.982049239845
00e12e8b_2227,11610.612727544414
00e12e8b_2228,11610.982049239845
00e12e8b_2229,11610.982049239845
00e12e8b_2230,11610.982049239845
00e12e8b_2231,11610.893860891465
00e12e8b_2232,11610.942851991884
00e12e8b_2233,11610.942851991884
00e12e8b_2234,11610.942851991884
00e12e8b_2235,11610.942851991884
00e12e8b_2236,11610.942851991884
00e12e8b_2237,11611.031040340262
00e12e8b_2238,11610.942851991884
00e12e8b_2239,11611.64630561005
00e12e8b_2240,11611.64630561005
00e12e8b_2241,11611.64630561005
00e12e8b_2242,11611.276983914619
00e12e8b_2243,11611.64630561005
00e12e8b_2244,11611.64630561005
00e12e8b_2245,11611.64630561005
00e12e8b_2246,11611.64630561005
00e12e8b_2247,11611.64630561005
00e12e8b_2248,11611.819613533637
00e12e8b_2249,11611.276983914619
00e12e8b_2250,11611.276983914619
00e12e8b_2251,11611.64630561005
00e12e8b_2252,11611.819613533637
00e12e8b_2253,11611.276983914619
00e12e8b_2254,11611.64630561005
00e12e8b_2255,11612.036278182599
00e12e8b_2256,11611.817999227978
00e12e8b_2257,11611.817999227978
00e12e8b_2258,11611.991307151566
00e12e8b_2259,11611.991307151566
00e12e8b_2260,11611.448677532548
00e12e8b_2261,11612.207971800528
00e12e8b_2262,11611.991307151566
00e12e8b_2263,11612.243756191832
00e12e8b_2264,11612.243756191832
00e12e8b_2265,11612.207971800528
00e12e8b_2266,11611.448677532548
00e12e8b_2267,11611.991307151566
00e12e8b_2268,11612.207971800528
00e12e8b_2269,11611.577011996644
00e12e8b_2270,11612.336306264624
00e12e8b_2271,11612.336306264624
00e12e8b_2272,11612.336306264624
00e12e8b_2273,11612.336306264624
00e12e8b_2274,11612.336306264624
00e12e8b_2275,11612.336306264624
00e12e8b_2276,11612.336306264624
00e12e8b_2277,11612.336306264624
00e12e8b_2278,11611.618129869332
00e12e8b_2279,11612.336306264624
00e12e8b_2280,11612.440399298195
00e12e8b_2281,11612.440399298195
00e12e8b_2282,11612.440399298195
00e12e8b_2283,11612.440399298195
00e12e8b_2284,11612.440399298195
00e12e8b_2285,11612.440399298195
00e12e8b_2286,11612.440399298195
00e12e8b_2287,11612.440399298195
00e12e8b_2288,11612.440399298195
00e12e8b_2289,11612.440399298195
00e12e8b_2290,11611.722222902903
00e12e8b_2291,11612.440399298195
00e12e8b_2292,11611.722222902903
00e12e8b_2293,11612.440399298195
00e12e8b_2294,11612.440399298195
00e12e8b_2295,11612.440399298195
00e12e8b_2296,11612.440399298195
00e12e8b_2297,11612.440399298195
00e12e8b_2298,11612.440399298195
00e12e8b_2299,11612.440399298195
00e12e8b_2300,11611.722222902903
00e12e8b_2301,11612.440399298195
00e12e8b_2302,11612.440399298195
00e12e8b_2303,11612.440399298195
00e12e8b_2304,11612.595614102709
00e12e8b_2305,11612.595614102709
00e12e8b_2306,11611.877902497252
00e12e8b_2307,11611.877902497252
00e12e8b_2308,11611.877902497252
00e12e8b_2309,11612.595614102709
00e12e8b_2310,11612.595614102709
00e12e8b_2311,11611.877902497252
00e12e8b_2312,11612.572029360234
00e12e8b_2313,11612.572029360234
00e12e8b_2314,11612.572029360234
00e12e8b_2315,11612.572029360234
00e12e8b_2316,11612.572029360234
00e12e8b_2317,11611.854317754774
00e12e8b_2318,11612.572029360234
00e12e8b_2319,11612.572029360234
00e12e8b_2320,11612.572029360234
00e12e8b_2321,11612.572029360234
00e12e8b_2322,11612.572029360234
00e12e8b_2323,11612.572029360234
00e12e8b_2324,11612.572029360234
00e12e8b_2325,11612.572029360234
00e12e8b_2326,11612.572029360234
00e12e8b_2327,11612.572029360234
00e12e8b_2328,11612.828246718153
00e12e8b_2329,11612.828246718153
00e12e8b_2330,11612.828246718153
00e12e8b_2331,11612.828246718153
00e12e8b_2332,11612.828246718153
00e12e8b_2333,11612.828246718153
00e12e8b_2334,11612.828246718153
00e12e8b_2335,11612.828246718153
00e12e8b_2336,11612.828246718153
00e12e8b_2337,11612.828246718153
00e12e8b_2338,11612.828246718153
00e12e8b_2339,11612.828246718153
00e12e8b_2340,11612.828246718153
00e12e8b_2341,11613.021403633249
00e12e8b_2342,11613.021403633249
00e12e8b_2343,11612.380160730176
00e12e8b_2344,11613.021403633249
00e12e8b_2345,11613.021403633249
00e12e8b_2346,11613.021403633249
00e12e8b_2347,11613.021403633249
00e12e8b_2348,11613.021403633249
00e12e8b_2349,11613.021403633249
00e12e8b_2350,11612.856068091467
00e12e8b_2351,11612.856068091467
00e12e8b_2352,11613.131665920799
00e12e8b_2353,11612.466836783302
00e12e8b_2354,11613.131665920799
00e12e8b_2355,11613.131665920799
00e12e8b_2356,11613.131665920799
00e12e8b_2357,11613.131665920799
00e12e8b_2358,11613.304778085745
00e12e8b_2359,11613.304778085745
00e12e8b_2360,11612.639948948248
00e12e8b_2361,11613.304778085745
00e12e8b_2362,11613.304778085745
00e12e8b_2363,11613.304778085745
00e12e8b_2364,11613.304778085745
00e12e8b_2365,11613.304778085745
00e12e8b_2366,11613.304778085745
00e12e8b_2367,11613.304778085745
00e12e8b_2368,11613.304778085745
00e12e8b_2369,11613.304778085745
00e12e8b_2370,11613.304778085745
00e12e8b_2371,11613.304778085745
00e12e8b_2372,11613.304778085745
00e12e8b_2373,11613.304778085745
00e12e8b_2374,11613.304778085745
00e12e8b_2375,11613.594600671364
00e12e8b_2376,11613.16665954798
00e12e8b_2377,11613.16665954798
00e12e8b_2378,11613.16665954798
00e12e8b_2379,11613.16665954798
00e12e8b_2380,11613.16665954798
00e12e8b_2381,11613.16665954798
00e12e8b_2382,11613.16665954798
00e12e8b_2383,11612.607086413336
00e12e8b_2384,11613.16665954798
00e12e8b_2385,11613.16665954798
00e12e8b_2386,11613.16665954798
00e12e8b_2387,11613.16665954798
00e12e8b_2388,11612.607086413336
00e12e8b_2389,11613.16665954798
00e12e8b_2390,11613.16665954798
00e12e8b_2391,11613.16665954798
00e12e8b_2392,11613.432004726033
00e12e8b_2393,11613.432004726033
00e12e8b_2394,11613.432004726033
00e12e8b_2395,11613.432004726033
00e12e8b_2396,11613.432004726033
00e12e8b_2397,11613.432004726033
00e12e8b_2398,11613.432004726033
00e12e8b_2399,11613.432004726033
00e12e8b_2400,11613.785250178958
00e12e8b_2401,11613.785250178958
00e12e8b_2402,11613.763109071064
00e12e8b_2403,11613.763109071064
00e12e8b_2404,11613.763109071064
00e12e8b_2405,11613.763109071064
00e12e8b_2406,11613.763109071064
00e12e8b_2407,11613.091702670878
00e12e8b_2408,11613.763109071064
00e12e8b_2409,11613.804032035621
00e12e8b_2410,11613.804032035621
00e12e8b_2411,11613.804032035621
00e12e8b_2412,11613.804032035621
00e12e8b_2413,11613.804032035621
00e12e8b_2414,11613.804032035621
00e12e8b_2415,11613.804032035621
00e12e8b_2416,11613.816230192502
00e12e8b_2417,11613.804032035621
00e12e8b_2418,11613.804032035621
00e12e8b_2419,11613.804032035621
00e12e8b_2420,11613.804032035621
00e12e8b_2421,11613.804032035621
00e12e8b_2422,11613.839595087244
00e12e8b_2423,11613.426036280269
00e12e8b_2424,11614.04337194111
00e12e8b_2425,11613.629813134135
00e12e8b_2426,11614.04337194111
00e12e8b_2427,11613.371965540922
00e12e8b_2428,11613.629813134135
00e12e8b_2429,11614.055570097991
00e12e8b_2430,11613.629813134135
00e12e8b_2431,11613.803121057723
00e12e8b_2432,11614.04337194111
00e12e8b_2433,11614.04337194111
00e12e8b_2434,11613.803121057723
00e12e8b_2435,11614.04337194111
00e12e8b_2436,11614.04337194111
00e12e8b_2437,11614.04337194111
00e12e8b_2438,11614.04337194111
00e12e8b_2439,11614.04337194111
00e12e8b_2440,11613.96444836079
00e12e8b_2441,11613.96444836079
00e12e8b_2442,11613.96444836079
00e12e8b_2443,11613.96444836079
00e12e8b_2444,11613.96444836079
00e12e8b_2445,11613.96444836079
00e12e8b_2446,11613.96444836079
00e12e8b_2447,11613.96444836079
00e12e8b_2448,11614.213248999618
00e12e8b_2449,11614.213248999618
00e12e8b_2450,11613.54184259943
00e12e8b_2451,11614.213248999618
00e12e8b_2452,11614.213248999618
00e12e8b_2453,11614.213248999618
00e12e8b_2454,11614.213248999618
00e12e8b_2455,11614.213248999618
00e12e8b_2456,11614.213248999618
00e12e8b_2457,11614.213248999618
00e12e8b_2458,11614.213248999618
00e12e8b_2459,11614.2254471565
00e12e8b_2460,11614.213248999618
00e12e8b_2461,11614.385086850856
00e12e8b_2462,11614.385086850856
00e12e8b_2463,11614.14483596747
00e12e8b_2464,11614.385086850856
00e12e8b_2465,11614.385086850856
00e12e8b_2466,11614.14483596747
00e12e8b_2467,11613.71368045067
00e12e8b_2468,11614.369780588811
00e12e8b_2469,11614.381978745692
00e12e8b_2470,11614.369780588811
00e12e8b_2471,11614.129529705426
00e12e8b_2472,11614.642641071474
00e12e8b_2473,11614.642641071474
00e12e8b_2474,11614.229082264499
00e12e8b_2475,11614.402390188086
00e12e8b_2476,11614.229082264499
00e12e8b_2477,11614.402390188086
00e12e8b_2478,11614.405422561433
00e12e8b_2479,11614.398199511827
00e12e8b_2480,11614.22489158824
00e12e8b_2481,11614.650648552095
00e12e8b_2482,11614.22489158824
00e12e8b_2483,11614.398199511827
00e12e8b_2484,11614.22489158824
00e12e8b_2485,11614.650648552095
00e12e8b_2486,11614.398199511827
00e12e8b_2487,11614.398199511827
00e12e8b_2488,11614.398199511827
00e12e8b_2489,11614.638450395214
00e12e8b_2490,11613.992398168732
00e12e8b_2491,11614.25327813529
00e12e8b_2492,11614.25327813529
00e12e8b_2493,11614.25327813529
00e12e8b_2494,11614.42491693643
00e12e8b_2495,11614.42491693643
00e12e8b_2496,11614.677365976697
00e12e8b_2497,11614.251609012841
00e12e8b_2498,11613.924445112078
00e12e8b_2499,11614.251609012841
00e12e8b_2500,11614.251609012841
00e12e8b_2501,11614.069463461556
00e12e8b_2502,11614.242771385143
00e12e8b_2503,11614.069463461556
00e12e8b_2504,11614.069463461556
00e12e8b_2505,11614.069463461556
00e12e8b_2506,11614.069463461556
00e12e8b_2507,11613.742299560792
00e12e8b_2508,11614.069463461556
00e12e8b_2509,11614.069463461556
00e12e8b_2510,11614.022857775699
00e12e8b_2511,11614.069463461556
00e12e8b_2512,11614.09379505204
00e12e8b_2513,11614.09379505204
00e12e8b_2514,11614.09379505204
00e12e8b_2515,11614.09379505204
00e12e8b_2516,11614.09379505204
00e12e8b_2517,11614.047189366183
00e12e8b_2518,11614.09379505204
00e12e8b_2519,11614.047189366183
00e12e8b_2520,11614.177866938331
00e12e8b_2521,11614.177866938331
00e12e8b_2522,11613.850703037568
00e12e8b_2523,11614.177866938331
00e12e8b_2524,11614.177866938331
00e12e8b_2525,11613.850703037568
00e12e8b_2526,11614.177866938331
00e12e8b_2527,11614.131261252474
00e12e8b_2528,11614.177866938331
00e12e8b_2529,11614.33890662356
00e12e8b_2530,11614.33890662356
00e12e8b_2531,11614.154491597135
00e12e8b_2532,11614.107885911279
00e12e8b_2533,11614.154491597135
00e12e8b_2534,11614.154491597135
00e12e8b_2535,11614.154491597135
00e12e8b_2536,11614.154491597135
00e12e8b_2537,11614.154491597135
00e12e8b_2538,11614.154491597135
00e12e8b_2539,11614.154491597135
00e12e8b_2540,11613.903587249295
00e12e8b_2541,11613.903587249295
00e12e8b_2542,11613.5655095897
00e12e8b_2543,11613.903587249295
00e12e8b_2544,11613.651697806506
00e12e8b_2545,11614.369549678122
00e12e8b_2546,11614.226703918319
00e12e8b_2547,11614.466954801705
00e12e8b_2548,11614.226703918319
00e12e8b_2549,11614.087180589686
00e12e8b_2550,11613.86806435172
00e12e8b_2551,11613.86806435172
00e12e8b_2552,11614.598114380216
00e12e8b_2553,11614.345665339948
00e12e8b_2554,11614.345665339948
00e12e8b_2555,11614.206142011315
00e12e8b_2556,11614.206142011315
00e12e8b_2557,11614.206142011315
00e12e8b_2558,11614.206142011315
00e12e8b_2559,11614.206142011315
00e12e8b_2560,11614.32922677316
00e12e8b_2561,11613.85162578493
00e12e8b_2562,11614.569477656545
00e12e8b_2563,11614.738974704878
00e12e8b_2564,11614.35920049286
00e12e8b_2565,11614.738974704878
00e12e8b_2566,11614.571851340777
00e12e8b_2567,11614.71137466941
00e12e8b_2568,11614.99195357443
00e12e8b_2569,11614.99195357443
00e12e8b_2570,11614.99195357443
00e12e8b_2571,11614.99195357443
00e12e8b_2572,11614.99195357443
00e12e8b_2573,11614.751702691045
00e12e8b_2574,11615.004151731311
00e12e8b_2575,11614.612179362412
00e12e8b_2576,11614.99195357443
00e12e8b_2577,11614.612179362412
00e12e8b_2578,11614.99195357443
00e12e8b_2579,11614.751702691045
00e12e8b_2580,11614.761834718385
00e12e8b_2581,11614.761834718385
00e12e8b_2582,11615.00208560177
00e12e8b_2583,11614.284233730155
00e12e8b_2584,11615.00208560177
00e12e8b_2585,11614.622311389752
00e12e8b_2586,11614.284233730155
00e12e8b_2587,11614.761834718385
00e12e8b_2588,11614.606075823302
00e12e8b_2589,11614.267998163705
00e12e8b_2590,11614.98585003532
00e12e8b_2591,11614.98585003532
00e12e8b_2592,11614.606075823302
00e12e8b_2593,11614.745599151935
00e12e8b_2594,11614.745599151935
00e12e8b_2595,11614.98585003532
00e12e8b_2596,11614.98585003532
00e12e8b_2597,11614.98585003532
00e12e8b_2598,11614.678392389445
00e12e8b_2599,11614.43814150606
00e12e8b_2600,11614.43814150606
00e12e8b_2601,11614.43814150606
00e12e8b_2602,11614.678392389445
00e12e8b_2603,11614.43814150606
00e12e8b_2604,11614.678392389445
00e12e8b_2605,11614.678392389445
00e12e8b_2606,11614.678392389445
00e12e8b_2607,11614.43814150606
00e12e8b_2608,11614.678392389445
00e12e8b_2609,11614.43814150606
00e12e8b_2610,11614.298618177427
00e12e8b_2611,11614.690590546326
00e12e8b_2612,11614.43814150606
00e12e8b_2613,11614.43814150606
00e12e8b_2614,11614.709666469065
00e12e8b_2615,11614.329892257047
00e12e8b_2616,11614.329892257047
00e12e8b_2617,11614.329892257047
00e12e8b_2618,11614.329892257047
00e12e8b_2619,11614.46941558568
00e12e8b_2620,11613.796608214352
00e12e8b_2621,11613.414111175725
00e12e8b_2622,11613.796608214352
00e12e8b_2623,11613.796608214352
00e12e8b_2624,11613.796608214352
00e12e8b_2625,11613.796608214352
00e12e8b_2626,11613.796608214352
00e12e8b_2627,11613.796608214352
00e12e8b_2628,11613.936131542985
00e12e8b_2629,11613.796608214352
00e12e8b_2630,11613.796608214352
00e12e8b_2631,11613.796608214352
00e12e8b_2632,11613.858393837863
00e12e8b_2633,11613.71887050923
00e12e8b_2634,11613.858393837863
00e12e8b_2635,11613.71887050923
00e12e8b_2636,11613.71887050923
00e12e8b_2637,11613.71887050923
00e12e8b_2638,11613.71887050923
00e12e8b_2639,11613.71887050923
00e12e8b_2640,11613.677575233607
00e12e8b_2641,11613.644565304492
00e12e8b_2642,11613.644565304492
00e12e8b_2643,11613.367262934818
00e12e8b_2644,11613.644565304492
00e12e8b_2645,11613.644565304492
00e12e8b_2646,11613.644565304492
00e12e8b_2647,11613.644565304492
00e12e8b_2648,11613.629579319091
00e12e8b_2649,11613.613382521027
00e12e8b_2650,11613.697215623857
00e12e8b_2651,11613.682229638456
00e12e8b_2652,11613.697215623857
00e12e8b_2653,11613.697215623857
00e12e8b_2654,11613.682229638456
00e12e8b_2655,11613.682229638456
00e12e8b_2656,11613.697215623857
00e12e8b_2657,11613.419913254183
00e12e8b_2658,11613.697466397036
00e12e8b_2659,11613.697466397036
00e12e8b_2660,11613.712452382437
00e12e8b_2661,11613.712452382437
00e12e8b_2662,11613.697466397036
00e12e8b_2663,11613.697466397036
00e12e8b_2664,11613.81084198133
00e12e8b_2665,11613.81084198133
00e12e8b_2666,11613.81084198133
00e12e8b_2667,11613.81084198133
00e12e8b_2668,11613.81084198133
00e12e8b_2669,11613.81084198133
00e12e8b_2670,11613.81084198133
00e12e8b_2671,11613.533539611655
00e12e8b_2672,11613.950365309962
00e12e8b_2673,11613.818337082334
00e12e8b_2674,11613.6788137537
00e12e8b_2675,11614.102405823058
00e12e8b_2676,11613.401511384027
00e12e8b_2677,11614.090207666177
00e12e8b_2678,11613.818337082334
00e12e8b_2679,11613.6788137537
00e12e8b_2680,11614.038627745638
00e12e8b_2681,11614.038627745638
00e12e8b_2682,11614.31049832948
00e12e8b_2683,11613.633388036244
00e12e8b_2684,11614.05021373455
00e12e8b_2685,11614.322084318394
00e12e8b_2686,11614.288058169237
00e12e8b_2687,11614.300256326118
00e12e8b_2688,11613.929009126556
00e12e8b_2689,11614.200879710399
00e12e8b_2690,11614.200879710399
00e12e8b_2691,11614.200879710399
00e12e8b_2692,11614.200879710399
00e12e8b_2693,11613.512183428249
00e12e8b_2694,11614.235715435805
00e12e8b_2695,11613.547019153655
00e12e8b_2696,11613.963844851962
00e12e8b_2697,11614.235715435805
00e12e8b_2698,11614.235715435805
00e12e8b_2699,11614.235715435805
00e12e8b_2700,11614.25111419578
00e12e8b_2701,11614.111959717016
00e12e8b_2702,11614.111959717016
00e12e8b_2703,11614.383830300858
00e12e8b_2704,11614.396028457739
00e12e8b_2705,11613.695134018708
00e12e8b_2706,11613.972436388383
00e12e8b_2707,11614.383830300858
00e12e8b_2708,11614.358168074623
00e12e8b_2709,11613.946774162147
00e12e8b_2710,11614.358168074623
00e12e8b_2711,11614.358168074623
00e12e8b_2712,11614.484390256179
00e12e8b_2713,11614.484390256179
00e12e8b_2714,11614.072996343704
00e12e8b_2715,11614.385126269592
00e12e8b_2716,11614.397324426473
00e12e8b_2717,11614.385126269592
00e12e8b_2718,11614.11325568575
00e12e8b_2719,11614.385126269592
00e12e8b_2720,11614.11325568575
00e12e8b_2721,11614.128602025812
00e12e8b_2722,11614.400472609655
00e12e8b_2723,11614.400472609655
00e12e8b_2724,11613.711776327506
00e12e8b_2725,11614.128602025812
00e12e8b_2726,11614.400472609655
00e12e8b_2727,11614.26899480504
00e12e8b_2728,11613.568100366008
00e12e8b_2729,11614.256796648158
00e12e8b_2730,11613.984926064317
00e12e8b_2731,11614.26899480504
00e12e8b_2732,11613.84953420604
00e12e8b_2733,11613.989057534673
00e12e8b_2734,11614.3750849217
00e12e8b_2735,11613.674190482669
00e12e8b_2736,11614.605586982247
00e12e8b_2737,11614.129692566934
00e12e8b_2738,11614.129692566934
00e12e8b_2739,11614.129692566934
00e12e8b_2740,11614.129692566934
00e12e8b_2741,11614.541086479408
00e12e8b_2742,11614.541086479408
00e12e8b_2743,11614.248897197247
00e12e8b_2744,11614.248897197247
00e12e8b_2745,11614.520767781089
00e12e8b_2746,11614.520767781089
00e12e8b_2747,11614.109373868614
00e12e8b_2748,11614.096935261867
00e12e8b_2749,11614.084737104986
00e12e8b_2750,11614.096935261867
00e12e8b_2751,11614.084737104986
00e12e8b_2752,11613.812866521144
00e12e8b_2753,11613.812866521144
00e12e8b_2754,11613.311699949138
00e12e8b_2755,11614.000396231286
00e12e8b_2756,11614.000396231286
00e12e8b_2757,11613.728525647444
00e12e8b_2758,11613.589002318811
00e12e8b_2759,11614.000396231286
00e12e8b_2760,11614.000396231286
00e12e8b_2761,11613.589002318811
00e12e8b_2762,11614.000396231286
00e12e8b_2763,11614.012594388167
00e12e8b_2764,11614.000396231286
00e12e8b_2765,11614.000396231286
00e12e8b_2766,11613.728525647444
00e12e8b_2767,11613.548951013527
00e12e8b_2768,11613.548951013527
00e12e8b_2769,11613.688474342158
00e12e8b_2770,11613.548951013527
00e12e8b_2771,11613.548951013527
00e12e8b_2772,11613.313946493683
00e12e8b_2773,11613.551197558072
00e12e8b_2774,11613.663970807285
00e12e8b_2775,11613.663970807285
00e12e8b_2776,11613.524447478652
00e12e8b_2777,11613.903399310657
00e12e8b_2778,11613.451954092896
00e12e8b_2779,11613.591477421529
00e12e8b_2780,11613.214703028507
00e12e8b_2781,11613.214703028507
00e12e8b_2782,11613.903399310657
00e12e8b_2783,11613.451954092896
00e12e8b_2784,11613.591477421529
00e12e8b_2785,11613.451954092896
00e12e8b_2786,11613.591477421529
00e12e8b_2787,11613.591477421529
00e12e8b_2788,11613.903399310657
00e12e8b_2789,11613.915597467538
00e12e8b_2790,11613.170154702633
00e12e8b_2791,11613.858850984783
00e12e8b_2792,11613.546929095655
00e12e8b_2793,11613.858850984783
00e12e8b_2794,11613.546929095655
00e12e8b_2795,11613.858850984783
00e12e8b_2796,11613.35633066851
00e12e8b_2797,11613.216807339877
00e12e8b_2798,11613.35633066851
00e12e8b_2799,11613.35633066851
00e12e8b_2800,11613.668252557638
00e12e8b_2801,11613.35633066851
00e12e8b_2802,11613.680450714519
00e12e8b_2803,11613.216807339877
00e12e8b_2804,11613.35633066851
00e12e8b_2805,11613.668252557638
00e12e8b_2806,11613.668252557638
00e12e8b_2807,11613.35633066851
00e12e8b_2808,11613.726292580764
00e12e8b_2809,11613.37233304131
00e12e8b_2810,11613.684254930438
00e12e8b_2811,11613.684254930438
00e12e8b_2812,11613.684254930438
00e12e8b_2813,11613.684254930438
00e12e8b_2814,11613.37233304131
00e12e8b_2815,11613.684254930438
00e12e8b_2816,11613.232809712677
00e12e8b_2817,11613.232809712677
00e12e8b_2818,11613.74436721278
00e12e8b_2819,11613.292921995018
00e12e8b_2820,11613.292921995018
00e12e8b_2821,11613.292921995018
00e12e8b_2822,11613.436099588476
00e12e8b_2823,11613.017217774533
00e12e8b_2824,11613.748021477604
00e12e8b_2825,11613.760219634485
00e12e8b_2826,11613.296576259845
00e12e8b_2827,11613.436099588476
00e12e8b_2828,11613.436099588476
00e12e8b_2829,11613.471788293515
00e12e8b_2830,11613.471788293515
00e12e8b_2831,11613.332264964882
00e12e8b_2832,11612.973769698223
00e12e8b_2833,11613.253128183533
00e12e8b_2834,11613.35887897304
00e12e8b_2835,11613.498402301673
00e12e8b_2836,11613.084462885012
00e12e8b_2837,11613.363821370322
00e12e8b_2838,11613.827464744963
00e12e8b_2839,11613.363821370322
00e12e8b_2840,11613.084462885012
00e12e8b_2841,11613.084462885012
00e12e8b_2842,11613.363821370322
00e12e8b_2843,11613.503344698955
00e12e8b_2844,11613.363821370322
00e12e8b_2845,11613.287609351508
00e12e8b_2846,11613.287609351508
00e12e8b_2847,11613.008250866198
00e12e8b_2848,11613.008250866198
00e12e8b_2849,11613.287609351508
00e12e8b_2850,11613.884035108595
00e12e8b_2851,11613.355663405791
00e12e8b_2852,11613.495186734424
00e12e8b_2853,11613.495186734424
00e12e8b_2854,11613.207241924032
00e12e8b_2855,11613.207241924032
00e12e8b_2856,11613.183823442248
00e12e8b_2857,11613.183823442248
00e12e8b_2858,11613.183823442248
00e12e8b_2859,11613.65296498099
00e12e8b_2860,11613.513441652358
00e12e8b_2861,11613.65296498099
00e12e8b_2862,11613.009650620876
00e12e8b_2863,11613.513441652358
00e12e8b_2864,11613.526108416734
00e12e8b_2865,11614.054480119537
00e12e8b_2866,11613.665631745367
00e12e8b_2867,11613.526108416734
00e12e8b_2868,11613.526108416734
00e12e8b_2869,11613.526108416734
00e12e8b_2870,11613.526108416734
00e12e8b_2871,11613.526108416734
00e12e8b_2872,11613.526108416734
00e12e8b_2873,11613.526108416734
00e12e8b_2874,11613.526108416734
00e12e8b_2875,11613.020526591985
00e12e8b_2876,11613.020526591985
00e12e8b_2877,11613.04559191187
00e12e8b_2878,11613.020526591985
00e12e8b_2879,11613.020526591985
00e12e8b_2880,11612.976054782059
00e12e8b_2881,11612.976054782059
00e12e8b_2882,11612.472263750578
00e12e8b_2883,11612.976054782059
00e12e8b_2884,11613.09211319502
00e12e8b_2885,11612.588322163538
00e12e8b_2886,11613.09211319502
00e12e8b_2887,11613.146392376842
00e12e8b_2888,11613.146392376842
00e12e8b_2889,11612.64260134536
00e12e8b_2890,11613.285915705474
00e12e8b_2891,11613.146392376842
00e12e8b_2892,11613.285915705474
00e12e8b_2893,11613.146392376842
00e12e8b_2894,11613.146392376842
00e12e8b_2895,11613.146392376842
00e12e8b_2896,11613.285915705474
00e12e8b_2897,11613.146392376842
00e12e8b_2898,11613.146392376842
00e12e8b_2899,11613.146392376842
00e12e8b_2900,11613.285915705474
00e12e8b_2901,11613.621232343607
00e12e8b_2902,11613.157588968967
00e12e8b_2903,11613.2971122976
00e12e8b_2904,11612.866768806996
00e12e8b_2905,11613.898931541282
00e12e8b_2906,11613.510083167112
00e12e8b_2907,11613.898931541282
00e12e8b_2908,11613.370559838479
00e12e8b_2909,11613.370559838479
00e12e8b_2910,11613.370559838479
00e12e8b_2911,11613.510083167112
00e12e8b_2912,11613.370559838479
00e12e8b_2913,11613.510083167112
00e12e8b_2914,11613.898931541282
00e12e8b_2915,11613.510083167112
00e12e8b_2916,11613.898931541282
00e12e8b_2917,11613.562952105312
00e12e8b_2918,11613.791968835898
00e12e8b_2919,11612.759806101614
00e12e8b_2920,11613.263597133095
00e12e8b_2921,11613.791968835898
00e12e8b_2922,11613.263597133095
00e12e8b_2923,11613.403120461728
00e12e8b_2924,11613.791968835898
00e12e8b_2925,11613.263597133095
00e12e8b_2926,11613.263597133095
00e12e8b_2927,11613.403120461728
00e12e8b_2928,11613.403120461728
00e12e8b_2929,11613.556591142327
00e12e8b_2930,11613.556591142327
00e12e8b_2931,11613.556591142327
00e12e8b_2932,11613.556591142327
00e12e8b_2933,11613.556591142327
00e12e8b_2934,11613.556591142327
00e12e8b_2935,11613.491862814164
00e12e8b_2936,11613.556591142327
00e12e8b_2937,11613.491862814164
00e12e8b_2938,11611.022896775325
00e12e8b_2939,11612.055059509608
00e12e8b_2940,11612.055059509608
00e12e8b_2941,11612.055059509608
00e12e8b_2942,11612.055059509608
00e12e8b_2943,11611.526687806805
00e12e8b_2944,11612.055059509608
00e12e8b_2945,11612.055059509608
00e12e8b_2946,11611.458893375779
00e12e8b_2947,11611.523621703942
00e12e8b_2948,11611.458893375779
00e12e8b_2949,11611.523621703942
00e12e8b_2950,11611.134773329772
00e12e8b_2951,11611.523621703942
00e12e8b_2952,11611.552708059366
00e12e8b_2953,11611.552708059366
00e12e8b_2954,11611.552708059366
00e12e8b_2955,11611.552708059366
00e12e8b_2956,11610.52054532508
00e12e8b_2957,11611.163859685195
00e12e8b_2958,11611.163859685195
00e12e8b_2959,11611.552708059366
00e12e8b_2960,11611.552708059366
00e12e8b_2961,11611.552708059366
00e12e8b_2962,11611.654326292843
00e12e8b_2963,11611.654326292843
00e12e8b_2964,11611.265477918672
00e12e8b_2965,11611.12595459004
00e12e8b_2966,11611.58959796468
00e12e8b_2967,11611.654326292843
00e12e8b_2968,11611.265477918672
00e12e8b_2969,11611.635766502233
00e12e8b_2970,11611.246918128063
00e12e8b_2971,11611.635766502233
00e12e8b_2972,11611.635766502233
00e12e8b_2973,11610.603603767948
00e12e8b_2974,11611.246918128063
00e12e8b_2975,11611.635766502233
00e12e8b_2976,11611.085138569755
00e12e8b_2977,11611.224661898388
00e12e8b_2978,11611.224661898388
00e12e8b_2979,11611.224661898388
00e12e8b_2980,11611.085138569755
00e12e8b_2981,11610.581347538275
00e12e8b_2982,11611.224661898388
00e12e8b_2983,11611.085138569755
00e12e8b_2984,11610.29966202099
00e12e8b_2985,11610.439185349624
00e12e8b_2986,11610.29966202099
00e12e8b_2987,11610.439185349624
00e12e8b_2988,11610.439185349624
00e12e8b_2989,11610.828033723794
00e12e8b_2990,11610.439185349624
00e12e8b_2991,11610.330217209736
00e12e8b_2992,11610.858588912539
00e12e8b_2993,11610.858588912539
00e12e8b_2994,11610.330217209736
00e12e8b_2995,11609.826426178253
00e12e8b_2996,11610.415981800967
00e12e8b_2997,11610.388324619473
00e12e8b_2998,11610.777172993643
00e12e8b_2999,11610.777172993643
00e12e8b_3000,11610.24880129084
00e12e8b_3001,11610.388324619473
00e12e8b_3002,11610.777172993643
00e12e8b_3003,11610.777172993643
00e12e8b_3004,11610.341582919556
00e12e8b_3005,11610.341582919556
00e12e8b_3006,11609.952734545386
00e12e8b_3007,11610.341582919556
00e12e8b_3008,11610.276854591395
00e12e8b_3009,11609.291449990415
00e12e8b_3010,11609.952734545386
00e12e8b_3011,11609.291449990415
00e12e8b_3012,11610.341582919556
00e12e8b_3013,11609.952734545386
00e12e8b_3014,11609.813211216753
00e12e8b_3015,11609.952734545386
00e12e8b_3016,11609.75005591234
00e12e8b_3017,11609.75005591234
00e12e8b_3018,11609.889579240973
00e12e8b_3019,11609.75005591234
00e12e8b_3020,11609.889579240973
00e12e8b_3021,11609.75005591234
00e12e8b_3022,11609.557043086546
00e12e8b_3023,11609.557043086546
00e12e8b_3024,11609.557043086546
00e12e8b_3025,11609.557043086546
00e12e8b_3026,11609.557043086546
00e12e8b_3027,11608.945295139572
00e12e8b_3028,11609.557043086546
00e12e8b_3029,11609.843441137902
00e12e8b_3030,11609.843441137902
00e12e8b_3031,11609.843441137902
00e12e8b_3032,11609.843441137902
00e12e8b_3033,11609.843441137902
00e12e8b_3034,11609.868506457788
00e12e8b_3035,11610.067880277884
00e12e8b_3036,11610.09294559777
00e12e8b_3037,11610.067880277884
00e12e8b_3038,11609.45613233091
00e12e8b_3039,11610.067880277884
00e12e8b_3040,11610.067880277884
00e12e8b_3041,11610.067880277884
00e12e8b_3042,11609.861075482118
00e12e8b_3043,11609.861075482118
00e12e8b_3044,11609.861075482118
00e12e8b_3045,11609.861075482118
00e12e8b_3046,11609.861075482118
00e12e8b_3047,11609.861075482118
00e12e8b_3048,11609.952599367549
00e12e8b_3049,11609.952599367549
00e12e8b_3050,11610.480971070352
00e12e8b_3051,11610.092122696182
00e12e8b_3052,11610.052115221137
00e12e8b_3053,11610.440963595307
00e12e8b_3054,11610.052115221137
00e12e8b_3055,11609.133949009218
00e12e8b_3056,11610.274068658995
00e12e8b_3057,11610.274068658995
00e12e8b_3058,11610.274068658995
00e12e8b_3059,11610.274068658995
00e12e8b_3060,11610.274068658995
00e12e8b_3061,11610.274068658995
00e12e8b_3062,11610.274068658995
00e12e8b_3063,11609.6815638106
00e12e8b_3064,11610.07041218477
00e12e8b_3065,11610.07041218477
00e12e8b_3066,11610.07041218477
00e12e8b_3067,11610.005683856607
00e12e8b_3068,11608.930292534993
00e12e8b_3069,11609.000614302728
00e12e8b_3070,11609.000614302728
00e12e8b_3071,11609.000614302728
00e12e8b_3072,11607.790290603682
00e12e8b_3073,11607.790290603682
00e12e8b_3074,11608.930410253459
00e12e8b_3075,11608.930410253459
00e12e8b_3076,11608.930410253459
00e12e8b_3077,11608.930410253459
00e12e8b_3078,11608.865681925297
00e12e8b_3079,11608.930410253459
00e12e8b_3080,11608.402038550656
00e12e8b_3081,11608.541561879289
00e12e8b_3082,11608.865681925297
00e12e8b_3083,11608.930410253459
00e12e8b_3084,11608.865681925297
00e12e8b_3085,11608.930410253459
00e12e8b_3086,11608.863847970022
00e12e8b_3087,11608.863847970022
00e12e8b_3088,11608.824586067783
00e12e8b_3089,11609.030317968525
00e12e8b_3090,11609.030317968525
00e12e8b_3091,11609.030317968525
00e12e8b_3092,11609.030317968525
00e12e8b_3093,11609.030317968525
00e12e8b_3094,11609.030317968525
00e12e8b_3095,11609.030317968525
00e12e8b_3096,11609.159719165787
00e12e8b_3097,11609.159719165787
00e12e8b_3098,11609.159719165787
00e12e8b_3099,11609.159719165787
00e12e8b_3100,11609.159719165787
00e12e8b_3101,11609.159719165787
00e12e8b_3102,11609.159719165787
00e12e8b_3103,11609.159719165787
00e12e8b_3104,11609.26978274763
00e12e8b_3105,11609.26978274763
00e12e8b_3106,11609.26978274763
00e12e8b_3107,11609.26978274763
00e12e8b_3108,11609.26978274763
00e12e8b_3109,11609.26978274763
00e12e8b_3110,11609.26978274763
00e12e8b_3111,11609.267966447173
00e12e8b_3112,11609.267966447173
00e12e8b_3113,11609.267966447173
00e12e8b_3114,11609.267966447173
00e12e8b_3115,11609.267966447173
00e12e8b_3116,11608.127846797395
00e12e8b_3117,11608.127846797395
00e12e8b_3118,11609.267966447173
00e12e8b_3119,11609.267966447173
00e12e8b_3120,11609.267966447173
00e12e8b_3121,11609.267966447173
00e12e8b_3122,11609.267966447173
00e12e8b_3123,11609.267966447173
00e12e8b_3124,11609.267966447173
00e12e8b_3125,11609.267966447173
00e12e8b_3126,11609.267966447173
00e12e8b_3127,11609.267966447173
00e12e8b_3128,11609.267966447173
00e12e8b_3129,11609.267966447173
00e12e8b_3130,11609.267966447173
00e12e8b_3131,11609.267966447173
00e12e8b_3132,11609.267966447173
00e12e8b_3133,11609.267966447173
00e12e8b_3134,11607.425233104042
00e12e8b_3135,11607.425233104042
00e12e8b_3136,11607.425233104042
00e12e8b_3137,11607.418887230875
00e12e8b_3138,11607.418887230875
00e12e8b_3139,11607.418887230875
00e12e8b_3140,11607.418887230875
00e12e8b_3141,11607.462761302993
00e12e8b_3142,11607.462761302993
00e12e8b_3143,11607.462761302993
00e12e8b_3144,11607.427587572774
00e12e8b_3145,11607.427587572774
00e12e8b_3146,11607.427587572774
00e12e8b_3147,11607.427587572774
00e12e8b_3148,11607.427587572774
00e12e8b_3149,11607.427587572774
00e12e8b_3150,11607.427587572774
00e12e8b_3151,11606.287467922999
00e12e8b_3152,11607.427587572774
00e12e8b_3153,11606.287467922999
00e12e8b_3154,11607.427587572774
00e12e8b_3155,11607.427587572774
00e12e8b_3156,11606.287467922999
00e12e8b_3157,11607.492433022408
00e12e8b_3158,11607.492433022408
00e12e8b_3159,11607.492433022408
00e12e8b_3160,11607.492433022408
00e12e8b_3161,11607.492433022408
00e12e8b_3162,11607.492433022408
00e12e8b_3163,11607.492433022408
00e12e8b_3164,11607.492433022408
00e12e8b_3165,11607.492433022408
00e12e8b_3166,11607.484396688913
00e12e8b_3167,11607.484396688913
00e12e8b_3168,11607.484396688913
00e12e8b_3169,11607.387650890301
00e12e8b_3170,11607.387650890301
00e12e8b_3171,11607.387650890301
00e12e8b_3172,11607.387650890301
00e12e8b_3173,11607.387650890301
00e12e8b_3174,11607.387650890301
00e12e8b_3175,11607.299676716288
00e12e8b_3176,11606.15955706651
00e12e8b_3177,11606.15955706651
00e12e8b_3178,11607.299676716288
00e12e8b_3179,11607.299676716288
00e12e8b_3180,11607.299676716288
00e12e8b_3181,11607.299676716288
00e12e8b_3182,11607.299676716288
00e12e8b_3183,11605.346974100852
00e12e8b_3184,11606.487093750628
00e12e8b_3185,11606.487093750628
00e12e8b_3186,11606.487093750628
00e12e8b_3187,11606.487093750628
00e12e8b_3188,11605.346974100852
00e12e8b_3189,11606.487093750628
00e12e8b_3190,11606.487093750628
00e12e8b_3191,11605.346974100852
00e12e8b_3192,11606.487093750628
00e12e8b_3193,11606.487093750628
00e12e8b_3194,11606.487093750628
00e12e8b_3195,11606.487093750628
00e12e8b_3196,11606.487093750628
00e12e8b_3197,11606.487093750628
00e12e8b_3198,11606.487093750628
00e12e8b_3199,11606.42528881991
00e12e8b_3200,11606.42528881991
00e12e8b_3201,11606.573510339264
00e12e8b_3202,11606.573510339264
00e12e8b_3203,11606.50815800399
00e12e8b_3204,11606.50815800399
00e12e8b_3205,11606.50815800399
00e12e8b_3206,11606.50815800399
00e12e8b_3207,11606.50815800399
00e12e8b_3208,11606.50815800399
00e12e8b_3209,11606.50815800399
00e12e8b_3210,11606.50815800399
00e12e8b_3211,11606.50815800399
00e12e8b_3212,11606.50815800399
00e12e8b_3213,11606.50815800399
00e12e8b_3214,11606.119309629818
00e12e8b_3215,11605.979786301186
00e12e8b_3216,11605.979786301186
00e12e8b_3217,11605.979786301186
00e12e8b_3218,11605.979786301186
00e12e8b_3219,11605.979786301186
00e12e8b_3220,11606.115638725405
00e12e8b_3221,11606.115638725405
00e12e8b_3222,11606.115638725405
00e12e8b_3223,11605.457634281016
00e12e8b_3224,11606.115638725405
00e12e8b_3225,11605.976115396772
00e12e8b_3226,11605.976115396772
00e12e8b_3227,11605.976115396772
00e12e8b_3228,11606.007587166408
00e12e8b_3229,11606.535958869212
00e12e8b_3230,11606.007587166408
00e12e8b_3231,11606.147110495041
00e12e8b_3232,11606.007587166408
00e12e8b_3233,11606.007587166408
00e12e8b_3234,11606.007587166408
00e12e8b_3235,11605.489106050652
00e12e8b_3236,11605.489106050652
00e12e8b_3237,11606.032652486294
00e12e8b_3238,11606.032652486294
00e12e8b_3239,11606.007587166408
00e12e8b_3240,11606.059683257421
00e12e8b_3241,11606.034617937536
00e12e8b_3242,11606.034617937536
00e12e8b_3243,11606.034617937536
00e12e8b_3244,11606.034617937536
00e12e8b_3245,11606.498261312177
00e12e8b_3246,11606.562989640339
00e12e8b_3247,11606.174141266169
00e12e8b_3248,11606.498261312177
00e12e8b_3249,11606.562989640339
00e12e8b_3250,11606.562989640339
00e12e8b_3251,11606.562989640339
00e12e8b_3252,11606.562989640339
00e12e8b_3253,11606.562989640339
00e12e8b_3254,11606.562989640339
00e12e8b_3255,11606.562989640339
00e12e8b_3256,11606.562989640339
00e12e8b_3257,11606.562989640339
00e12e8b_3258,11606.562989640339
00e12e8b_3259,11606.571244738361
00e12e8b_3260,11605.524391919802
00e12e8b_3261,11606.571244738361
00e12e8b_3262,11606.571244738361
00e12e8b_3263,11605.524391919802
00e12e8b_3264,11606.571244738361
00e12e8b_3265,11606.571244738361
00e12e8b_3266,11606.571244738361
00e12e8b_3267,11605.524391919802
00e12e8b_3268,11606.571244738361
00e12e8b_3269,11606.571244738361
00e12e8b_3270,11606.571244738361
00e12e8b_3271,11606.571244738361
00e12e8b_3272,11606.571244738361
00e12e8b_3273,11606.571244738361
00e12e8b_3274,11606.571244738361
00e12e8b_3275,11606.571244738361
00e12e8b_3276,11606.571244738361
00e12e8b_3277,11606.571244738361
00e12e8b_3278,11606.571244738361
00e12e8b_3279,11606.571244738361
00e12e8b_3280,11605.524391919802
00e12e8b_3281,11606.571244738361
00e12e8b_3282,11606.571244738361
00e12e8b_3283,11606.571244738361
00e12e8b_3284,11606.571244738361
00e12e8b_3285,11606.571244738361
00e12e8b_3286,11606.571244738361
00e12e8b_3287,11606.571244738361
00e12e8b_3288,11606.558816476074
00e12e8b_3289,11606.558816476074
00e12e8b_3290,11606.558816476074
00e12e8b_3291,11606.558816476074
00e12e8b_3292,11606.558816476074
00e12e8b_3293,11606.558816476074
00e12e8b_3294,11606.558816476074
00e12e8b_3295,11606.558816476074
00e12e8b_3296,11606.558816476074
00e12e8b_3297,11606.558816476074
00e12e8b_3298,11606.558816476074
00e12e8b_3299,11606.558816476074
00e12e8b_3300,11606.558816476074
00e12e8b_3301,11606.558816476074
00e12e8b_3302,11606.558816476074
00e12e8b_3303,11606.558816476074
00e12e8b_3304,11605.511963657513
00e12e8b_3305,11606.487519394319
00e12e8b_3306,11606.487519394319
00e12e8b_3307,11606.487519394319
00e12e8b_3308,11606.487519394319
00e12e8b_3309,11606.487519394319
00e12e8b_3310,11606.487519394319
00e12e8b_3311,11606.487519394319
00e12e8b_3312,11606.312235707132
00e12e8b_3313,11606.312235707132
00e12e8b_3314,11606.312235707132
00e12e8b_3315,11606.226818934852
00e12e8b_3316,11606.226818934852
00e12e8b_3317,11606.226818934852
00e12e8b_3318,11606.226818934852
00e12e8b_3319,11606.226818934852
00e12e8b_3320,11606.226818934852
00e12e8b_3321,11606.226818934852
00e12e8b_3322,11606.226818934852
00e12e8b_3323,11606.226818934852
00e12e8b_3324,11606.226818934852
00e12e8b_3325,11605.179966116293
00e12e8b_3326,11606.226818934852
00e12e8b_3327,11606.226818934852
00e12e8b_3328,11606.226818934852
00e12e8b_3329,11606.226818934852
00e12e8b_3330,11606.226818934852
00e12e8b_3331,11606.226818934852
00e12e8b_3332,11606.226818934852
00e12e8b_3333,11606.226818934852
00e12e8b_3334,11606.226818934852
00e12e8b_3335,11606.226818934852
00e12e8b_3336,11606.055190590883
00e12e8b_3337,11606.055190590883
00e12e8b_3338,11605.883021015548
00e12e8b_3339,11605.883021015548
00e12e8b_3340,11604.850703955975
00e12e8b_3341,11605.883021015548
00e12e8b_3342,11605.883021015548
00e12e8b_3343,11605.883021015548
00e12e8b_3344,11605.883021015548
00e12e8b_3345,11605.883021015548
00e12e8b_3346,11605.883021015548
00e12e8b_3347,11605.883021015548
00e12e8b_3348,11605.883021015548
00e12e8b_3349,11605.883021015548
00e12e8b_3350,11605.883021015548
00e12e8b_3351,11605.883021015548
00e12e8b_3352,11605.79314583307
00e12e8b_3353,11605.79314583307
00e12e8b_3354,11605.79314583307
00e12e8b_3355,11605.802262985144
00e12e8b_3356,11605.802262985144
00e12e8b_3357,11605.802262985144
00e12e8b_3358,11605.802262985144
00e12e8b_3359,11604.769945925571
00e12e8b_3360,11605.802262985144
00e12e8b_3361,11604.843285858018
00e12e8b_3362,11605.802262985144
00e12e8b_3363,11605.802262985144
00e12e8b_3364,11605.802262985144
00e12e8b_3365,11605.802262985144
00e12e8b_3366,11605.802262985144
00e12e8b_3367,11605.802262985144
00e12e8b_3368,11605.802262985144
00e12e8b_3369,11605.802262985144
00e12e8b_3370,11605.802262985144
00e12e8b_3371,11605.802262985144
00e12e8b_3372,11604.843285858018
00e12e8b_3373,11605.802262985144
00e12e8b_3374,11605.802262985144
00e12e8b_3375,11605.413414610974
00e12e8b_3376,11605.802262985144
00e12e8b_3377,11605.802262985144
00e12e8b_3378,11605.802262985144
00e12e8b_3379,11605.802262985144
00e12e8b_3380,11605.737534656982
00e12e8b_3381,11605.413414610974
00e12e8b_3382,11605.413414610974
00e12e8b_3383,11605.413414610974
00e12e8b_3384,11605.706548871347
00e12e8b_3385,11604.747571744221
00e12e8b_3386,11605.317700497177
00e12e8b_3387,11605.178177168544
00e12e8b_3388,11605.706548871347
00e12e8b_3389,11605.706548871347
00e12e8b_3390,11605.706548871347
00e12e8b_3391,11605.706548871347
00e12e8b_3392,11605.706548871347
00e12e8b_3393,11605.706548871347
00e12e8b_3394,11605.317700497177
00e12e8b_3395,11605.706548871347
00e12e8b_3396,11604.747571744221
00e12e8b_3397,11605.706548871347
00e12e8b_3398,11605.706548871347
00e12e8b_3399,11605.317700497177
00e12e8b_3400,11605.706548871347
00e12e8b_3401,11605.706548871347
00e12e8b_3402,11605.706548871347
00e12e8b_3403,11605.706548871347
00e12e8b_3404,11605.706548871347
00e12e8b_3405,11605.706548871347
00e12e8b_3406,11605.706548871347
00e12e8b_3407,11605.706548871347
00e12e8b_3408,11605.706548871347
00e12e8b_3409,11605.706548871347
00e12e8b_3410,11605.706548871347
00e12e8b_3411,11604.747571744221
00e12e8b_3412,11605.706548871347
00e12e8b_3413,11605.706548871347
00e12e8b_3414,11605.604692590277
00e12e8b_3415,11605.604692590277
00e12e8b_3416,11605.604692590277
00e12e8b_3417,11605.604692590277
00e12e8b_3418,11604.645715463152
00e12e8b_3419,11605.604692590277
00e12e8b_3420,11605.215844216107
00e12e8b_3421,11605.604692590277
00e12e8b_3422,11605.604692590277
00e12e8b_3423,11604.645715463152
00e12e8b_3424,11605.604692590277
00e12e8b_3425,11605.604692590277
00e12e8b_3426,11605.604692590277
00e12e8b_3427,11605.604692590277
00e12e8b_3428,11605.604692590277
00e12e8b_3429,11605.604692590277
00e12e8b_3430,11605.604692590277
00e12e8b_3431,11605.604692590277
00e12e8b_3432,11605.63521832198
00e12e8b_3433,11605.63521832198
00e12e8b_3434,11605.63521832198
00e12e8b_3435,11605.63521832198
00e12e8b_3436,11605.63521832198
00e12e8b_3437,11605.63521832198
00e12e8b_3438,11604.676241194855
00e12e8b_3439,11605.63521832198
00e12e8b_3440,11605.63521832198
00e12e8b_3441,11605.63521832198
00e12e8b_3442,11605.63521832198
00e12e8b_3443,11605.63521832198
00e12e8b_3444,11604.676241194855
00e12e8b_3445,11605.63521832198
00e12e8b_3446,11605.63521832198
00e12e8b_3447,11605.63521832198
00e12e8b_3448,11605.63521832198
00e12e8b_3449,11605.63521832198
00e12e8b_3450,11605.63521832198
00e12e8b_3451,11605.63521832198
00e12e8b_3452,11605.63521832198
00e12e8b_3453,11604.676241194855
00e12e8b_3454,11605.63521832198
00e12e8b_3455,11605.63521832198
00e12e8b_3456,11605.63521832198
00e12e8b_3457,11605.63521832198
00e12e8b_3458,11605.63521832198
00e12e8b_3459,11605.544883108785
00e12e8b_3460,11605.544883108785
00e12e8b_3461,11605.544883108785
00e12e8b_3462,11605.544883108785
00e12e8b_3463,11605.544883108785
00e12e8b_3464,11604.58590598166
00e12e8b_3465,11605.544883108785
00e12e8b_3466,11605.544883108785
00e12e8b_3467,11605.544883108785
00e12e8b_3468,11605.544883108785
00e12e8b_3469,11605.544883108785
00e12e8b_3470,11605.544883108785
00e12e8b_3471,11605.544883108785
00e12e8b_3472,11605.544883108785
00e12e8b_3473,11605.158659022354
00e12e8b_3474,11605.158659022354
00e12e8b_3475,11605.158659022354
00e12e8b_3476,11605.158659022354
00e12e8b_3477,11605.158659022354
00e12e8b_3478,11605.158659022354
00e12e8b_3479,11605.158659022354
00e12e8b_3480,11605.158659022354
00e12e8b_3481,11605.158659022354
00e12e8b_3482,11604.199681895228
00e12e8b_3483,11605.158659022354
00e12e8b_3484,11605.158659022354
00e12e8b_3485,11604.199681895228
00e12e8b_3486,11605.158659022354
00e12e8b_3487,11605.158659022354
00e12e8b_3488,11605.158659022354
00e12e8b_3489,11605.158659022354
00e12e8b_3490,11605.158659022354
00e12e8b_3491,11605.158659022354
00e12e8b_3492,11605.158659022354
00e12e8b_3493,11605.158659022354
00e12e8b_3494,11605.158659022354
00e12e8b_3495,11605.158659022354
00e12e8b_3496,11605.158659022354
00e12e8b_3497,11604.199681895228
00e12e8b_3498,11604.199681895228
00e12e8b_3499,11604.02531111083
00e12e8b_3500,11604.984288237956
00e12e8b_3501,11604.02531111083
00e12e8b_3502,11604.984288237956
00e12e8b_3503,11604.984288237956
00e12e8b_3504,11604.984288237956
00e12e8b_3505,11604.984288237956
00e12e8b_3506,11604.984288237956
00e12e8b_3507,11604.02531111083
00e12e8b_3508,11604.984288237956
00e12e8b_3509,11604.984288237956
00e12e8b_3510,11604.984288237956
00e12e8b_3511,11604.984288237956
00e12e8b_3512,11604.984288237956
00e12e8b_3513,11604.984288237956
00e12e8b_3514,11604.984288237956
00e12e8b_3515,11604.984288237956
00e12e8b_3516,11604.02531111083
00e12e8b_3517,11604.02531111083
00e12e8b_3518,11604.984288237956
00e12e8b_3519,11604.984288237956
00e12e8b_3520,11604.984288237956
00e12e8b_3521,11604.984288237956
00e12e8b_3522,11604.984288237956
00e12e8b_3523,11604.984288237956
00e12e8b_3524,11605.122548747737
00e12e8b_3525,11605.122548747737
00e12e8b_3526,11605.122548747737
00e12e8b_3527,11605.122548747737
00e12e8b_3528,11605.122548747737
00e12e8b_3529,11605.122548747737
00e12e8b_3530,11605.122548747737
00e12e8b_3531,11605.122548747737
00e12e8b_3532,11605.122548747737
00e12e8b_3533,11605.122548747737
00e12e8b_3534,11605.122548747737
00e12e8b_3535,11605.122548747737
00e12e8b_3536,11604.163571620611
00e12e8b_3537,11605.122548747737
00e12e8b_3538,11605.122548747737
00e12e8b_3539,11605.122548747737
00e12e8b_3540,11605.122548747737
00e12e8b_3541,11605.122548747737
00e12e8b_3542,11605.122548747737
00e12e8b_3543,11604.163571620611
00e12e8b_3544,11605.122548747737
00e12e8b_3545,11605.122548747737
00e12e8b_3546,11604.163571620611
00e12e8b_3547,11605.122548747737
00e12e8b_3548,11605.122548747737
00e12e8b_3549,11605.122548747737
00e12e8b_3550,11605.122548747737
00e12e8b_3551,11605.122548747737
00e12e8b_3552,11605.056620718553
00e12e8b_3553,11604.774461060895
00e12e8b_3554,11604.774461060895
00e12e8b_3555,11604.774461060895
00e12e8b_3556,11604.774461060895
00e12e8b_3557,11603.81548393377
00e12e8b_3558,11604.774461060895
00e12e8b_3559,11604.774461060895
00e12e8b_3560,11603.754978662322
00e12e8b_3561,11604.713955789448
00e12e8b_3562,11604.713955789448
00e12e8b_3563,11604.713955789448
00e12e8b_3564,11604.713955789448
00e12e8b_3565,11604.713955789448
00e12e8b_3566,11604.713955789448
00e12e8b_3567,11604.713955789448
00e12e8b_3568,11604.647576009489
00e12e8b_3569,11604.647576009489
00e12e8b_3570,11604.647576009489
00e12e8b_3571,11604.647576009489
00e12e8b_3572,11604.647576009489
00e12e8b_3573,11604.647576009489
00e12e8b_3574,11604.647576009489
00e12e8b_3575,11604.647576009489
00e12e8b_3576,11604.577851148419
00e12e8b_3577,11604.549914622052
00e12e8b_3578,11604.549914622052
00e12e8b_3579,11604.549914622052
00e12e8b_3580,11604.549914622052
00e12e8b_3581,11604.549914622052
00e12e8b_3582,11604.549914622052
00e12e8b_3583,11604.549914622052
00e12e8b_3584,11604.549914622052
00e12e8b_3585,11604.549914622052
00e12e8b_3586,11604.161066247882
00e12e8b_3587,11603.590937494926
00e12e8b_3588,11604.021542919249
00e12e8b_3589,11603.73248053217
00e12e8b_3590,11603.73248053217
00e12e8b_3591,11603.8720038608
00e12e8b_3592,11603.73248053217
00e12e8b_3593,11603.73248053217
00e12e8b_3594,11603.641821096448
00e12e8b_3595,11603.211215672123
00e12e8b_3596,11603.641821096448
00e12e8b_3597,11603.641821096448
00e12e8b_3598,11603.641821096448
00e12e8b_3599,11603.666886416331
00e12e8b_3600,11603.641821096448
00e12e8b_3601,11603.641821096448
00e12e8b_3602,11603.666886416331
00e12e8b_3603,11603.211215672123
00e12e8b_3604,11603.970066264666
00e12e8b_3605,11603.97132972502
00e12e8b_3606,11603.893145623633
00e12e8b_3607,11603.893145623633
00e12e8b_3608,11603.460982302704
00e12e8b_3609,11603.97132972502
00e12e8b_3610,11603.97132972502
00e12e8b_3611,11603.460982302704
00e12e8b_3612,11603.97132972502
00e12e8b_3613,11603.97132972502
00e12e8b_3614,11603.970066264666
00e12e8b_3615,11603.97132972502
00e12e8b_3616,11603.97132972502
00e12e8b_3617,11603.97132972502
00e12e8b_3618,11603.97132972502
00e12e8b_3619,11603.97132972502
00e12e8b_3620,11603.97132972502
00e12e8b_3621,11603.97132972502
00e12e8b_3622,11603.97132972502
00e12e8b_3623,11603.970066264666
00e12e8b_3624,11603.86194092499
00e12e8b_3625,11603.86194092499
00e12e8b_3626,11603.71903928996
00e12e8b_3627,11603.27487686547
00e12e8b_3628,11603.628772249134
00e12e8b_3629,11603.123699584454
00e12e8b_3630,11603.123699584454
00e12e8b_3631,11603.123699584454
00e12e8b_3632,11603.123699584454
00e12e8b_3633,11602.79876539945
00e12e8b_3634,11603.123699584454
00e12e8b_3635,11603.123699584454
00e12e8b_3636,11603.123699584454
00e12e8b_3637,11603.123699584454
00e12e8b_3638,11603.123699584454
00e12e8b_3639,11603.123699584454
00e12e8b_3640,11602.79876539945
00e12e8b_3641,11603.123699584454
00e12e8b_3642,11602.947516168682
00e12e8b_3643,11602.79876539945
00e12e8b_3644,11602.79876539945
00e12e8b_3645,11602.79876539945
00e12e8b_3646,11603.123699584454
00e12e8b_3647,11603.123699584454
00e12e8b_3648,11602.847874612613
00e12e8b_3649,11602.847874612613
00e12e8b_3650,11602.847874612613
00e12e8b_3651,11603.282274158284
00e12e8b_3652,11603.282274158284
00e12e8b_3653,11603.20253216029
00e12e8b_3654,11602.877990426245
00e12e8b_3655,11602.90305574613
00e12e8b_3656,11602.523332878567
00e12e8b_3657,11602.877990426245
00e12e8b_3658,11602.877990426245
00e12e8b_3659,11602.877990426245
00e12e8b_3660,11602.877990426245
00e12e8b_3661,11602.877990426245
00e12e8b_3662,11602.523332878567
00e12e8b_3663,11602.877990426245
00e12e8b_3664,11602.90305574613
00e12e8b_3665,11602.90305574613
00e12e8b_3666,11602.938252652213
00e12e8b_3667,11602.939516112567
00e12e8b_3668,11602.939516112567
00e12e8b_3669,11602.859774114575
00e12e8b_3670,11602.859774114575
00e12e8b_3671,11603.216361867851
00e12e8b_3672,11602.795367615015
00e12e8b_3673,11602.795367615015
00e12e8b_3674,11603.216683696455
00e12e8b_3675,11602.827835322285
00e12e8b_3676,11603.216683696455
00e12e8b_3677,11603.216683696455
00e12e8b_3678,11603.216683696455
00e12e8b_3679,11603.216683696455
00e12e8b_3680,11603.216707727403
00e12e8b_3681,11603.216707727403
00e12e8b_3682,11603.216707727403
00e12e8b_3683,11603.216707727403
00e12e8b_3684,11603.216707727403
00e12e8b_3685,11603.216707727403
00e12e8b_3686,11603.216707727403
00e12e8b_3687,11602.80767486692
00e12e8b_3688,11602.80767486692
00e12e8b_3689,11602.80767486692
00e12e8b_3690,11602.80767486692
00e12e8b_3691,11602.80767486692
00e12e8b_3692,11602.38635878548
00e12e8b_3693,11602.418826492749
00e12e8b_3694,11602.38635878548
00e12e8b_3695,11602.38635878548
00e12e8b_3696,11602.304080779533
00e12e8b_3697,11602.304080779533
00e12e8b_3698,11602.304080779533
00e12e8b_3699,11602.304080779533
00e12e8b_3700,11602.336548486803
00e12e8b_3701,11602.336548486803
00e12e8b_3702,11602.725396860973
00e12e8b_3703,11602.725396860973
00e12e8b_3704,11602.336548486803
00e12e8b_3705,11602.725396860973
00e12e8b_3706,11602.725396860973
00e12e8b_3707,11602.729231369634
00e12e8b_3708,11602.729231369634
00e12e8b_3709,11602.729231369634
00e12e8b_3710,11602.340382995464
00e12e8b_3711,11602.307915288195
00e12e8b_3712,11602.307915288195
00e12e8b_3713,11602.307915288195
00e12e8b_3714,11602.307915288195
00e12e8b_3715,11602.729231369634
00e12e8b_3716,11602.307915288195
00e12e8b_3717,11602.332980608078
00e12e8b_3718,11601.953257740517
00e12e8b_3719,11602.387657286188
00e12e8b_3720,11602.387657286188
00e12e8b_3721,11602.387657286188
00e12e8b_3722,11602.387657286188
00e12e8b_3723,11602.387657286188
00e12e8b_3724,11602.387657286188
00e12e8b_3725,11602.367385513904
00e12e8b_3726,11602.36864897426
00e12e8b_3727,11602.31397229615
00e12e8b_3728,11602.31397229615
00e12e8b_3729,11602.367385513904
00e12e8b_3730,11602.36864897426
00e12e8b_3731,11602.288677346649
00e12e8b_3732,11602.288677346649
00e12e8b_3733,11602.21019880901
00e12e8b_3734,11602.235264128894
00e12e8b_3735,11602.21019880901
00e12e8b_3736,11602.235264128894
00e12e8b_3737,11602.288677346649
00e12e8b_3738,11602.235264128894
00e12e8b_3739,11601.855541261333
00e12e8b_3740,11602.21019880901
00e12e8b_3741,11602.235264128894
00e12e8b_3742,11602.21019880901
00e12e8b_3743,11601.989328901016
00e12e8b_3744,11601.83239574499
00e12e8b_3745,11601.452672877429
00e12e8b_3746,11601.820660233294
00e12e8b_3747,11601.7409182353
00e12e8b_3748,11601.7409182353
00e12e8b_3749,11601.77338594257
00e12e8b_3750,11601.77338594257
00e12e8b_3751,11601.77338594257
00e12e8b_3752,11601.7409182353
00e12e8b_3753,11602.16223431674
00e12e8b_3754,11601.77338594257
00e12e8b_3755,11602.16223431674
00e12e8b_3756,11601.571071495471
00e12e8b_3757,11601.959919869641
00e12e8b_3758,11601.959919869641
00e12e8b_3759,11601.959919869641
00e12e8b_3760,11601.959919869641
00e12e8b_3761,11601.959919869641
00e12e8b_3762,11601.808686527314
00e12e8b_3763,11601.808686527314
00e12e8b_3764,11601.808686527314
00e12e8b_3765,11601.808686527314
00e12e8b_3766,11601.808686527314
00e12e8b_3767,11601.808686527314
00e12e8b_3768,11601.719949159806
00e12e8b_3769,11601.719949159806
00e12e8b_3770,11601.719949159806
00e12e8b_3771,11601.719949159806
00e12e8b_3772,11601.010387720493
00e12e8b_3773,11601.719949159806
00e12e8b_3774,11601.010387720493
00e12e8b_3775,11601.719949159806
00e12e8b_3776,11601.719949159806
00e12e8b_3777,11601.010387720493
00e12e8b_3778,11601.719949159806
00e12e8b_3779,11601.772942027272
00e12e8b_3780,11601.772942027272
00e12e8b_3781,11601.772942027272
00e12e8b_3782,11601.772942027272
00e12e8b_3783,11601.592932054338
00e12e8b_3784,11601.592932054338
00e12e8b_3785,11601.592932054338
00e12e8b_3786,11601.592932054338
00e12e8b_3787,11601.592932054338
00e12e8b_3788,11601.592932054338
00e12e8b_3789,11601.592932054338
00e12e8b_3790,11601.592932054338
00e12e8b_3791,11600.883370615027
00e12e8b_3792,11601.592932054338
00e12e8b_3793,11601.592932054338
00e12e8b_3794,11601.592932054338
00e12e8b_3795,11601.592932054338
00e12e8b_3796,11600.788532461313
00e12e8b_3797,11601.498093900624
00e12e8b_3798,11601.498093900624
00e12e8b_3799,11601.498093900624
00e12e8b_3800,11601.498093900624
00e12e8b_3801,11601.462799382318
00e12e8b_3802,11601.462799382318
00e12e8b_3803,11601.462799382318
00e12e8b_3804,11601.462799382318
00e12e8b_3805,11600.753237943007
00e12e8b_3806,11601.462799382318
00e12e8b_3807,11601.462799382318
00e12e8b_3808,11601.462799382318
00e12e8b_3809,11601.462799382318
00e12e8b_3810,11601.462799382318
00e12e8b_3811,11600.753237943007
00e12e8b_3812,11601.462799382318
00e12e8b_3813,11600.69998238129
00e12e8b_3814,11600.69998238129
00e12e8b_3815,11600.69998238129
00e12e8b_3816,11600.69998238129
00e12e8b_3817,11600.69998238129
00e12e8b_3818,11600.69998238129
00e12e8b_3819,11600.69998238129
00e12e8b_3820,11600.56132235525
00e12e8b_3821,11600.56132235525
00e12e8b_3822,11600.56132235525
00e12e8b_3823,11600.56132235525
00e12e8b_3824,11600.56132235525
00e12e8b_3825,11600.56132235525
00e12e8b_3826,11600.56132235525
00e12e8b_3827,11600.56132235525
00e12e8b_3828,11599.851760915937
00e12e8b_3829,11599.851760915937
00e12e8b_3830,11600.441461219276
00e12e8b_3831,11599.851760915937
00e12e8b_3832,11600.441461219276
00e12e8b_3833,11600.441461219276
00e12e8b_3834,11600.441461219276
00e12e8b_3835,11599.851760915937
00e12e8b_3836,11600.441461219276
00e12e8b_3837,11600.441461219276
00e12e8b_3838,11599.851760915937
00e12e8b_3839,11600.441461219276
00e12e8b_3840,11600.441461219276
00e12e8b_3841,11600.441461219276
00e12e8b_3842,11600.441461219276
00e12e8b_3843,11600.441461219276
00e12e8b_3844,11600.441461219276
00e12e8b_3845,11600.441461219276
00e12e8b_3846,11600.441461219276
00e12e8b_3847,11600.331566357312
00e12e8b_3848,11600.331566357312
00e12e8b_3849,11600.331566357312
00e12e8b_3850,11600.214306112035
00e12e8b_3851,11600.214306112035
00e12e8b_3852,11600.214306112035
00e12e8b_3853,11600.214306112035
00e12e8b_3854,11600.214306112035
00e12e8b_3855,11600.214306112035
00e12e8b_3856,11600.214306112035
00e12e8b_3857,11600.214306112035
00e12e8b_3858,11600.214306112035
00e12e8b_3859,11599.999305248166
00e12e8b_3860,11599.656660208968
00e12e8b_3861,11599.999305248166
00e12e8b_3862,11599.999305248166
00e12e8b_3863,11599.999305248166
00e12e8b_3864,11599.969439725175
00e12e8b_3865,11599.969439725175
00e12e8b_3866,11599.969439725175
00e12e8b_3867,11599.969439725175
00e12e8b_3868,11599.969439725175
00e12e8b_3869,11599.969439725175
00e12e8b_3870,11599.969439725175
00e12e8b_3871,11599.969439725175
00e12e8b_3872,11599.969439725175
00e12e8b_3873,11599.969439725175
00e12e8b_3874,11599.969439725175
00e12e8b_3875,11599.969439725175
00e12e8b_3876,11599.969439725175
00e12e8b_3877,11599.969439725175
00e12e8b_3878,11599.969439725175
00e12e8b_3879,11599.969439725175
00e12e8b_3880,11599.626794685977
00e12e8b_3881,11599.969439725175
00e12e8b_3882,11599.969439725175
00e12e8b_3883,11599.969439725175
00e12e8b_3884,11599.969439725175
00e12e8b_3885,11599.425476862782
00e12e8b_3886,11599.425476862782
00e12e8b_3887,11599.425476862782
00e12e8b_3888,11599.079381563111
00e12e8b_3889,11599.42202660231
00e12e8b_3890,11599.079381563111
00e12e8b_3891,11599.42202660231
00e12e8b_3892,11599.079381563111
00e12e8b_3893,11599.42202660231
00e12e8b_3894,11599.42202660231
00e12e8b_3895,11599.42202660231
00e12e8b_3896,11599.42202660231
00e12e8b_3897,11599.250025606992
00e12e8b_3898,11599.250025606992
00e12e8b_3899,11599.250025606992
00e12e8b_3900,11599.250025606992
00e12e8b_3901,11599.250025606992
00e12e8b_3902,11599.250025606992
00e12e8b_3903,11598.97422066573
00e12e8b_3904,11599.250025606992
00e12e8b_3905,11599.250025606992
00e12e8b_3906,11599.250025606992
00e12e8b_3907,11599.250025606992
00e12e8b_3908,11599.250025606992
00e12e8b_3909,11599.250025606992
00e12e8b_3910,11599.250025606992
00e12e8b_3911,11598.97422066573
00e12e8b_3912,11599.177966125919
00e12e8b_3913,11599.177966125919
00e12e8b_3914,11599.177966125919
00e12e8b_3915,11599.177966125919
00e12e8b_3916,11599.177966125919
00e12e8b_3917,11599.177966125919
00e12e8b_3918,11598.114455071907
00e12e8b_3919,11598.114455071907
00e12e8b_3920,11598.114455071907
00e12e8b_3921,11598.114455071907
00e12e8b_3922,11598.055824220017
00e12e8b_3923,11598.055824220017
00e12e8b_3924,11598.055824220017
00e12e8b_3925,11598.114455071907
00e12e8b_3926,11598.114455071907
00e12e8b_3927,11598.114455071907
00e12e8b_3928,11598.114455071907
00e12e8b_3929,11598.114455071907
00e12e8b_3930,11598.114455071907
00e12e8b_3931,11598.114455071907
00e12e8b_3932,11598.114455071907
00e12e8b_3933,11598.114455071907
00e12e8b_3934,11598.114455071907
00e12e8b_3935,11598.114455071907
00e12e8b_3936,11597.743558250151
00e12e8b_3937,11597.743558250151
00e12e8b_3938,11597.67882992199
00e12e8b_3939,11597.743558250151
00e12e8b_3940,11597.603966409808
00e12e8b_3941,11597.68492739826
00e12e8b_3942,11597.68492739826
00e12e8b_3943,11597.68492739826
00e12e8b_3944,11597.603966409808
00e12e8b_3945,11597.68492739826
00e12e8b_3946,11597.68492739826
00e12e8b_3947,11597.603966409808
00e12e8b_3948,11597.68492739826
00e12e8b_3949,11597.709992718146
00e12e8b_3950,11597.68492739826
00e12e8b_3951,11597.63162601687
00e12e8b_3952,11597.603966409808
00e12e8b_3953,11597.68492739826
00e12e8b_3954,11597.68492739826
00e12e8b_3955,11596.982080002263
00e12e8b_3956,11596.90111901381
00e12e8b_3957,11596.90111901381
00e12e8b_3958,11596.975982525992
00e12e8b_3959,11597.040710854153
00e12e8b_3960,11596.922697558408
00e12e8b_3961,11596.922697558408
00e12e8b_3962,11596.922697558408
00e12e8b_3963,11596.922697558408
00e12e8b_3964,11596.922697558408
00e12e8b_3965,11596.922697558408
00e12e8b_3966,11596.922697558408
00e12e8b_3967,11596.922697558408
00e12e8b_3968,11596.922697558408
00e12e8b_3969,11596.922697558408
00e12e8b_3970,11596.922697558408
00e12e8b_3971,11596.922697558408
00e12e8b_3972,11596.922697558408
00e12e8b_3973,11596.668291200649
00e12e8b_3974,11596.78022343393
00e12e8b_3975,11596.78022343393
00e12e8b_3976,11596.78022343393
00e12e8b_3977,11596.78022343393
00e12e8b_3978,11596.78022343393
00e12e8b_3979,11596.78022343393
00e12e8b_3980,11596.78022343393
00e12e8b_3981,11596.822517757433
00e12e8b_3982,11596.822517757433
00e12e8b_3983,11596.822517757433
00e12e8b_3984,11596.510974485585
00e12e8b_3985,11596.510974485585
00e12e8b_3986,11596.510974485585
00e12e8b_3987,11596.510974485585
00e12e8b_3988,11596.510974485585
00e12e8b_3989,11596.510974485585
00e12e8b_3990,11596.411656591947
00e12e8b_3991,11596.347263795255
00e12e8b_3992,11596.252051310392
00e12e8b_3993,11596.17109032194
00e12e8b_3994,11596.252689014093
00e12e8b_3995,11596.252051310392
00e12e8b_3996,11596.17109032194
00e12e8b_3997,11596.17109032194
00e12e8b_3998,11596.044645370011
00e12e8b_3999,11596.044309838542
00e12e8b_4000,11596.109038166705
00e12e8b_4001,11596.044645370011
00e12e8b_4002,11596.076628640434
00e12e8b_4003,11596.044645370011
00e12e8b_4004,11596.044309838542
00e12e8b_4005,11596.076628640434
00e12e8b_4006,11596.076628640434
00e12e8b_4007,11596.076628640434
00e12e8b_4008,11596.15189592499
00e12e8b_4009,11596.15189592499
00e12e8b_4010,11596.176961244873
00e12e8b_4011,11596.176961244873
00e12e8b_4012,11596.176961244873
00e12e8b_4013,11596.30802954708
00e12e8b_4014,11596.429154143409
00e12e8b_4015,11596.124299559751
00e12e8b_4016,11596.124299559751
00e12e8b_4017,11596.255367861959
00e12e8b_4018,11596.124299559751
00e12e8b_4019,11596.278978580618
00e12e8b_4020,11596.099234239868
00e12e8b_4021,11594.845245973274
00e12e8b_4022,11594.845245973274
00e12e8b_4023,11594.845245973274
00e12e8b_4024,11594.845245973274
00e12e8b_4025,11594.877655499546
00e12e8b_4026,11594.415028787946
00e12e8b_4027,11594.415028787946
00e12e8b_4028,11594.415028787946
00e12e8b_4029,11594.562363602423
00e12e8b_4030,11594.562363602423
00e12e8b_4031,11594.415028787946
00e12e8b_4032,11594.352177458975
00e12e8b_4033,11594.352177458975
00e12e8b_4034,11594.352177458975
00e12e8b_4035,11594.352177458975
00e12e8b_4036,11594.352177458975
00e12e8b_4037,11594.562363602423
00e12e8b_4038,11594.562363602423
00e12e8b_4039,11594.352177458975
00e12e8b_4040,11594.352177458975
00e12e8b_4041,11594.352177458975
00e12e8b_4042,11594.352177458975
00e12e8b_4043,11594.352177458975
00e12e8b_4044,11594.352177458975
00e12e8b_4045,11594.352177458975
00e12e8b_4046,11594.352177458975
00e12e8b_4047,11594.352177458975
00e12e8b_4048,11594.352177458975
00e12e8b_4049,11594.352177458975
00e12e8b_4050,11594.352177458975
00e12e8b_4051,11594.352177458975
00e12e8b_4052,11593.938458994553
00e12e8b_4053,11593.938458994553
00e12e8b_4054,11593.938458994553
00e12e8b_4055,11593.938458994553
00e12e8b_4056,11593.903068829604
00e12e8b_4057,11593.903068829604
00e12e8b_4058,11593.903068829604
00e12e8b_4059,11593.903068829604
00e12e8b_4060,11593.903068829604
00e12e8b_4061,11594.113254973052
00e12e8b_4062,11593.903068829604
00e12e8b_4063,11593.903068829604
00e12e8b_4064,11593.903068829604
00e12e8b_4065,11593.903068829604
00e12e8b_4066,11593.903068829604
00e12e8b_4067,11593.757004952926
00e12e8b_4068,11593.757004952926
00e12e8b_4069,11593.757004952926
00e12e8b_4070,11593.757004952926
00e12e8b_4071,11593.757004952926
00e12e8b_4072,11593.757004952926
00e12e8b_4073,11593.757004952926
00e12e8b_4074,11593.967191096373
00e12e8b_4075,11593.757004952926
00e12e8b_4076,11593.757004952926
00e12e8b_4077,11593.757004952926
00e12e8b_4078,11593.757004952926
00e12e8b_4079,11593.757004952926
00e12e8b_4080,11593.757004952926
00e12e8b_4081,11593.757004952926
00e12e8b_4082,11593.757004952926
00e12e8b_4083,11593.757004952926
00e12e8b_4084,11593.757004952926
00e12e8b_4085,11593.757004952926
00e12e8b_4086,11593.757004952926
00e12e8b_4087,11593.757004952926
00e12e8b_4088,11593.967191096373
00e12e8b_4089,11593.757004952926
00e12e8b_4090,11593.757004952926
00e12e8b_4091,11593.246670735414
00e12e8b_4092,11593.246670735414
00e12e8b_4093,11593.246670735414
00e12e8b_4094,11593.246670735414
00e12e8b_4095,11593.246670735414
00e12e8b_4096,11593.246670735414
00e12e8b_4097,11593.246670735414
00e12e8b_4098,11593.246670735414
00e12e8b_4099,11593.456856878862
00e12e8b_4100,11593.246670735414
00e12e8b_4101,11593.246670735414
00e12e8b_4102,11593.246670735414
00e12e8b_4103,11593.246670735414
00e12e8b_4104,11593.00619918432
00e12e8b_4105,11593.00619918432
00e12e8b_4106,11593.00619918432
00e12e8b_4107,11593.244302320492
00e12e8b_4108,11593.00619918432
00e12e8b_4109,11593.00619918432
00e12e8b_4110,11593.004657716596
00e12e8b_4111,11593.244302320492
00e12e8b_4112,11593.00619918432
00e12e8b_4113,11593.036640987018
00e12e8b_4114,11593.036640987018
00e12e8b_4115,11593.00619918432
00e12e8b_4116,11593.036640987018
00e12e8b_4117,11593.036640987018
00e12e8b_4118,11593.036640987018
00e12e8b_4119,11593.036640987018
00e12e8b_4120,11592.860671364399
00e12e8b_4121,11593.068332697874
00e12e8b_4122,11592.830229561701
00e12e8b_4123,11592.860671364399
00e12e8b_4124,11592.860671364399
00e12e8b_4125,11592.860671364399
00e12e8b_4126,11592.860671364399
00e12e8b_4127,11592.828688093978
00e12e8b_4128,11592.670571896497
00e12e8b_4129,11592.605843568335
00e12e8b_4130,11592.670571896497
00e12e8b_4131,11592.670571896497
00e12e8b_4132,11592.670571896497
00e12e8b_4133,11592.670571896497
00e12e8b_4134,11592.605843568335
00e12e8b_4135,11592.670571896497
00e12e8b_4136,11592.669030428775
00e12e8b_4137,11592.670571896497
00e12e8b_4138,11592.669030428775
00e12e8b_4139,11592.701013699196
00e12e8b_4140,11592.701013699196
00e12e8b_4141,11592.669030428775
00e12e8b_4142,11592.701013699196
00e12e8b_4143,11592.669030428775
00e12e8b_4144,11592.669030428775
00e12e8b_4145,11592.701013699196
00e12e8b_4146,11592.701013699196
00e12e8b_4147,11592.701013699196
00e12e8b_4148,11592.701013699196
00e12e8b_4149,11592.701013699196
00e12e8b_4150,11592.701013699196
00e12e8b_4151,11592.701013699196
00e12e8b_4152,11592.670571896497
00e12e8b_4153,11592.670571896497
00e12e8b_4154,11592.669030428775
00e12e8b_4155,11592.701013699196
00e12e8b_4156,11592.701013699196
00e12e8b_4157,11592.878602467634
00e12e8b_4158,11592.701013699196
00e12e8b_4159,11592.701013699196
00e12e8b_4160,11592.701013699196
00e12e8b_4161,11592.878602467634
00e12e8b_4162,11592.670571896497
00e12e8b_4163,11592.670571896497
00e12e8b_4164,11592.669030428775
00e12e8b_4165,11592.669030428775
00e12e8b_4166,11592.701013699196
00e12e8b_4167,11592.669030428775
00e12e8b_4168,11592.603812008385
00e12e8b_4169,11592.811842579522
00e12e8b_4170,11592.539083680223
00e12e8b_4171,11592.634253811084
00e12e8b_4172,11592.602270540661
00e12e8b_4173,11592.634253811084
00e12e8b_4174,11592.634253811084
00e12e8b_4175,11593.144588028596
00e12e8b_4176,11593.232823828022
00e12e8b_4177,11593.232823828022
00e12e8b_4178,11593.137653697164
00e12e8b_4179,11593.133717824527
00e12e8b_4180,11593.341748395662
00e12e8b_4181,11593.164159627226
00e12e8b_4182,11593.164159627226
00e12e8b_4183,11593.164159627226
00e12e8b_4184,11593.164159627226
00e12e8b_4185,11593.164159627226
00e12e8b_4186,11593.132176356803
00e12e8b_4187,11593.164159627226
00e12e8b_4188,11593.164159627226
00e12e8b_4189,11593.132176356803
00e12e8b_4190,11593.164159627226
00e12e8b_4191,11593.133717824527
00e12e8b_4192,11593.133717824527
00e12e8b_4193,11593.133717824527
00e12e8b_4194,11593.133717824527
00e12e8b_4195,11593.133717824527
00e12e8b_4196,11593.133717824527
00e12e8b_4197,11593.341748395662
00e12e8b_4198,11593.133717824527
00e12e8b_4199,11593.341748395662
00e12e8b_4200,11593.341748395662
00e12e8b_4201,11593.133717824527
00e12e8b_4202,11593.133717824527
00e12e8b_4203,11593.133717824527
00e12e8b_4204,11593.133717824527
00e12e8b_4205,11593.582826453898
00e12e8b_4206,11593.582826453898
00e12e8b_4207,11593.582826453898
00e12e8b_4208,11593.582826453898
00e12e8b_4209,11593.582826453898
00e12e8b_4210,11593.582826453898
00e12e8b_4211,11593.582826453898
00e12e8b_4212,11593.582826453898
00e12e8b_4213,11593.582826453898
00e12e8b_4214,11593.582826453898
00e12e8b_4215,11593.582826453898
00e12e8b_4216,11593.582826453898
00e12e8b_4217,11593.582826453898
00e12e8b_4218,11593.582826453898
00e12e8b_4219,11593.582826453898
00e12e8b_4220,11593.582826453898
00e12e8b_4221,11593.613268256597
00e12e8b_4222,11593.582826453898
00e12e8b_4223,11593.582826453898
00e12e8b_4224,11593.530734190354
00e12e8b_4225,11593.530734190354
00e12e8b_4226,11593.738764761489
00e12e8b_4227,11594.784722456945
00e12e8b_4228,11594.784722456945
00e12e8b_4229,11594.784722456945
00e12e8b_4230,11594.784722456945
00e12e8b_4231,11594.784722456945
00e12e8b_4232,11594.784722456945
00e12e8b_4233,11594.784722456945
00e12e8b_4234,11594.784722456945
00e12e8b_4235,11594.784722456945
00e12e8b_4236,11594.784722456945
00e12e8b_4237,11594.68909395782
00e12e8b_4238,11594.68909395782
00e12e8b_4239,11594.68909395782
00e12e8b_4240,11594.68909395782
00e12e8b_4241,11594.68909395782
00e12e8b_4242,11594.68909395782
00e12e8b_4243,11594.68909395782
00e12e8b_4244,11594.78841185146
00e12e8b_4245,11594.78841185146
00e12e8b_4246,11594.78841185146
00e12e8b_4247,11594.78841185146
00e12e8b_4248,11594.78841185146
00e12e8b_4249,11594.78841185146
00e12e8b_4250,11594.78841185146
00e12e8b_4251,11594.78841185146
00e12e8b_4252,11594.78841185146
00e12e8b_4253,11594.78841185146
00e12e8b_4254,11594.78841185146
00e12e8b_4255,11594.78841185146
00e12e8b_4256,11594.78841185146
00e12e8b_4257,11594.78841185146
00e12e8b_4258,11594.78841185146
00e12e8b_4259,11594.78841185146
00e12e8b_4260,11594.78841185146
00e12e8b_4261,11595.393391307398
00e12e8b_4262,11595.393391307398
00e12e8b_4263,11595.393391307398
00e12e8b_4264,11595.393391307398
00e12e8b_4265,11595.393391307398
00e12e8b_4266,11595.393391307398
00e12e8b_4267,11595.393391307398
00e12e8b_4268,11595.393391307398
00e12e8b_4269,11595.393391307398
00e12e8b_4270,11595.393391307398
00e12e8b_4271,11595.393391307398
00e12e8b_4272,11595.393391307398
00e12e8b_4273,11595.393391307398
00e12e8b_4274,11595.393391307398
00e12e8b_4275,11595.393391307398
00e12e8b_4276,11595.393391307398
00e12e8b_4277,11595.393391307398
00e12e8b_4278,11595.393391307398
00e12e8b_4279,11596.456902361411
00e12e8b_4280,11596.456902361411
00e12e8b_4281,11596.456902361411
00e12e8b_4282,11596.456902361411
00e12e8b_4283,11596.456902361411
00e12e8b_4284,11596.456902361411
00e12e8b_4285,11596.456902361411
00e12e8b_4286,11596.376175814321
00e12e8b_4287,11596.376175814321
00e12e8b_4288,11596.356904533226
00e12e8b_4289,11596.376175814321
00e12e8b_4290,11596.376175814321
00e12e8b_4291,11596.376175814321
00e12e8b_4292,11596.376175814321
00e12e8b_4293,11596.376175814321
00e12e8b_4294,11597.295117734488
00e12e8b_4295,11597.295117734488
00e12e8b_4296,11597.199755714048
00e12e8b_4297,11597.199755714048
00e12e8b_4298,11597.199755714048
00e12e8b_4299,11597.199755714048
00e12e8b_4300,11597.199755714048
00e12e8b_4301,11597.199755714048
00e12e8b_4302,11597.199755714048
00e12e8b_4303,11597.199755714048
00e12e8b_4304,11597.243959065427
00e12e8b_4305,11597.243959065427
00e12e8b_4306,11597.243959065427
00e12e8b_4307,11597.243959065427
00e12e8b_4308,11597.243959065427
00e12e8b_4309,11597.224687784332
00e12e8b_4310,11597.243959065427
00e12e8b_4311,11597.341948029609
00e12e8b_4312,11597.361219310704
00e12e8b_4313,11597.361219310704
00e12e8b_4314,11597.361219310704
00e12e8b_4315,11597.361219310704
00e12e8b_4316,11597.361219310704
00e12e8b_4317,11597.361219310704
00e12e8b_4318,11597.361219310704
00e12e8b_4319,11597.361219310704
00e12e8b_4320,11597.361219310704
00e12e8b_4321,11597.361219310704
00e12e8b_4322,11597.361219310704
00e12e8b_4323,11597.361219310704
00e12e8b_4324,11597.361219310704
00e12e8b_4325,11597.361219310704
00e12e8b_4326,11597.361219310704
00e12e8b_4327,11597.25005413624
00e12e8b_4328,11597.361219310704
00e12e8b_4329,11597.361219310704
00e12e8b_4330,11597.675086877165
00e12e8b_4331,11597.675086877165
00e12e8b_4332,11597.675086877165
00e12e8b_4333,11597.675086877165
00e12e8b_4334,11597.675086877165
00e12e8b_4335,11597.675086877165
00e12e8b_4336,11597.675086877165
00e12e8b_4337,11597.673545409441
00e12e8b_4338,11597.563921702702
00e12e8b_4339,11597.563921702702
00e12e8b_4340,11597.705528679862
00e12e8b_4341,11597.705528679862
00e12e8b_4342,11597.705528679862
00e12e8b_4343,11597.705528679862
00e12e8b_4344,11597.705528679862
00e12e8b_4345,11597.705528679862
00e12e8b_4346,11597.705528679862
00e12e8b_4347,11597.70052143471
00e12e8b_4348,11597.993988075425
00e12e8b_4349,11597.998995320579
00e12e8b_4350,11598.033162484264
00e12e8b_4351,11597.993988075425
00e12e8b_4352,11597.857388343416
00e12e8b_4353,11598.067659521375
00e12e8b_4354,11598.067659521375
00e12e8b_4355,11598.067659521375
00e12e8b_4356,11598.067659521375
00e12e8b_4357,11597.86136149215
00e12e8b_4358,11598.067659521375
00e12e8b_4359,11598.067659521375
00e12e8b_4360,11598.067659521375
00e12e8b_4361,11598.035676250955
00e12e8b_4362,11598.037217718678
00e12e8b_4363,11598.035676250955
00e12e8b_4364,11598.037217718678
00e12e8b_4365,11598.067659521375
00e12e8b_4366,11598.269973968474
00e12e8b_4367,11598.237990698053
00e12e8b_4368,11598.260810095622
00e12e8b_4369,11598.260810095622
00e12e8b_4370,11598.292793366045
00e12e8b_4371,11598.262351563346
00e12e8b_4372,11598.262351563346
00e12e8b_4373,11598.262351563346
00e12e8b_4374,11598.262351563346
00e12e8b_4375,11598.262351563346
00e12e8b_4376,11598.262351563346
00e12e8b_4377,11598.086495336818
00e12e8b_4378,11598.262351563346
00e12e8b_4379,11598.262351563346
00e12e8b_4380,11598.262351563346
00e12e8b_4381,11598.262351563346
00e12e8b_4382,11598.341059730601
00e12e8b_4383,11598.341059730601
00e12e8b_4384,11598.341059730601
00e12e8b_4385,11598.341059730601
00e12e8b_4386,11598.341059730601
00e12e8b_4387,11598.341059730601
00e12e8b_4388,11598.19692810909
00e12e8b_4389,11598.19692810909
00e12e8b_4390,11598.021071882562
00e12e8b_4391,11598.19692810909
00e12e8b_4392,11598.19692810909
00e12e8b_4393,11598.19692810909
00e12e8b_4394,11598.19692810909
00e12e8b_4395,11598.19692810909
00e12e8b_4396,11598.021071882562
00e12e8b_4397,11598.255710335825
00e12e8b_4398,11598.255710335825
00e12e8b_4399,11598.255710335825
00e12e8b_4400,11598.255710335825
00e12e8b_4401,11598.255710335825
00e12e8b_4402,11598.255710335825
00e12e8b_4403,11598.255710335825
00e12e8b_4404,11598.255710335825
00e12e8b_4405,11598.255710335825
00e12e8b_4406,11598.079854109297
00e12e8b_4407,11598.079854109297
00e12e8b_4408,11598.255826983574
00e12e8b_4409,11598.255826983574
00e12e8b_4410,11598.255826983574
00e12e8b_4411,11598.25428551585
00e12e8b_4412,11598.286268786273
00e12e8b_4413,11598.405316216897
00e12e8b_4414,11598.405316216897
00e12e8b_4415,11598.405316216897
00e12e8b_4416,11598.373332946474
00e12e8b_4417,11598.405316216897
00e12e8b_4418,11598.405316216897
00e12e8b_4419,11598.405316216897
00e12e8b_4420,11598.373332946474
00e12e8b_4421,11598.374874414198
00e12e8b_4422,11598.19901818767
00e12e8b_4423,11598.374874414198
00e12e8b_4424,11598.310146086036
00e12e8b_4425,11598.374874414198
00e12e8b_4426,11598.374874414198
00e12e8b_4427,11598.856349304271
00e12e8b_4428,11598.856349304271
00e12e8b_4429,11598.856349304271
00e12e8b_4430,11598.856349304271
00e12e8b_4431,11598.856349304271
00e12e8b_4432,11598.856349304271
00e12e8b_4433,11598.856349304271
00e12e8b_4434,11598.856349304271
00e12e8b_4435,11598.680493077743
00e12e8b_4436,11598.854807836547
00e12e8b_4437,11598.856349304271
00e12e8b_4438,11598.88679110697
00e12e8b_4439,11598.879155408033
00e12e8b_4440,11598.672857378806
00e12e8b_4441,11598.879155408033
00e12e8b_4442,11598.672857378806
00e12e8b_4443,11598.848713605334
00e12e8b_4444,11598.848713605334
00e12e8b_4445,11598.672857378806
00e12e8b_4446,11598.848713605334
00e12e8b_4447,11598.848713605334
00e12e8b_4448,11598.848713605334
00e12e8b_4449,11598.848713605334
00e12e8b_4450,11598.848713605334
00e12e8b_4451,11598.848713605334
00e12e8b_4452,11598.848713605334
00e12e8b_4453,11598.848713605334
00e12e8b_4454,11598.672857378806
00e12e8b_4455,11599.082716264247
00e12e8b_4456,11599.082716264247
00e12e8b_4457,11599.258572490775
00e12e8b_4458,11599.258572490775
00e12e8b_4459,11599.258572490775
00e12e8b_4460,11599.258572490775
00e12e8b_4461,11599.258572490775
00e12e8b_4462,11599.258572490775
00e12e8b_4463,11599.258572490775
00e12e8b_4464,11599.258572490775
00e12e8b_4465,11599.258572490775
00e12e8b_4466,11599.258572490775
00e12e8b_4467,11599.258572490775
00e12e8b_4468,11599.258572490775
00e12e8b_4469,11599.258572490775
00e12e8b_4470,11599.258572490775
00e12e8b_4471,11599.286509017142
00e12e8b_4472,11599.27189138165
00e12e8b_4473,11599.27189138165
00e12e8b_4474,11599.27189138165
00e12e8b_4475,11599.27189138165
00e12e8b_4476,11599.27189138165
00e12e8b_4477,11599.27189138165
00e12e8b_4478,11599.27189138165
00e12e8b_4479,11599.27189138165
00e12e8b_4480,11599.27189138165
00e12e8b_4481,11599.27189138165
00e12e8b_4482,11599.27189138165
00e12e8b_4483,11599.096035155122
00e12e8b_4484,11599.27189138165
00e12e8b_4485,11599.763950224067
00e12e8b_4486,11599.763950224067
00e12e8b_4487,11599.763950224067
00e12e8b_4488,11599.763950224067
00e12e8b_4489,11599.763950224067
00e12e8b_4490,11599.784892799904
00e12e8b_4491,11599.784892799904
00e12e8b_4492,11599.784892799904
00e12e8b_4493,11599.784892799904
00e12e8b_4494,11599.784892799904
00e12e8b_4495,11599.784892799904
00e12e8b_4496,11599.784892799904
00e12e8b_4497,11599.784892799904
00e12e8b_4498,11599.784892799904
00e12e8b_4499,11599.810607440853
00e12e8b_4500,11600.007406243218
00e12e8b_4501,11600.007406243218
00e12e8b_4502,11600.007406243218
00e12e8b_4503,11600.007406243218
00e12e8b_4504,11600.007406243218
00e12e8b_4505,11600.007406243218
00e12e8b_4506,11600.007406243218
00e12e8b_4507,11600.007406243218
00e12e8b_4508,11600.007406243218
00e12e8b_4509,11600.007406243218
00e12e8b_4510,11600.007406243218
00e12e8b_4511,11600.007406243218
00e12e8b_4512,11600.007406243218
00e12e8b_4513,11600.007406243218
00e12e8b_4514,11600.007406243218
00e12e8b_4515,11599.810607440853
00e12e8b_4516,11600.007406243218
00e12e8b_4517,11600.007406243218
00e12e8b_4518,11600.007406243218
00e12e8b_4519,11600.007406243218
00e12e8b_4520,11600.07865263132
00e12e8b_4521,11600.07865263132
00e12e8b_4522,11600.07865263132
00e12e8b_4523,11600.041027109804
00e12e8b_4524,11600.041027109804
00e12e8b_4525,11600.041027109804
00e12e8b_4526,11600.041027109804
00e12e8b_4527,11600.041027109804
00e12e8b_4528,11600.041027109804
00e12e8b_4529,11600.041027109804
00e12e8b_4530,11600.041027109804
00e12e8b_4531,11600.058417466187
00e12e8b_4532,11600.058417466187
00e12e8b_4533,11600.058417466187
00e12e8b_4534,11600.058417466187
00e12e8b_4535,11600.058417466187
00e12e8b_4536,11600.058417466187
00e12e8b_4537,11600.058417466187
00e12e8b_4538,11600.058417466187
00e12e8b_4539,11600.058417466187
00e12e8b_4540,11600.058417466187
00e12e8b_4541,11600.058417466187
00e12e8b_4542,11600.058417466187
00e12e8b_4543,11600.058417466187
00e12e8b_4544,11600.058417466187
00e12e8b_4545,11600.058417466187
00e12e8b_4546,11600.058417466187
00e12e8b_4547,11600.058417466187
00e12e8b_4548,11600.058417466187
00e12e8b_4549,11600.058417466187
00e12e8b_4550,11600.058417466187
00e12e8b_4551,11600.058417466187
00e12e8b_4552,11600.058417466187
00e12e8b_4553,11600.058417466187
00e12e8b_4554,11600.058417466187
00e12e8b_4555,11599.861618663825
00e12e8b_4556,11600.058417466187
00e12e8b_4557,11600.058417466187
00e12e8b_4558,11599.861618663825
00e12e8b_4559,11600.134755893067
00e12e8b_4560,11600.134755893067
00e12e8b_4561,11600.134755893067
00e12e8b_4562,11600.134755893067
00e12e8b_4563,11600.134755893067
00e12e8b_4564,11600.134755893067
00e12e8b_4565,11600.947338858727
00e12e8b_4566,11600.947338858727
00e12e8b_4567,11600.947338858727
00e12e8b_4568,11600.947338858727
00e12e8b_4569,11600.947338858727
00e12e8b_4570,11600.947338858727
00e12e8b_4571,11600.947338858727
00e12e8b_4572,11600.947338858727
00e12e8b_4573,11600.947338858727
00e12e8b_4574,11600.947338858727
00e12e8b_4575,11600.984057903981
00e12e8b_4576,11600.984057903981
00e12e8b_4577,11600.984057903981
00e12e8b_4578,11600.984057903981
00e12e8b_4579,11600.984057903981
00e12e8b_4580,11600.984057903981
00e12e8b_4581,11600.984057903981
00e12e8b_4582,11601.072032077995
00e12e8b_4583,11601.072032077995
00e12e8b_4584,11601.072032077995
00e12e8b_4585,11601.072032077995
00e12e8b_4586,11601.072032077995
00e12e8b_4587,11601.072032077995
00e12e8b_4588,11601.072032077995
00e12e8b_4589,11601.072032077995
00e12e8b_4590,11601.072032077995
00e12e8b_4591,11601.072032077995
00e12e8b_4592,11601.072032077995
00e12e8b_4593,11600.762175803497
00e12e8b_4594,11601.072032077995
00e12e8b_4595,11601.072032077995
00e12e8b_4596,11601.072032077995
00e12e8b_4597,11601.072032077995
00e12e8b_4598,11601.072032077995
00e12e8b_4599,11601.072032077995
00e12e8b_4600,11601.072032077995
00e12e8b_4601,11601.072032077995
00e12e8b_4602,11601.072032077995
00e12e8b_4603,11601.08006841149
00e12e8b_4604,11601.08006841149
00e12e8b_4605,11601.08006841149
00e12e8b_4606,11601.08006841149
00e12e8b_4607,11601.08006841149
00e12e8b_4608,11601.00790987795
00e12e8b_4609,11601.00790987795
00e12e8b_4610,11601.00790987795
00e12e8b_4611,11601.00790987795
00e12e8b_4612,11601.00790987795
00e12e8b_4613,11600.698053603452
00e12e8b_4614,11601.00790987795
00e12e8b_4615,11601.00790987795
00e12e8b_4616,11601.00790987795
00e12e8b_4617,11601.00790987795
00e12e8b_4618,11601.00790987795
00e12e8b_4619,11601.00790987795
00e12e8b_4620,11601.00790987795
00e12e8b_4621,11601.00790987795
00e12e8b_4622,11601.00790987795
00e12e8b_4623,11600.698053603452
00e12e8b_4624,11601.00790987795
00e12e8b_4625,11600.943064428317
00e12e8b_4626,11600.943064428317
00e12e8b_4627,11600.943064428317
00e12e8b_4628,11600.943064428317
00e12e8b_4629,11600.943064428317
00e12e8b_4630,11600.943064428317
00e12e8b_4631,11600.943064428317
00e12e8b_4632,11600.943064428317
00e12e8b_4633,11600.943064428317
00e12e8b_4634,11600.943064428317
00e12e8b_4635,11600.943064428317
00e12e8b_4636,11600.943064428317
00e12e8b_4637,11600.943064428317
00e12e8b_4638,11600.943064428317
00e12e8b_4639,11600.943064428317
00e12e8b_4640,11600.633208153818
00e12e8b_4641,11600.943064428317
00e12e8b_4642,11600.992239714307
00e12e8b_4643,11600.992239714307
00e12e8b_4644,11600.992239714307
00e12e8b_4645,11600.682383439811
00e12e8b_4646,11600.992239714307
00e12e8b_4647,11600.992239714307
00e12e8b_4648,11600.992239714307
00e12e8b_4649,11600.992239714307
00e12e8b_4650,11600.682383439811
00e12e8b_4651,11600.992239714307
00e12e8b_4652,11600.992239714307
00e12e8b_4653,11600.992239714307
00e12e8b_4654,11600.992239714307
00e12e8b_4655,11600.992239714307
00e12e8b_4656,11600.992239714307
00e12e8b_4657,11600.992239714307
00e12e8b_4658,11600.992239714307
00e12e8b_4659,11600.992239714307
00e12e8b_4660,11600.992239714307
00e12e8b_4661,11600.992239714307
00e12e8b_4662,11600.992239714307
00e12e8b_4663,11600.992239714307
00e12e8b_4664,11600.992239714307
00e12e8b_4665,11600.992239714307
00e12e8b_4666,11600.668935916818
00e12e8b_4667,11600.978792191316
00e12e8b_4668,11600.978792191316
00e12e8b_4669,11600.978792191316
00e12e8b_4670,11600.879969720878
00e12e8b_4671,11600.911952991299
00e12e8b_4672,11600.911952991299
00e12e8b_4673,11600.911952991299
00e12e8b_4674,11600.82038887958
00e12e8b_4675,11600.82038887958
00e12e8b_4676,11600.906945746146
00e12e8b_4677,11600.90940110973
00e12e8b_4678,11600.906945746146
00e12e8b_4679,11600.906945746146
00e12e8b_4680,11600.90940110973
00e12e8b_4681,11600.906945746146
00e12e8b_4682,11600.906945746146
00e12e8b_4683,11600.82038887958
00e12e8b_4684,11602.711974989183
00e12e8b_4685,11602.56052202642
00e12e8b_4686,11602.721737868
00e12e8b_4687,11602.711974989183
00e12e8b_4688,11602.800987219332
00e12e8b_4689,11602.803539100902
00e12e8b_4690,11602.803539100902
00e12e8b_4691,11602.771555830479
00e12e8b_4692,11602.803539100902
00e12e8b_4693,11602.803539100902
00e12e8b_4694,11602.805649972757
00e12e8b_4695,11602.803539100902
00e12e8b_4696,11602.803539100902
00e12e8b_4697,11602.803539100902
00e12e8b_4698,11602.803539100902
00e12e8b_4699,11602.803539100902
00e12e8b_4700,11602.803539100902
00e12e8b_4701,11602.803539100902
00e12e8b_4702,11602.803539100902
00e12e8b_4703,11602.803539100902
00e12e8b_4704,11602.803539100902
00e12e8b_4705,11602.803539100902
00e12e8b_4706,11602.803539100902
00e12e8b_4707,11602.803539100902
00e12e8b_4708,11602.803539100902
00e12e8b_4709,11602.803539100902
00e12e8b_4710,11602.803539100902
00e12e8b_4711,11602.803539100902
00e12e8b_4712,11602.803539100902
00e12e8b_4713,11602.803539100902
00e12e8b_4714,11602.803539100902
00e12e8b_4715,11602.771555830479
00e12e8b_4716,11602.803539100902
00e12e8b_4717,11602.803539100902
00e12e8b_4718,11602.803539100902
00e12e8b_4719,11602.803539100902
00e12e8b_4720,11602.493776080722
00e12e8b_4721,11602.480022656517
00e12e8b_4722,11602.237005582037
00e12e8b_4723,11602.480022656517
00e12e8b_4724,11602.546861856536
00e12e8b_4725,11602.546861856536
00e12e8b_4726,11602.546861856536
00e12e8b_4727,11602.480022656517
00e12e8b_4728,11602.448039386096
00e12e8b_4729,11602.480022656517
00e12e8b_4730,11602.546861856536
00e12e8b_4731,11602.480022656517
00e12e8b_4732,11602.448039386096
00e12e8b_4733,11602.480022656517
00e12e8b_4734,11602.480022656517
00e12e8b_4735,11602.448039386096
00e12e8b_4736,11602.546861856536
00e12e8b_4737,11602.237005582037
00e12e8b_4738,11602.480022656517
00e12e8b_4739,11602.480022656517
00e12e8b_4740,11602.480022656517
00e12e8b_4741,11602.480022656517
00e12e8b_4742,11602.480022656517
00e12e8b_4743,11602.475015411364
00e12e8b_4744,11602.338489475196
00e12e8b_4745,11602.338489475196
00e12e8b_4746,11602.338489475196
00e12e8b_4747,11602.338489475196
00e12e8b_4748,11602.338489475196
00e12e8b_4749,11602.461741233665
00e12e8b_4750,11602.461741233665
00e12e8b_4751,11602.461741233665
00e12e8b_4752,11602.461741233665
00e12e8b_4753,11602.528580433682
00e12e8b_4754,11602.429757963242
00e12e8b_4755,11602.429757963242
00e12e8b_4756,11602.528580433682
00e12e8b_4757,11602.429757963242
00e12e8b_4758,11602.528580433682
00e12e8b_4759,11602.528580433682
00e12e8b_4760,11602.429757963242
00e12e8b_4761,11602.528580433682
00e12e8b_4762,11602.528580433682
00e12e8b_4763,11602.528580433682
00e12e8b_4764,11602.528580433682
00e12e8b_4765,11602.429757963242
00e12e8b_4766,11602.528580433682
00e12e8b_4767,11602.528580433682
00e12e8b_4768,11602.528580433682
00e12e8b_4769,11602.218724159184
00e12e8b_4770,11602.528580433682
00e12e8b_4771,11602.528580433682
00e12e8b_4772,11602.528580433682
00e12e8b_4773,11602.429757963242
00e12e8b_4774,11602.218724159184
00e12e8b_4775,11602.429757963242
00e12e8b_4776,11602.528580433682
00e12e8b_4777,11602.429757963242
00e12e8b_4778,11602.528580433682
00e12e8b_4779,11602.46385210552
00e12e8b_4780,11602.528580433682
00e12e8b_4781,11602.528580433682
00e12e8b_4782,11602.528580433682
00e12e8b_4783,11602.418516851842
00e12e8b_4784,11601.850809000487
00e12e8b_4785,11601.60568105415
00e12e8b_4786,11601.81671485821
00e12e8b_4787,11601.915537328648
00e12e8b_4788,11601.915537328648
00e12e8b_4789,11601.81671485821
00e12e8b_4790,11601.915537328648
00e12e8b_4791,11601.81671485821
00e12e8b_4792,11601.848698128631
00e12e8b_4793,11601.81671485821
00e12e8b_4794,11601.915537328648
00e12e8b_4795,11601.915537328648
00e12e8b_4796,11601.915537328648
00e12e8b_4797,11601.915537328648
00e12e8b_4798,11601.81671485821
00e12e8b_4799,11601.848698128631
00e12e8b_4800,11601.81671485821
00e12e8b_4801,11601.60568105415
00e12e8b_4802,11601.81671485821
00e12e8b_4803,11601.848698128631
00e12e8b_4804,11601.915537328648
00e12e8b_4805,11601.848698128631
00e12e8b_4806,11601.915537328648
00e12e8b_4807,11601.848698128631
00e12e8b_4808,11601.81671485821
00e12e8b_4809,11601.915537328648
00e12e8b_4810,11601.850809000487
00e12e8b_4811,11601.60568105415
00e12e8b_4812,11601.915537328648
00e12e8b_4813,11601.915537328648
00e12e8b_4814,11601.850809000487
00e12e8b_4815,11601.60568105415
00e12e8b_4816,11601.915537328648
00e12e8b_4817,11601.81671485821
00e12e8b_4818,11601.915537328648
00e12e8b_4819,11601.915537328648
00e12e8b_4820,11601.915537328648
00e12e8b_4821,11601.850809000487
00e12e8b_4822,11601.915537328648
00e12e8b_4823,11601.848698128631
00e12e8b_4824,11601.915537328648
00e12e8b_4825,11601.915537328648
00e12e8b_4826,11601.81671485821
00e12e8b_4827,11601.848698128631
00e12e8b_4828,11601.848698128631
00e12e8b_4829,11601.848698128631
00e12e8b_4830,11601.848698128631
00e12e8b_4831,11601.84369088348
00e12e8b_4832,11601.74080635656
00e12e8b_4833,11601.73825447499
00e12e8b_4834,11601.497789282079
00e12e8b_4835,11601.735799111408
00e12e8b_4836,11601.74080635656
00e12e8b_4837,11601.74080635656
00e12e8b_4838,11601.74080635656
00e12e8b_4839,11601.70882308614
00e12e8b_4840,11601.74080635656
00e12e8b_4841,11601.74080635656
00e12e8b_4842,11601.74080635656
00e12e8b_4843,11601.893269783135
00e12e8b_4844,11601.893269783135
00e12e8b_4845,11601.893269783135
00e12e8b_4846,11601.893269783135
00e12e8b_4847,11601.893269783135
00e12e8b_4848,11601.893269783135
00e12e8b_4849,11601.893269783135
00e12e8b_4850,11601.650252708654
00e12e8b_4851,11601.888262537983
00e12e8b_4852,11601.893269783135
00e12e8b_4853,11601.893269783135
00e12e8b_4854,11601.893269783135
00e12e8b_4855,11601.893269783135
00e12e8b_4856,11601.770481462456
00e12e8b_4857,11601.770481462456
00e12e8b_4858,11601.770481462456
00e12e8b_4859,11601.770481462456
00e12e8b_4860,11601.770481462456
00e12e8b_4861,11601.775488707608
00e12e8b_4862,11601.775488707608
00e12e8b_4863,11601.775488707608
00e12e8b_4864,11601.775488707608
00e12e8b_4865,11601.775488707608
00e12e8b_4866,11601.770481462456
00e12e8b_4867,11601.770481462456
00e12e8b_4868,11601.775488707608
00e12e8b_4869,11601.775488707608
00e12e8b_4870,11601.743505437185
00e12e8b_4871,11601.884742904493
00e12e8b_4872,11601.641725830013
00e12e8b_4873,11601.852759634072
00e12e8b_4874,11601.852759634072
00e12e8b_4875,11601.951582104512
00e12e8b_4876,11601.886853776348
00e12e8b_4877,11601.884742904493
00e12e8b_4878,11601.886853776348
00e12e8b_4879,11601.951582104512
00e12e8b_4880,11601.641725830013
00e12e8b_4881,11601.641725830013
00e12e8b_4882,11601.951582104512
00e12e8b_4883,11601.852759634072
00e12e8b_4884,11601.886853776348
00e12e8b_4885,11601.852759634072
00e12e8b_4886,11601.884742904493
00e12e8b_4887,11601.852759634072
00e12e8b_4888,11601.852759634072
00e12e8b_4889,11601.884742904493
00e12e8b_4890,11601.951582104512
00e12e8b_4891,11601.884742904493
00e12e8b_4892,11601.884742904493
00e12e8b_4893,11601.884742904493
00e12e8b_4894,11601.884742904493
00e12e8b_4895,11601.884742904493
00e12e8b_4896,11601.886853776348
00e12e8b_4897,11601.884742904493
00e12e8b_4898,11601.852759634072
00e12e8b_4899,11601.884742904493
00e12e8b_4900,11601.951582104512
00e12e8b_4901,11601.951582104512
00e12e8b_4902,11601.951582104512
00e12e8b_4903,11601.852759634072
00e12e8b_4904,11601.852759634072
00e12e8b_4905,11601.931170828115
00e12e8b_4906,11601.931170828115
00e12e8b_4907,11601.931170828115
00e12e8b_4908,11601.931170828115
00e12e8b_4909,11601.931170828115
00e12e8b_4910,11601.621314553617
00e12e8b_4911,11601.832348357677
00e12e8b_4912,11601.866442499953
00e12e8b_4913,11601.832348357677
00e12e8b_4914,11601.621314553617
00e12e8b_4915,11601.931170828115
00e12e8b_4916,11601.931170828115
00e12e8b_4917,11601.931170828115
00e12e8b_4918,11601.832348357677
00e12e8b_4919,11601.866442499953
00e12e8b_4920,11601.931170828115
00e12e8b_4921,11601.931170828115
00e12e8b_4922,11601.832348357677
00e12e8b_4923,11601.832348357677
00e12e8b_4924,11601.832348357677
00e12e8b_4925,11601.864331628098
00e12e8b_4926,11601.864331628098
00e12e8b_4927,11601.864331628098
00e12e8b_4928,11601.864331628098
00e12e8b_4929,11601.859324382945
00e12e8b_4930,11601.864331628098
00e12e8b_4931,11601.864331628098
00e12e8b_4932,11601.854903741203
00e12e8b_4933,11601.616893911874
00e12e8b_4934,11601.859910986355
00e12e8b_4935,11601.827927715934
00e12e8b_4936,11601.859910986355
00e12e8b_4937,11601.859910986355
00e12e8b_4938,11601.827927715934
00e12e8b_4939,11601.827927715934
00e12e8b_4940,11601.859910986355
00e12e8b_4941,11602.719418280933
00e12e8b_4942,11602.685324138656
00e12e8b_4943,11602.717307409077
00e12e8b_4944,11602.685324138656
00e12e8b_4945,11602.717307409077
00e12e8b_4946,11602.717307409077
00e12e8b_4947,11602.717307409077
00e12e8b_4948,11602.784146609094
00e12e8b_4949,11602.62892689101
00e12e8b_4950,11602.631037762865
00e12e8b_4951,11602.38590981653
00e12e8b_4952,11602.596943620589
00e12e8b_4953,11602.596943620589
00e12e8b_4954,11602.695766091027
00e12e8b_4955,11602.695766091027
00e12e8b_4956,11602.38590981653
00e12e8b_4957,11602.62892689101
00e12e8b_4958,11602.62892689101
00e12e8b_4959,11602.38590981653
00e12e8b_4960,11602.62892689101
00e12e8b_4961,11602.596943620589
00e12e8b_4962,11602.596943620589
00e12e8b_4963,11602.596943620589
00e12e8b_4964,11602.62892689101
00e12e8b_4965,11602.38590981653
00e12e8b_4966,11602.631037762865
00e12e8b_4967,11602.528853183738
00e12e8b_4968,11602.38590981653
00e12e8b_4969,11602.38590981653
00e12e8b_4970,11602.555829209006
00e12e8b_4971,11602.555829209006
00e12e8b_4972,11602.560836454159
00e12e8b_4973,11602.555829209006
00e12e8b_4974,11602.555829209006
00e12e8b_4975,11602.555829209006
00e12e8b_4976,11602.560836454159
00e12e8b_4977,11602.555829209006
00e12e8b_4978,11602.555829209006
00e12e8b_4979,11602.555829209006
00e12e8b_4980,11602.555829209006
00e12e8b_4981,11602.532616375483
00e12e8b_4982,11602.537623620636
00e12e8b_4983,11602.537623620636
00e12e8b_4984,11602.537623620636
00e12e8b_4985,11602.537623620636
00e12e8b_4986,11602.505640350215
00e12e8b_4987,11602.604462820653
00e12e8b_4988,11602.604462820653
00e12e8b_4989,11602.604462820653
00e12e8b_4990,11602.604462820653
00e12e8b_4991,11602.604462820653
00e12e8b_4992,11602.537623620636
00e12e8b_4993,11602.537623620636
00e12e8b_4994,11602.537623620636
00e12e8b_4995,11602.537623620636
00e12e8b_4996,11602.537623620636
00e12e8b_4997,11602.532616375483
00e12e8b_4998,11602.537623620636
00e12e8b_4999,11602.537623620636
00e12e8b_5000,11602.505640350215
00e12e8b_5001,11602.537623620636
00e12e8b_5002,11602.505640350215
00e12e8b_5003,11602.505640350215
00e12e8b_5004,11602.452169620325
00e12e8b_5005,11602.486263762601
00e12e8b_5006,11602.550992090763
00e12e8b_5007,11602.550992090763
00e12e8b_5008,11602.484152890745
00e12e8b_5009,11602.452169620325
00e12e8b_5010,11602.452169620325
00e12e8b_5011,11602.452169620325
00e12e8b_5012,11602.486263762601
00e12e8b_5013,11602.452169620325
00e12e8b_5014,11602.452169620325
00e12e8b_5015,11602.550992090763
00e12e8b_5016,11602.550992090763
00e12e8b_5017,11602.452169620325
00e12e8b_5018,11602.452169620325
00e12e8b_5019,11602.550992090763
00e12e8b_5020,11602.309226253115
00e12e8b_5021,11602.484152890745
00e12e8b_5022,11602.484152890745
00e12e8b_5023,11602.309226253115
00e12e8b_5024,11602.484152890745
00e12e8b_5025,11602.484152890745
00e12e8b_5026,11602.479145645593
00e12e8b_5027,11602.479145645593
00e12e8b_5028,11602.479145645593
00e12e8b_5029,11602.479145645593
00e12e8b_5030,11602.481601009176
00e12e8b_5031,11602.479145645593
00e12e8b_5032,11602.464478319873
00e12e8b_5033,11602.461926438305
00e12e8b_5034,11602.464478319873
00e12e8b_5035,11602.289551682245
00e12e8b_5036,11602.432495049452
00e12e8b_5037,11602.464478319873
00e12e8b_5038,11602.464478319873
00e12e8b_5039,11602.458541738453
00e12e8b_5040,11602.458541738453
00e12e8b_5041,11602.458541738453
00e12e8b_5042,11602.458541738453
00e12e8b_5043,11602.458541738453
00e12e8b_5044,11602.458541738453
00e12e8b_5045,11602.458541738453
00e12e8b_5046,11602.458541738453
00e12e8b_5047,11602.458541738453
00e12e8b_5048,11602.458541738453
00e12e8b_5049,11602.458541738453
00e12e8b_5050,11602.458541738453
00e12e8b_5051,11602.458541738453
00e12e8b_5052,11602.458541738453
00e12e8b_5053,11602.458541738453
00e12e8b_5054,11602.216775900806
00e12e8b_5055,11602.458541738453
00e12e8b_5056,11602.392263373313
00e12e8b_5057,11602.392263373313
00e12e8b_5058,11602.150497535666
00e12e8b_5059,11602.392263373313
00e12e8b_5060,11602.392263373313
00e12e8b_5061,11602.150497535666
00e12e8b_5062,11602.392263373313
00e12e8b_5063,11602.392263373313
00e12e8b_5064,11602.392263373313
00e12e8b_5065,11602.150497535666
00e12e8b_5066,11602.392263373313
00e12e8b_5067,11602.21841775827
00e12e8b_5068,11602.21841775827
00e12e8b_5069,11602.21841775827
00e12e8b_5070,11601.976651920622
00e12e8b_5071,11601.361021335548
00e12e8b_5072,11601.361021335548
00e12e8b_5073,11601.361021335548
00e12e8b_5074,11601.361021335548
00e12e8b_5075,11601.361021335548
00e12e8b_5076,11601.361021335548
00e12e8b_5077,11601.361021335548
00e12e8b_5078,11601.1192554979
00e12e8b_5079,11601.1192554979
00e12e8b_5080,11601.1192554979
00e12e8b_5081,11601.361021335548
00e12e8b_5082,11601.361021335548
00e12e8b_5083,11601.361021335548
00e12e8b_5084,11601.361021335548
00e12e8b_5085,11601.361021335548
00e12e8b_5086,11601.361021335548
00e12e8b_5087,11601.361021335548
00e12e8b_5088,11601.361021335548
00e12e8b_5089,11601.361021335548
00e12e8b_5090,11601.1192554979
00e12e8b_5091,11601.361021335548
00e12e8b_5092,11601.361021335548
00e12e8b_5093,11601.1192554979
00e12e8b_5094,11601.361021335548
00e12e8b_5095,11601.361021335548
00e12e8b_5096,11601.361021335548
00e12e8b_5097,11601.361021335548
00e12e8b_5098,11601.361021335548
00e12e8b_5099,11601.314706790601
00e12e8b_5100,11601.314706790601
00e12e8b_5101,11601.314706790601
00e12e8b_5102,11601.314706790601
00e12e8b_5103,11601.314706790601
00e12e8b_5104,11600.924010738512
00e12e8b_5105,11600.924010738512
00e12e8b_5106,11600.924010738512
00e12e8b_5107,11600.924010738512
00e12e8b_5108,11600.924010738512
00e12e8b_5109,11600.924010738512
00e12e8b_5110,11600.773311878638
00e12e8b_5111,11600.773311878638
00e12e8b_5112,11600.773311878638
00e12e8b_5113,11600.773311878638
00e12e8b_5114,11600.773311878638
00e12e8b_5115,11600.773311878638
00e12e8b_5116,11600.773311878638
00e12e8b_5117,11600.773311878638
00e12e8b_5118,11600.773311878638
00e12e8b_5119,11600.773311878638
00e12e8b_5120,11600.773311878638
00e12e8b_5121,11600.431483748556
00e12e8b_5122,11600.773311878638
00e12e8b_5123,11600.773311878638
00e12e8b_5124,11600.773311878638
00e12e8b_5125,11600.773311878638
00e12e8b_5126,11600.773311878638
00e12e8b_5127,11600.773311878638
00e12e8b_5128,11600.752895549036
00e12e8b_5129,11600.752895549036
00e12e8b_5130,11600.545884780282
00e12e8b_5131,11600.752895549036
00e12e8b_5132,11600.752895549036
00e12e8b_5133,11600.752895549036
00e12e8b_5134,11600.752895549036
00e12e8b_5135,11600.752895549036
00e12e8b_5136,11600.752895549036
00e12e8b_5137,11600.752895549036
00e12e8b_5138,11600.752895549036
00e12e8b_5139,11600.752895549036
00e12e8b_5140,11600.752895549036
00e12e8b_5141,11600.752895549036
00e12e8b_5142,11600.752895549036
00e12e8b_5143,11600.752895549036
00e12e8b_5144,11600.752895549036
00e12e8b_5145,11600.752895549036
00e12e8b_5146,11600.752895549036
00e12e8b_5147,11600.752895549036
00e12e8b_5148,11600.752895549036
00e12e8b_5149,11600.752895549036
00e12e8b_5150,11600.752895549036
00e12e8b_5151,11600.752895549036
00e12e8b_5152,11600.752895549036
00e12e8b_5153,11600.752895549036
00e12e8b_5154,11600.752895549036
00e12e8b_5155,11600.752895549036
00e12e8b_5156,11600.752895549036
00e12e8b_5157,11600.752895549036
00e12e8b_5158,11600.752895549036
00e12e8b_5159,11600.752895549036
00e12e8b_5160,11600.752895549036
00e12e8b_5161,11600.752895549036
00e12e8b_5162,11600.752895549036
00e12e8b_5163,11600.545884780282
00e12e8b_5164,11600.752895549036
00e12e8b_5165,11600.752895549036
00e12e8b_5166,11600.752895549036
00e12e8b_5167,11600.752895549036
00e12e8b_5168,11600.752895549036
00e12e8b_5169,11600.752895549036
00e12e8b_5170,11600.711200328064
00e12e8b_5171,11600.711200328064
00e12e8b_5172,11600.711200328064
00e12e8b_5173,11600.711200328064
00e12e8b_5174,11600.711200328064
00e12e8b_5175,11600.711200328064
00e12e8b_5176,11600.711200328064
00e12e8b_5177,11600.50418955931
00e12e8b_5178,11600.711200328064
00e12e8b_5179,11600.711200328064
00e12e8b_5180,11600.711200328064
00e12e8b_5181,11600.711200328064
00e12e8b_5182,11600.711200328064
00e12e8b_5183,11600.711200328064
00e12e8b_5184,11600.711200328064
00e12e8b_5185,11600.711200328064
00e12e8b_5186,11600.711200328064
00e12e8b_5187,11600.711200328064
00e12e8b_5188,11600.711200328064
00e12e8b_5189,11600.711200328064
00e12e8b_5190,11600.711200328064
00e12e8b_5191,11600.711200328064
00e12e8b_5192,11600.369090716136
00e12e8b_5193,11600.57610148489
00e12e8b_5194,11600.57610148489
00e12e8b_5195,11600.57610148489
00e12e8b_5196,11600.57610148489
00e12e8b_5197,11600.57610148489
00e12e8b_5198,11600.57610148489
00e12e8b_5199,11600.369090716136
00e12e8b_5200,11600.57610148489
00e12e8b_5201,11600.526465563373
00e12e8b_5202,11600.526465563373
00e12e8b_5203,11600.526465563373
00e12e8b_5204,11600.526465563373
00e12e8b_5205,11600.526465563373
00e12e8b_5206,11600.526465563373
00e12e8b_5207,11600.526465563373
00e12e8b_5208,11600.526465563373
00e12e8b_5209,11600.526465563373
00e12e8b_5210,11600.369090716136
00e12e8b_5211,11600.526465563373
00e12e8b_5212,11600.526465563373
00e12e8b_5213,11600.526465563373
00e12e8b_5214,11600.526465563373
00e12e8b_5215,11600.526465563373
00e12e8b_5216,11600.526465563373
00e12e8b_5217,11600.526465563373
00e12e8b_5218,11600.369090716136
00e12e8b_5219,11600.376986869787
00e12e8b_5220,11600.359783591286
00e12e8b_5221,11600.312258541626
00e12e8b_5222,11600.327800320865
00e12e8b_5223,11600.327800320865
00e12e8b_5224,11600.359783591286
00e12e8b_5225,11600.21961202255
00e12e8b_5226,11600.376986869787
00e12e8b_5227,11600.376986869787
00e12e8b_5228,11600.312258541626
00e12e8b_5229,11600.376986869787
00e12e8b_5230,11600.376986869787
00e12e8b_5231,11600.376986869787
00e12e8b_5232,11600.376986869787
00e12e8b_5233,11600.376986869787
00e12e8b_5234,11600.376986869787
00e12e8b_5235,11600.376986869787
00e12e8b_5236,11600.376986869787
00e12e8b_5237,11600.376986869787
00e12e8b_5238,11600.376986869787
00e12e8b_5239,11600.376986869787
00e12e8b_5240,11600.21961202255
00e12e8b_5241,11600.359783591286
00e12e8b_5242,11600.035714246922
00e12e8b_5243,11600.035714246922
00e12e8b_5244,11600.067697517345
00e12e8b_5245,11600.035714246922
00e12e8b_5246,11600.084900795844
00e12e8b_5247,11600.084900795844
00e12e8b_5248,11600.084900795844
00e12e8b_5249,11599.927525948608
00e12e8b_5250,11600.084900795844
00e12e8b_5251,11600.084900795844
00e12e8b_5252,11599.927525948608
00e12e8b_5253,11600.115418267207
00e12e8b_5254,11600.115418267207
00e12e8b_5255,11600.053750388946
00e12e8b_5256,11600.053750388946
00e12e8b_5257,11600.053750388946
00e12e8b_5258,11600.115418267207
00e12e8b_5259,11600.115418267207
00e12e8b_5260,11600.115418267207
00e12e8b_5261,11600.115418267207
00e12e8b_5262,11600.115418267207
00e12e8b_5263,11600.115418267207
00e12e8b_5264,11600.115418267207
00e12e8b_5265,11600.115418267207
00e12e8b_5266,11600.115418267207
00e12e8b_5267,11600.115418267207
00e12e8b_5268,11600.115418267207
00e12e8b_5269,11600.115418267207
00e12e8b_5270,11600.115418267207
00e12e8b_5271,11600.115418267207
00e12e8b_5272,11600.053750388946
00e12e8b_5273,11600.115418267207
00e12e8b_5274,11600.115418267207
00e12e8b_5275,11600.115418267207
00e12e8b_5276,11600.115418267207
00e12e8b_5277,11600.115418267207
00e12e8b_5278,11600.115418267207
00e12e8b_5279,11600.115418267207
00e12e8b_5280,11600.115418267207
00e12e8b_5281,11600.115418267207
00e12e8b_5282,11600.115418267207
00e12e8b_5283,11600.115418267207
00e12e8b_5284,11600.053750388946
00e12e8b_5285,11600.053750388946
00e12e8b_5286,11600.115418267207
00e12e8b_5287,11600.02134061826
00e12e8b_5288,11600.02134061826
00e12e8b_5289,11600.02134061826
00e12e8b_5290,11600.02134061826
00e12e8b_5291,11600.02134061826
00e12e8b_5292,11600.02134061826
00e12e8b_5293,11599.959672739998
00e12e8b_5294,11599.959672739998
00e12e8b_5295,11600.02134061826
00e12e8b_5296,11600.02134061826
00e12e8b_5297,11599.926370855914
00e12e8b_5298,11599.926370855914
00e12e8b_5299,11599.926370855914
00e12e8b_5300,11599.926370855914
00e12e8b_5301,11599.926370855914
00e12e8b_5302,11599.926370855914
00e12e8b_5303,11599.864702977651
00e12e8b_5304,11599.926370855914
00e12e8b_5305,11599.926370855914
00e12e8b_5306,11599.926370855914
00e12e8b_5307,11599.926370855914
00e12e8b_5308,11599.926370855914
00e12e8b_5309,11599.926370855914
00e12e8b_5310,11599.926370855914
00e12e8b_5311,11599.926370855914
00e12e8b_5312,11599.926370855914
00e12e8b_5313,11599.926370855914
00e12e8b_5314,11599.926370855914
00e12e8b_5315,11599.926370855914
00e12e8b_5316,11599.864702977651
00e12e8b_5317,11599.926370855914
00e12e8b_5318,11599.926370855914
00e12e8b_5319,11599.864702977651
00e12e8b_5320,11599.926370855914
00e12e8b_5321,11599.949720520843
00e12e8b_5322,11599.949720520843
00e12e8b_5323,11599.949720520843
00e12e8b_5324,11599.949720520843
00e12e8b_5325,11599.949720520843
00e12e8b_5326,11599.949720520843
00e12e8b_5327,11599.949720520843
00e12e8b_5328,11600.10290305609
00e12e8b_5329,11600.10290305609
00e12e8b_5330,11599.888052642582
00e12e8b_5331,11599.888052642582
00e12e8b_5332,11599.888052642582
00e12e8b_5333,11599.888052642582
00e12e8b_5334,11600.10290305609
00e12e8b_5335,11600.10290305609
00e12e8b_5336,11600.10290305609
00e12e8b_5337,11600.10290305609
00e12e8b_5338,11600.10290305609
00e12e8b_5339,11599.892626757819
00e12e8b_5340,11599.892626757819
00e12e8b_5341,11599.888052642582
00e12e8b_5342,11599.892626757819
00e12e8b_5343,11599.892626757819
00e12e8b_5344,11599.892626757819
00e12e8b_5345,11599.892626757819
00e12e8b_5346,11599.888052642582
00e12e8b_5347,11599.892626757819
00e12e8b_5348,11599.892626757819
00e12e8b_5349,11599.892626757819
00e12e8b_5350,11599.892626757819
00e12e8b_5351,11599.888052642582
00e12e8b_5352,11599.892626757819
00e12e8b_5353,11599.888052642582
00e12e8b_5354,11599.892626757819
00e12e8b_5355,11599.557609839216
00e12e8b_5356,11599.557609839216
00e12e8b_5357,11599.390983366235
00e12e8b_5358,11599.390983366235
00e12e8b_5359,11599.390983366235
00e12e8b_5360,11599.390983366235
00e12e8b_5361,11599.390983366235
00e12e8b_5362,11599.390983366235
00e12e8b_5363,11599.390983366235
00e12e8b_5364,11599.390983366235
00e12e8b_5365,11599.390983366235
00e12e8b_5366,11599.390983366235
00e12e8b_5367,11599.390983366235
00e12e8b_5368,11599.56642760631
00e12e8b_5369,11599.390983366235
00e12e8b_5370,11599.390983366235
00e12e8b_5371,11599.390983366235
00e12e8b_5372,11599.390983366235
00e12e8b_5373,11599.266023788145
00e12e8b_5374,11599.266023788145
00e12e8b_5375,11599.536061606836
00e12e8b_5376,11599.266023788145
00e12e8b_5377,11599.266023788145
00e12e8b_5378,11599.266023788145
00e12e8b_5379,11599.266023788145
00e12e8b_5380,11599.266023788145
00e12e8b_5381,11599.536061606836
00e12e8b_5382,11599.536061606836
00e12e8b_5383,11599.266023788145
00e12e8b_5384,11599.266023788145
00e12e8b_5385,11599.266023788145
00e12e8b_5386,11599.266023788145
00e12e8b_5387,11599.266023788145
00e12e8b_5388,11599.266023788145
00e12e8b_5389,11599.266023788145
00e12e8b_5390,11599.266023788145
00e12e8b_5391,11600.123420210866
00e12e8b_5392,11600.123420210866
00e12e8b_5393,11600.123420210866
00e12e8b_5394,11600.123420210866
00e12e8b_5395,11600.123420210866
00e12e8b_5396,11600.123420210866
00e12e8b_5397,11600.123420210866
00e12e8b_5398,11600.123420210866
00e12e8b_5399,11600.123420210866
00e12e8b_5400,11600.123420210866
00e12e8b_5401,11600.123420210866
00e12e8b_5402,11600.123420210866
00e12e8b_5403,11600.123420210866
00e12e8b_5404,11600.123420210866
00e12e8b_5405,11600.123420210866
00e12e8b_5406,11599.950035743144
00e12e8b_5407,11599.950035743144
00e12e8b_5408,11599.8560718966
00e12e8b_5409,11599.8560718966
00e12e8b_5410,11599.861053717996
00e12e8b_5411,11599.861053717996
00e12e8b_5412,11599.861053717996
00e12e8b_5413,11600.131091536687
00e12e8b_5414,11599.861053717996
00e12e8b_5415,11600.131091536687
00e12e8b_5416,11599.861053717996
00e12e8b_5417,11599.861053717996
00e12e8b_5418,11599.861053717996
00e12e8b_5419,11599.861053717996
00e12e8b_5420,11599.861053717996
00e12e8b_5421,11599.861053717996
00e12e8b_5422,11599.861053717996
00e12e8b_5423,11599.847473590109
00e12e8b_5424,11599.847473590109
00e12e8b_5425,11599.847473590109
00e12e8b_5426,11599.847473590109
00e12e8b_5427,11599.847473590109
00e12e8b_5428,11599.847473590109
00e12e8b_5429,11599.847473590109
00e12e8b_5430,11599.847473590109
00e12e8b_5431,11599.847473590109
00e12e8b_5432,11599.847473590109
00e12e8b_5433,11599.847473590109
00e12e8b_5434,11600.124703042824
00e12e8b_5435,11599.847473590109
00e12e8b_5436,11600.124703042824
00e12e8b_5437,11600.232891341138
00e12e8b_5438,11600.232891341138
00e12e8b_5439,11600.232891341138
00e12e8b_5440,11600.136891148926
00e12e8b_5441,11600.136891148926
00e12e8b_5442,11599.789643672735
00e12e8b_5443,11600.028702850612
00e12e8b_5444,11600.159951234953
00e12e8b_5445,11600.159951234953
00e12e8b_5446,11600.159951234953
00e12e8b_5447,11600.159951234953
00e12e8b_5448,11600.159951234953
00e12e8b_5449,11600.159951234953
00e12e8b_5450,11600.159951234953
00e12e8b_5451,11600.159951234953
00e12e8b_5452,11600.127967964532
00e12e8b_5453,11600.159951234953
00e12e8b_5454,11599.742550213503
00e12e8b_5455,11600.127967964532
00e12e8b_5456,11599.742550213503
00e12e8b_5457,11600.154633043809
00e12e8b_5458,11599.76921529278
00e12e8b_5459,11600.154633043809
00e12e8b_5460,11600.18661631423
00e12e8b_5461,11599.76921529278
00e12e8b_5462,11599.76921529278
00e12e8b_5463,11599.807385567618
00e12e8b_5464,11599.76921529278
00e12e8b_5465,11599.76921529278
00e12e8b_5466,11600.046444745494
00e12e8b_5467,11599.76921529278
00e12e8b_5468,11599.807385567618
00e12e8b_5469,11599.76921529278
00e12e8b_5470,11599.807385567618
00e12e8b_5471,11600.046444745494
00e12e8b_5472,11600.046444745494
00e12e8b_5473,11600.154633043809
00e12e8b_5474,11599.76921529278
00e12e8b_5475,11599.76921529278
00e12e8b_5476,11599.807385567618
00e12e8b_5477,11599.76921529278
00e12e8b_5478,11600.046444745494
00e12e8b_5479,11599.76921529278
00e12e8b_5480,11599.639051724995
00e12e8b_5481,11599.639051724995
00e12e8b_5482,11600.056452746443
00e12e8b_5483,11600.056452746443
00e12e8b_5484,11600.064397399075
00e12e8b_5485,11599.979227374015
00e12e8b_5486,11599.988990252834
00e12e8b_5487,11600.066852762659
00e12e8b_5488,11600.064397399075
00e12e8b_5489,11599.916281177708
00e12e8b_5490,11599.805946661307
00e12e8b_5491,11599.83376549162
00e12e8b_5492,11599.83376549162
00e12e8b_5493,11599.83376549162
00e12e8b_5494,11599.83376549162
00e12e8b_5495,11599.83376549162
00e12e8b_5496,11599.83376549162
00e12e8b_5497,11599.83376549162
00e12e8b_5498,11600.110994944333
00e12e8b_5499,11599.83376549162
00e12e8b_5500,11599.83376549162
00e12e8b_5501,11599.83376549162
00e12e8b_5502,11599.83376549162
00e12e8b_5503,11599.83376549162
00e12e8b_5504,11599.83376549162
00e12e8b_5505,11599.83376549162
00e12e8b_5506,11600.110994944333
00e12e8b_5507,11599.83376549162
00e12e8b_5508,11599.83376549162
00e12e8b_5509,11599.83376549162
00e12e8b_5510,11599.83376549162
00e12e8b_5511,11599.83376549162
00e12e8b_5512,11600.110994944333
00e12e8b_5513,11599.83376549162
00e12e8b_5514,11599.83376549162
00e12e8b_5515,11599.83376549162
00e12e8b_5516,11599.83376549162
00e12e8b_5517,11599.83376549162
00e12e8b_5518,11599.83376549162
00e12e8b_5519,11600.110994944333
00e12e8b_5520,11599.83376549162
00e12e8b_5521,11599.83376549162
00e12e8b_5522,11599.83376549162
00e12e8b_5523,11599.83376549162
00e12e8b_5524,11600.060746060097
00e12e8b_5525,11600.060746060097
00e12e8b_5526,11600.060746060097
00e12e8b_5527,11600.060746060097
00e12e8b_5528,11600.060746060097
00e12e8b_5529,11600.060746060097
00e12e8b_5530,11600.060746060097
00e12e8b_5531,11600.060746060097
00e12e8b_5532,11599.783516607384
00e12e8b_5533,11599.783516607384
00e12e8b_5534,11599.783516607384
00e12e8b_5535,11599.783516607384
00e12e8b_5536,11599.783516607384
00e12e8b_5537,11599.783516607384
00e12e8b_5538,11599.783516607384
00e12e8b_5539,11599.783516607384
00e12e8b_5540,11600.060746060097
00e12e8b_5541,11600.060746060097
00e12e8b_5542,11599.606468631022
00e12e8b_5543,11599.606468631022
00e12e8b_5544,11599.606468631022
00e12e8b_5545,11599.606468631022
00e12e8b_5546,11599.606468631022
00e12e8b_5547,11599.606468631022
00e12e8b_5548,11599.606468631022
00e12e8b_5549,11599.606468631022
00e12e8b_5550,11599.606468631022
00e12e8b_5551,11599.606468631022
00e12e8b_5552,11599.606468631022
00e12e8b_5553,11599.606468631022
00e12e8b_5554,11599.606468631022
00e12e8b_5555,11599.606468631022
00e12e8b_5556,11599.9074496695
00e12e8b_5557,11599.9074496695
00e12e8b_5558,11599.916606567918
00e12e8b_5559,11599.916606567918
00e12e8b_5560,11599.916606567918
00e12e8b_5561,11599.916606567918
00e12e8b_5562,11599.916606567918
00e12e8b_5563,11599.916606567918
00e12e8b_5564,11599.916606567918
00e12e8b_5565,11599.916606567918
00e12e8b_5566,11599.916606567918
00e12e8b_5567,11599.916606567918
00e12e8b_5568,11599.916606567918
00e12e8b_5569,11599.916606567918
00e12e8b_5570,11599.916606567918
00e12e8b_5571,11599.916606567918
00e12e8b_5572,11599.916606567918
00e12e8b_5573,11599.916606567918
00e12e8b_5574,11599.916606567918
00e12e8b_5575,11599.916606567918
00e12e8b_5576,11599.916606567918
00e12e8b_5577,11599.916606567918
00e12e8b_5578,11599.916606567918
00e12e8b_5579,11600.184679122214
00e12e8b_5580,11599.916606567918
00e12e8b_5581,11599.916606567918
00e12e8b_5582,11599.916606567918
00e12e8b_5583,11599.916606567918
00e12e8b_5584,11599.916606567918
00e12e8b_5585,11599.916606567918
00e12e8b_5586,11600.184679122214
00e12e8b_5587,11599.916606567918
00e12e8b_5588,11599.916606567918
00e12e8b_5589,11599.916606567918
00e12e8b_5590,11599.916606567918
00e12e8b_5591,11599.916606567918
00e12e8b_5592,11599.916606567918
00e12e8b_5593,11600.184679122214
00e12e8b_5594,11599.916606567918
00e12e8b_5595,11599.916606567918
00e12e8b_5596,11600.184679122214
00e12e8b_5597,11599.916606567918
00e12e8b_5598,11600.138855305908
00e12e8b_5599,11599.825201500264
00e12e8b_5600,11599.825201500264
00e12e8b_5601,11599.825201500264
00e12e8b_5602,11599.825201500264
00e12e8b_5603,11599.825201500264
00e12e8b_5604,11599.825201500264
00e12e8b_5605,11599.825201500264
00e12e8b_5606,11599.825201500264
00e12e8b_5607,11600.138855305908
00e12e8b_5608,11599.753702801216
00e12e8b_5609,11599.753702801216
00e12e8b_5610,11599.753702801216
00e12e8b_5611,11599.753702801216
00e12e8b_5612,11600.138855305908
00e12e8b_5613,11600.138855305908
00e12e8b_5614,11599.753702801216
00e12e8b_5615,11599.753702801216
00e12e8b_5616,11599.753702801216
00e12e8b_5617,11599.753702801216
00e12e8b_5618,11599.753702801216
00e12e8b_5619,11599.753702801216
00e12e8b_5620,11599.705323949394
00e12e8b_5621,11599.705323949394
00e12e8b_5622,11600.170917379251
00e12e8b_5623,11599.705323949394
00e12e8b_5624,11599.724240955715
00e12e8b_5625,11599.73024601173
00e12e8b_5626,11599.73024601173
00e12e8b_5627,11599.73024601173
00e12e8b_5628,11599.73024601173
00e12e8b_5629,11599.73024601173
00e12e8b_5630,11599.73024601173
00e12e8b_5631,11599.73024601173
00e12e8b_5632,11599.73024601173
00e12e8b_5633,11599.73024601173
00e12e8b_5634,11600.161245014107
00e12e8b_5635,11599.73024601173
00e12e8b_5636,11599.73024601173
00e12e8b_5637,11600.161245014107
00e12e8b_5638,11600.161245014107
00e12e8b_5639,11600.19322828453
00e12e8b_5640,11600.161245014107
00e12e8b_5641,11600.19322828453
00e12e8b_5642,11600.19322828453
00e12e8b_5643,11600.19322828453
00e12e8b_5644,11599.73024601173
00e12e8b_5645,11600.195839441587
00e12e8b_5646,11600.19322828453
00e12e8b_5647,11600.19322828453
00e12e8b_5648,11600.161245014107
00e12e8b_5649,11600.19322828453
00e12e8b_5650,11600.19322828453
00e12e8b_5651,11600.19322828453
00e12e8b_5652,11599.73024601173
00e12e8b_5653,11600.19322828453
00e12e8b_5654,11600.19322828453
00e12e8b_5655,11600.19322828453
00e12e8b_5656,11600.195839441587
00e12e8b_5657,11600.195839441587
00e12e8b_5658,11600.19322828453
00e12e8b_5659,11600.195839441587
00e12e8b_5660,11599.73024601173
00e12e8b_5661,11599.73024601173
00e12e8b_5662,11600.19322828453
00e12e8b_5663,11600.19322828453
00e12e8b_5664,11600.18400246075
00e12e8b_5665,11600.18400246075
00e12e8b_5666,11600.18400246075
00e12e8b_5667,11600.18400246075
00e12e8b_5668,11600.18400246075
00e12e8b_5669,11600.18400246075
00e12e8b_5670,11600.18400246075
00e12e8b_5671,11600.186613617807
00e12e8b_5672,11600.186613617807
00e12e8b_5673,11600.186613617807
00e12e8b_5674,11600.186613617807
00e12e8b_5675,11599.721020187952
00e12e8b_5676,11599.721020187952
00e12e8b_5677,11599.721020187952
00e12e8b_5678,11599.721020187952
00e12e8b_5679,11599.721020187952
00e12e8b_5680,11599.721020187952
00e12e8b_5681,11599.721020187952
00e12e8b_5682,11599.721020187952
00e12e8b_5683,11600.186613617807
00e12e8b_5684,11599.721020187952
00e12e8b_5685,11599.721020187952
00e12e8b_5686,11599.721020187952
00e12e8b_5687,11599.721020187952
00e12e8b_5688,11599.721020187952
00e12e8b_5689,11599.721020187952
00e12e8b_5690,11599.721020187952
00e12e8b_5691,11599.721020187952
00e12e8b_5692,11599.721020187952
00e12e8b_5693,11599.721020187952
00e12e8b_5694,11599.721020187952
00e12e8b_5695,11600.186613617807
00e12e8b_5696,11599.721020187952
00e12e8b_5697,11599.721020187952
00e12e8b_5698,11600.186613617807
00e12e8b_5699,11599.721020187952
00e12e8b_5700,11599.721020187952
00e12e8b_5701,11599.721020187952
00e12e8b_5702,11599.721020187952
00e12e8b_5703,11600.186613617807
00e12e8b_5704,11599.721020187952
00e12e8b_5705,11599.721020187952
00e12e8b_5706,11599.721020187952
00e12e8b_5707,11599.721020187952
00e12e8b_5708,11599.721020187952
00e12e8b_5709,11599.89752687851
00e12e8b_5710,11599.89752687851
00e12e8b_5711,11599.89752687851
00e12e8b_5712,11599.922507774696
00e12e8b_5713,11599.922507774696
00e12e8b_5714,11599.922507774696
00e12e8b_5715,11599.922507774696
00e12e8b_5716,11599.922507774696
00e12e8b_5717,11599.922507774696
00e12e8b_5718,11599.922507774696
00e12e8b_5719,11599.922507774696
00e12e8b_5720,11599.922507774696
00e12e8b_5721,11599.922507774696
00e12e8b_5722,11599.922507774696
00e12e8b_5723,11599.922507774696
00e12e8b_5724,11600.388101204551
00e12e8b_5725,11600.388101204551
00e12e8b_5726,11600.388101204551
00e12e8b_5727,11599.922507774696
00e12e8b_5728,11599.922507774696
00e12e8b_5729,11599.922507774696
00e12e8b_5730,11599.922507774696
00e12e8b_5731,11599.922507774696
00e12e8b_5732,11599.922507774696
00e12e8b_5733,11599.922507774696
00e12e8b_5734,11599.922507774696
00e12e8b_5735,11599.922507774696
00e12e8b_5736,11599.922507774696
00e12e8b_5737,11599.922507774696
00e12e8b_5738,11599.922507774696
00e12e8b_5739,11599.922507774696
00e12e8b_5740,11599.922507774696
00e12e8b_5741,11599.922507774696
00e12e8b_5742,11599.922507774696
00e12e8b_5743,11599.922507774696
00e12e8b_5744,11600.388101204551
00e12e8b_5745,11600.388101204551
00e12e8b_5746,11600.388101204551
00e12e8b_5747,11599.922507774696
00e12e8b_5748,11599.922507774696
00e12e8b_5749,11599.922507774696
00e12e8b_5750,11600.388101204551
00e12e8b_5751,11599.922507774696
00e12e8b_5752,11599.922507774696
00e12e8b_5753,11599.922507774696
00e12e8b_5754,11599.922507774696
00e12e8b_5755,11599.922507774696
00e12e8b_5756,11599.922507774696
00e12e8b_5757,11599.922507774696
00e12e8b_5758,11599.922507774696
00e12e8b_5759,11599.922507774696
00e12e8b_5760,11600.49073157866
00e12e8b_5761,11600.49073157866
00e12e8b_5762,11600.49073157866
00e12e8b_5763,11600.49073157866
00e12e8b_5764,11600.49073157866
00e12e8b_5765,11600.49073157866
00e12e8b_5766,11600.388101204551
00e12e8b_5767,11600.49073157866
00e12e8b_5768,11600.49073157866
00e12e8b_5769,11600.49073157866
00e12e8b_5770,11600.49073157866
00e12e8b_5771,11600.49073157866
00e12e8b_5772,11600.49073157866
00e12e8b_5773,11600.49073157866
00e12e8b_5774,11600.49073157866
00e12e8b_5775,11600.49073157866
00e12e8b_5776,11600.49073157866
00e12e8b_5777,11600.795861942392
00e12e8b_5778,11600.795861942392
00e12e8b_5779,11600.795861942392
00e12e8b_5780,11600.795861942392
00e12e8b_5781,11600.795861942392
00e12e8b_5782,11600.795861942392
00e12e8b_5783,11600.795861942392
00e12e8b_5784,11600.795861942392
00e12e8b_5785,11600.795861942392
00e12e8b_5786,11600.693231568282
00e12e8b_5787,11600.795861942392
00e12e8b_5788,11600.795861942392
00e12e8b_5789,11600.693231568282
00e12e8b_5790,11600.693231568282
00e12e8b_5791,11600.693231568282
00e12e8b_5792,11600.795861942392
00e12e8b_5793,11600.994507655703
00e12e8b_5794,11600.994507655703
00e12e8b_5795,11600.994507655703
00e12e8b_5796,11600.994507655703
00e12e8b_5797,11600.693231568282
00e12e8b_5798,11600.693231568282
00e12e8b_5799,11600.693231568282
00e12e8b_5800,11600.994507655703
00e12e8b_5801,11600.994507655703
00e12e8b_5802,11600.994507655703
00e12e8b_5803,11600.994507655703
00e12e8b_5804,11600.994507655703
00e12e8b_5805,11600.994507655703
00e12e8b_5806,11600.994507655703
00e12e8b_5807,11600.994507655703
00e12e8b_5808,11600.994507655703
00e12e8b_5809,11601.457163554938
00e12e8b_5810,11601.457163554938
00e12e8b_5811,11601.457163554938
00e12e8b_5812,11601.457163554938
00e12e8b_5813,11601.457163554938
00e12e8b_5814,11601.457163554938
00e12e8b_5815,11601.457163554938
00e12e8b_5816,11601.457163554938
00e12e8b_5817,11601.457163554938
00e12e8b_5818,11601.457163554938
00e12e8b_5819,11601.457163554938
00e12e8b_5820,11601.155887467517
00e12e8b_5821,11601.457163554938
00e12e8b_5822,11601.457163554938
00e12e8b_5823,11601.155887467517
00e12e8b_5824,11601.457163554938
00e12e8b_5825,11601.457163554938
00e12e8b_5826,11601.457163554938
00e12e8b_5827,11601.537283010617
00e12e8b_5828,11601.537283010617
00e12e8b_5829,11601.537283010617
00e12e8b_5830,11601.537283010617
00e12e8b_5831,11601.537283010617
00e12e8b_5832,11601.537283010617
00e12e8b_5833,11601.537283010617
00e12e8b_5834,11601.537283010617
00e12e8b_5835,11601.537283010617
00e12e8b_5836,11601.537283010617
00e12e8b_5837,11601.537283010617
00e12e8b_5838,11601.537283010617
00e12e8b_5839,11601.537283010617
00e12e8b_5840,11601.548733248363
00e12e8b_5841,11601.548733248363
00e12e8b_5842,11601.222208919255
00e12e8b_5843,11601.567836334823
00e12e8b_5844,11601.241312005715
00e12e8b_5845,11601.567836334823
00e12e8b_5846,11601.567836334823
00e12e8b_5847,11601.567836334823
00e12e8b_5848,11601.567836334823
00e12e8b_5849,11601.567836334823
00e12e8b_5850,11601.567836334823
00e12e8b_5851,11601.567836334823
00e12e8b_5852,11601.567836334823
00e12e8b_5853,11601.241312005715
00e12e8b_5854,11602.00342640891
00e12e8b_5855,11602.00342640891
00e12e8b_5856,11602.00342640891
00e12e8b_5857,11601.676902079802
00e12e8b_5858,11602.00342640891
00e12e8b_5859,11602.00342640891
00e12e8b_5860,11601.981664949924
00e12e8b_5861,11601.981664949924
00e12e8b_5862,11601.737396199416
00e12e8b_5863,11601.981664949924
00e12e8b_5864,11601.981664949924
00e12e8b_5865,11601.981664949924
00e12e8b_5866,11601.981664949924
00e12e8b_5867,11601.981664949924
00e12e8b_5868,11601.981664949924
00e12e8b_5869,11601.981664949924
00e12e8b_5870,11601.981664949924
00e12e8b_5871,11601.737396199416
00e12e8b_5872,11601.981664949924
00e12e8b_5873,11601.981664949924
00e12e8b_5874,11601.737396199416
00e12e8b_5875,11601.981664949924
00e12e8b_5876,11602.173844379715
00e12e8b_5877,11602.173844379715
00e12e8b_5878,11602.173844379715
00e12e8b_5879,11602.173844379715
00e12e8b_5880,11602.173844379715
00e12e8b_5881,11602.173844379715
00e12e8b_5882,11602.173844379715
00e12e8b_5883,11602.173844379715
00e12e8b_5884,11602.173844379715
00e12e8b_5885,11602.173844379715
00e12e8b_5886,11602.173844379715
00e12e8b_5887,11602.173844379715
00e12e8b_5888,11601.99639583701
00e12e8b_5889,11601.99639583701
00e12e8b_5890,11601.918807148184
00e12e8b_5891,11601.987245920429
00e12e8b_5892,11601.987245920429
00e12e8b_5893,11601.99639583701
00e12e8b_5894,11601.918807148184
00e12e8b_5895,11601.933208132603
00e12e8b_5896,11602.069279416839
00e12e8b_5897,11602.069279416839
00e12e8b_5898,11602.373166661318
00e12e8b_5899,11601.644467418879
00e12e8b_5900,11602.373166661318
00e12e8b_5901,11602.373166661318
00e12e8b_5902,11602.373166661318
00e12e8b_5903,11602.373166661318
00e12e8b_5904,11601.644467418879
00e12e8b_5905,11602.373166661318
00e12e8b_5906,11602.037296146418
00e12e8b_5907,11602.373166661318
00e12e8b_5908,11602.373166661318
00e12e8b_5909,11602.373166661318
00e12e8b_5910,11602.373166661318
00e12e8b_5911,11602.424472700592
00e12e8b_5912,11602.19817414494
00e12e8b_5913,11602.19817414494
00e12e8b_5914,11602.424472700592
00e12e8b_5915,11602.424472700592
00e12e8b_5916,11602.424472700592
00e12e8b_5917,11602.424472700592
00e12e8b_5918,11603.412122276617
00e12e8b_5919,11603.185823720967
00e12e8b_5920,11603.412122276617
00e12e8b_5921,11603.076251761719
00e12e8b_5922,11603.412122276617
00e12e8b_5923,11603.10823503214
00e12e8b_5924,11603.10823503214
00e12e8b_5925,11603.10823503214
00e12e8b_5926,11603.185823720967
00e12e8b_5927,11603.176673804384
00e12e8b_5928,11603.176673804384
00e12e8b_5929,11603.17912916797
00e12e8b_5930,11603.17912916797
00e12e8b_5931,11603.185823720967
00e12e8b_5932,11603.162787806072
00e12e8b_5933,11603.208381354369
00e12e8b_5934,11603.162787806072
00e12e8b_5935,11603.176673804384
00e12e8b_5936,11603.176673804384
00e12e8b_5937,11603.10823503214
00e12e8b_5938,11603.176673804384
00e12e8b_5939,11603.10823503214
00e12e8b_5940,11603.518265144747
00e12e8b_5941,11603.518265144747
00e12e8b_5942,11603.518265144747
00e12e8b_5943,11603.592011516914
00e12e8b_5944,11603.614323567346
00e12e8b_5945,11603.694764492511
00e12e8b_5946,11603.597982205449
00e12e8b_5947,11603.611868203761
00e12e8b_5948,11603.611868203761
00e12e8b_5949,11603.597982205449
00e12e8b_5950,11603.611868203761
00e12e8b_5951,11603.611868203761
00e12e8b_5952,11603.611868203761
00e12e8b_5953,11603.614323567346
00e12e8b_5954,11603.597982205449
00e12e8b_5955,11603.611868203761
00e12e8b_5956,11603.611868203761
00e12e8b_5957,11603.694764492511
00e12e8b_5958,11603.611868203761
00e12e8b_5959,11603.611868203761
00e12e8b_5960,11603.611868203761
00e12e8b_5961,11603.582254369421
00e12e8b_5962,11603.606381182208
00e12e8b_5963,11603.592495183895
00e12e8b_5964,11603.689277470956
00e12e8b_5965,11603.592495183895
00e12e8b_5966,11603.615531098789
00e12e8b_5967,11603.602258062712
00e12e8b_5968,11603.63808873219
00e12e8b_5969,11603.592495183895
00e12e8b_5970,11603.602258062712
00e12e8b_5971,11603.63808873219
00e12e8b_5972,11603.638269830544
00e12e8b_5973,11603.63808873219
00e12e8b_5974,11603.638269830544
00e12e8b_5975,11603.615531098789
00e12e8b_5976,11603.615531098789
00e12e8b_5977,11603.592495183895
00e12e8b_5978,11603.63808873219
00e12e8b_5979,11603.63808873219
00e12e8b_5980,11603.63808873219
00e12e8b_5981,11603.592495183895
00e12e8b_5982,11603.602258062712
00e12e8b_5983,11603.592495183895
00e12e8b_5984,11603.647000996061
00e12e8b_5985,11603.647000996061
00e12e8b_5986,11603.647000996061
00e12e8b_5987,11603.647000996061
00e12e8b_5988,11603.701373014343
00e12e8b_5989,11603.701373014343
00e12e8b_5990,11603.724408929236
00e12e8b_5991,11603.711135893162
00e12e8b_5992,11603.746966562638
00e12e8b_5993,11603.701373014343
00e12e8b_5994,11603.701373014343
00e12e8b_5995,11603.701373014343
00e12e8b_5996,11603.701373014343
00e12e8b_5997,11603.701373014343
00e12e8b_5998,11603.724408929236
00e12e8b_5999,11603.746966562638
00e12e8b_6000,11603.724408929236
00e12e8b_6001,11603.724408929236
00e12e8b_6002,11603.724408929236
00e12e8b_6003,11603.724408929236
00e12e8b_6004,11603.724408929236
00e12e8b_6005,11603.724408929236
00e12e8b_6006,11603.724408929236
00e12e8b_6007,11603.777902619007
00e12e8b_6008,11603.860798907757
00e12e8b_6009,11603.777902619007
00e12e8b_6010,11603.777902619007
00e12e8b_6011,11603.777902619007
00e12e8b_6012,11603.777902619007
00e12e8b_6013,11603.777902619007
00e12e8b_6014,11603.777902619007
00e12e8b_6015,11603.777902619007
00e12e8b_6016,11603.777902619007
00e12e8b_6017,11603.777902619007
00e12e8b_6018,11603.78705253559
00e12e8b_6019,11603.777902619007
00e12e8b_6020,11603.777902619007
00e12e8b_6021,11603.78705253559
00e12e8b_6022,11603.777902619007
00e12e8b_6023,11603.777902619007
00e12e8b_6024,11603.777902619007
00e12e8b_6025,11603.780357982592
00e12e8b_6026,11603.777902619007
00e12e8b_6027,11603.777902619007
00e12e8b_6028,11603.699911221478
00e12e8b_6029,11603.699911221478
00e12e8b_6030,11603.722947136373
00e12e8b_6031,11603.645358447546
00e12e8b_6032,11603.693088683653
00e12e8b_6033,11603.624649911408
00e12e8b_6034,11603.624649911408
00e12e8b_6035,11603.693088683653
00e12e8b_6036,11603.624649911408
00e12e8b_6037,11603.624649911408
00e12e8b_6038,11603.693088683653
00e12e8b_6039,11603.624649911408
00e12e8b_6040,11603.624649911408
00e12e8b_6041,11603.624649911408
00e12e8b_6042,11603.624649911408
00e12e8b_6043,11603.624649911408
00e12e8b_6044,11603.624649911408
00e12e8b_6045,11603.834371995808
00e12e8b_6046,11603.834371995808
00e12e8b_6047,11603.834371995808
00e12e8b_6048,11603.834371995808
00e12e8b_6049,11603.902810768053
00e12e8b_6050,11603.902810768053
00e12e8b_6051,11603.902810768053
00e12e8b_6052,11603.902810768053
00e12e8b_6053,11603.902810768053
00e12e8b_6054,11603.834371995808
00e12e8b_6055,11603.902810768053
00e12e8b_6056,11603.834371995808
00e12e8b_6057,11603.802388725388
00e12e8b_6058,11603.802388725388
00e12e8b_6059,11603.834371995808
00e12e8b_6060,11603.802388725388
00e12e8b_6061,11603.802388725388
00e12e8b_6062,11604.18398713894
00e12e8b_6063,11604.18398713894
00e12e8b_6064,11603.4552878965
00e12e8b_6065,11603.802388725388
00e12e8b_6066,11603.802388725388
00e12e8b_6067,11603.802388725388
00e12e8b_6068,11603.802388725388
00e12e8b_6069,11604.18398713894
00e12e8b_6070,11604.18398713894
00e12e8b_6071,11604.18398713894
00e12e8b_6072,11604.18398713894
00e12e8b_6073,11603.802388725388
00e12e8b_6074,11604.18398713894
00e12e8b_6075,11603.834371995808
00e12e8b_6076,11603.834371995808
00e12e8b_6077,11603.834371995808
00e12e8b_6078,11603.902810768053
00e12e8b_6079,11603.902810768053
00e12e8b_6080,11603.695804967136
00e12e8b_6081,11603.695804967136
00e12e8b_6082,11603.695804967136
00e12e8b_6083,11603.695804967136
00e12e8b_6084,11603.695804967136
00e12e8b_6085,11604.045420110268
00e12e8b_6086,11603.773393655963
00e12e8b_6087,11603.695804967136
00e12e8b_6088,11603.764243739382
00e12e8b_6089,11603.695804967136
00e12e8b_6090,11603.773393655963
00e12e8b_6091,11604.045420110268
00e12e8b_6092,11604.045420110268
00e12e8b_6093,11603.773393655963
00e12e8b_6094,11604.045420110268
00e12e8b_6095,11604.045420110268
00e12e8b_6096,11604.045420110268
00e12e8b_6097,11604.045420110268
00e12e8b_6098,11603.492704622251
00e12e8b_6099,11603.773393655963
00e12e8b_6100,11603.773393655963
00e12e8b_6101,11603.773393655963
00e12e8b_6102,11604.045420110268
00e12e8b_6103,11604.045420110268
00e12e8b_6104,11604.045420110268
00e12e8b_6105,11603.773393655963
00e12e8b_6106,11604.045420110268
00e12e8b_6107,11603.492704622251
00e12e8b_6108,11604.045420110268
00e12e8b_6109,11604.045420110268
00e12e8b_6110,11604.045420110268
00e12e8b_6111,11604.045420110268
00e12e8b_6112,11604.045420110268
00e12e8b_6113,11604.045420110268
00e12e8b_6114,11604.045420110268
00e12e8b_6115,11604.045420110268
00e12e8b_6116,11604.045420110268
00e12e8b_6117,11604.045420110268
00e12e8b_6118,11604.045420110268
00e12e8b_6119,11604.045420110268
00e12e8b_6120,11604.045420110268
00e12e8b_6121,11604.045420110268
00e12e8b_6122,11604.045420110268
00e12e8b_6123,11603.994341411157
00e12e8b_6124,11603.994341411157
00e12e8b_6125,11603.994341411157
00e12e8b_6126,11603.994341411157
00e12e8b_6127,11603.994341411157
00e12e8b_6128,11603.994341411157
00e12e8b_6129,11603.994341411157
00e12e8b_6130,11603.994341411157
00e12e8b_6131,11603.994341411157
00e12e8b_6132,11603.722314956853
00e12e8b_6133,11603.994341411157
00e12e8b_6134,11603.44162592314
00e12e8b_6135,11603.722314956853
00e12e8b_6136,11603.44162592314
00e12e8b_6137,11603.44162592314
00e12e8b_6138,11603.473609193561
00e12e8b_6139,11603.473609193561
00e12e8b_6140,11603.473609193561
00e12e8b_6141,11603.722314956853
00e12e8b_6142,11603.44162592314
00e12e8b_6143,11603.44162592314
00e12e8b_6144,11603.44162592314
00e12e8b_6145,11603.722314956853
00e12e8b_6146,11603.473609193561
00e12e8b_6147,11603.473609193561
00e12e8b_6148,11603.473609193561
00e12e8b_6149,11603.994341411157
00e12e8b_6150,11603.44162592314
00e12e8b_6151,11603.265642168717
00e12e8b_6152,11603.994341411157
00e12e8b_6153,11603.44162592314
00e12e8b_6154,11603.994341411157
00e12e8b_6155,11603.994341411157
00e12e8b_6156,11603.994341411157
00e12e8b_6157,11603.44162592314
00e12e8b_6158,11603.994341411157
00e12e8b_6159,11603.994341411157
00e12e8b_6160,11603.994341411157
00e12e8b_6161,11603.722314956853
00e12e8b_6162,11603.44162592314
00e12e8b_6163,11603.994341411157
00e12e8b_6164,11603.994341411157
00e12e8b_6165,11603.44162592314
00e12e8b_6166,11603.722314956853
00e12e8b_6167,11603.473609193561
00e12e8b_6168,11603.473609193561
00e12e8b_6169,11603.330797766253
00e12e8b_6170,11603.330797766253
00e12e8b_6171,11603.579503529543
00e12e8b_6172,11603.12283074141
00e12e8b_6173,11603.29881449583
00e12e8b_6174,11603.85152998385
00e12e8b_6175,11603.85152998385
00e12e8b_6176,11603.784559048765
00e12e8b_6177,11603.784559048765
00e12e8b_6178,11603.784559048765
00e12e8b_6179,11603.784559048765
00e12e8b_6180,11603.784559048765
00e12e8b_6181,11603.784559048765
00e12e8b_6182,11603.784559048765
00e12e8b_6183,11603.784559048765
00e12e8b_6184,11603.784559048765
00e12e8b_6185,11603.784559048765
00e12e8b_6186,11603.784559048765
00e12e8b_6187,11603.784559048765
00e12e8b_6188,11603.784559048765
00e12e8b_6189,11603.784559048765
00e12e8b_6190,11603.784559048765
00e12e8b_6191,11603.784559048765
00e12e8b_6192,11603.784559048765
00e12e8b_6193,11603.784559048765
00e12e8b_6194,11603.784559048765
00e12e8b_6195,11603.784559048765
00e12e8b_6196,11603.784559048765
00e12e8b_6197,11603.784559048765
00e12e8b_6198,11603.784559048765
00e12e8b_6199,11603.64831913093
00e12e8b_6200,11603.55970380289
00e12e8b_6201,11603.55970380289
00e12e8b_6202,11603.55970380289
00e12e8b_6203,11603.55970380289
00e12e8b_6204,11603.55970380289
00e12e8b_6205,11603.55970380289
00e12e8b_6206,11603.55970380289
00e12e8b_6207,11603.55970380289
00e12e8b_6208,11603.55970380289
00e12e8b_6209,11603.55970380289
00e12e8b_6210,11603.55970380289
00e12e8b_6211,11603.55970380289
00e12e8b_6212,11603.55970380289
00e12e8b_6213,11603.55970380289
00e12e8b_6214,11603.627741387625
00e12e8b_6215,11603.500778547796
00e12e8b_6216,11603.500778547796
00e12e8b_6217,11603.500778547796
00e12e8b_6218,11603.500778547796
00e12e8b_6219,11603.500778547796
00e12e8b_6220,11603.500778547796
00e12e8b_6221,11603.500778547796
00e12e8b_6222,11603.491954851153
00e12e8b_6223,11603.500778547796
00e12e8b_6224,11603.500778547796
00e12e8b_6225,11603.500778547796
00e12e8b_6226,11603.500778547796
00e12e8b_6227,11603.500778547796
00e12e8b_6228,11603.500778547796
00e12e8b_6229,11603.500778547796
00e12e8b_6230,11603.500778547796
00e12e8b_6231,11603.500778547796
00e12e8b_6232,11603.500778547796
00e12e8b_6233,11603.500778547796
00e12e8b_6234,11603.500778547796
00e12e8b_6235,11603.500778547796
00e12e8b_6236,11603.500778547796
00e12e8b_6237,11603.500778547796
00e12e8b_6238,11603.500778547796
00e12e8b_6239,11603.500778547796
00e12e8b_6240,11603.500778547796
00e12e8b_6241,11603.500778547796
00e12e8b_6242,11603.491954851153
00e12e8b_6243,11603.500778547796
00e12e8b_6244,11603.500778547796
00e12e8b_6245,11603.500778547796
00e12e8b_6246,11603.500778547796
00e12e8b_6247,11603.491954851153
00e12e8b_6248,11603.500778547796
00e12e8b_6249,11603.446406529514
00e12e8b_6250,11603.385329387573
00e12e8b_6251,11603.385329387573
00e12e8b_6252,11603.385329387573
00e12e8b_6253,11603.385329387573
00e12e8b_6254,11603.385329387573
00e12e8b_6255,11603.385329387573
00e12e8b_6256,11602.847385695572
00e12e8b_6257,11602.847385695572
00e12e8b_6258,11602.899639140873
00e12e8b_6259,11602.847385695572
00e12e8b_6260,11602.899639140873
00e12e8b_6261,11602.847385695572
00e12e8b_6262,11602.847385695572
00e12e8b_6263,11602.847385695572
00e12e8b_6264,11602.847385695572
00e12e8b_6265,11602.847385695572
00e12e8b_6266,11602.847385695572
00e12e8b_6267,11602.847385695572
00e12e8b_6268,11602.827875564919
00e12e8b_6269,11602.827875564919
00e12e8b_6270,11602.847385695572
00e12e8b_6271,11602.847385695572
00e12e8b_6272,11602.779053518172
00e12e8b_6273,11602.798563648825
00e12e8b_6274,11602.798563648825
00e12e8b_6275,11602.779053518172
00e12e8b_6276,11602.779053518172
00e12e8b_6277,11602.798563648825
00e12e8b_6278,11602.798563648825
00e12e8b_6279,11602.779053518172
00e12e8b_6280,11602.798563648825
00e12e8b_6281,11602.798563648825
00e12e8b_6282,11602.798563648825
00e12e8b_6283,11602.798563648825
00e12e8b_6284,11602.798563648825
00e12e8b_6285,11602.798563648825
00e12e8b_6286,11602.798563648825
00e12e8b_6287,11602.00517436884
00e12e8b_6288,11602.00517436884
00e12e8b_6289,11602.069864406385
00e12e8b_6290,11602.779053518172
00e12e8b_6291,11602.779053518172
00e12e8b_6292,11602.798563648825
00e12e8b_6293,11602.907911268081
00e12e8b_6294,11602.907911268081
00e12e8b_6295,11602.114521988096
00e12e8b_6296,11602.907911268081
00e12e8b_6297,11602.907911268081
00e12e8b_6298,11602.907911268081
00e12e8b_6299,11602.907911268081
00e12e8b_6300,11602.907911268081
00e12e8b_6301,11602.13553496495
00e12e8b_6302,11602.13553496495
00e12e8b_6303,11602.16514879929
00e12e8b_6304,11602.926554808853
00e12e8b_6305,11602.16514879929
00e12e8b_6306,11602.197855566414
00e12e8b_6307,11602.16514879929
00e12e8b_6308,11602.16514879929
00e12e8b_6309,11602.16514879929
00e12e8b_6310,11602.16514879929
00e12e8b_6311,11602.926554808853
00e12e8b_6312,11602.926554808853
00e12e8b_6313,11602.926554808853
00e12e8b_6314,11602.926554808853
00e12e8b_6315,11602.926554808853
00e12e8b_6316,11602.926554808853
00e12e8b_6317,11602.197855566414
00e12e8b_6318,11602.16514879929
00e12e8b_6319,11602.16514879929
00e12e8b_6320,11602.16514879929
00e12e8b_6321,11602.133165528869
00e12e8b_6322,11602.197855566414
00e12e8b_6323,11602.133165528869
00e12e8b_6324,11602.133165528869
00e12e8b_6325,11602.16514879929
00e12e8b_6326,11602.16514879929
00e12e8b_6327,11602.872811735544
00e12e8b_6328,11602.16514879929
00e12e8b_6329,11602.16514879929
00e12e8b_6330,11601.965139052125
00e12e8b_6331,11601.25747611587
00e12e8b_6332,11602.018882125434
00e12e8b_6333,11601.196784699214
00e12e8b_6334,11601.990173979199
00e12e8b_6335,11601.261474736759
00e12e8b_6336,11601.990173979199
00e12e8b_6337,11601.990173979199
00e12e8b_6338,11601.990173979199
00e12e8b_6339,11601.990173979199
00e12e8b_6340,11601.990173979199
00e12e8b_6341,11601.990173979199
00e12e8b_6342,11601.990173979199
00e12e8b_6343,11601.990173979199
00e12e8b_6344,11601.990173979199
00e12e8b_6345,11601.549681116918
00e12e8b_6346,11601.549681116918
00e12e8b_6347,11601.495938043608
00e12e8b_6348,11601.549681116918
00e12e8b_6349,11601.549681116918
00e12e8b_6350,11601.549681116918
00e12e8b_6351,11601.549681116918
00e12e8b_6352,11601.549681116918
00e12e8b_6353,11601.549681116918
00e12e8b_6354,11600.756291836933
00e12e8b_6355,11601.549681116918
00e12e8b_6356,11601.549681116918
00e12e8b_6357,11601.549681116918
00e12e8b_6358,11601.549681116918
00e12e8b_6359,11601.549681116918
00e12e8b_6360,11601.549681116918
00e12e8b_6361,11601.549681116918
00e12e8b_6362,11601.549681116918
00e12e8b_6363,11601.549681116918
00e12e8b_6364,11601.549681116918
00e12e8b_6365,11601.549681116918
00e12e8b_6366,11601.549681116918
00e12e8b_6367,11601.549681116918
00e12e8b_6368,11601.549681116918
00e12e8b_6369,11601.342889217756
00e12e8b_6370,11601.342889217756
00e12e8b_6371,11601.342889217756
00e12e8b_6372,11601.326294550228
00e12e8b_6373,11601.342889217756
00e12e8b_6374,11601.342889217756
00e12e8b_6375,11601.342889217756
00e12e8b_6376,11601.342889217756
00e12e8b_6377,11601.342889217756
00e12e8b_6378,11601.342889217756
00e12e8b_6379,11601.342889217756
00e12e8b_6380,11601.342889217756
00e12e8b_6381,11601.342889217756
00e12e8b_6382,11601.326294550228
00e12e8b_6383,11601.342889217756
