mode,fold,well,typewell_profile_hash,spatial_cluster_id,n_rows,base_sse,typewell_sse,ordered_sse,joint_sse
pad_out,0,015fe0d2,f54c2d8e8b904d19f277c7dc43746043d417bbe85d88e8495189ee58f0a96870,pad_0000,4296,1047907.0083439865,1112799.1925442016,997160.5449472794,1052472.6781373697
pad_out,0,06df5958,604e0de5d34a4749a82df6e58bcb0e11a5764d4a821b82ab712ba463a7d569a4,pad_0014,3509,78893.69928606159,76752.45782692972,52969.381882890666,52417.74986674941
pad_out,0,113011eb,857035812eb27e9bce844731e42998bc79d541a829eeb06530326b13adb91a48,pad_0031,3272,149315.40717459525,138182.47041928297,106913.24584516873,105132.23893854837
pad_out,0,1131525f,383fba77f4c922d9f641442b860fe915d364a117271ccd6addc4caafe2093bf3,pad_0014,4159,1496169.237767934,1408959.7702250234,1262617.0630270978,1203528.971682692
pad_out,0,12203f2a,971b03dffb4d1afdc42768537d2204a9080869177f84e9149488b8edb3511cc1,pad_0033,3261,173157.58446969942,95019.21973640363,51215.51417636189,25246.657433344328
pad_out,0,14a53cb3,44d0aa9be582b81e95101159691e2cd512ecb26ba82d3d5a07c8cdfe2863fe60,pad_0014,6919,601088.7365614077,474274.2351384773,334616.1308152544,269826.15231956367
pad_out,0,14ab73fb,a1ac6d7d38ea20e49373ca28a73b8317958dddd3f2e02ea62a209256fd239895,pad_0039,3649,987915.5229158332,1011516.0260763054,883661.1258536758,907069.8146826178
pad_out,0,15e154a1,bdfabe666323e16f930a023d1a2dad9179ea9eb3141f6e9ecf463f3c0610541e,pad_0041,6068,384389.695401912,216431.7924902941,346593.54745246156,212344.49524320004
pad_out,0,173ed841,014c211abc0054c592252d014438d34a0f795152416a5a1df6e3fc43910124d7,pad_0044,4883,2247948.377715031,2576040.1568930196,2101505.2406403637,2377192.3191779107
pad_out,0,19871e7f,ea636008b0b84229db08ff0c29086c4688b004c624059d75fce6efaa63201a6e,pad_0000,5293,309469.2297240715,239130.00959031028,454150.12846698466,362735.02505312074
pad_out,0,1a518997,b730789badf78d960706aa90f19bd20168d36828514521c3b81dbd2d836bbfe3,pad_0014,4606,454006.8296945881,358292.71804330143,263442.72761785524,211530.0787851633
pad_out,0,1fdbba44,d1749ab9fe1c2e29a7f73379c0bcf66cfbab1acf5f754a24eb9e580909cd2676,pad_0055,4911,3600587.3071911135,4342283.840127731,3863497.129408104,4459457.882558386
pad_out,0,203721ab,05af311b477850659a273b8a0e74ca83e53e735567f38588128cb1f67fc291e0,pad_0014,5730,656842.7850989334,747234.4077993955,602074.3680950874,677805.380565057
pad_out,0,204cc64b,04c66301df928fa0dc0f73bb9a1b3055d972c9e4bcd43ea51a481330c878ba14,pad_0044,4805,104248.98544071487,99043.64153131786,111179.56925586745,110028.68246212885
pad_out,0,230eaaa3,204b49634c9cb4687d6f63b5a0d653591ca92ff1e65fefbfe95af70de6743063,pad_0061,4690,2258812.8343995456,1914276.1483690615,2166921.1901051654,1879310.2621016344
pad_out,0,24d8997e,8c34d2d264da176b019737d16e4d3ba1abf6d65633d178c677a533e19617e093,pad_0064,3442,116208.19673541113,92673.72210954002,75441.59197512451,60797.820901842606
pad_out,0,25fd32b3,a1bc64009bd425fc3e086c5c4d60850e17be7f6e854374d0d497ef96e946b014,pad_0014,2885,38781.51942331107,25119.075022929122,60692.58306226493,46092.26150124317
pad_out,0,26d3a96a,67223b1cbd8196df41273d5f3325578db4f9a69c6127b9564778e116bd36429d,pad_0044,4721,140119.544587323,143726.6253167479,148359.8149047306,146716.9489936923
pad_out,0,27c3155b,b9574357084b1544e1720949ef7272bad2627f770825b90f2fd143b744275f0c,pad_0067,4958,4003213.5019426453,2735223.898671709,2977085.809900678,2095826.9654854077
pad_out,0,2ab29395,8a443edd7da24ab7094dfd13f50d1d8fa955e87b428f6184365956952ec076b0,pad_0069,1852,38133.42788255216,34925.552586065765,26214.35038116784,24759.56699232709
pad_out,0,2b547943,5980208dfbdcc30f275012b706838af89ea80bae28ab29003195363c3f0a83e1,pad_0069,3480,217341.09471141238,256217.42935827925,127110.38141997319,157079.63455186517
pad_out,0,2be5c96a,3b6eb0e756bf17d70b45e893ff91cf36b13abf7a5642432d06fc7fa0281bbb10,pad_0071,4210,63771.4039373565,110929.90166262774,108659.53058235194,167780.9325165128
pad_out,0,2d0c268a,d08b9a52710e5173d579a72dcef0e2320173d9aefa226d178110e731c9119ade,pad_0074,4550,382483.68116513366,209839.6195035503,624597.3530944674,398825.433508068
pad_out,0,2d196986,a688017e0d91165e87a0347e709798ba35415a376ffe7d060028c0de05ae75e5,pad_0014,6474,741513.840445121,859518.605855588,453328.50362333795,536111.901885088
pad_out,0,2d35f86d,4744ca9e84a89295d322aa5b5de94618ba20f6f189fe7bc694e6ddac3afbf430,pad_0077,4896,533509.8917220709,490286.98431115097,468991.22139865404,455433.1036459429
pad_out,0,2e43c2ea,8aa28f9d14f7d56a4fc12cf36cdafcd6213bac7fff6e2a22d93a8c04cac857f4,pad_0064,5698,155864.7568637224,235540.0622191744,401480.59470454924,331355.3445146559
pad_out,0,2f19d536,75ca99142ab0041f2617a213e63f339d8dd1ab090bf7c19b28ea62a1ba47e372,pad_0080,3088,29524.094911488413,16148.182714513736,25452.21292805789,13365.718002219915
pad_out,0,2fa01aa6,f845e55a155fa1a07004dfd9561ccd0acf6c3f6657138927f0f450d9487d439c,pad_0044,2174,895908.6797404629,718876.9106172614,601686.558066579,495331.92234644695
pad_out,0,347242c8,f6a8138f9372118a76ec88d7d53fc7555d83a4dc6ab6eba495667e976460d3cd,pad_0033,3595,48338.80941484968,51469.533118310144,38007.15026326738,51739.64396736096
pad_out,0,357c12f9,792c7e392da72b257386fb2907187d1a1559b0f16e2e85f1a1896646925064da,pad_0085,4079,84579.11163100565,144318.49786117615,67713.8542478444,104579.95055865913
pad_out,0,368131f9,0f71fe4093d88921462163ddedacca9370d1dc37edb7599a939af5ebe32726ef,pad_0077,4991,1821022.5561248853,1890656.2321868686,2072463.481026589,2118665.8358854493
pad_out,0,3690a146,0217f2e8d02b3f5435bb05f7ecefd8bfa1f7cbae264b667c64f3107510624230,pad_0014,4073,142461.6872336361,148599.24197218398,117021.59191861132,115831.69219110001
pad_out,0,373ef48b,dc63d975e14b3ba2351d2fd94a839881c0fa50514a522e752dcb7fd75c32883a,pad_0014,3509,71258.41980875959,114157.50850654337,74462.18115824687,111064.59402385834
pad_out,0,3bbe1f5d,2f6f589a73b2d2096fba67642e238afff83be999c2409ef7c9b1a282a39e8ee3,pad_0014,6918,447181.003922028,665833.6921423179,665018.6627755977,880338.3512171529
pad_out,0,3bfee975,6df85ab3093ae08984fd1d61ac6c3be746e21af2262c4bbea4e9390f686d06c6,pad_0069,3603,89772.46792312586,82579.66524611204,55739.06113639495,53879.258683716354
pad_out,0,3d96d897,b2f1082eb07d6d4bb3f6ac21b891904be2da89874486a0afdfd741c7680e5063,pad_0014,5659,40407.838884565834,68252.99298961213,29788.036171960084,50774.737463473095
pad_out,0,3e678ea7,0a68a746f2e3c6570255bb47075e52fd45665722c0185e0decb420cca57a40af,pad_0094,6858,947620.9338601718,1314964.521354043,1061481.4839030341,1370938.9529736305
pad_out,0,3ef6372a,3ddbd7727923073cec2e3d8d9b4a776fb685ee9c470360bc2b13b12ec4ed1cb8,pad_0061,4727,201388.63388647872,175110.97821605724,132291.74281694,118890.91066334984
pad_out,0,4121c517,af1b8a5dc6d6a51dbbdf9d887e0bae05efb79680acc0efd997d26e03864b4b9c,pad_0096,3723,337533.99996873445,343841.80897790566,411981.0109771758,412265.4432697481
pad_out,0,445af6c2,e2b020302102fac5fd07ea8e3d19f0f1d3fa4dc4914f071df7625910f47815ec,pad_0014,6041,4112819.1110201674,4015895.9850711552,4544034.22396614,4425547.709079448
pad_out,0,460f859e,de0704db740e92e2145e1353d25327b1328dfef30dde129489ef9fa1d51ac6a1,pad_0014,3336,1326864.1078363073,1363164.7160161876,1652604.760023918,1668735.1199089973
pad_out,0,4654e7de,fea4a583d5be0c4498a29c95881de056abf35d4cf56c5a0ba2248dd205ad1e6e,pad_0014,5373,107776.39427580536,188710.28279336935,84524.92717903478,135961.03999656346
pad_out,0,46d24a09,a8171a88c054ed442de16ce471986795f14e0b21f7ff18e5351423452efdd809,pad_0055,4449,3261644.5173670985,2223078.5081795314,2989892.765641757,2169658.2326976224
pad_out,0,493b5b31,476da80165fa60854e32fbc653a0e7df7e8ef5e7dc95c979acc11208e2a59d1e,pad_0067,4671,557311.4991469831,918546.3493570851,668118.9634030442,981368.9585491007
pad_out,0,4a335117,5bb344960a0b15ab7ce8b0ff43e0bf820c3bb0a0987c29eb285f85364b8fe7d2,pad_0064,5015,459678.34624114714,458940.93696226564,623492.5129067266,603741.6536382027
pad_out,0,4ddde4c1,3145747e6c047779f1ecced80bf95895f3471aefc6ea7c349f10b5b961e24beb,pad_0096,4472,89850.60709473368,60972.90368350109,86559.99824537546,78229.871620519
pad_out,0,4f4afcc6,ee75c511ca68c3127e89a4368ce3298e5799bacbae48ac0a147b5a37ad2cbdfb,pad_0014,5645,347069.86887458886,311298.3097694081,443552.2410805311,367565.8219013222
pad_out,0,4fbe9c06,e947a7ae2827f57a4bf6bb8aa7256d89810d1ec8aa8d895142696e59543d3546,pad_0014,6287,1558498.7966279243,1461478.5179191683,1297053.160995442,1240545.7844718408
pad_out,0,504c8b08,05b4a20a2d28324c118ccaa903ed7cf96b85e0f5be0c53dfd52c091171a3cb5d,pad_0014,6367,1460007.6388808521,1409872.0667113122,716366.4444233152,727155.4451427361
pad_out,0,529e88ca,ca2a160ccc45b930842ea41ec0c686a44c654d483e62ed6b3331dc182421365d,pad_0109,3417,1787984.0661915692,1682568.839273018,1423970.4080174838,1368154.327273767
pad_out,0,54753541,9b4fb77f8d14e13f9528c62900f6268a3e1d7925658d7db4d84d6a63fcd4d070,pad_0110,4026,903138.2915813123,895943.8059731685,1062010.3175198215,1016587.0943363592
pad_out,0,5567d551,bcddd424eef3a11aaf2913e933e0964a90a6e1745c019b5e12ee99a875f84d1d,pad_0111,6889,748482.6725356849,713852.1185763907,615959.444893775,599943.0892920097
pad_out,0,5693dde2,2f34386ac20d523c0a4487e6fa400a6428285af85a9c9aeea434d1fff358558b,pad_0112,3488,164677.6160081601,157976.00260169597,209245.558991574,198883.36265936313
pad_out,0,57f05c51,406c8b4af56742d2482e923bfe3cdc730ccf0a3741b97a0a082541a449bec7bc,pad_0067,4771,11034787.633833181,9255831.59923974,10628589.414005473,9157372.618849589
pad_out,0,59f8b2e8,5ef726972b83b2bd454da755ffcafac8a9de2670324648dfcb7f11427834d5e8,pad_0115,3747,187546.07218288418,162377.32233649064,271375.14254849136,232268.70740077866
pad_out,0,5a5d1982,d077552d04bfe87d50530e1b6c7518b7d34fdc56aeb36bba668675a0a509fb47,pad_0014,3894,199104.8948574482,151394.94442715886,158673.27335292593,120065.00651332573
pad_out,0,5aef5c6c,1e5c4b49fdc2b234a1305df7a1a97bbf9d037aed6df740c81e9ca2a34ac5b381,pad_0117,3121,170824.38780302033,215898.13756891538,114081.36360770889,136927.65938473
pad_out,0,5def1ce5,11b4cc8e9017762641a0f62a45031201ae551d436b9cbf64756750a01e4e9bec,pad_0014,6443,385094.77042595844,360253.4768493463,400483.03630750685,381128.21015220555
pad_out,0,62a6f539,a9841ab3fa8b44cefc05e339669c509592fbae806ac2babab36a8bd8d7574968,pad_0064,3693,47740.84493244897,49121.68138318703,42536.50156577816,44409.99268805882
pad_out,0,647f2a41,48a4ec8f7acdc964cd291b920487b214f323c82714136526631d0c6185b9bfc4,pad_0071,3881,166664.5211415466,219431.58272222127,191519.90802307127,229718.67204870854
pad_out,0,656a067b,3e85f247247e281f92076996490b13a6415f9bfd670391ca345b405c15d1eadf,pad_0096,3051,361807.6898603672,348806.3585501568,374008.6678169431,360463.40564535814
pad_out,0,67a8da4a,58300c24451bfb238e465b919940d066b00d0d474c67959da6a7aea6d8105d60,pad_0044,4911,824223.9136309187,491555.68513668707,604695.9454904606,369191.05581157317
pad_out,0,698930d1,f3e8270ca3232dc298a231705a45db375c6d1d60a0c8eccd466c8b1f05cef93f,pad_0096,4741,892485.3918556889,951551.0680219063,1268590.3365444161,1297985.1136596964
pad_out,0,6a0ff78e,0f860712db18495692e9f115eff769053bb69e66cb9a52d188b1f6f39f7cfaaf,pad_0014,6465,1857745.369949505,1520240.2183624948,2918575.0717387516,2423108.587103107
pad_out,0,6d6d93af,258b15e8dab6db2b76e57aa86b7c9b40e112e611303fa540e46f075ee8321295,pad_0115,3595,2850595.103580807,2669277.0149931996,2302785.8944406947,2190000.2498327284
pad_out,0,70925e23,0d28b77badd0f0361a5315773c2353de4da2c2d7150bda81debc21b2d6b4817a,pad_0124,5947,1340888.1170894061,1147170.6234540609,1712169.8672198886,1490931.6734765545
pad_out,0,729665c0,7aee1cac1bf181e191c9a8ba4c6584f0071f0132db38ad0393705f1de7d59a34,pad_0071,4263,68139.4361230625,63000.83542977379,158563.59703979595,155227.37653052778
pad_out,0,729f4217,5d71f8e2faa4558303f34563919e777d1efb6cfbe6ab5a7ee73250effc81466e,pad_0014,6195,954342.1746867538,1184872.7984953038,2708369.318192946,2866426.0934895994
pad_out,0,75cd5f11,3d649c9ac0a097a340ea3914f72d277e8679a3b97eb025889700efe44a10e73b,pad_0014,4946,196347.56943624644,283495.8734514475,222360.6301621976,292504.64426157856
pad_out,0,7850c72e,18a98091bdf6333a0cadf0ef8ff479989802507608ce0a65c49bf5b7af26ac0e,pad_0067,5497,568271.156593372,578852.6658974299,382938.84982879413,402170.0892148234
pad_out,0,79507629,e61ee860fcdfa3becd3d36a96561174253de465fba0c0060713ea62103a9d4e3,pad_0000,5302,396681.9336900595,276513.25777907704,411553.45508594805,287854.86781706824
pad_out,0,7acda2df,fd15d044a4ba00e6a054f51c7256ce25c6cfbed7d2c36707b87ec473a26786b6,pad_0014,3091,402309.7781505951,390039.5505521485,545067.4357507479,521475.95258441346
pad_out,0,7cbbd047,5c8826af3817135786e0b2f931f965476d21366cf7ccd4803106e47c4735073e,pad_0128,5121,498486.6538674304,472583.8469642867,1016731.6366093489,940644.3916580128
pad_out,0,7cd4bb31,c90dafae0a2766e2701346022c6a4a1868dd190fa1f40c6fb503a3647c833bc2,pad_0014,6439,255559.83149164717,150127.27511055424,168242.49796415557,107292.8256367661
pad_out,0,7d50373e,0b77c09122737b1243afedc61ff2b0ee0b8bde7ce87dc4dde908ecdb280a64d3,pad_0014,5122,396276.9463047093,412058.1389912315,238257.80581653334,258500.40610203525
pad_out,0,8255c867,22e43352374d51ab5fb50dfde8e16e81401544c3ebbfe28069fca94a1932c9d0,pad_0014,3589,1110660.8113431307,952203.3602666404,909693.272918616,803065.1691797948
pad_out,0,833af382,a3e4d31ac02a44c56a01d74a008419d0a12ceda338eec7cb22d5b907cc99df8f,pad_0014,3628,1384750.1991320848,1436154.8570273602,1150323.8572882137,1205605.0490492191
pad_out,0,8612b37f,d90b76c5a0733714ce49c8056afdd65d1fab7ea939753f1fd7ef0e88b0066835,pad_0077,5165,988868.5215499933,917875.7352989335,887669.2805568294,834716.3644134459
pad_out,0,865033f8,710a572f4edcc68ae19e15c8c43951f555356257e2a3a54c8b02f113af34dffb,pad_0064,3557,35318.50017392565,27879.286942823594,49305.23051457343,39931.39048880995
pad_out,0,877ed19c,af302adf042705756420d43e5defcc6d0c2b8bd61fbf8fb7a2716f3e4338e5ab,pad_0133,3708,258938.80586761254,207011.59959330483,290064.2200496367,240506.90594139832
pad_out,0,87aa3730,526943e58523463a641ef338332de4ff71eccb273c9819279931e4d4c4a10b38,pad_0014,5607,466711.7048633858,356941.75879763975,823978.3415670383,668319.1530867589
pad_out,0,884ecb5f,f26827f634ec6c46ad2e469e7c4df084a6f0e1b3500808a04a63781d7f98fce8,pad_0014,6724,1623165.9014652153,1162211.8509354882,1414341.720716944,1075096.915995455
pad_out,0,8a89da23,3e3c87fb0c9b4688c7646e2ef9e8c07d4fb96aa054846a45735957bb0cf10be8,pad_0014,3935,1450971.9684353855,1700019.6047727966,1422635.3781572934,1635076.615912329
pad_out,0,8b9d8326,5786f708713875a31ed30c3f4ebf0e8719e8f0ef2d1671af3788c51af0901586,pad_0000,6163,243018.52629842272,278791.9808514784,222820.78590963891,230748.39945191404
pad_out,0,90386ee4,60f0eed1d6ac8545138648488bd07767dafd3ea31caa2fbdd11af87d3ae06f05,pad_0014,3840,102060.23982078265,186388.84476007766,88421.27822568244,136892.66144385742
pad_out,0,94467f50,4c1c9ab7b490e847e8889086ba1631438298b60f547ca75aacdd3a3d529dc650,pad_0085,3035,172740.07425756965,162214.58149894487,284200.75744367426,264436.70255516225
pad_out,0,94d813a4,973720f0ce7b93e4ca13beaf2daebe00d1172aa1dcf6639f6145a4e3922e20d4,pad_0044,4847,3295129.764366687,2443906.574108159,3484131.4895407804,2715391.440855627
pad_out,0,95c8427f,f39e247ff187314c2ca82d63711da1b3a148eb75802c5675e4027cb9658152dd,pad_0014,6335,2984067.3591182996,2466634.7284472156,1943024.6196584408,1646291.7747339248
pad_out,0,9719aa04,53fdc8dfc11f9ae22ae9eae3e568e1a5c7cf98b2ed0b959c7981e33885b7e5ac,pad_0096,4871,152726.54472524705,182611.412303444,180387.63795997752,235248.8937548967
pad_out,0,98177ced,b403525330edce19d58d74c17f4ac595a722c597a5dfde4523a41602cb32a71b,pad_0067,4772,285783.9921532627,270507.8208205681,166120.88249639687,161085.53074920646
pad_out,0,999daf80,5e8645c5100987bd3728e4dd831bde151e61b7a12d2db7d025a6939e62b29599,pad_0064,3564,42811.81998354527,32031.273379056667,58074.798356001025,41656.66900329501
pad_out,0,9ae248be,ad86d65d99486377bc7fa3a3f1f896bde69cb553f8d34a2c3ed2b47bdbde2d1b,pad_0055,5271,1721405.3004529309,2044883.946117032,722107.7446738874,951715.6025006063
pad_out,0,9c8375f7,ac29b9892004bce8124aa917a5f4edf33015dbbc3ac501d6fe88f6b03bc5dfd1,pad_0014,3674,96971.76912374658,127592.07936847812,54293.892873967314,74147.84444090567
pad_out,0,9d4272e3,4850d68cc604a7f70f216e79a2a0aeea58399b34088777c0bb0c115c1d071fef,pad_0148,4030,680521.7113213157,575245.4176962841,625027.9842586187,543010.6908002081
pad_out,0,9dfff011,0220c33f01cd93c2610534f0bc569812b39e08ca2628f69957420353ecdcf403,pad_0149,4319,285898.2878147099,154805.17436958605,223994.09037459054,126029.99775870681
pad_out,0,9e3e364d,3c155d2694883440d06c7763bc2d724c8e49d33e1347e3fa6488f8b8a00be19d,pad_0133,4290,151031.2238013606,328933.5689230242,112258.380364513,233416.8719225789
pad_out,0,a15bc102,76d02cfb75ef401d2d8470b74279ef92cb27d8cfcfef98d3db2f0ebf21657eff,pad_0151,3236,38660.27641825525,29934.658102334914,39111.21257915614,32081.341636723693
pad_out,0,a3f71395,0f934ddc11ed02a69430278c1e9b383d6f6609635a9b0d8020f3af2c147f2d59,pad_0055,5543,2155421.114468681,2022984.2301594284,1724954.1935963447,1652460.1830404254
pad_out,0,a5aa7973,d6d69df42dcca32f96fe315772b0c8d8f36c4f6615fc324b4eef7dff5d613f24,pad_0096,4616,439058.80175017164,420996.4135585168,204930.20684354904,209072.5016076242
pad_out,0,a645da9a,e13130ff05d1bad691ada2ab96c15508d83219f7aa595749299bb8669f6a03a4,pad_0128,5153,325382.1815154899,242466.51081175095,1860225.4334247634,1345451.8421723575
pad_out,0,a6b8ac67,1f8bb002a4446bbf15d5b811dc3eedaceb7552953cb068295335a1382c2ab237,pad_0055,5453,2263186.074358673,2643164.2453689575,2847171.120549865,3163949.9245115537
pad_out,0,a6f967fb,9f3982fee9b6ddf8f4fb6ed8a84e774889afd863315863aea7276f3f239ff877,pad_0067,4670,1487793.755512373,774328.5941719045,1051215.5359272081,559180.706838279
pad_out,0,a7744f5b,fa2d93c62e450d44d3340e1c54c8993f3c879b087b38887ff12f62404da4a3af,pad_0014,4377,553565.988568973,626241.4610936217,556713.5255139929,615220.9533479448
pad_out,0,a783cc24,5acd4638a54af019bda28c3af038b38febd873de89263b9f751f229d38546719,pad_0085,1889,1618381.9002105664,1618381.9002105664,1810789.8555937703,1796838.8217419817
pad_out,0,a85bb86f,b57c447844a29bbebb69a477c952397de7c466f45db1733c45c9b0166cc4064e,pad_0064,3099,84443.82828250705,59322.961130210024,105416.60262391862,71689.62508928019
pad_out,0,ab112491,d0cc9683497530608a76e43f99068feba4d408a2ed6c534d36ac49984af241d2,pad_0069,5185,3003730.5331473313,4066369.449780776,3365905.4243332897,4280129.398019612
pad_out,0,ac6f01d5,00ca5e55378dfcf65064fcfd40c4c88566fc315edeef11dcda9cf5fc4aa19d64,pad_0153,5004,428995.12480653136,402793.3061948924,433757.3167655338,409251.4212919456
pad_out,0,af7a59ce,5629b6ef944bb40379e25d12182a02264c2b87c94ccaf5f0654d505148ce2db7,pad_0014,3024,49237.308404661264,48758.42622060361,31283.439156129753,31896.29926047058
pad_out,0,b0f53bf4,cc0038555f67252e0d8e11fa54139c2b1054a1e14158fd667441b7af29ca7720,pad_0071,2755,293020.6836683698,293020.6836683698,310640.40787909395,309184.43447871256
pad_out,0,b19b0395,02f0159a9e9484a1998a6c45121dcb0ea3323b9173fca1d6e48717d812fac136,pad_0014,5813,930111.9970647705,707261.8407744298,898469.1442861896,716406.61046328
pad_out,0,b4d8dd4f,af8dc0c8f847c7ab2808ed8ea9507bc04ee6252f09a78b84deeca5b39d474c17,pad_0064,4259,496102.4607778598,459259.2899012042,564665.69630092,530298.4938076799
pad_out,0,b4f37e6e,cddc6c71d7b89e74abec41853dce065c76c4e21ffbd6928193ad38de59d01dd1,pad_0014,2992,234730.87827625748,206307.4818853403,316116.57195665507,278996.8843430064
pad_out,0,b56bc0aa,938e6f6da6042ace08d9aeb1d072fc9049f150519d26283443484e7d4f262144,pad_0064,5602,265743.41952072945,252138.41724749573,238408.13229821253,229459.07223877363
pad_out,0,b7fea9ef,ef2d0223e4144f7d007592d51ef8e80f267d52e8f7b3e4adef15067d4c1db14f,pad_0085,3866,100579.42163009537,77080.20126623062,134983.51362465258,109286.71777309269
pad_out,0,b85f7b06,4189cce0dca1e75d59848635cc0c76d7b72d268d58a284c04a3413b9db07ef08,pad_0133,3803,87430.05073406594,77754.98697267362,74081.55580308495,67031.43375174073
pad_out,0,b881d27e,33c294fdbe0c934a42e1173f481faae77a1468b9bad27426f4f13178bee5e974,pad_0014,4009,202797.2123511535,145186.1039191874,198466.36090929652,149304.50106682026
pad_out,0,b8c49c1a,c96c1182066bee303d33dd0f991b61e854213a970f3e8a9a95b68c1ca4116c44,pad_0110,4319,281304.41611289233,307636.92271423206,221032.5581023743,256068.21970432572
pad_out,0,bb337fa0,381347cf674d52de347800bc8fa15ee6485cc158e211ff97092a15116d899452,pad_0111,6873,1286741.5259922177,1148552.423073819,1742820.1192271144,1574134.2325574951
pad_out,0,bb682ebd,d4192221e50a695f5defd197403eb80b097d06b730383597c117de9b49ecb1de,pad_0096,4139,1330788.4818474965,1407239.5718080387,1579580.1232695722,1631196.3725359594
pad_out,0,bcebcc5f,0ed5522121bc4af1addb964c950056fee7c1255acd2915cc02b370041fd62f72,pad_0041,6258,536027.5934692182,321888.27960643417,489777.98562539124,305077.2468906637
pad_out,0,be063506,f0db024f82a74b6bfafacc95db3006bba956b14a84f811b1ddf571b8f16e69ca,pad_0077,4500,34381.02913633431,41767.8456713807,54383.950682220086,64867.8557118738
pad_out,0,be83e781,3d649c9ac0a097a340ea3914f72d277e8679a3b97eb025889700efe44a10e73b,pad_0014,3221,122379.3370250494,54049.56225131236,215173.98356438577,125273.02172200599
pad_out,0,bf39bc20,87ab030ae733bf90b82c2b4c0c1a82488f25a0182da203e4d2b505c3a5202857,pad_0014,3303,162132.97852748836,154299.51350494893,182793.10012854924,167462.58306210037
pad_out,0,c07fd0cd,f49b83358a1473b6e9c4e0eae1402b481a0cee64eb44cc16182501c6c0eec358,pad_0044,4191,191914.69116540742,160438.81997501274,138476.1494657923,116168.6872925568
pad_out,0,c6c96179,c03b513e3e68d353594fc51a7728b701a271c31c7ad58d69189333ab7feb2e3e,pad_0014,4004,158695.36814470537,180719.12319189752,285573.6459420557,298910.7326933766
pad_out,0,c70c0e01,67809a1766cb2ab46b34a691ff1a508659110722ecda82b4d440f5a6284ff8f3,pad_0031,4312,352039.9759288494,365325.4872443387,302609.9994290307,315826.0008853884
pad_out,0,cad13e8f,788f272b3094a1c26e785e8c1d5e5010c24a44c7b2074754a2302e759c39ae0f,pad_0067,4848,2977006.6626747474,2055371.9800403884,2471013.862092402,1771726.4130627015
pad_out,0,cb34231f,26c98c01460eb8c72cbde7176dac87a7ed061b05044a2b72e7406099200d4252,pad_0067,5609,158522.4382548912,138570.93303629616,101088.1958982652,102257.9778149372
pad_out,0,cbe51de1,fbefb0328f71149d9c55c71c0cdcee0ac42565a1ed70ef694056e797317ee435,pad_0133,3963,240140.98589458363,276757.81999016873,149016.5752820474,178753.38648996767
pad_out,0,ccedb12b,7ed87342c6038dff0cf5ccedfef97af067fa265d6cdd749f37643be0c5a40ac0,pad_0044,4401,235699.44678045256,214128.8496537797,131636.23496616114,130758.53403253193
pad_out,0,ce55ba43,264f81bd06c4152e9efd70afa15ba00e3dce62df99c8742627122bd61f93d9e2,pad_0111,4104,497346.92701467243,246672.92905161256,515131.39711460134,290421.67604202277
pad_out,0,d00e7eb9,47143aecfed87aaf7dc66d8da8e2f8dbabac24f57a46f2c37e3ea5574d400578,pad_0164,5704,92992.93856615433,40155.64368344937,84949.07283949766,80582.61045146213
pad_out,0,d24ff243,9c780bc4e48a91e8f06e4cf6cb192cde198b72baa844f9958a0f3aa8c14a6565,pad_0014,5641,84260.20422362178,74335.86104585482,90482.03149049869,177805.8484869604
pad_out,0,d2f3b1ab,0cc2775045b21053b9ae70edb18403a99aa0dc84187d2883d43f46eacdb85cfd,pad_0014,5581,926941.4878249209,904355.4546980918,565528.6632098163,566951.5459066187
pad_out,0,d40f61d5,b7e77fe30e9a2946004e895d497d426941d5104f8be0277744039f9c26f26e66,pad_0014,4039,50869.47931431765,53242.75077367648,63294.84439980623,64330.706339603945
pad_out,0,d4f60a28,7b50fce1678de7ccf597236383ab1fa3709930f21a42d6f4eb2421cf4bfbc6e4,pad_0044,4501,192160.42961577105,114519.3007542884,188908.05124559824,110609.08411394252
pad_out,0,d6c320d9,7b416baba3c11c3d9602c01d03df2adf1d4039354363ba7edd8d9ced2c5693a8,pad_0014,5452,584463.8726358225,365054.2321779046,388122.46979102364,245149.07166078637
pad_out,0,d9d6d94d,45fe35f281a0b7bd6a0d8e4fc6d6d7d2467046dbcc0b42814df0a1b85de97474,pad_0044,4919,465061.64565667126,447200.06058068504,347970.5252699797,349266.6768979343
pad_out,0,da2d4d7c,6129a232239899e9f92d0375a7df9a7d96bb4204277b279fc6cd68472e877e84,pad_0069,2114,33298.955181180805,26875.896558687942,17146.20216096153,14675.478737268859
pad_out,0,da3cf798,55e04d438e1eca1772699cda49fedb143cbe478e4b3a387b5919b8eacbdedc82,pad_0168,5844,561415.7788008861,358996.0672145878,650765.1441143763,466660.8705018592
pad_out,0,dafc88c3,ee9559c3f66844d0a1c510570c33b52fea0d475e8bb174091673a3c1d75aa482,pad_0014,5572,100549.88417567214,160211.3369588008,158066.84960331986,229888.53800700753
pad_out,0,dc7da28f,55a100c4abe6bed88a2a331b5632f53fbb6b5953da75929fa8d4113a656912fc,pad_0169,4774,581412.0309753951,582762.0054840957,567432.6917724741,569165.5037376867
pad_out,0,df73b8f3,5be7b22cff50650fe569187302a583722758b0d67882c2ac6792e3f7315ba922,pad_0031,5311,1759881.0971662526,1825953.863690923,1675688.69422459,1733182.2503731677
pad_out,0,e03b45fd,e1523ad94f707f3ebe25a2bee2ec48db7b26f548360dff119bc3620951d85dd2,pad_0055,5342,1822428.9064850698,2280305.047187155,1475241.400936068,1808464.3104505069
pad_out,0,e2fc7745,8cb8514cd1e7ab9ab66d335957380f867631afb8f14e65d3ee321c02c9a64f25,pad_0033,3692,449860.49048806494,428642.6818521456,484961.992288255,463676.7291157258
pad_out,0,e46f4ef4,007c90c0f10491ad6068b34279e5c667bfe2b479c9983118908a0ea929d9abc3,pad_0094,7195,90994.54283754891,91810.52379914705,98750.9182924992,98214.05985081766
pad_out,0,e5864244,a9922add79664c407245a03dde392602cf6f6f8b14f804b261dddcfd61fc27e5,pad_0044,4469,475634.4659594046,1126717.545338518,274704.3450909597,736782.6317426981
pad_out,0,e5ff9fd2,57aa40fffd56768f85f05d76dbec245c568c76cc6d28164758e574a19180e70b,pad_0174,2354,141444.03217774705,53681.680535413325,122737.56542465751,47221.23602942204
pad_out,0,e6c55748,0ce11f40cdd79b161372ee706d7638d7a7574e8358b0950d09f7b3f882c6a90f,pad_0014,4472,244519.81348329308,250288.15286668646,110985.49163630302,120918.86877536357
pad_out,0,e7c36e81,8bb02217a5f0cc3ef27046755ed34283469d1621039e347cdcf640267640de64,pad_0064,3531,316794.86290971364,333823.30175186234,206197.113025152,224896.2385102795
pad_out,0,e97032ad,5e55b7def44b24584e571f6078d4ed24f42e25a2f22d383aaf9d02a65ee13796,pad_0064,3530,121093.78506427688,79250.19071437295,101762.33406262327,63432.916341219214
pad_out,0,eafb863e,1af39ce37f5009ab26605c1caabb6314e3fa3b051fc906239c614a12a5e3bbc8,pad_0014,3568,102541.82989335441,100077.64435145487,88614.13617464105,83728.56507334564
pad_out,0,eba6605e,5cad47fad5d50f547cf15bb2e2b2e3f21109e1b696d270c032e5e3279159a7a7,pad_0039,4410,537876.3398292409,535226.5442275677,349036.3220586026,358053.85197996616
pad_out,0,ebe69318,41d618cc4149d746479df66b951fe1b8e87739b7dee87829a1f94d89733bbc7c,pad_0014,4976,155409.0694885813,128493.4692634659,225044.5004768419,192762.28201975682
pad_out,0,ed6436d6,5ad85c76fa37c244121b9cdc7c8cf893140deea91823dd34aa2a92b7b70b2816,pad_0069,2945,10783.975193864944,9591.365454083672,18445.306047541013,14657.679827334705
pad_out,0,eeed308d,ebf1f8bcf9e354517a39879db3ac9952df1135540b388b314226a47043a97285,pad_0014,3899,152368.48455833824,159136.16761678134,237434.96802382768,250493.09676459228
pad_out,0,ef04658e,700efdbe0ee29a9cb6ce1d24289113b18f7482e6fb3aefbf26abc66e6b281e3a,pad_0085,4104,636883.0384073005,393316.52096515667,468667.521488195,308699.9753606164
pad_out,0,f03f10fe,f26b30c26742f9071687a8d7cc4a2738cc21c87523e1017714cc285a0c538786,pad_0014,4145,585908.4084662995,488062.0764563262,444403.69904993393,383757.622876297
pad_out,0,f40cd091,6ae1faf942d7ac8d1202d00e55666ae44d4d6efc1380908eeff77ed2b331beec,pad_0077,5166,259424.3924469463,554003.5368006442,423842.3484513039,757946.1438453823
pad_out,0,f4d12d23,8aa0ba4fc7e9606b0a2df0debb3d70b03dd35a98cf5adab12b8bc0294394bed4,pad_0014,3701,1059358.3213652694,957885.1598550845,579778.8013888547,543151.1230051559
pad_out,0,f5d8aab6,acd383cea8494cb8e13d6d355c5974c7a94a0401212b7cffdcc2f9984e973c5d,pad_0096,4444,1305205.8803238655,1047780.7548079384,2056544.0370555604,1724517.6442908081
pad_out,0,f9fc81aa,ff1f19c68f279653252f2aed600d9cd43a447be7b410c138c27ecf7c4b689bba,pad_0014,5598,397748.912014901,407227.19178532646,841842.6846749764,706790.2734143768
pad_out,0,fb0904bd,fb9d05c044492df28dbeb4f23ea5ec146bc4eafb80ed138fa689abada7e15b2e,pad_0151,3181,123399.79451648593,210501.02679129405,217486.0336114997,297493.8053367741
pad_out,0,fbd68d27,fce69421b9df5106849ad157f2d1cf0ea474424eb9761e95e27c7a398c64b6f0,pad_0014,6829,1618854.8864190374,1282035.0389791944,3221816.8146292428,2689702.158735605
pad_out,0,fc0d20b2,924fed58b68160cca0c9c6d43c42aee9e8d61f75e9c9e9a8db27e833f3f90f67,pad_0168,3954,75919.4207173311,198175.9720601021,181970.1573956099,446557.458350543
pad_out,0,febb4411,2a7ce8dbfbb4412ca88e26d2f224236bfae2ff45047935c85738cdf7911ddea8,pad_0044,4247,1645517.253154873,800577.4980707987,1231301.522213023,637790.2431305314
pad_out,1,044af7d1,ba541cde22ee063e69dd1065fbd972f26edca96e12f8d6f269fb80c8664cd92c,pad_0007,4519,132468.28284104928,138418.7532626595,119401.58658331123,127655.80466664514
pad_out,1,059c8f24,8ed02769d87c0deec59c520e4785a40d3e7c9fa498437ce706f07233615ebd2b,pad_0011,6258,1040933.1086426096,646340.1898649861,1095846.214614233,732314.4861573451
pad_out,1,060ab2b8,4e7ee6788b0538e08794a6b297160742dd061b690d731c7452182d46099926f3,pad_0013,6258,1122922.617925535,765925.5479011222,737801.4056932878,512383.23526019213
pad_out,1,0849b4e2,4123d624f00e62d28d01d586c8699199041bff193579fd0a245f3f3fc559ebb6,pad_0016,5537,1462511.5234530095,1526833.7336797854,884523.8952431623,982271.6842461515
pad_out,1,084d66f9,9ef5e5b68f794f9a2be192013740f945d85db57aaac1c5715d52aec3de15b388,pad_0017,3885,387582.4949862039,352006.9934416609,384360.44303063507,319748.2183126224
pad_out,1,08fecf00,128255392f8afc352ed46b2f185769a4db71de875d36197175cd2dcced3d0718,pad_0016,5574,216147.9661221036,161831.77961220997,250196.06184286496,158139.52875861432
pad_out,1,09ec2ca9,f63664f5cd191aeace1e0ec3661c81409fc40640c3c1c7584d16b4c03e2fba40,pad_0021,5885,291298.3902765642,187659.92150756659,181521.54018416523,143988.98422911068
pad_out,1,0d99f8e4,63447b37f3f927aeda10e652685449742d4349e5e561bf40f13ec766269917f7,pad_0026,5823,884635.0064663157,607572.045944166,2585605.1566668116,1937709.4268612429
pad_out,1,10a1281a,6d2a59cdf50be152ee13263892844ef42b01eaa6f321c5440b0b6e70f44853a0,pad_0013,5609,775608.53400851,1739470.4219701753,783253.9818727134,1632308.8321400844
pad_out,1,10be2420,f835c3841eb266149a12daab6e915d69d8992fb8c281873b4a2e5b9cd519d3f6,pad_0030,3271,347519.5505982824,247685.4248615871,201008.45046537684,145288.63761447894
pad_out,1,125be846,751f0410a69b2bf766ae5b693e906d1cfa0ab6d27556a8a7060ae715eb7ad724,pad_0034,6510,658123.5534300547,801604.8873807229,622879.1986852468,751011.863173368
pad_out,1,1285a37b,aa3b632103d76bb445d41b79602f9c89d3cbeb0524cb4b82125634b7f998f010,pad_0035,5597,148187.89092939318,264269.4912505364,157061.60828180774,259885.5741873302
pad_out,1,155887bb,6f8fdacb57006c9ca08434b8c64eec7498e407755a50bf1f5957341003e116d1,pad_0007,5585,2095944.4225139376,2023837.3603943936,1428207.900552692,1431661.475740387
pad_out,1,19fb4f7b,9a19587ac2155fee3db1817ed2c7521673673752cf11993654aec95bd108a608,pad_0035,5620,389590.5848377829,211841.93231596163,306865.303729178,231496.58504619126
pad_out,1,1a68190b,a60c07e2bd41cd38138a00d6fce163312f5f358e7da848b29b89c6af29253c31,pad_0048,4474,374547.5103343853,605451.1170541808,302424.5134200436,502374.9700545259
pad_out,1,1aaf1da0,f4b657967566c01f022b965c6165c3122df461486485408b3748b6c018e566d0,pad_0007,4804,1362729.5553844292,832529.0246188808,944937.3364030006,590692.3162115432
pad_out,1,1bcb2fcf,6450019b44dcab4173396346a26ff63ea82a6e429c20b3be9c341b6bd4b3a411,pad_0007,4524,88879.40761231171,123502.58063087164,85307.77745437014,111854.02350881319
pad_out,1,1d78281a,33a82ee23e8d1670350f9e04b054bab683acf322eff757565edf969518420e6a,pad_0048,4949,242570.98160729912,419338.31810373545,328546.1769652594,518504.21162058314
pad_out,1,1f9afacb,31ce99ea3d82087d90cd6ae1798abf3f93b0855a5d7c00841dc651a04a37c8fd,pad_0007,5328,96213.85346671236,60271.21961071108,52410.84335336022,45740.799190249876
pad_out,1,1fee2b62,1a26ed94f1116a6a539db075d1641abfbd97cecae12e4a8495b4bb8a31311cba,pad_0056,4641,108080.00681278855,377277.7591931326,251265.1729406131,568831.3832551126
pad_out,1,20096916,591b4f7aab5db0230193a16ab4e014defeeee1562f865a52b429884b9f8e2234,pad_0057,5133,113258.5397578884,99810.97363889914,201477.93885543817,152426.85501805565
pad_out,1,2043abc5,44b316722bc73bf54d446b3136e5bca741e365a89a3225263d8e80b252807b97,pad_0034,6958,747774.324518696,631612.2686886513,842896.2606208704,751318.5184880795
pad_out,1,206b6193,6b20080b1cde08d1c03f853a217acdd82eedcf1dec6ba30b750a99fb24643745,pad_0059,6535,4302957.419070804,4391888.034831565,4009026.4450165457,4113398.9433984146
pad_out,1,22c5f93f,7ce8898679f22966aad54f69e993c766ae97c596d5334ba667b984e3d57dac21,pad_0057,5172,280601.15823463094,137001.2233316019,280400.77503787354,134078.46954886918
pad_out,1,25939962,42acee97968ba87b1f0a7fbec44851bd00f12ac7051e9c38006245ffd4968473,pad_0007,4319,295082.1545855104,289584.3272770262,638294.500801109,587965.1923821676
pad_out,1,264feceb,02022142068673fc94e3fa2f370cc4bdeed2bdb54c61c76ec45c6e896aea5048,pad_0013,5665,302567.0088785088,308982.74782684713,207900.51255006663,221045.39419497002
pad_out,1,27300fd5,a96b0f17c5ff797f50d4140461370e1d1549ce0cf024f0b4c10f61f20a08343f,pad_0035,5467,575589.198764675,1000107.0387843802,367742.87472367473,698888.5415585812
pad_out,1,276b012a,13485705d0b8c33b345b7a4a54b96278f33291c555eef91fcf14426eff85323d,pad_0066,4837,817964.1355048465,533767.0343712547,754000.6151315557,597226.4960719142
pad_out,1,2acc78d4,a2d95d557eb805646fefe3d3d532407596b85914faecbd85a753520b20b29e07,pad_0007,4266,475727.588502411,425551.99058806367,525362.6620063448,471595.4339806582
pad_out,1,2cee0cba,2e1a04ebd061293aca05d508d1549cd88afe3e753122618876ba43272bea49f6,pad_0026,5500,311316.1631353968,298511.99941783753,206703.94309075,216729.64935936691
pad_out,1,2d179ded,4914f69cb146683949eef0baf4cc4fe40253eec536325741040536d913770ab7,pad_0075,7008,567202.2171438698,477094.7193714561,443977.99197449326,383020.47218843835
pad_out,1,2e63d9de,0deb626535eb883fe669abc05260b09a4b7a9dfa409d4b0e896d9025f0d3f55c,pad_0079,4699,2135981.558742561,2282078.772203302,2605342.0006276667,2685170.315479011
pad_out,1,2ee0235b,fd09753b7d2543d9d6b70c795a4dd8258fc521e9249e7ce38fe30e45cc531546,pad_0013,5556,97685.6678524797,94359.56234358564,121097.82268912639,106568.48258389109
pad_out,1,2f8e53c3,b4038f88443a76c41318edbe94e62c4071d26fc67da2aace6fbdc276c011aa11,pad_0007,2594,26870.058372511245,32766.713863044002,16415.001055871264,22152.538462629625
pad_out,1,3407f5bf,109fc36cd80635a7e588cf109dc887a56a09eb169a703ddc1153ab731c293d56,pad_0017,3638,1997138.5436899865,2096102.5875970859,1984109.6603840026,2072899.6392512722
pad_out,1,353e5502,789980a7e432a2fbb1c85f9cd0774c64ca7a96375ed38240837a476456f1580a,pad_0084,6062,111332.88183313214,129397.571865501,177598.2098863048,182752.22658402467
pad_out,1,3584a6eb,4c27b0910684a692cea16f73ad61282220f30a1160fb280937cb58271830d1a4,pad_0007,4494,438943.00766357034,479860.54999936954,334469.68741276313,376139.5347615884
pad_out,1,368fe682,dddd0e996c03ad9d4ac9f4872fbb6009bcc15c1deaceb3fd83c0f9e2c0c9df12,pad_0013,4936,1364576.8561143372,1645460.803965177,1301660.8316653832,1550713.1560649793
pad_out,1,37d36812,ac079adb4d82546b4cf28a7ff361fa3eb523da9dd4e37cb834fe5d75910c0643,pad_0007,4367,1129292.8736675526,1032558.1017654757,1014329.2711251271,944240.9495398041
pad_out,1,398dce4b,d61a36e9a70f583bdfdd9834d8135454b31bb78a9f16b60f6a771c16f1e88eb0,pad_0030,3166,47750.2823536426,36422.95786562008,44480.38567183695,34571.46122528928
pad_out,1,39b51819,c61a72457cc98d5f11db6bd56188bf43300dc9b37141d36c7d9260591f6c8345,pad_0084,4231,38671.68372961864,69202.25631021874,24553.653786707408,47794.29248366683
pad_out,1,3a223519,d27c347f23099c5dd8a0aa465af09c030f21d014ac52a058dd57dfdc6d430bf9,pad_0048,4583,923095.8297045033,1159018.6208132068,775605.3599839734,976455.6212200774
pad_out,1,3a7dd95d,fa50bc0cd3651f647f8ee2b5a9b71e4ca658e047cea07009cfba150fc2af4d0c,pad_0091,3072,454441.99333643133,394276.2251989511,372330.4364241734,331649.92219687084
pad_out,1,3a824aa7,a44aa0ec03e244df4616d729337b9656d8f3e89c28232afeb36db311dcc56893,pad_0007,4201,273237.05241632083,513074.0274173836,249982.60590558386,451296.3772020772
pad_out,1,3c3dbcbc,cc9dc47c5695b3529a158adeb71c4ff68df19a2d81ba2468fdf8875a2b22ab0f,pad_0057,5069,281038.2260407987,207328.89706594075,167888.63296147506,164928.8234302757
pad_out,1,404c4384,d39dfd0a2f1ed1c9970cc3edf0c23ccffcc7363ac15bf8c3140cfa2280ec3bdc,pad_0095,911,20791.408181936094,29717.997464985787,14809.836850136839,22295.243442222363
pad_out,1,42c538a1,5543744e998da3b674b9d3f39cf30f6a9da7ff889dca0a0ba6a739424b1d0aac,pad_0099,3279,3682508.6006516716,4225561.886010282,3357326.2130826483,3854533.523688534
pad_out,1,43b06c70,31d0b8b739a834906f0c3d74da1e5bf5a670d3a7c1f00dcf5b76c7bd8dc558e2,pad_0007,4846,362704.8692279542,379879.0778193159,219175.2294779591,218710.72511959524
pad_out,1,44441e54,62e0916bd11482f94d735854f4c3c525ff44226856b1bf079d0793d8e0a6c692,pad_0007,4357,435902.5508086503,138228.6680643228,270361.79497060226,198807.42487261372
pad_out,1,47222616,c77ed8ddd6ba798d7f0b62bfdea3be4d2164553f9b1db7fda793e9c72d4ab1e0,pad_0007,4406,181483.30086898484,188177.36862781277,168964.3246707697,172045.52027308964
pad_out,1,47ee27ab,3ed55031ae74d9cc243adf02c50acf8950544ab4770eaa065588dfd746b8bb3f,pad_0034,6397,865547.250203247,332894.8223000909,837321.108347498,352171.6410312569
pad_out,1,4a8ecc0b,16c046fd402be4cbe4d77a984e2ac554ecfffbc7d70d9e2200eb68afb39b3d9e,pad_0007,5809,337499.53901898675,633998.8510510251,263126.9687572374,408482.41306416836
pad_out,1,4b462989,e3323eed4a1e1c98222eb103ad2f388b7661570c56edcb58c4a297c108283cf8,pad_0105,3106,153278.30889479013,157979.93367361283,141667.19956474777,138390.07789786273
pad_out,1,4cd1ac61,a13fe8d86c1776ae7a8b41ce362a9ddce3b183e47bda104c7cfa85fa36a4d187,pad_0007,4489,13553.215601781474,119027.50240572791,32052.83502227398,114165.23586316899
pad_out,1,4e050c92,452af52b485c005736f176e4cd3fe9205bcd4920369dfb0172bd7607f3734c5f,pad_0007,3705,109254.21173361703,204717.76903430492,58665.942626668446,188330.15768036706
pad_out,1,4f4ac5ce,578d7b97b534c585e2a985c9558fb407ae1c72de9daf8ccb136ab9accb8e0819,pad_0013,5162,472319.23896774754,404712.56171285006,527368.1568885685,456319.95259327913
pad_out,1,5138a660,de6264638745ecfa842e9429a215f98dbf06bf6011ea6d0ac5fe3dcaa5227590,pad_0007,3559,146032.52558436757,110698.5529230901,128167.45674275575,102326.10671540476
pad_out,1,516088b7,0b17e64504058e546386d122e1c7b09217a029667738f6c4b7e6b30fd7ad13ac,pad_0034,6645,186747.83901015212,195298.36810113204,242936.2165832703,236229.0902372426
pad_out,1,5542c301,294803a4efbcf9220bb12a233de062099118cd05cbd4ef721179a740eb429335,pad_0105,3591,99819.69689443472,104568.09221874204,79566.34669255142,84619.6584512447
pad_out,1,5a1a8fd8,c08e648a23fb1354e2f294d15a816c20a72f11bec5268afb338fcdf4457867ea,pad_0057,5260,313459.5195452138,197332.3285666706,326520.97747738974,229171.1016178159
pad_out,1,5aa403d0,978856f9f11fb861ee8a3aa774f3d03985b9e9b6afba517dfdfe6fa3dd158098,pad_0105,3118,905681.1628798511,697989.9795642485,916207.0614048919,723459.9421365554
pad_out,1,5cb483ac,52f96a8f31103cc5436662d7cc79e40e2dcd1dcc061bee7edcc3045abdf7584b,pad_0007,3852,44306.311640195236,43909.23790608414,19636.14719155961,28466.164118048866
pad_out,1,5f6756c5,fafa8acbe6c8ab4934c479bbb3bde1dbfb2ea9d120672cd51e0b0ad10cd951ef,pad_0007,5931,470332.4761077417,492011.3851764434,626421.8791624932,629725.4910675092
pad_out,1,5fb1c15f,1457aaa3977a6dfc15fb2ac8c6e83d9220fa30707dce632db18097eeecb67313,pad_0105,2860,724104.2330672919,1420048.8540473608,1250974.283526427,1949795.530938684
pad_out,1,62569ae3,28b9bfecf5f922843b32be052b5b40a54546080bfdf05340801800d9ce762db9,pad_0016,3588,543357.7057365093,352098.84639069333,399636.82357648463,266843.80524845683
pad_out,1,63559d57,22d30d57d77699d37420bdcab42e6a7ffe8a8dd2ac061032fa31f34acc1953ce,pad_0119,4069,365794.00646154943,251923.46462379082,409838.9860351687,292521.5320735667
pad_out,1,65156b96,793252a47423d045d8a2d1b85fe72d308912939668487703125eb39711b811dd,pad_0105,3221,189881.69788946366,274752.9733234433,117766.79678858022,185927.12279160926
pad_out,1,69e41fa6,eee892e68c99c4f24b45191ccdd6cf62fa36e0725b7e0a87feac0cc20aa5d1e2,pad_0016,5772,357971.438498538,134641.41128853074,163217.29212936314,66421.64082910493
pad_out,1,6e9ccd38,1234cd829f0962ae8af7f71ba0a4b09a49aa8c3d86b96dbb589e094a639e2e26,pad_0075,8282,1234682.377497226,1296176.9213238196,855135.5657367917,892623.3709161701
pad_out,1,71642c7d,26748bd2eda016bc45ed06142dbf0a73fd6ff4974777d27dcdf9767a20ef5b76,pad_0048,4648,278141.78716176696,438974.40244548424,172643.19026840373,277018.62078963453
pad_out,1,726f3dc2,249ab5a668873d64e5595853cbc0dac9480003e172fa77af3f7be5b0221e65b3,pad_0034,6723,360478.01155456924,317893.31248350034,322983.8981538468,404488.5092372175
pad_out,1,72dd8501,6d98c2642b8e50232b7ed6e9075f32a1adfebdf112430e8808322d3ef120cdd9,pad_0007,5193,282017.6532910814,630472.1100411095,225225.53869370985,509124.4594243001
pad_out,1,73348914,790b9ad9ec58fc86ccaea8a9b5e571243f707b4f95bb2a81add227a497186bec,pad_0048,4221,93764.78378191734,108933.20202681837,92302.30018183912,97801.2879747125
pad_out,1,77b0d905,1277629ee6f5cd76f723e97821b2541d25c8d02b2b6735bcbec0cff4bd7f7dbc,pad_0007,4174,134454.29539776492,127591.68707379192,104008.86869696173,100952.3246681577
pad_out,1,78a4a386,d6c23eb0c52d249180cd169a5ea9b905ba83ec9197756dd131a3f5e8713e0378,pad_0034,5119,834276.2333875546,350326.75399720744,872809.1138092026,420759.6285185643
pad_out,1,7987f2f2,5d6245eda42e7d470ad304918e6daf4ff0bf7c32c7a5c131c11e781abb6d78d3,pad_0119,3705,387068.1997489001,268880.4690690322,443963.6153903017,318517.009145657
pad_out,1,7a5660b0,f3946ed5bc17738ff873ef9b6d0dd1c149c19bcda99788b80c40477ed6088323,pad_0127,4998,2388660.938307047,2505928.170028685,2565542.572814993,2655414.9495081482
pad_out,1,7b38844c,65b294a2dc6c19cc037d0eeac3c41de15386a000237179460eb35ead09ac18f7,pad_0007,3749,108056.7235122554,81810.45845781974,67633.87666928783,62837.5181471785
pad_out,1,7bb17b96,ee98002feef9dc02cef792a898af3562160546a074dcb103a36143ea8eb926eb,pad_0007,3922,502830.895124572,740561.2643161681,468907.8191576346,680258.8128403769
pad_out,1,7d57c75d,fd7160f7fce2c857ad0ffee598f9f3a00f3c56846c00945aef93a6de58f98d23,pad_0129,4405,555340.0135692867,401830.237744913,444915.71078094747,344119.21833268204
pad_out,1,7e208414,10f2ecd7310fa4b1c3c1f5d603b5c4f88b52c448c9d5f60d578b97cdf64b47e7,pad_0007,4226,207598.5645486139,244412.17438097447,146202.033993115,177267.66567648898
pad_out,1,7ff89f8f,b2509be662840b3849c99885c5edc5180bfbdc7753d0acb991cc7a900da1b5aa,pad_0075,7337,823381.0939974778,924927.3698458618,1057083.5315636129,1146978.6062561502
pad_out,1,8050c789,42acee97968ba87b1f0a7fbec44851bd00f12ac7051e9c38006245ffd4968473,pad_0007,3077,231892.49049295695,354303.89650159655,261314.9263622596,342490.9737472311
pad_out,1,86454a6f,683bede3a9b060f56f7c8d4ee653f50d486f9598c24a1214160f4f131fb53221,pad_0131,7964,25307193.96375729,23834089.024806287,21956955.790217586,21031223.56276743
pad_out,1,8648abae,189fbc94ffedf077f06c9b0a99eac55127e902a826c0cc3f641b65287818b890,pad_0007,4244,80340.99426544618,144135.3389021749,116239.79602029455,180550.67347738764
pad_out,1,89f1085d,88afad4477dfdde28721024e0694fcaa87b630599c6b4642678b4c96f4ce3913,pad_0136,5994,2450173.5003321934,1562492.4506361277,3276812.090016366,2249510.9470505696
pad_out,1,89fdb2f2,d0d72f464bfb2b48241fe49574e6e3839e3844ad2e9cd175f1e44ea4eea3e70a,pad_0007,2031,7907.813044665227,6027.476906794363,5921.1520017151925,6012.21223542623
pad_out,1,8a3da6d1,229c8f193e198c36aae74c641438ff1f416bb6e0c9a0bf19b0bc537e9b224d36,pad_0007,4593,210452.2786535193,70154.4606418416,574576.5377382792,283930.0680318952
pad_out,1,8a9c8932,4440cd3eacb46fe48eca1a82a4b4753603abd1e334bfe564ed283156ea238843,pad_0013,4663,204171.77033255392,428025.2069200559,127067.22547881186,299819.39136005985
pad_out,1,8b12bab6,0fec821b2c7fe722bd73d15fac4c886c9d8b5ecba843c8c36ef995e634cf2fbf,pad_0057,5234,752282.2717185852,650841.4067922529,781128.3268248821,686128.957026184
pad_out,1,8b5be31b,29ea099b3a40dfa3a425d33e77b5cc84754e097d0152679bb15feeb23b973e7d,pad_0030,5672,478480.49340550526,338550.05220277223,246865.72889603188,278584.63818973524
pad_out,1,8bfa881d,51c067ef648d3a0dc2726536acfccea33919e37260d87cbe3d02f63724db0735,pad_0007,4089,2136671.3877424956,1797297.0179774878,1971411.9797755445,1694495.6149303017
pad_out,1,91abc4c7,ed2a3588e70553bf39baf22e515809acc61ee93df4576aa0033e8d00af5116d8,pad_0013,5848,111384.958454543,79164.82500142527,98228.45446971554,105987.79484243694
pad_out,1,91b301ce,e384ba9337dc2e882a4a8137a9a7fb7700b5111a9a5942532f83344ec7f648f9,pad_0139,6570,6860465.609892532,7006753.902228522,6333662.379110012,6493577.890369047
pad_out,1,91db7070,b4038f88443a76c41318edbe94e62c4071d26fc67da2aace6fbdc276c011aa11,pad_0007,4073,5768656.193197514,6138805.186231266,6647078.731382845,6906829.896257464
pad_out,1,93209a3d,0c49895b3ad4ffae854469c51abcc33636969d653dff81940a65d65126c01ad6,pad_0007,4697,106633.15727224245,147147.80980209383,107102.28999820966,130352.63045053306
pad_out,1,93f5d2e6,c3d0969d6efc8760accab8848041e22f3b5415da885be09683412513e0e8c71c,pad_0017,3691,1653395.145220994,1178586.5521242758,1789866.2370251566,1330325.576361282
pad_out,1,9426ec1e,b0dea09ba32af39bb796f4b2c7f07660939fe7fddfe02791a53f66804260b6b7,pad_0007,2532,214367.46426872176,113444.21238656068,254249.59630849128,153052.27587020595
pad_out,1,974802e7,cc360031d535fee5aa3e49f9e3290721b048862e35616ddc7bbf0a81b0f3a5a9,pad_0143,5843,570891.1314065194,792246.2857682508,450001.59018323675,629316.938643231
pad_out,1,9896fc0b,ff0c807148b00cab4207a4d19c0adb7163615bf0c6536f53d594a17f52ec9fdf,pad_0017,3595,1381449.5635196962,1305322.8426510405,797231.4011738152,795207.5939112916
pad_out,1,9ab94eeb,687d5b36f791355129faa5ad42bf8d3fa12c1dac439b430b6c503f6638053e6c,pad_0084,4442,168517.0545066488,161174.27446103728,137770.1588063069,134626.01628690498
pad_out,1,9ad5410a,41291ca35d8a51fdd8c57df92e076e541fa38078e281d34c8edbae90dfb6cdc2,pad_0007,4205,576599.6973387111,543690.4420678997,306290.5198264762,307812.8080222705
pad_out,1,9c211c53,03f9a88959c3484c99bd67a293240356ad39bfad076ecc94a127f861f502ea5d,pad_0143,7265,140663.9876250674,150485.91165303194,170973.0151371993,176039.64726251567
pad_out,1,9c350a6a,30dc974a5c995269250c4b166b99b1c20e4965c38bd69fa9705eb783b902daf6,pad_0057,6052,1846910.327458942,1391877.026093893,1172398.0399089954,919160.7130907874
pad_out,1,9d072e4c,c18a201ff96d4034c377a6c3c57b0db3780a09ff73c2c7336333d5ca8f3b18e9,pad_0057,5107,524383.6706890911,554268.5844370532,338421.10679706745,378304.7426822233
pad_out,1,9df1b1f9,b12e3f3f78d71971dd3aeef2662879302803b7c851567fdfb8406a65509ad4ee,pad_0007,4701,141833.10923559684,52560.23424174842,89683.77527375316,38551.09464122067
pad_out,1,9f0c7bae,f1d6ae417bbb399edc045952f07eac178d6d01ee33b4aad1e60c041b6b66edc5,pad_0048,2542,32306.268291171324,132611.04794275246,38948.64100752707,129942.96452255154
pad_out,1,a0383629,99f6edc1899bb80f7a721890a58a27c1493e2fe687512affe78a917aac20a067,pad_0026,5832,590490.8319910839,392626.20913711516,474292.9762685995,327199.7507930958
pad_out,1,a08d9e63,12941d212402020a043c6a9f0f92eceeea8333713bf47573e3adc5d6186b7bed,pad_0017,3685,280359.41680264636,255919.48909474528,277392.8515955125,249852.2370855884
pad_out,1,a48640d9,fb2e687689f5b219681372fda5d5414c6faed145678f4f55ff8d9cdfa3a2735b,pad_0066,4532,193070.609669532,257720.31295449042,119906.53231571884,172492.52068264235
pad_out,1,a79fd2e7,2e09ac0f9add88d7976bed638cff69be75f4953ed2e0cf4ff78020b08b09bd29,pad_0007,4404,691137.0844271479,355586.6145939552,581695.5054368695,336006.3770061863
pad_out,1,a87433c9,1a840ed14a6ee6b3d50dc2eff32346615083100b417f6003c111644436fd93b2,pad_0007,5721,140402.54017611642,173804.30395976218,111665.55817261362,132749.68804281234
pad_out,1,ab3ced07,79b92bc1dc1eb3cebf3a4faeef5aa220b79002ea721b14bf4bfea060faa88128,pad_0007,4250,150295.37767972148,154160.0012655158,132249.95492439045,136049.03938350963
pad_out,1,ae35f33a,6fab1564560fad5c6741d112a7a75724e7138fb8415bb268875f24c2bd81ec62,pad_0048,4450,39703.87422516426,130464.00766161067,36948.604038903766,126888.59564817381
pad_out,1,aed44918,88afad4477dfdde28721024e0694fcaa87b630599c6b4642678b4c96f4ce3913,pad_0136,2719,404711.8844802403,416521.3484887243,403338.4572006628,413576.4900048105
pad_out,1,b1efb8a4,5bfd53a0b99223a57e39ea6b98240eac6b348d852871ff8481ada9824c88fd9d,pad_0007,5998,798425.816623975,731424.1983401871,842373.20136986,778157.0700960255
pad_out,1,b32e4903,95228b84ee898cb8f01cc56bc513779b63a230d43ee3b0562e122281a5ca6836,pad_0013,5770,261692.0795900282,663323.4965888042,142056.0789688963,431685.66120853205
pad_out,1,b38e3116,8e0ccdc97bf7715d75ce3d454dda9f2e73040922a74e007103c166fc28ebade8,pad_0007,6211,497438.51088007627,1107313.3274708786,601951.8999287941,1140846.1637731711
pad_out,1,ba48188d,2fb8f1f013244de79f2f8db24d18b10933357e372beef40cf0902b75b3d82c11,pad_0156,4166,11000113.611585358,11856198.577952616,11690555.618984288,12403537.853650173
pad_out,1,bd8f847e,970736dfa1ec9d1e3fcf0ecd4a9d30b5e4d5fcaa6bfc8b131537e68a77d26efb,pad_0048,4961,340621.2122884726,294704.95748472586,342541.19673505356,299246.5694351641
pad_out,1,be35c8f2,6b2551f90d2aa3b3cbea822fecc63579274db1f610a1d7ec3ad55080ff78567c,pad_0007,4226,338327.7271597252,236808.34264628956,282940.19053700723,194938.78074252725
pad_out,1,c03d4aed,c6b2c9d456f6a8ced624a5eec6185fff24fbc7a93c27006f7c45e974acc66667,pad_0048,4641,141597.29121899744,332787.060316561,95741.4565784558,252240.21533705224
pad_out,1,c1708b88,b82801c080618236c36096552ae4bde78aecb0a82c5db2f685e800cd5613e92d,pad_0159,6315,930219.1597597899,861326.3659151858,1069111.7936265094,968585.2432355691
pad_out,1,c3957531,33c6abbb3cad79abdeba4182a37542860e5bfb253fc4c1415ccb1db767e13fed,pad_0127,5316,1286277.3734583058,1465731.1233825486,1445733.0172457257,1606540.4241021287
pad_out,1,c42fe306,bdd9b88926bb9569a86387161b127a7bcfa7eac177f9f7dfac2af39837c32dde,pad_0013,5095,563255.7310367202,728722.7414415301,738790.1208673213,882480.0838108897
pad_out,1,c47e0767,22d1672e69c769ee2966c3bbc14b6129766d293bb1c54d152a7322fa70b2e870,pad_0007,4356,1320675.16130366,1322040.9831187753,1169053.8012810277,1183669.9687818813
pad_out,1,c9fedcf3,8da228c6909ab660c64937ac85d0bd9256a7780f7f55bd7ecde5293708c6f18b,pad_0163,3517,104169.20941611697,28924.07939290606,121326.14847523364,31188.126006473525
pad_out,1,cbb406b5,76510153282a1297cc39aacdb7db378bb7971f20dcb8f22bf89a31ba91eac901,pad_0021,6328,1292057.9183054788,1452545.116255599,1333835.8443049467,1473922.6177033628
pad_out,1,d1457cc5,971980e08d3be14aa5bd86544a51996f4537f34657312df7c8ff9cd9504a5fb8,pad_0075,6920,2017598.6801807801,2132605.72118003,2109102.6164118988,2142543.2953121495
pad_out,1,d1ecf309,d4447cdf458b6083df90176d127d00012287160377c32422419bb950c2a5c01c,pad_0021,6168,1964417.0065374926,1462112.989784341,1320947.7214927208,994030.2222108443
pad_out,1,d50c649a,44fe52a4d1bf29e0ff7012f43bce2668f70e80d030c0e5df3a3dcbe2ec582d59,pad_0007,4873,477067.32939045865,450281.4008301626,345998.2011197796,336987.3352141233
pad_out,1,d5df0ff5,57b466762c6ff8c308df95700e215fb6cfefeafcf87770023af3e8e305e9e2ee,pad_0166,4032,614180.5027803545,202407.86762868677,626540.5077082531,248412.36726496211
pad_out,1,d6dd7330,775b1ef3091f7b6c38b8758c0acbcf59956b7c5b8f5c7d6f9663fb5bdefb8ad7,pad_0007,6193,761183.3906611094,669177.6930597128,676509.780918319,603916.4086229162
pad_out,1,d84b621b,2c29e339e97c18a826e6d088cb6d4b68712bdd35ad65cb41f6ba5837564eb6bf,pad_0013,3994,492219.0757504542,255163.78234793333,545749.8673310565,312307.06398471945
pad_out,1,d924e971,5d4e96a9040c5863761282033971609756c86fc7479968ce9c84650ed8885ebd,pad_0007,3184,4487824.5821912,4916463.925850241,3050621.669081077,3513632.3949004374
pad_out,1,dc7f9757,8896f2d88885144d17b357b8dcc73829d59c2f44852db4fdfd14d25c22881824,pad_0021,4360,272794.5876882104,186713.63740420956,245959.3600852091,165340.95078330673
pad_out,1,dd64382d,e96964fa4b6356d1728949e7b6960d81e583c3f45c124b26ef7d1c6defb9c07c,pad_0030,3124,35673.70912572211,32541.984280617435,51205.25640079576,42486.418513456374
pad_out,1,e201fd6d,4c75d784420d0de5f5b8643e68159069854384c288681bd090817b48fc561771,pad_0079,5070,891254.814896272,707376.0441956301,708484.1299813923,558908.3562838878
pad_out,1,e3b34f5b,fe0001ba333113a85501b480e7aa5aedfa0e6e076f8756ab9d0d2cfd2ae34ef1,pad_0173,5455,1441522.2502464878,1983435.3812330237,1620313.8315532408,2091225.046936381
pad_out,1,e737965a,19c19cc0bfeb6681669d542d90bb9fb134aa033b3e8d7adbd1d09b687c6ae084,pad_0013,5955,560754.3606800211,576397.7113899986,967622.2639747064,940147.9747960996
pad_out,1,eabc711b,2ca25e9fdb7c43ffba3a03db0284fdc0644c07d7b43bf2d501f67b021453e4bb,pad_0057,5348,1202788.3282615426,874219.7669246546,1278651.5879931094,950506.2077276018
pad_out,1,ed6e6e54,65b294a2dc6c19cc037d0eeac3c41de15386a000237179460eb35ead09ac18f7,pad_0007,6048,588067.5103675711,450511.4628883647,344522.92364664294,308132.62209047924
pad_out,1,edf885a3,f7bbdcacbc44317370070d9bb44970e32dff2457c15f62594e19034255b0e7c6,pad_0007,3117,673203.7391589945,638428.3082359941,738110.1152479225,694191.8676591511
pad_out,1,eeda36f5,76ee0b8e4b0a5b7d539955039f01e7a3c5427618f0c28644f6ccf3a96c4aa493,pad_0048,4797,396838.1133815704,385699.8748933049,249379.1805149557,254238.11399276106
pad_out,1,f0188a48,b0e2b77a6ebbe059185a7924a937ce1936a09f620d9c9966aab9c69746631a3e,pad_0159,4170,1184244.7933537434,975995.3517326136,1291807.3336149338,1083894.1168243764
pad_out,1,f053a1b9,88121ea67439affbb6593865b80a776f89e7e9b6a0b81e4af499c1010bb66898,pad_0007,4108,358997.1633865561,436618.46610678476,374109.36359003064,442675.6217147739
pad_out,1,f439a621,9bc811e93a12177931449b8ddb646b0bb9ee10e39ff7407a0b08fe99d923a882,pad_0105,2821,80981.51463096419,79592.12594645977,58408.62652402921,60823.777689174814
pad_out,1,f5859199,6eabe7a69cd63bc4b998aa6c556d75c3496de41a43af0249834dd71125f26fe8,pad_0180,5790,1887006.0456348597,1666272.5357720181,1666903.131901048,1500857.400416558
pad_out,1,f8f59188,24ebc12aba00ab5be716756adb015eac0a771607d2b6b789cab082d6392675e7,pad_0021,4807,182734.0890422212,173343.24056664112,120342.87186283863,136187.78459631297
pad_out,1,fa31da94,d4632de676ee36c9c78d77e83ca04958119d85736c3919c2576e0ff0aa2fc2bc,pad_0119,5027,549731.8183417757,942761.0415486011,726483.5420520765,1086105.2092121083
pad_out,1,fb3848a1,af252810771e097a997f55690bb1f6d003dcb2fd4d190f4ac06218d0e57b87d4,pad_0013,5919,544378.5413342251,500281.156023119,288746.3232756393,281640.48447529273
pad_out,1,fc03f21f,7bb9724fc185e24f576bbfd427bdf4127e9130ccdb45b762819a707f84dd5453,pad_0007,4803,346070.7796337091,690170.592217244,614246.7529246663,1029290.1377709612
pad_out,1,fd3b4faa,0369cca040b7469a2357d18164bc48d15b8a7fe7f610e4ec694db7696786ac17,pad_0021,5022,56746.57220159936,152873.2183784044,45054.3670535624,115866.25458382166
pad_out,1,fd710aea,8bdbdaca48f7dca33957d9b3e96b8facc9a22b4d348516cb0e043d040ec482ae,pad_0007,4217,47537.64207820132,169247.09147529342,40598.70232893479,118929.23825889011
pad_out,1,fef8af96,9a3d5a26cb0935bbe1ae7e3c7f540f417b02f9f7bd4f848b0357ed1b4f47b55a,pad_0017,3826,6391919.600210778,5828207.616257004,7183713.834980157,6559377.006639266
pad_out,1,ff0aea78,ba5f1ad0e27ab7f115f9156cb44bce7eb4c5b6be55c789fca9add0ac8c99b2ce,pad_0182,3261,4092724.3324889373,4419382.725753286,4597200.252032285,4850346.127691721
pad_out,1,ffefef30,b7de8d046e0a772a79e5336b3ca560d8e966a51ddf17119284a7cfaf0dacc059,pad_0048,4570,1041336.1724345754,1264314.5544705838,1205938.7234326117,1395734.9967501306
pad_out,2,03a935ae,026875fc11d291119937b5219e2402265c1ce22bae44f8182ec5cf4d50224315,pad_0006,2786,3153298.7907405794,3567753.684878485,3237959.665769889,3568393.1302043954
pad_out,2,0498acab,cce0c192b09395912b50d5a88c368ff83aa200a37c240468afeefa7961e39ed2,pad_0008,4798,152527.24220925162,89592.32124502704,154528.70070438687,104696.71534183125
pad_out,2,05a0ee4d,eb84b25bf25584cdb5330aa08c2af03c3a11371eed7c0956d5c3b65bd1ee18dd,pad_0012,4348,616462.540539199,459487.8259936033,525752.3356756816,407995.4877788213
pad_out,2,09441b8d,6467e73b7ec35cbba2c1db2ff88cc8ddb06c9cf415ddfb93fc3e668010e7129d,pad_0019,5488,796179.2809992761,721564.4339886606,1064498.728864673,956903.2324164812
pad_out,2,0955cd6c,d6daaf618570e818b416926dca36939d9e26c60bbd7d99b0f6aa33f55f64f4a5,pad_0020,5195,146174.36381469492,165586.11092435534,108879.13321788464,124067.53807371994
pad_out,2,0dc5e64d,26674ff156aa5368d8000e7d2429509b7d837071164b6281a6871ae88fe9abf1,pad_0027,4879,873707.9921118194,947000.5342210794,605558.7117527623,681091.847766494
pad_out,2,0e5e560d,4176d07e7ee2b09335217163f1998dc24d771382211e3a70fe0ea69cde43407e,pad_0028,3253,114227.18211004548,115990.18010628974,127095.11949237419,127342.94070427
pad_out,2,12f0cd90,55780ee40d9203724469cc01328566140d87d3e2396a5bbd445c5fc9150c6f6f,pad_0036,5947,360408.602515305,402786.982845341,633564.9441349092,658196.243707965
pad_out,2,14ad5efb,0b7c50fb9ca772ff0bac6438211b82e160144bd68755e7212e5dc99e6bfcf068,pad_0036,5842,171368.18345406465,149618.65709642382,155555.36366113482,139724.52264930302
pad_out,2,1590af81,7c9636fc0c192670b5190dd4fbe16954b4e335735510c4533ad0828e68dda9b6,pad_0008,3799,67090.76987897833,162312.13469069338,232889.18100081064,336230.72090176254
pad_out,2,18d24f7b,ca750bb91c8ef37fec02c67e4ba531c0d833f0221d96be801b6def492c9aadcf,pad_0019,4558,214196.1761298008,100473.32489555421,119190.57527201582,62124.574960003076
pad_out,2,1a730ac2,73185a6a05e581b465b8d2e2b7432abdc00caf84ab6512dbdb48c82602929f4e,pad_0008,4605,321052.1223169294,117904.28717366455,131055.69671459595,64833.73431169109
pad_out,2,1e5e3573,4c98313e7672cf5884eb9ab92b4e5916aa6905d56bb158ffec2780128f8b0ed8,pad_0020,5480,1055308.3089754565,770709.3244809192,949905.9007164391,741008.3768040556
pad_out,2,2364716c,7100d9e2b279b27b1e2016771c8b0eb1ba2262acc7203023688e6b701df18cb4,pad_0062,4316,1072162.5567609458,1036417.2345225767,970117.5816968762,950311.2618052196
pad_out,2,23b9beb0,b34e333af421ab2fc02a30fa9a0dad2daec7b7fd714c3ccc60179b5f09230566,pad_0063,7340,237057.43923258397,146929.47803208142,142970.1853848293,128423.15432975616
pad_out,2,261785ee,367d5f1cc835c7dbe0aeda120725ac19e9f4397998bbead4334aebe2ab10d488,pad_0008,3646,856307.5474458144,945348.4396724403,608424.7250098624,689666.2107540905
pad_out,2,28473855,a70c03be6723cc3d46385bc7bc08b498e7a43af49ca387b726f9b4a0c20db2fd,pad_0068,4290,119561.5128203797,125043.73593208847,69144.90843008168,73775.26061437336
pad_out,2,29b24409,a54562406efddfaa54c61fd53875c41169ce3384b493a23a26ed1fc79f55c5e1,pad_0019,5587,610551.8472543171,625350.0726595816,648226.5325220028,656754.9075885569
pad_out,2,29de15c8,81211caa3480b4e773eea46091e9041c8593f9120af2149d04e533e1ca9246b0,pad_0036,3431,255702.8470979661,190538.30082080452,239897.46120135015,188719.73516377044
pad_out,2,2b06ad65,1ce86dcc649f585fa201c531ff4178415115b5f482f9e9b9694a3e1123864291,pad_0036,4256,15310.746110279053,17374.250756273275,21637.385369806707,18530.2801318122
pad_out,2,2bff06cf,e95e3e9b0d9ce02125f402dfba7dedd35cd4b442bfdd9aa328cb1dfd5e746bfe,pad_0072,7624,6492820.964036302,5567603.34463571,5912197.059667516,5217580.52112467
pad_out,2,2c0c4a4e,aeecc0bee110d5f44133a29a4d61d88b3bf9e39c09e044c19a05c3995d39e903,pad_0073,4790,44873.01395203078,87896.7041958333,30884.67813573256,57470.50855222727
pad_out,2,2d2d0c6b,ffe38f10f0161ce6828e1da86b6409b2b5625b7214f63c71151d408104dd0e29,pad_0076,5045,63852.996899580125,91842.02328682618,66751.44575878492,108254.87099350267
pad_out,2,2fe023be,5739b602b50448af03a33129e177be6bc615d54b248c8a6e73401a9cdd63a820,pad_0008,4221,286799.92052609357,346091.9960820031,275773.0251228539,320899.6076223056
pad_out,2,32fe84c9,67ebedf8e238c8ecbfa366f8cd14fec95a41c2d56ecb8cbcfd534eee774d8830,pad_0082,6408,1498964.4602577016,1425305.4863759333,966036.2895704985,957817.1246987128
pad_out,2,33c40295,d85a69a8ed290cb6bfbdbb65c1828809e8339916d6cf7790953b7e0ab13fcaed,pad_0083,4169,277462.2322944242,292146.0980695928,150614.8284204557,159597.71235316305
pad_out,2,37344c2a,0a5d31f92b6dffa8634d95ba55326c2410b70d22def553767ec7e0594248663b,pad_0076,5197,1560988.081769566,1569697.369932624,1579642.4244524697,1584162.7196791957
pad_out,2,374be387,cdba940499916f24f9e8d6cd6706ba1cfab227ecadb351e7960b2ce0b1a5e897,pad_0088,9965,264522.96657549485,261098.99801259226,199030.29496953683,202099.4159570699
pad_out,2,3ac16ad0,581eda3e0400cb8d2155b719eb465aa81fa8f7b974880a1274ff45ca25505a83,pad_0093,5649,177798.99681986665,178053.82811052634,100246.61741158675,106320.69309132526
pad_out,2,3df4b19e,553f657ab4bc1ed999f8fd2b11e927d8afe9b9c5451359786ae0c0eb4ac51209,pad_0036,4988,349087.4462474827,245181.07758756157,209382.65911989487,171438.07927246843
pad_out,2,3e011332,cb056cbad843d5d3b20bba43a76e27522015e1d82f505652280180485c760788,pad_0083,2723,658279.2684520803,653189.8980675108,498381.022489475,507097.2198305791
pad_out,2,3ef98781,f5564e0c5d240297bef4ef382df94a389b7388042f133c6ddbe9d38488f2e086,pad_0036,3892,524589.1673144107,168770.94745128366,601112.6806633964,251073.12043807528
pad_out,2,41fb0192,a37d455f53c40a0871a0dcde702310757c0e3c65f69e91486c5d80a08a16f623,pad_0097,2973,67091.49830004343,29432.762991489144,84763.03483426495,45342.16050736878
pad_out,2,43c7f85a,67b6b98723a87535cea9da1e027f5a7504387e69ffca398519f9a0a7f21ff981,pad_0093,5978,341253.9499909192,247109.89689872213,244764.8264631742,198934.74493428564
pad_out,2,45fb3e21,6474eea2dab7025fc63dce36179ca3a3a7d35898ea203838868d0d6a821d7ca4,pad_0008,3649,2212902.141083697,1765350.0532608114,1804359.0320231356,1492008.6592554105
pad_out,2,463c38f2,06b6a6456c687c80bd11b30a9ed7821f9106b3fff0a707d0dff0bf2d26fa4efe,pad_0101,4460,198840.65540515352,232784.0589125416,182949.912722601,155599.7787195635
pad_out,2,46a7190b,6c64f388f80b5af1d4738c21e9de8363d8d5d815a7014a8c15c2ae1fc0bfcc96,pad_0102,4215,667376.0276224249,678256.4704453364,496252.07730096055,517428.1118705569
pad_out,2,46dfcfca,8dd001fecafc4483cac4616fe1cc7b2489d71371fbce8d42b27585a128f08ec1,pad_0102,3606,846485.9394000665,788099.3999313115,552386.4726344014,533603.1119750392
pad_out,2,4a035ec2,226fc4c3fcc908b9928bf4dd998ee4539e7c74caa0bb221ca5a3ffafe356d400,pad_0097,2588,451948.5767748148,346984.49119351845,659909.9854633146,535553.0154625177
pad_out,2,4c2208f5,3d543c19e48875b7aa616a06ad64c2217884074b29901e06d7fde862d6a35a03,pad_0106,5384,6727600.720962148,4986901.242256286,6982988.737141881,5491044.581816766
pad_out,2,4c3168cf,65245b1fd3a6118a6895ae813924b4638be001c8d99a68fabec0668977efc611,pad_0036,4334,61328.312076135306,62565.644301030254,47411.86467924142,46453.839589275216
pad_out,2,4c3df468,80cc73d7602e799f998a8a7a6595c9577b6d8d2584ab106db5aecee0c49350e7,pad_0093,5392,649157.1329666921,828084.7279119864,471953.6221107284,627708.3366544399
pad_out,2,4ed93db6,1fd7a91a1a89a7bc3d6e6bce9aff00e9ab15dd9d6736dbda4ac1dffb2deb8280,pad_0036,4657,534439.5719419102,432305.4525234919,409616.06414923695,349572.4558754683
pad_out,2,4f3eb9e9,7552762b35342624a7c467745ef3e30ec53f17f62696421c2a78d163315a3669,pad_0036,4697,2714742.6405492043,2235678.970842263,2471850.190655004,2113759.3662900054
pad_out,2,521a7819,1de88eeefeb04cae5bb25b51580039af80a8357945f26e56c50c05459677fabb,pad_0019,5200,2169688.042098281,1726281.7405052031,2839248.3837102884,2361072.1974389907
pad_out,2,52f1e77a,cdce8d40c3142ddc8829a1690d522a3e4618635f2d9ab707315e2cae30b2c4bc,pad_0020,4442,898051.7776419509,665594.9247216452,686917.7932435692,535552.4813442454
pad_out,2,53134831,ba641de62f5ba1dba1989a0d8b5778003e7c86fb51fba3c3e1abef7050170fad,pad_0020,5126,555812.3666672707,706447.5124857498,656338.0976317654,780913.3505985703
pad_out,2,53f23031,2ca40f1a983ef1741241508582aa8ec268705ebc1da9e60cc20a8a6cba234321,pad_0063,8550,463123.2121896402,422830.276410908,305703.6491349167,292299.83429101144
pad_out,2,543198e8,58e944148d6504362a6edf638db6986681c5376aa60aa5af74649892b5c8976c,pad_0072,6503,1365659.657139448,1452617.5056489527,1372884.1933109616,1455682.441810095
pad_out,2,55efee7f,42089868c70bf975c69b09a37f5445ee12df702d57c4f92ce3654470f2fbfab8,pad_0101,4801,882805.270220944,838421.0570173791,952358.426628853,909109.602503709
pad_out,2,56b00794,1d0094684112d8cf158641351d5ad2141a6894e93ec6e9c33bbdaac655237954,pad_0076,6065,3954462.3325861227,4725550.806569516,3967904.6752709756,4585853.8176381355
pad_out,2,58850d2c,9c81690d20d363ea40fb890c42a9f8fcadabb1c71a5a86177eb1ac43fb50259c,pad_0114,4995,286352.8922274324,104823.21148919253,387112.28664556984,189258.0026222005
pad_out,2,591cc951,0f3353638106a1f23386cc5270b3c034ed1b60b28e48f4785bdfc6a81cf5d367,pad_0101,4609,156107.26292082964,184032.334285804,163121.89515132515,186675.4181198057
pad_out,2,5a5269a9,dd9c23b2b59fd5ce4f28e29a5756b3208ab8b2df258045fad934b82f2034b7b9,pad_0036,6513,690665.1508965043,702855.2899594947,719163.1756510072,726344.9012795035
pad_out,2,60e37807,544ccf8ac4a8a8781e69e49811eeb6295f68caa42a8d755d5ccc608095554da6,pad_0083,2699,1019933.2862171824,925244.0405703672,802943.8904591313,754480.9760847607
pad_out,2,653612bc,d711f8e1f3987d246c7e8935c643f234cde0e8dddd68def6c57119026d8fd03b,pad_0020,4605,212903.1285424942,507902.579518758,152065.94700700333,362769.519794293
pad_out,2,660d9546,9f4a92d5df7e1f8dea1ec0c1538e4e6254b4802333c971d12ddc0b36b682291d,pad_0020,4732,372545.2296182214,413344.8593186138,252334.63298426842,286236.7706274571
pad_out,2,6767c111,dadf087b5d255af7c63fa4b4c10c82bf0842e4c9a23b85b719fb9a41567b741e,pad_0120,6783,4441909.370129161,3463336.5918875113,3037142.8540292326,2450455.3992487686
pad_out,2,6a8fa194,9aba40e12e30e8616c2dab3d55527794c9a17ac34d328e42bbc45bf4bf40a388,pad_0122,3017,99427.02711264568,85627.4375149389,88123.75966882434,70826.19414863503
pad_out,2,6d1d74e1,a2a772a1288d985d4e4f853cb5eee34911427c599e4e61ef7a5f22e53a053b99,pad_0093,5830,1730128.5295405735,1959707.7463160676,2320656.597891831,2468250.063231374
pad_out,2,708caea9,9d8b5d5e0bfbb77ba1ebf4fb1eeff3cfe320e02e6e8a5cc3431309bfd4da685c,pad_0120,6548,10352819.17858078,9682096.232165987,10311894.992791092,9757895.880763713
pad_out,2,70e1788b,a36e41eb729a463822b7c9ed2f2e1ea310eebca04eae009ff9dd6fd440a98f4a,pad_0088,9285,431412.8886427286,350873.17213973205,410500.5776112885,303388.6868050994
pad_out,2,71ccf778,b42100f62586b9a333a4155669a600898063413f6dcff114a93342bee1f90acf,pad_0122,2698,487540.3811266853,388831.75862873415,407022.980149579,338471.9462124391
pad_out,2,7271dd80,74413f3c603225e248752e4c2779df2cdf044b0ec5841c03592f470e301262a2,pad_0073,4340,137256.98203197302,49944.20140984094,45986.933438891974,50363.07884837726
pad_out,2,729e9750,3ba669807619bf82ac8bcdb23b795fb2fedf9136756382fd9e0b0cfb248f478f,pad_0093,5919,200477.42634492126,177195.63357563352,229786.63892477338,209609.70441056456
pad_out,2,77e4821c,2d67165d616951d3c15ac1fddccc1312ab3e3bd050bbf5f3215e764ebd512b8b,pad_0076,5393,1329354.5027844757,1247424.2385312167,1454808.3302091297,1372636.472420565
pad_out,2,7b2c7b3c,631114c83e77818b207c48a3f3bf972434c9feda677d5321ab6e04c93675c265,pad_0083,2584,108690.94093998402,73804.51161615227,107047.47159419817,72428.56593780553
pad_out,2,7c607683,4b7e42f203f1bc5ecaa34415ec5fcdbd47584ed05e0ddefb9f59a855b9aacfea,pad_0019,5328,520948.3109320399,581171.5990076025,459331.2420640223,503206.5168802833
pad_out,2,807f0298,7edb0dcc2fd146c0054a3f634928eefcf52dfb4f606f638c2bf840a438093e52,pad_0120,3747,1165739.0854783868,1164662.5949269633,1309526.1201765065,1295788.7270424487
pad_out,2,81fc01c6,c5a6256e51925b9ff1c9523a0abf866498f183ead32ceee452c9428e9b27ae6b,pad_0130,5909,924128.8371824548,1239524.3300469082,860674.9080406936,1119533.9550785727
pad_out,2,8382f4b6,8912f8d5d99e5cfc0b7b2aa7802f72dd8436542580fbd621ace58d7293ab6311,pad_0036,4967,4049904.2212382443,4275502.26884518,5268588.677564239,5364526.209574849
pad_out,2,85380836,f0cb49a385f7869738a27c790053ed2e9c43896399bb66e9395eb0e15191738f,pad_0019,6618,225697.2928131921,352114.5813463687,490880.9869421846,606831.1996145525
pad_out,2,87695469,a97e785bf2176de1dc0cd3ad57527650ad603d5cc28099a693b227b1f69f22e4,pad_0132,7003,222051.3595617193,228506.63579195787,771569.8306973693,671244.0856773534
pad_out,2,8995c945,3af3da2aba83cd3074d21d485e222925996e7fd4ced2f44bda689ece6b095f11,pad_0120,6724,5902122.839682818,5084003.769692055,3901421.321254593,3486128.067849421
pad_out,2,89f36adf,4fda334dc83ec4af64a6021ccc157bac3a06065740e20a3fc29cda6672c18810,pad_0020,5292,123411.48458867156,103630.72081946944,168843.37923448283,138556.75116501126
pad_out,2,8ac2f237,4326340358eff02a50b844e28b4bacb4ff6d07f577487f65da41a3a1287b64c3,pad_0036,5319,3053425.2707442176,3264061.6011472363,3421753.458567434,3564207.7899795244
pad_out,2,8bda1a11,d739cc9d48bcb00383c605819fb844d1ff20c433af6d5aa047a89be278509bed,pad_0093,5981,315948.33979104034,308748.42070663103,298162.69978173386,282859.8778036709
pad_out,2,8c8348e8,959df0f712d499eda4ddf8a69f97c2aa82b4d280895cf5cd1a6daceba381635f,pad_0102,3888,110040.02548637902,78657.12793679653,74757.84642869106,62311.729633642
pad_out,2,8d92cb49,a65ca9b85cad2e079c0b7d59cb45b625bc388db86f99d6b9ea3b803f8a1d3061,pad_0008,3589,162773.1538901813,195193.98994417675,179703.89156629785,193248.43576350785
pad_out,2,8f201368,65f98f51e14997253e66b5c983449f4b597d9bf2c89284166118b8f150019d2c,pad_0019,6349,3734200.189018287,2886824.204102052,3310308.4355709073,2680028.0092124557
pad_out,2,9283ae69,9387ca0fd73786e2172c512af7125ed48aba9df2472471dbfc560af48fa41905,pad_0140,3371,62048.91947975287,58001.54475379625,74714.64645617109,68326.61754174005
pad_out,2,9298ad5b,bd20c1e6353eb75dc80e4f07f9cf3a35a52e53fc9b468f3715a83b155a2869ba,pad_0141,3964,410064.5734659843,410796.91695245134,323381.4451052051,330661.20624698786
pad_out,2,9314ff13,9ab9e19e99b3b5e09f10270d8882ecaccfd95190709280e8b082530c04989c00,pad_0122,2748,292525.37803748413,168071.16005972616,307768.24336741294,203095.8030759801
pad_out,2,939d9c34,fec0ab621a59df1cef9428d91717385818347a992aca6348f9d883a908fde6af,pad_0012,5101,1565499.6786124688,919861.6778340859,1121172.1260128822,715284.850723533
pad_out,2,940e709a,f9def5e6aab2c39cdd3334d9264bace61582cf71b9e9fa388c4e3053394d7d3f,pad_0140,3348,242586.3251169454,140985.36693766064,297984.4768109946,199860.61160315824
pad_out,2,95b559e7,fb64fa9f182f6a42d8a3542ddb6ccb419828696ba188e479a1657660a3eeadd7,pad_0020,2887,610678.8590995,592042.8595363713,318797.9092538198,328156.4928270678
pad_out,2,96b7eea1,aacf3cadf4363127dcbca1b3f029942c090d7870dc3391e8d556a118d7cb7d10,pad_0142,4332,139283.83028934782,120309.22806775136,143754.82012132817,124737.59902501504
pad_out,2,992c99e8,9a5cb117ba2fb13e20ccd3e20b9c3be68d871ad9bbc57e8e8325c17cbd70c27f,pad_0036,4904,750412.0519046336,720328.971087483,619136.7181104957,606718.4509993399
pad_out,2,992ce078,0cb637ad979ceb19cbbbbad2abfa2b2829b1f15ba07529ef9b846ad7be1900cd,pad_0122,2879,421846.3736738187,583272.9517396716,291941.68699008453,413179.9987635031
pad_out,2,995ff498,7974b49a291ea95365c2d7678004680d49404e31bdd3fd539c8af6e329abd558,pad_0019,4526,350489.38298887573,319610.4052805949,545477.2780473944,488648.26200410374
pad_out,2,9d3ec64c,b6c996e432d69f5b45c70b7805bed23e60119468c0db58d4d698433dc227b9f4,pad_0147,3480,198190.12969901477,45162.96145191002,258662.8282890491,97461.25316028768
pad_out,2,9da441ba,3808a2ee901c29724ee632bebf87715742f5d9fe2d803e267d503c136803a1af,pad_0036,5783,651255.2593571664,586368.9538166097,480514.8214222596,450351.09170129965
pad_out,2,9def2eb2,3f9bc61d7ff6608e3ddc7b73a5e5a95109d6e16b5c7788ce92c68cdd90e4702d,pad_0063,6003,187442.64643528365,183250.42633073078,224844.25621245275,234381.42399181193
pad_out,2,a0b83014,90e165bd227ae51a0d83dc9c9a1aaa1d79d182212d6a7eee5956df601f40714d,pad_0036,5035,1201606.8296262713,1213127.0374295588,827846.18963075,864516.0981977121
pad_out,2,a0e92ed6,64c983623df6da7ce326d3535481d8eb2cbb2492a69064968f210a3ae59a98a4,pad_0036,4897,268770.1098724515,465694.09705838433,235358.24237321914,356639.1183806096
pad_out,2,a247e7cf,b4c87f59c46bde1566cc365abd6dbf329143b0ec30783c70a232105661a549df,pad_0093,5674,223124.04416126502,112826.28127671614,114847.33022530195,59086.352805628936
pad_out,2,a622ce4d,cfbf0436de45a50c8f17dcdd3dc1c5193162bba60620737a0ff0a24914ec2458,pad_0036,6298,1936809.4405320627,1639051.3715435946,1924369.0954557688,1675046.0026014734
pad_out,2,a6ed2eff,120bb9c680d13a6a18df00b33337635374d18513d8fae157c0c7cb0c229a7247,pad_0036,5275,259964.32882526115,268843.5056658602,298853.82366604405,295356.0889510852
pad_out,2,a7fc3e6b,169f7cec3f4e8ad0457b5ec43d21a2872d91f1a7ead2ccc631b29db268a2ac71,pad_0152,4764,1265697.285818681,935521.10604105,1263494.595786789,1006888.9207200643
pad_out,2,a8ed028a,1c584189e1cd0a4402a01017b272f2a5b8971a38d90f7882ba17419353ccdeb9,pad_0106,5538,2456588.6836363375,2505425.6272232216,2960275.482793612,2958717.4243673487
pad_out,2,a9c9b150,f16b26bef3c8e17a880717b0ed5764d5999921f5860b1a3eaecb7a884e4ed377,pad_0142,3986,70739.17446856321,115572.85159716425,112965.02784713624,151205.8446702045
pad_out,2,aaaf3c03,7ee5f165c61cc617be6e68eedf9eb5b3796f603f28e1e74ff2241e615b55d234,pad_0122,2997,976546.221277725,963487.1647982637,880614.1910356804,876773.992086089
pad_out,2,ae069086,5bf560245e9d9e3dc2c1a0af1b0b67304c7257cf1970e256ee8db9e8798667ae,pad_0101,4770,463711.45579163905,493163.0754110715,524683.1868549515,551178.224974905
pad_out,2,aee6393a,4c83eb6126b1a22feede0a704edc093336419cf75fc24a813f70c899b437af40,pad_0076,5865,239360.34100845395,306269.4145652505,193253.7080926572,247581.17635110687
pad_out,2,b04b58a3,728c7755852785a28381adb88b96a21c1c4deeb34f94c636b0303aa11110ce72,pad_0154,3402,277536.3622330394,256541.04730058424,274072.9769536937,272484.6507099498
pad_out,2,b0d42b0d,a1c99a20ff26641b67aaaaa4fd5c6653cee9db4758c648a0784ca64b35cc15f7,pad_0142,4971,1059470.4682018044,1675765.753764669,1261636.3473691214,1778314.97894995
pad_out,2,b37fd114,771295c0db949db5aaa476c0fda34d2b1ca6c6d89b7ac0847ac95689b6f7ab80,pad_0155,8161,2161850.6257866053,1723748.7456220796,1392324.2671912212,1165069.7739669625
pad_out,2,b585b4fa,d1f6b9f7f734f107b239bf8375bab08244cf0cf1276f3249334a02cbfda80fc2,pad_0019,4294,163931.96826600432,172269.01181255502,125842.0987226557,130894.99122797747
pad_out,2,b7cdcecb,e36fab9d9c34d82bf6deada876717ee0b6fb9295aea184f1f888c5fa96e8b6c5,pad_0093,6168,71835.9837903638,117372.84292045874,49943.873914354204,77799.88192797097
pad_out,2,b95e7121,b6b902e1a1fae46e34794a981ce77a427e1d85b5bf493cc2a1b9190134a07211,pad_0036,6306,1621949.179188411,829622.5602729546,2809614.1918436596,1854170.960341176
pad_out,2,b977be4a,0d2712e8cedd8c6b95a2e3f510b5c03e58fc4027e0ac59c53bb51a601f3d38c1,pad_0036,5917,2106868.706106171,2098874.4171809857,1714179.562661221,1748886.1284541795
pad_out,2,bb2cdd83,2d4df2a4164cdfb9b03883c322126baa7c3431b6a149e4ae9d125c0f9412284b,pad_0019,3825,79261.54493634704,110926.35049251173,79165.88127188031,103433.01057590771
pad_out,2,bd2c2f34,3b14194a7e806ea5ed2f058a05e29a18ad80827a92316b4eae19709d88bd5294,pad_0088,9823,908803.5618251881,1041200.6932843126,871173.8905900661,978337.405072428
pad_out,2,bd6f0e19,caa23241de2e5d0e7775750bc834bf2f0ded9988ebe53d27f1d2aaed64794513,pad_0036,5140,290926.0335778373,134803.98452228768,188757.60389023888,94663.97829797478
pad_out,2,c2c4db09,ab387e5ad38d17e20321cec14ddd745ea25498fd1272e74d1879ab91910f1e57,pad_0036,6039,601273.7638635146,613640.0020997757,654341.6103988667,660479.9883767657
pad_out,2,c50b42f6,90f9b254670aa6036b815ddac550e5215baa493fab24b2d850e7ba8020d2934b,pad_0093,6014,909055.9974047919,951445.3791810595,1272690.938541509,1277366.8408407895
pad_out,2,c84c65be,c9f91c7eb396a95b6b242a254e6b0355acb167251acd85df68412bfa0cdae8cc,pad_0132,8496,698677.283386724,521226.73899010697,555721.3952523156,427056.76462260354
pad_out,2,c908edd0,0d2712e8cedd8c6b95a2e3f510b5c03e58fc4027e0ac59c53bb51a601f3d38c1,pad_0036,5293,1513426.84903548,1998832.4844934652,810405.942199178,1167379.377052019
pad_out,2,cd7f1687,2bc5ba2f707603536d7baef0dd4e21ce6873f34f5789fc8a79ba44241cdf7370,pad_0008,4232,103749.65408384353,122528.26041061932,140663.76981243974,161161.4535367284
pad_out,2,cdc60a53,91e35c473ae5780ef29c60f37f2303e6f02fad7b88027c923be16cbebdbd2844,pad_0019,5878,280308.6049308525,317006.69670586643,198086.27524804784,223508.47202856222
pad_out,2,d07aed8f,95fe21cabbd37b526c8ede533a8342df8e9550f40202d522e7e03c8ed847eddf,pad_0165,2957,218838.2624743902,202345.91773421777,254473.07764759898,236660.49825609665
pad_out,2,d0cb63ae,9260781d76ffe713f8013c6e98a82ac60e6d6bfe1cbd1b5798327ce27fa2b05d,pad_0120,5223,936662.9211317678,1085228.3593333047,723275.7392520185,828199.3130496911
pad_out,2,d1ee630d,38ac36220980cf145d4f25ea6383c38d6417d05d9075adfc19e31afb1ba76007,pad_0036,6290,268668.2954707933,262940.6108179795,277412.26382664713,271431.7468382317
pad_out,2,d3df146b,f1eb9059ea316ccdc7d14260f9f10beebbb682fac76938a268e469ee544fa8f5,pad_0020,5787,658604.8663355694,512452.61396739446,486543.0775776878,406726.63782902656
pad_out,2,d7eb0be8,825ddd438f2fef9e77a1ce78bb50f81fa13ef416264a1b55b6291f20c2fec415,pad_0106,5401,6266630.3760664575,5394966.669258198,5788681.925977454,5120914.90621914
pad_out,2,d9ae59b2,675148ef66b9efa86d403ce30cb177bf57389477c949d135218c6df60a73c17a,pad_0027,3648,359403.9064506283,405122.72847888526,444366.73477469047,476706.2443350477
pad_out,2,da3bfe4e,2e69835c358e0dc9f3c9d00732a78d782e9927c3072eb90dc5302de044523a59,pad_0093,5549,4022760.5829075472,3050338.559797685,4007631.8501839708,3197293.775961132
pad_out,2,da940160,bdb0a78ac1cb0456c76de3cf475c1e1ebc6d24fc1c693dff7fd2d8bf5eb3d3e3,pad_0036,5132,406957.93282949005,455186.1785848794,280696.463323002,323557.6863628759
pad_out,2,dd168de0,ead450a96ca96fa9352a8c21e35e4285f5fd5d63562ccf76babf57faf6373ed1,pad_0140,3304,59281.935098546994,55737.22295223626,83657.38780157565,77406.5298210353
pad_out,2,dd6bc5b2,b833ee5a84d08a0c6eea2580614bb6e7787ce160991f7ee7c70895d8e58d90de,pad_0141,3602,47220.26616738945,38118.692341717564,132270.9901176703,110873.74958453485
pad_out,2,ddc790ff,a82b716f5138f8248cfb9b392ac183898c869c30412b8964ccf2a6698f75ea54,pad_0036,4726,392073.66886641225,463663.88367024186,293144.5752012789,350862.3197956646
pad_out,2,df71d1ff,c5b65501e7d0eaa365219aa35cfd74dec257030bf406f753f48973621301e7e5,pad_0093,6228,1197596.1909082676,1147841.0060684888,2461991.890093324,2267726.4184993342
pad_out,2,e149204f,bbd3044e885d1c02847dcd4b8748d8698de89433bf07accc75736c81f4d9332d,pad_0093,6097,165959.82023889397,139965.5254917103,182424.8922414778,157847.87575841622
pad_out,2,e32da4ec,a7045d6a9539ae89799f421010880bc3b78baa9b525fda23a941736a377a40f4,pad_0036,4689,169927.72554679122,195881.8077394813,209205.52651394007,240937.44178559922
pad_out,2,e4726608,f31bd847ecfbc4509ad178abca4d300732bdd3a2f4a5d4c9e63ad58907147f55,pad_0036,4733,96805.57813052929,68547.50454272758,72379.11211696942,58889.32088915665
pad_out,2,e7818f7a,86686cf2bb05e2e71a25c61c5c7a82604ffc69422cedc6c91bb674b402216cd4,pad_0027,5371,435025.01961989066,372139.39310035226,269735.5249400263,239725.701202274
pad_out,2,e85074c5,b612a6fde2db865d0d7df6bf0b29a7d8feefc27249e5ecf741f4b958798e3513,pad_0076,5675,1000839.5781435918,1014751.9503061512,924977.2300909739,941235.442813166
pad_out,2,eac10e86,32862fffdafd4c9e7a92d2d30c6996a47cb63e2d3097911a35244ee4342e9086,pad_0093,6067,144655.2980910962,120515.74860289406,232613.73966474718,197211.7514053249
pad_out,2,ec0d597b,21a92c21c6f8d2d1a463d93f63abe4924bbfa16650c6347cfa32cfac225ce51b,pad_0175,4616,800028.7996296416,854111.35388684,688720.2592107785,735881.6612748966
pad_out,2,ecdaf714,0e6e40a774909dd28c3e296f188927e9277c62c29ad9f8f07b773303c2acaa76,pad_0072,6592,1757842.2772879074,1644116.83552717,1670782.0472176722,1586613.2445799923
pad_out,2,efe96181,b193c76a45a48dc3b44b3f9b05624f99422e59e876e1ab3cb4e62711ee83744a,pad_0177,4012,2729518.7927014306,3542131.288797618,3518547.567028463,4153542.34601128
pad_out,2,f631da6e,019a54305464195b7280930d3eebe66d99d14b25c923b4ca5962ca27005eaf31,pad_0142,4093,52458.97983158777,65953.41342029706,59567.118051270576,75280.97755801011
pad_out,2,f6824bb0,5b3baf7848a3591b1d52dea81918e62644c804e0ca265e2542da5d1931249fd2,pad_0019,5015,799656.4155283903,733010.2248032318,1557933.345138898,1407109.7713646926
pad_out,2,f6bc699b,c439009fd48cc604c00832150e4328517db9127d844bbd0d7425ae74194acb63,pad_0062,3752,113699.56062917257,115951.60843648268,108912.2902392354,111357.44988262415
pad_out,2,f6d009f4,4116782495e81a1a16cd3d9fc574285497aa41e0ecaf4bb337096d69f20aa82b,pad_0120,6715,12178823.418357678,12411035.927560542,9382582.552279007,9763030.697594248
pad_out,2,f8afa78a,880e4dc3ca7b8b051c9fb6b372f9610c029e850693824f249a315b742f1883ee,pad_0093,6032,757230.7220961828,1045968.2547436118,902731.3642034228,1151270.8594088124
pad_out,2,fa16d114,72afa3ed1605bfd217c8395987536199f62b9bb7c7860ef790a45cd4518ec395,pad_0093,5686,2443093.7607927746,3363513.2588384277,2896116.8276533564,3650308.542284673
pad_out,2,fb73b13a,8085e0777ffbc2945e118e0fabf273d5e4919321f81732f3f890495c3b72dc84,pad_0120,5640,1662242.4193806492,1060220.4285500592,1358601.0015101274,935931.7097147936
pad_out,2,fcfcc902,2bc5ba2f707603536d7baef0dd4e21ce6873f34f5789fc8a79ba44241cdf7370,pad_0008,2791,126241.17098003927,118517.09792257144,106930.66938179533,102527.73193643542
pad_out,2,fde20ecf,93996f60a5c70930429ff72ac9c649a6a952ad8c342cf442b57b4722164a26a7,pad_0020,4667,980399.5312798099,714437.0362675525,622013.4202639326,468381.4953404587
pad_out,3,028d7b28,cf34ef2df48068d83528821f0f8e32dec2db346367954621966ebf60c3298a58,pad_0003,6234,1339208.210408854,2148304.2921379996,1873863.2913896393,2700539.706552529
pad_out,3,02e7fe5a,94eb27fdcd1e89991e52679204f459ba6a9cd201237026b9975699fdbb7d8979,pad_0004,5108,227148.8033738917,228069.4838037843,238225.1426500512,237510.03704269044
pad_out,3,0390d174,80609917007c64645d6f35a47df64ad837e411a8b8fee77e45eb85a3c4a9ebc3,pad_0005,4411,680369.442049091,515814.383160187,709190.0113970605,557545.182413071
pad_out,3,05948241,5ab4339d7034e454646b998f1b44be942484101835d79b0b12d28289741c4924,pad_0010,3879,74387.63441686063,82000.97288105264,51431.29659819426,58765.97371472822
pad_out,3,09053135,935f98cead6e1f3e4ca36826144f70f78bdea34dda4f01a06f61ef63ab51026e,pad_0018,5907,1138250.7863968972,1515648.7916561281,1042412.0354438545,1371141.0542608553
pad_out,3,0a57a29c,968954f85660d13f4233de3ad6bd7dee677b11761336c06609b19d1489e8c2cc,pad_0022,5821,267452.97306363226,209821.99173666965,340572.4651820895,308903.8227625258
pad_out,3,0be01c24,713dcb8326bf0288331ac5d11c90397b5da461cb92c1b54d80ceb694d334a723,pad_0024,4738,96430.55188457706,70696.48987712778,105373.8891973442,81415.68017721611
pad_out,3,0c1b160c,cf4443772926c4fa3b4b257a97e46535e3e360191e767ab5f36959e7c6e0a932,pad_0025,5054,161661.51418950822,158314.36961112003,133213.09034830923,102725.38779462539
pad_out,3,0dd99dc5,2acc6f0e53c607264873cbf98ba184fd285b7919bc79aec71552698ab9984897,pad_0003,7342,407849.0691999724,426972.92525988724,240337.818668399,315557.8342059311
pad_out,3,109d9d70,4e974db4a97bde4344d373a4a292cfce86f8287c2b06a123035d85644b129673,pad_0029,4215,857789.8951062005,822310.04608658,927483.0738056354,887369.0729904709
pad_out,3,10b89021,94eb27fdcd1e89991e52679204f459ba6a9cd201237026b9975699fdbb7d8979,pad_0004,5414,682266.0179131457,596558.0791558537,423840.32454108074,377484.9679359763
pad_out,3,122bd617,162a82494f516ee0a3b93c8126912b4a33b4abd9e7a1bb895790ed8c2b0cb9c6,pad_0010,4570,269363.9251345264,236541.0226273142,249481.61401724594,228060.20209448788
pad_out,3,13ce113d,b0c0dc90d5a99209e09e24b1a23b8c2bd08aee6d7b24b0e9d283a5119026895e,pad_0038,2966,59485.073007941515,97420.68519251118,35860.06627425461,64479.20061611218
pad_out,3,13f598d9,5f436200ca5d460892f7acbd1b82d8ed2147bd9b9b7c1189d724bb25e1b76cc3,pad_0003,7306,336990.60793854704,339281.0363833064,289296.0956406774,293845.9458371326
pad_out,3,1550491d,726ff9dd17fdd1753bc0bd3e85cc0fd04d9d5b177b62b564fcb85d033c1f6f7a,pad_0024,4563,102812.20381456803,93876.78524041879,97093.45556364596,87026.79781564277
pad_out,3,1619e2ca,6b5aae65bf00a2da7b4b2ef958626293cd17cb95af55994df61b7ed11c979b5b,pad_0042,4443,118434.80225505127,165070.81584920926,132958.45886554246,176402.97099009543
pad_out,3,1770d7c6,4609857f1ecdc5329618ec01f7ac6aee08aea2f83f42dba47db609229f7d4ba9,pad_0003,7240,293286.30062768795,309387.11968153244,285397.4190891342,314793.23478465155
pad_out,3,177622d7,3c8f37fcfb72f23197c07cc40afb5726f3a665ab8e2b30f04f912343d690ab05,pad_0045,3154,248579.7701972791,156536.06481000286,241235.76021406043,158087.90733596846
pad_out,3,1944513c,7cc18a46da085c918409aa5b1fdca763fddf4a700f6958ad528f16f152e4f495,pad_0024,4722,465049.8291018889,452100.6162327355,396966.3190999925,390803.53566048184
pad_out,3,198a5607,7777dbe446a81a3bbfcb6d9bac2cb0c618c36d56114ffa030232437de456ceed,pad_0047,6251,613999.1647915196,709809.548005787,428058.5084132686,515332.89876069396
pad_out,3,1b1c5372,8b0fa1fef698e9d3ae02ed20d423d1845407456dc4b5acbe2c4439bc24a73cca,pad_0005,4261,1632117.7401209006,1180630.6503273742,1585976.8330417448,1175725.3151757547
pad_out,3,1b82b665,98be4c50a3d406a60b7c31bc52394f020b295f51112646273a7f444556e55896,pad_0005,3806,85401.75997587557,107028.60102203277,88513.20923799454,114219.4324061625
pad_out,3,201661b5,eb7ba9e103cc68ad7c6ed3701918b06444b2f42629b61bbaa0f5a61fd447d952,pad_0058,5955,1039223.9842507276,1172498.870175471,875128.6336201065,987378.2563442457
pad_out,3,2075c696,01721017b46d051422fe36ee6b2f089b887d04e6ed4d8f6600e6c66bbd0d9e5e,pad_0060,3188,1012327.3094676612,1105121.8644043996,982885.1016748515,1066633.5145890121
pad_out,3,26623a50,1b716f3da0137152ccf418fd9e2398a24f9a61c15d758b725b229bbe9f713cc4,pad_0024,5735,698626.6532262461,1007215.086940898,795505.4457286927,1088493.3314174563
pad_out,3,272abef3,cadcf5d1f3d1a6421a9fc2a853f76ecba953c1c11393da9820b3084c9c1c2e06,pad_0065,4135,367867.2435576237,493074.8775559178,272238.85758400493,372192.9234790478
pad_out,3,2d9f6cb9,42a3af865ef0f58fc4c9e4b872c3dce131cf8e43b0404b6ce77b797ccfaebc70,pad_0003,7338,554443.4792563405,411044.03951464203,527091.753466968,408862.3317083223
pad_out,3,2e29e833,d289945431da7bd72b2738b01e83530007029682d0ab1424559fe579edbc03f0,pad_0078,5428,109949.31154889912,112933.86600894865,105113.71241534801,108414.92566927681
pad_out,3,2fd68f7b,ddcd92dee484e99c50968017fdc9ec9ed293db064f151dc95eec6c20ca9ee68b,pad_0005,4730,13503799.525804093,12107508.093107637,12082341.275417585,10976919.171156276
pad_out,3,310c71a5,f7d26a773ffe3b5c3f1b5b81bfd779295f559d2f56c9b8b694e39a5ed9e6b899,pad_0022,5245,170078.63223312964,173984.41346296252,178594.6012052784,178165.54590549995
pad_out,3,3417285d,94eb27fdcd1e89991e52679204f459ba6a9cd201237026b9975699fdbb7d8979,pad_0004,5449,5037742.533444072,4493338.322035047,5197936.237401631,4689420.112435311
pad_out,3,35b30c7f,7d4cb9db13ef6de69276c748bb6ce5fd296c23edec32a06701eab4015446f7fe,pad_0086,9579,2693965.982197704,3870430.4664285816,1507739.981473398,2432675.0973044084
pad_out,3,35b3ef6a,ab50c5ae5d104155e2f33600ffd0b339fd8194ea6483a1fddd307b8a54564611,pad_0087,3904,769938.8509406458,864840.7306298794,671116.0828403484,754399.7420799304
pad_out,3,38991fd4,5f0e18ced9057064f59992a624787f685f3caac4a49a5012a180fb39b53ec461,pad_0089,4798,468490.1195901755,667448.6307431273,661712.6504354931,857641.0266977423
pad_out,3,389ae58f,f33493637725c205e25508a4c494ef4e6b497239f30072cab97702ff3b8d9aee,pad_0090,6463,16585567.688360102,15516541.340250768,16700113.311912322,15721751.762130506
pad_out,3,3a0af893,795ceb2877294695b18098c4ff121d52ab9a2090923d65274c9d643652635681,pad_0029,2927,1386410.4044372095,1550013.0263046594,1417977.7684984386,1563963.5000008303
pad_out,3,3a86fe8d,a3e4c2698e23bc1997362d1250234a47ea22a65fc044fbd54423e17798d5b6d7,pad_0092,5118,99439.62806206633,146693.92461640085,144886.53414773938,208294.4035700999
pad_out,3,3b21ea64,427b3f00779bac2e904948a10e533879d2b687c1f692d61561c1f6ad808558c4,pad_0003,7376,437930.1484317706,393729.7725276969,614819.689022475,537472.9266603185
pad_out,3,43e16325,17dd7047ba15df4b38ece2aeadf3d335e2f94806c84693b83afed9479395a487,pad_0100,3720,7840415.024831417,6617904.133850848,6868174.210545636,5893461.509149717
pad_out,3,46a301e9,e04e3ee2d71b89720a68cce9eff85aa6fb5d7de1264757b59ac29b6df6c7e242,pad_0025,8226,1382023.0916022973,1083242.7070268672,1456090.8748312232,1177659.0177321816
pad_out,3,46d41ff6,88ee70cfea712e4a9ff02b675ac31a918fc2de674334f317280fe1a90266a3d9,pad_0103,7901,341994.4073287171,365157.66954694735,296269.387610313,315513.95847005484
pad_out,3,4b831d20,376bfd0e40206f3dd0c060278bcee733949f91c4933fa9d6765b3fcdaacaabdb,pad_0003,7312,2725290.332783388,2201044.8061321634,1843921.7691399385,1500558.9319632705
pad_out,3,4caa7289,c627171855034f4221adec89878ee6d71deda902d021f251a7e4918481e28ad0,pad_0022,5396,344081.3651833584,421067.88219275273,119000.44143727704,151777.7678209102
pad_out,3,512943b2,864bf20bf52e7e624579999dda808c9b4b179842ce038c5b8e791904f2be87a2,pad_0024,5029,128313.2099992043,168243.43464131272,184516.38293231506,226324.5467042037
pad_out,3,5397ceb1,1d246f9e173d55129cb86625770a218451966ce1d198a2fb0c808b987aab502f,pad_0018,5255,254726.35089284848,212802.3330863748,251008.43280039518,196052.72047468423
pad_out,3,54a7e3c2,0bc0ec4591359acfe5aa50eba0006f09cecd9a90074cc473ab23a2c690ee8ce4,pad_0047,6155,414854.2947560882,243652.9505213998,458573.939380563,286883.34623740695
pad_out,3,577eec7c,d7832f14648828319589b30f7d483ff7ed9351f89c72a59d8a7f062eaee12551,pad_0113,4539,945415.4638012608,770817.1471582155,845246.8365868926,722127.2010002761
pad_out,3,593876b6,c7872ee7117c41ba1d99d6e61b4327ec003f5da7a7a342903078f6e207eba52c,pad_0024,4842,126444.03763910069,96331.02344507573,78711.19933325678,100157.82724487547
pad_out,3,5b7b6324,9371500cede8f72ae96da474db495f63a6e5c5e119a8483123229c49416c2137,pad_0103,6564,1335886.6045917426,1114224.7473283014,1471154.8187838737,1218687.2979626507
pad_out,3,5d11dfb5,f8c00a5a972dcd9f4bb2281ff9b65ce169223d96e0932ad580d03c43391d4a1e,pad_0004,5895,496700.4277003442,508281.9693180394,412930.09541071765,432694.18166835094
pad_out,3,5d7198fd,565183199767efa5006a4c279be023c284be01f033b5757904d452d98bb29063,pad_0029,3368,390152.8255436983,206903.4228191065,424495.87148386997,254045.87418249084
pad_out,3,5fffa282,f85d78dbbdf0306cc2271037feaafc8a640c0f6591d928048b621469661f3ffa,pad_0092,4201,28346.627232285133,37743.10509270766,74554.83364168038,70832.48460534512
pad_out,3,61f27424,34a80cc8c30752823c8b33af284994ee9a8602d3af3658d378fac4d08deb489c,pad_0004,6220,101321.37564839053,44251.20836133798,101419.06505027281,50748.78840900142
pad_out,3,633774dc,75bb823a6ee0e62b601b47b8d51cb3010028ffbf35184e13ed8164bf1080adc7,pad_0047,6233,602924.6044623104,828261.3126788158,723131.9670212424,936360.0392608143
pad_out,3,65a5466a,49cf81c51fdc85e455ac7a9e13f419d0dede50d13da195a23be06ad88d34dc5a,pad_0005,4683,508537.94424997177,595683.460496443,504431.4274705704,583083.0877554178
pad_out,3,67847288,838b18d99e86ae0fc3bea66a115ca67810ef11a113d0012ea1f9e5736f6db734,pad_0003,7429,2777097.3287724853,2724231.3211441836,2268124.6105313525,2255771.9860169124
pad_out,3,6ae68655,94eb27fdcd1e89991e52679204f459ba6a9cd201237026b9975699fdbb7d8979,pad_0004,4204,376971.93361656356,487418.6604642208,240853.77850784274,326200.5998282541
pad_out,3,6dbe4b60,b95292cf342ad3d202d33ccac81656a844bcf5528139fe771061fefe42c88c02,pad_0024,4648,471471.56474746834,392535.97663752397,358926.3098624903,306656.4550819197
pad_out,3,6e6d122c,6445a832e0e5792583b8dcf276561230595172897074888a40c0649b815bb826,pad_0123,5632,599195.3670628874,736464.9668133474,748858.6241267417,879630.8056011847
pad_out,3,6ede926a,aded941f0a831b8964396e7895fd6126fc5e98a924b61f25c7a93af08f53d9ff,pad_0022,4938,87817.17215452236,195146.7556372978,98590.62008873463,265609.92528642004
pad_out,3,7224331b,16c07db20760704e8d919aebdd49bcf6be5378c791c6accfb604917c298fa0d1,pad_0004,6063,197981.08177436283,343097.023876012,58662.5206834659,115215.2152461255
pad_out,3,739a914f,92dd06c665eced0fa718f269e8cd8de1d00dfe67644aa6da13c809b1098219b9,pad_0024,5505,1180584.756042348,766010.837142051,1914204.982937707,1279902.5022726376
pad_out,3,73b1447d,c26329d9ef083440f8c45b1592e28e1176262f7492a807bd0fd05cc2d9c7cdff,pad_0123,5670,1048379.0414207747,785709.6596428604,727432.7734922762,556812.3880138282
pad_out,3,74b6186b,b5dc5cc465c01298d970402ddfb60af257d440405571535a5de0d441af907546,pad_0010,3405,22922.47283490997,12686.122171534778,29631.949844142953,20008.383546358597
pad_out,3,76201745,8ce4a341e9bc065638904b8366cc4320b12040658157f87095734879705be08b,pad_0005,4448,320471.94765134796,379223.9560024382,483980.6917216681,512377.08945424046
pad_out,3,7993a768,94eb27fdcd1e89991e52679204f459ba6a9cd201237026b9975699fdbb7d8979,pad_0004,5487,1074214.1839056378,554193.2511244952,713623.1398346869,356130.62679822074
pad_out,3,811f52b3,dc96640bce8bfcbbd21f02c3c19af5946deb8d938aba171eb014fb6e63c204c3,pad_0022,4836,59279.18700471874,94457.59002875938,32052.197217921275,48096.47250826031
pad_out,3,82aab6d2,680f8bac825b01b8ad269825142ee787cd1db8b1a466ce119ca01d2c8d8f1833,pad_0004,6140,1629740.0296292533,901324.0239472361,1577145.8194403537,926462.3643141009
pad_out,3,861e71df,f9bdc277831468565f7d754f811aadc9df83219218cb3bc7e1b32c8a8ed3cac5,pad_0024,4700,548541.9600254608,429643.5874483668,1222233.6451881053,992830.3048576758
pad_out,3,8902c3f6,4dec6401336e54eb74f875d3aa01a613358ee148a951222a8c0167c1f2f88f7d,pad_0134,4959,300692.0331490839,390295.9833791772,529231.159147919,596471.6647241464
pad_out,3,896d15b9,dacc65e90a97616fe9d40256bbf96796879da41f633c96cd9d13553949f74c48,pad_0135,4279,1675886.9126976836,1389911.558953771,1217404.5871115716,1027313.8948258779
pad_out,3,8b95d6d1,78ce54089f11c0bf57f09a1665923f45572229f5ef37733f6f54c41c62e2140e,pad_0134,1731,12758.633432764625,33638.07347348063,8891.141418421183,31968.577910840904
pad_out,3,8bb9c1e6,bab231c063e9e45695a2e623b34d94fefb4971045eb85a69156c6ba277d24515,pad_0022,4546,21108.684438532007,20911.122542953366,34667.37843164509,27893.587911791245
pad_out,3,8c167025,f3b413b199ad12af9ceb4e01fdd8edf62c1df66a661703ec4f7747f8db321e4b,pad_0137,5368,433004.92201279977,544910.7892216953,272659.6027122692,371921.4047504037
pad_out,3,8d5d46d7,7a0fb475705846f8a404666b698ef2ee0bf308a855cca2441efd65b7c253f4f8,pad_0022,5755,948758.1546940461,945911.810741606,1141584.3450710224,1123709.6315173751
pad_out,3,944f36b9,1ffdf6ee773add00e0d8f988fa2cbae091a244632f1289cb1940693431c6e714,pad_0005,4630,28714.385845976238,31562.84512369201,33199.14207050135,41507.059376583784
pad_out,3,96936c22,944631a73e6c50387ccb5fb04456782592bf59ee3212245337488bf820878731,pad_0045,3346,55307.95112865871,92001.55498673546,45345.07823218242,72767.99333626401
pad_out,3,96ae5806,eccf09e90835e79a1fdc9aec99e617ad4188505d485139ad7fb1a0ebbf8f0de2,pad_0103,9839,993450.5927601192,1046898.1944031172,630188.7154977656,692893.9849464365
pad_out,3,97cd5bf9,00515fd5f60fd84258cc5851b11607221501a58a5f55a9ef54ed8b0129a5e54f,pad_0144,3449,321498.9325669967,238786.6133824266,82692.12332471632,52200.42721565808
pad_out,3,99529c45,0f072b090daae1c69a5b681ea651254ef386601581c509525f7ce3ce1936496f,pad_0145,5840,2094078.4736943408,2797968.7645933963,2132543.161613105,2764106.181084984
pad_out,3,9a6b0392,470a96ef6b1238f0cfcccfcc1bec562d5fe76daa2a58214302ffbbb995b53980,pad_0005,4255,654873.8848309175,578485.9410367685,781475.7816134173,697361.8906569225
pad_out,3,9b5b61c1,25b88a41babe644af84cca28db162d144200b69825cf975dc506cc32a4bfba8f,pad_0025,5532,24879.454169660923,38969.57073629261,49056.5714447693,48618.317907874276
pad_out,3,9b9e3b49,c2e9bed713b61b3f9659e99d94e6baea6e0a3335cc14a6a1a9cbfd17dff6483b,pad_0024,5118,331296.7433428001,319013.157258264,327554.23956330423,316725.13272508996
pad_out,3,9bd2bba3,83a81c26fe17d9f2fa32843020527727b76f2263e548278bb2410358e37d1d68,pad_0003,7439,914459.8391475126,860017.6291201698,834816.2454579168,793846.2333214151
pad_out,3,9dede370,a929ad4f6cded95a04a205e53a71d194f3702d5e2b8f4cf97c97c8d698806be5,pad_0004,6297,716396.7043939664,744168.4751721906,919169.6403496098,932799.5255448095
pad_out,3,9efc812e,3a9771085ad359e914266d205d70ea3fde040a2f4e625a895fb6b3694a9421a7,pad_0150,4450,288740.85109204997,475353.73103549,197412.57416819688,336171.2034998224
pad_out,3,a2e8e7f6,78ce54089f11c0bf57f09a1665923f45572229f5ef37733f6f54c41c62e2140e,pad_0134,4760,1145250.4085768638,1369754.0020628208,834304.0347589378,1031358.3640945634
pad_out,3,a3518960,278d1343ac0a079cd3a63e14f85058fe3652cfff125ea6a1980169febfc868d2,pad_0078,4967,82644.5342655092,81950.11379592687,75026.01433779782,75329.44045964011
pad_out,3,a4719920,580c951a9759a70bc1a639e99c5ac4ecf63018dbd669c3ff22179bd50d6961ce,pad_0018,5884,157066.7300461969,142844.90383434534,319346.1327896902,250648.74997370757
pad_out,3,a4f989c2,6ba409d6a11775872bb6647dec72c77c3f90b083fe300f4ec6e029a964c60537,pad_0025,5385,360149.4340235353,219896.55222288636,729010.0228458729,505004.1162633591
pad_out,3,a612d5a0,84ce733c0f412a82c5875d900270688cc4c2061766e8fadbb39693da15a04ecc,pad_0025,5329,569293.5941080976,420657.6962124275,540913.3202408687,409147.5008968443
pad_out,3,a76db406,f88b28dc1e4de9c96afbd2f070e5d482ec6565f78088ea80f3db67630f3273a3,pad_0134,4672,172164.8686472587,239238.49226972187,139357.27902942678,197589.25525178225
pad_out,3,a85e4bc3,9d5b50f40e6a90a35a80c585af16f63ab7705b5d9d2b63ab4a79bf07dd4c6fd3,pad_0113,4581,197828.71674189056,221038.66960934573,272645.23608033126,305164.5304389109
pad_out,3,a959858c,501872002b497638ffb7c0d64dd458dc2b77200a119cd3e394cbd684ff0c9844,pad_0029,4404,9163081.680428606,6805938.744647628,8650443.426192077,6608583.001973998
pad_out,3,aa95015b,44b01a9512116544fff20896eb75e33144a5e7dea489156365b3061b39fb33e2,pad_0024,4300,80388.88140165289,85112.35952715656,76924.81538616974,75670.11555821013
pad_out,3,aaeffccb,2fee5147534159e599b04e1c89b602b71992d1b4dc8f668b4f9b8543b991141d,pad_0045,2712,42627.739249400474,46065.573999279804,41427.81686667157,45340.014570138694
pad_out,3,ab18d3fc,c40e607dd2c39943936e1842b3a1120361118091823ac46ffd26c27fa2575598,pad_0123,5694,769448.5017117776,600999.1271404887,724027.9826686871,579442.1008486472
pad_out,3,abf460d2,d7389f5432151af05f1bb4c1ffc928b506aeba0c19b054a22cc306fad3441c15,pad_0045,3217,50621.74005232197,52621.70137248611,130046.9417427264,133709.20128043156
pad_out,3,ae0784a8,635f2b38e9b0abd4cd2b0fb20fb82ceb3c276dc625939072046c0ce3c412131f,pad_0103,7823,318686.9905407239,349060.7760781854,294125.94810792163,265669.2964702303
pad_out,3,b5aa9634,3267580d8d460b55ca4d523323c4f5465ef272d28bcebf9f56d4bd7ee3d4b5eb,pad_0003,7326,1304126.4123278488,1061513.57707609,1381967.8755965375,1144498.303855499
pad_out,3,bc4381e2,94eb27fdcd1e89991e52679204f459ba6a9cd201237026b9975699fdbb7d8979,pad_0004,4955,2096195.388900468,1998043.7416785276,1879862.3663768892,1809555.9419132746
pad_out,3,bd4ae5da,2e4683d618857bca3d8dbd5ff075c00e5e7e3b4fe04aebd544f14149b156167d,pad_0024,5006,803132.2528870769,446920.0217620361,903887.9385262271,543122.8806660683
pad_out,3,c03b9305,f5f980c56fa3f89c03488734d51da8bea0f49537206f9bc85c62afc441296f4d,pad_0087,4255,457117.88301437563,1035305.991932066,112706.19177106123,349804.79079010535
pad_out,3,c03fba65,cad43482fed470fa776f8b9763025280432e4411038c284bcb33e891732341bf,pad_0158,3699,1245666.4596027588,982922.5292243717,1068792.0064214782,857608.5507355116
pad_out,3,c1d046f4,1ab52107f0146828fe04a80c1acf63fc96ebf4093127325aa23a599399b915cf,pad_0024,5513,256228.48077265976,167665.03470508818,212569.83798833366,134388.09739307564
pad_out,3,c2717d4f,3825b16d64084cd8d058143c315577e40e4df84d6b3ff484e4e17a499d80f8ef,pad_0024,4721,925028.8910295526,978956.4352927874,1023781.2700058422,1066023.5738685802
pad_out,3,c2c6fc71,c680da48245f1da4fd4903cee5540da85c00f02d062db3c83eb4d768ef475383,pad_0160,7119,660252.1565743721,609342.9037758042,522614.8422977332,484820.9237070536
pad_out,3,c36625df,5ddf4ded60d45e40e22ea9b6b3e199cc6b452a532f974414054bcd7c9f037c07,pad_0024,4742,54150.337911121955,53793.37484579456,50621.29262844782,50241.0545247905
pad_out,3,c43812e2,6b0a52db47eec289ea9cb80488bc1edcef4a47e61dd531ba26b7e61a87256b18,pad_0004,5527,216233.15183638793,248187.9840370292,170618.3273632526,175103.56972394703
pad_out,3,c6b782a4,e392fc3a79097a8dfd88290f776b45a908c72a7d46c96dfec06cd6b212e4fa71,pad_0089,4877,217451.68127743545,213190.74606499507,306862.62703828217,287684.1868011657
pad_out,3,c9578d27,bf6c64e0ed39d3b512577ca6a78a24473e0ae75dbf38c03ba7d2c91fc000541a,pad_0022,4487,371660.0853012009,410109.2129864869,248517.9641160059,281435.6031825424
pad_out,3,c96c018a,a892661a225b2ef91682967b419b6e35d21dd35bf07112694d9538292f700a0b,pad_0024,6236,294149.4278974052,274405.56365849724,223324.8083538295,214284.65136354146
pad_out,3,c9e6734f,28324e2fc4ef3aca1081009d968f26f1a0b374fff43a74dc5027563d1b4e5c44,pad_0150,4735,935872.6827319476,1030006.3373556463,995222.0447863926,1078951.5259319597
pad_out,3,c9e980e8,f2cf08e57726a04b1994777470373f030924aeb95ec26a72b493bc6d23dc2931,pad_0024,4359,562841.6017189823,466389.4760913354,267542.3723678761,220694.51824810577
pad_out,3,cdc31d65,ee3c880ddfd89c5f7ef93dee06e71441dce1f8524531f8d300d51aae962b6a82,pad_0123,4840,109503.18334327317,115355.44733815186,224572.386493393,179354.89252756815
pad_out,3,cf50c9d1,6b2528771fdb1f8d8ba785bcf72f609bb75f9430873020f2e4af4e339acb53dd,pad_0089,4858,2354830.693900261,1803609.7386287255,2210802.497498348,1739053.1346733742
pad_out,3,d011f41b,6ba409d6a11775872bb6647dec72c77c3f90b083fe300f4ec6e029a964c60537,pad_0025,2267,182074.9935629211,206764.20633367635,153611.26062301203,175555.6058522503
pad_out,3,d0a43760,11c7b208e224151364dddd193072f0aa4649afe62929396f575faeacdf30c8ee,pad_0150,4041,723656.337308838,695954.0640041359,525448.8799475888,517172.8026944146
pad_out,3,d217e0c5,c3a0905e50618acd5fa75024edd3fb07c9496f50c1a1295f8536bfabb52061c2,pad_0065,3838,34305.4953247839,54482.44669512741,60962.4670895636,108150.838116923
pad_out,3,d41beaf2,8a238574099b3dd5577bde2fcd3f86b6a12aa963de9aeb62874081002b229767,pad_0089,4753,677511.072738657,357058.7857301952,769161.7887079832,443032.3792840153
pad_out,3,d463e527,dd77ee64cdbd7f916a8f4f6c3628d652c1da4d7094e13f0a429ed7e6eeb3df77,pad_0078,4767,496895.13576993434,456569.3390051972,389855.2580112998,360181.02884386503
pad_out,3,d7ba4f9d,b318bbb467c7b8e145d3258523b5689007534716c6e26bd21cfa7688bde820d6,pad_0003,6023,333364.46825029893,107148.76013405382,189649.11288179393,76312.17603611118
pad_out,3,d90aa14c,56e7cc798494b9f1499347226141f81676c2f6fc048835ef928802d3eb37f325,pad_0167,10018,3133567.870242345,2406431.4136284413,2943272.403169028,2355521.2557200417
pad_out,3,dbee6c86,eaf0a89bb7b724ab045d8b264657ab1c68c07050097e504e8cb4b07bf2179206,pad_0003,7369,206101.83934809413,301769.3488921611,103307.2621419839,157149.89841908606
pad_out,3,e0f36d98,af94a7f500df60313c38c2e7ff827376951ead75cc870d7ff6b427bf094a1355,pad_0092,4976,726547.9757865055,596327.4978711102,817462.4651829684,687267.8429785823
pad_out,3,e161bd0c,ea37b5866ec2e892c469f8fbc0d9785d251914972f80beeab4625b83c018af90,pad_0171,2949,251299.99506955064,310786.63931899174,175258.96682945013,225349.04631045193
pad_out,3,e45a2a62,d6232f408e1139fc378cf4060931c5fe80115bba42cc8df11f355164f701bd53,pad_0022,5007,1113390.2149976706,1289439.3868033458,994953.8817876396,1151718.9005514393
pad_out,3,e5c92e59,fa53a37474c96c1005ba4c379a2061c0bf1bb16d3933d47434e1b98568de64c4,pad_0029,4295,213576.45907909365,368987.86661921075,145592.6896618438,270126.6443142062
pad_out,3,e730c32b,ae3a0422380ed5f4678b33d05c4a308bfa5ab5fd55107b8ac9a668ab24ecc423,pad_0024,4728,526222.806590417,580161.1399225991,375468.35098219395,427433.9355716794
pad_out,3,e7d0c1de,e927bee1954b9365c7e26910c57c11020d9a5466a7bf933b3f637b0fa275bed7,pad_0024,4711,188892.7178650733,98193.13868394084,239650.7243411147,121716.10157426212
pad_out,3,ea0b99b7,1c17ab899fe4b39b1365d16aacd821f19724262d523e3f0323e87045b3956ed2,pad_0103,9239,281193.6682993839,360875.14023325435,474935.2570532663,574924.9325511846
pad_out,3,ea41324e,90bdc5fbe23130ccc8ebb2480d93f8896952d579f76bfb8a05d59dc40f23ed55,pad_0024,5025,70646.8371083597,67280.8469931953,297434.84028475883,308615.2655327524
pad_out,3,eb06a4e7,fbffcf76144893659611fbee18b7c4ffeb8c8b5eb0861272776aea28caed48bb,pad_0024,4535,366798.9997603531,365770.43161998666,699468.1054299904,668192.8029259564
pad_out,3,ec13af42,22a9c202bc94e326d71da37715f551f3b4b317a02901ee563114ddb18d5ad410,pad_0123,5462,426308.1376375648,404700.2829302512,413170.88820108195,396838.71843856433
pad_out,3,ecdab904,94eb27fdcd1e89991e52679204f459ba6a9cd201237026b9975699fdbb7d8979,pad_0004,6147,771881.8564332981,644232.411125533,625401.8538738235,534594.3218347568
pad_out,3,f021b650,94eb27fdcd1e89991e52679204f459ba6a9cd201237026b9975699fdbb7d8979,pad_0004,3739,315891.65485548397,323411.79174626555,217888.29981373,229439.31660878274
pad_out,3,f074d277,ad7579d20ceeb7257c60a6b33d3c7005036962ed003ca9a0347cf5b033d55b30,pad_0029,2453,302417.8034531786,433079.64394768706,259258.22465530393,371237.3567379272
pad_out,3,f16e25e3,86558f84fe079b468bc3559a3d973666d416f5d554a105a60c479e9eb9b9920b,pad_0179,4651,244612.39825338015,153765.3962289186,169977.06979608882,105917.78161193834
pad_out,3,f321a31c,946fa9cc6d0dd4615a51d662037b3a9e372d9fbd6399cd7b905951e00f88eff5,pad_0003,5141,957432.5775521632,923837.4751824576,1289369.5641076379,1227468.6138866944
pad_out,3,f49fdea3,94eb27fdcd1e89991e52679204f459ba6a9cd201237026b9975699fdbb7d8979,pad_0004,5391,825810.5752871777,722139.3384108904,1102209.9170446626,969290.5012684694
pad_out,3,f56d3ace,5adb8bfdd927e039d6d5b41272b1b738a0783291f488d2517b0c66c5bd021717,pad_0024,5432,449397.6257099849,249737.26098329452,421879.40791501285,253967.75227881823
pad_out,3,f88ddb26,94eb27fdcd1e89991e52679204f459ba6a9cd201237026b9975699fdbb7d8979,pad_0004,4990,7016889.630535079,7362468.371991048,5368100.279171958,5751752.20757634
pad_out,3,fa667be2,946fa9cc6d0dd4615a51d662037b3a9e372d9fbd6399cd7b905951e00f88eff5,pad_0003,7296,1041174.0223914788,1406765.692674043,794517.1722338996,1101094.477722277
pad_out,3,fd8f77fa,19d153d098b4d7e8e0a759dbafdd300c2a93a0800d4d6207e4d70603bc00eb07,pad_0024,5272,2568604.8329091505,2799422.2049312657,2603991.386767025,2808197.997013089
pad_out,3,fdfd57da,9542f56dc229c8f0eee67922d2458339bdfada6e95b0f18633c0c0b35c9be764,pad_0024,5236,104496.66845227762,120964.21899315315,104933.30152567473,122218.36237988001
pad_out,4,01869cd4,5545624acc233ac19b7e0bd30b19cd6c685b423947e521e482f76ef4f5671afd,pad_0001,5557,384915.15827433666,386514.8616462925,294104.3152389064,298051.48696927715
pad_out,4,01982c1d,ff32b6e9074eed00ea1a2f2265e5c3faffa0ffa2775af85533c390088794025e,pad_0002,3941,692567.0239970896,497718.0450669364,657477.0151316584,483247.6586768158
pad_out,4,052d64df,ab09959866583a7be49fc05f9f6748b18c0cb713991fe6e685351584deb213ec,pad_0009,2445,63433.55077893635,62101.15474528196,49022.80826061356,49244.60590089641
pad_out,4,071d7b45,66882906104713d41e50f30d1e90f73cbc0987dc97057d57bb8687da08ed2267,pad_0015,3211,356669.25228678714,141116.04705730322,380459.9930605003,161999.97849707436
pad_out,4,0bbf5e67,f9631aca671bc6515cdfc4436d04da06abff84fc5ba4152f19ded8e2f94d282c,pad_0023,4298,406403.61956775835,379822.3389529149,295863.85758391744,284399.65037016163
pad_out,4,0dc835f3,76f26677d5be9bdd295504113b01053170128808c425dbb55e99542ded487ee5,pad_0002,4428,604140.5459145636,443195.5584552723,712818.7000823269,536785.2743032314
pad_out,4,11d0f5ac,25a161826ed24909885a944abb3e3f5409cea6c444c7ed8c281aa0543ae906f3,pad_0032,4883,1553264.1698325768,1057832.9813771416,1676227.3088884996,1174622.3861104085
pad_out,4,1295a25b,ab0c1ed6050411afa49ae85ea0dbf0481485a19ef8caf6e813c27df65b9aa514,pad_0001,5551,378817.92674010096,384360.8799389872,293334.70977772796,306032.2306675501
pad_out,4,137d1e44,4be418e45dae85fad0eff745ab8e2bb72f0c07faf41062e75fc758f56552eec7,pad_0037,4554,2832204.3191516316,3799279.779519977,2999703.6458657626,3920808.250092813
pad_out,4,14fee784,32f92f954e129b864555344e54337eb7d47dbcdb81712f8e880a3772550828db,pad_0002,4910,1639210.6325123147,992741.5869262714,1162753.8103602221,736677.9547064635
pad_out,4,153552f5,3404d5570ee582a46acd754c662b2d01cc390f8ce4dc702efd874b861e68a939,pad_0040,4695,163319.2803602562,132717.0741224047,170656.65241353813,139301.17694906966
pad_out,4,16e4a047,6ac177febe4de6defb565ad3f1ca0145dace0dc147fcbdc974acbda1ffc48ba1,pad_0043,4131,195976.7017785057,217057.93182010262,197058.8082212707,216542.37029873417
pad_out,4,19137a89,5c811a492622b071effc12d36fc73079d81d5a87ef96a637f0f0742a423c05db,pad_0046,6267,1827221.3133569858,2631824.151079041,1310019.733573066,2031181.2928342274
pad_out,4,197f8a5a,93aedb0a3d09e955694d76b041d81f545868a0d21aaf271fee33bcda9ca88cb6,pad_0032,6310,3689810.841034458,4244739.657807501,4412403.505536399,4889094.604706904
pad_out,4,1b08ed48,8dba6ceef828b0a6cdb64b1e8494d3d65e5c853ac37813ab155991e0d61dc8f8,pad_0049,5618,775831.7805062681,842079.3392633948,512281.86598135176,587779.1845612687
pad_out,4,1b1eba53,e816d75338f5544230706e39f1a607a8d755edc10ec9fe0fb291a51a4c189ab5,pad_0050,4655,19264726.55536451,16223077.696170423,17780848.892530292,15173690.712623067
pad_out,4,1b6ba517,635dd7193631c6a526f8f0c376a980b7574cee794cc65107161327ea390df16d,pad_0051,6597,751302.2323423822,434888.77544276614,502144.71431791293,297068.39008457225
pad_out,4,1beca81d,ceb26016aedc66367e85583ee635ed3fcef43db8355b5bd2304e59f54087a295,pad_0052,5036,185458.7528357582,186557.78206592455,193733.75269623683,193483.50518779168
pad_out,4,1d3fbf02,6fa4b538950ed657880b43f0204d538534e71d99d24d13fa56f3bc9ee7e741a2,pad_0053,2694,13464.872221890731,20622.648303077676,13947.825251500495,20426.504011187997
pad_out,4,1e30dedf,e9f9bf0b7557514624fce9228b5219836a98273406a7e33373924c12ebe8a590,pad_0054,4071,318312.7206877131,223490.90575264522,121971.40309654828,112358.55289349335
pad_out,4,200d233d,fd85b14c55d2d7a916366e09ec2fb992e9dc6adfec9795dbc4dcb61981aa1e40,pad_0043,3926,419349.4211757299,417206.8201896043,495387.5134906644,484832.78838579747
pad_out,4,20402d71,b8dee8a719a576bfc4dfd4c74191961112b1259277c27c13272f1ad1950cc631,pad_0032,6372,1160932.5814351004,931041.8291052813,864335.6362966979,715459.9643832408
pad_out,4,25050f63,c24dd46139f7c811f19ac93ece6ac35f6c841a11ddd770f4d482fd72b7247848,pad_0032,6124,675143.1745823295,841372.927537669,677651.2421805634,835459.258310491
pad_out,4,27ebb9b9,aa04fe5ab06537336d1f6606063469eb3f92b043daf558ab1347707bf12f3829,pad_0051,5766,318836.38590786856,224841.1746161806,322453.4096482525,236908.30109861644
pad_out,4,283269ac,7295d5714e91f3a9336dee65acdc163f79fe3597c927b9a55906d737fc9ac88d,pad_0009,2626,25994.382224891728,46364.55267131973,37168.87578553818,59262.884239807856
pad_out,4,28f4eda9,537b65bb556e3d69523d8df5d5cfdf3e6c7d83482912e24849228b76fc9da913,pad_0032,5266,423073.5250517138,608924.351301867,469536.87091568083,644207.682428539
pad_out,4,2ac7cb6b,9c1576186b0a75c78739a3d3aeab9ff78c65d29ee817e5ae543e3154b89a5ed9,pad_0002,4990,1202118.388823867,859801.0022723355,874506.3848191756,647741.4082141884
pad_out,4,2b034622,edfd3868e856c0bd97a2a873f6cbd336a2e97eacb1703620e9c09ce3c5e65783,pad_0070,5203,204317.24884159525,289748.05887561955,133380.78427014698,190850.03871538158
pad_out,4,2ddad940,48c0becc55c9a469f898e0e804146721e7d61282e2d9b1f452e41de33c445b22,pad_0001,5331,302687.4974520222,288770.0522553879,281682.5683680792,272539.5932597736
pad_out,4,30d75030,5ada05c46a68b593eb83ba582635dccf33cf456d23a475a39a2dc2176e377edc,pad_0081,3404,1266369.3779510888,1360081.7616936187,1423635.707150829,1495133.053449165
pad_out,4,367456ce,ae87f4a99c3655553b6f514cb69255a62a566932a20e12a29f6e11e3d36522af,pad_0081,5569,275911.58580329077,204645.42523711256,255136.95297941405,198342.4414546985
pad_out,4,3932faa6,2b2bf49e8f51b482283435997aa38deb7c587b33bb335735ff8982cd6da0737c,pad_0051,5452,735074.6926541324,749079.2697578006,637698.9379154076,654498.4623665356
pad_out,4,3aaa2b30,e8437e91ec3b65a9458f9f0d9061e9cf2fbd9b14a521e8c23a1df4e88f426c8d,pad_0081,4711,716026.9100553427,582442.5339421056,682385.4715667942,563259.4982456301
pad_out,4,3f603129,5e217b40b9c44a4427c54f26a86df69f083572f8c3b1f883b8344c210dd586b2,pad_0046,5051,1000408.0316574094,891765.1933607678,808185.4124084117,741303.0535657083
pad_out,4,42669188,d99f97358f4f1c60088213811de05147207d5a84821b8eb7a56ba57ee63e95e5,pad_0098,4282,998115.9820703745,529070.4920410067,870134.3327738399,476983.48889906757
pad_out,4,4463446c,66882906104713d41e50f30d1e90f73cbc0987dc97057d57bb8687da08ed2267,pad_0015,3256,284987.8531575072,324832.22943218856,195885.75734136178,233683.77864835423
pad_out,4,44a94013,0195ef4d9c138b3f20c996735782e2ddc0d0387dae05fad29887a5b5756abc52,pad_0032,4903,1396027.498688467,1721435.5034765638,922163.2352159332,1215474.7110097734
pad_out,4,4630ab92,db6876c71a5830499d336e9cb651f223c92c1fec5802877197b5cb0d6392b5da,pad_0043,3373,342599.99380740355,298652.5069201489,228136.68210957694,205805.76499062785
pad_out,4,466fc788,303475534e0e9c5e56144689086a311b27248841017492872bf70596ad97fade,pad_0043,6197,538793.5782761273,594787.476999767,484957.04247572855,571105.3503201434
pad_out,4,481de5fc,9f3b58b1923a259e359d5d6faff42533814868f1177232ec92531e1cea63eb67,pad_0051,5952,2678937.2372379773,2697958.557145458,2769968.3935704343,2768456.0379600185
pad_out,4,48c1f673,e517fff791239bf218945b6d1f29b69e4ae55ae8f8a78d4b349d612c68255791,pad_0054,2917,1368386.9563460648,1469530.6802601009,1495499.1486446252,1579344.4893909153
pad_out,4,4936af16,a4dd7e01731eea960ab5465eb4558fec794912afab590d137274eb36459e3240,pad_0081,3991,67278.4851379021,93953.58889319608,103028.83871212986,122385.38529938953
pad_out,4,49dbc14c,bc9bce1ae1c548ed6674663bfd7f8bec97a172594281937a7d28993df482286b,pad_0104,3872,96672.03348168614,114389.62108207698,62534.40404844135,79105.51080747622
pad_out,4,4cecf7b3,e78c3c036010bb9ab78fe65d070c763458b40873eac00914d940278f3e9dfcbf,pad_0043,6019,771454.5555391748,555712.3641050451,814917.2962181624,593755.0882538074
pad_out,4,4f69febf,322836be834e9f3f01078bd28a5f56afb645642e0d47af27f221ac579c87105d,pad_0032,5460,115723.05572817886,142077.0150183739,87186.84757388331,108234.2676338064
pad_out,4,511e1db0,ee0927c5642e3467cbdb1dd248f1e561f45521d6e64733a6e1c3148f1b4c33c3,pad_0107,3821,307956.29420478333,175714.31237793923,212189.520228921,118641.74638833579
pad_out,4,5254b6db,0b398b947c6cb46a03604db395614d6d22b27f2b861ee6d044dae95e21360df3,pad_0108,3274,95223.34451043348,46919.45642695521,53901.38438368247,27461.843812414823
pad_out,4,5305524b,acf8f6226c34d88b45934a69ae58f571e042f6064a0b8976e5109a58996766b9,pad_0032,4898,200295.40529211832,207401.4442813699,196879.71214653057,202233.83922319917
pad_out,4,5663b2b7,d1d3d6b458399f81c2987fee24b7ddc1a4a1a4c4085a24688189ba3c2b70ae53,pad_0051,4972,1099446.1179369087,1505028.3982712866,1149000.4856534519,1509871.149553566
pad_out,4,57796579,3c934094cae557f8eeea6adeec347f2521e966823d552a990e9bc30d75fd4316,pad_0107,5890,1699776.955535376,1091770.9934304433,1195769.0690377874,770464.023562344
pad_out,4,58fa8486,40938ec104e50dd01a3df536c4071783c346c7e85dc7aaaeca1b25bbf4352531,pad_0108,4475,706436.6619303809,670597.6112060864,794150.9470246424,749968.5969910722
pad_out,4,5a63b5d1,43bccbae47dfa6acc16e2750847094b3fe49af0b8db382890058944043a1b5d3,pad_0116,6217,4820894.074529687,5312818.316487121,4638476.608230578,5106368.924576932
pad_out,4,5aa03df7,2b674c1263ca612844b1c93f1718921848ba7d15b0e73893e905ba85bbe21d35,pad_0052,4871,146121.51979503248,165560.28440709432,164977.7588142836,185926.7892051049
pad_out,4,5bd25f59,b240dafdc07d7bf95b9333e2b74f6dcfe1a02aa2331eab65082f81b40f1b7741,pad_0054,4210,157096.46879111574,74254.25279259535,89007.97489602659,38937.72051446504
pad_out,4,5beded95,cff7fab7c788ac3aa268266282a5f9fa922c5be5d5a89a7bdde960b4559ede3e,pad_0118,3057,808775.4695033529,783507.0008151004,780594.663501005,760258.2296835158
pad_out,4,5cdd8dbc,f72bcbd858d7ebcf1e3fccfd1988431517f17dafceadbd32297bacedff4998f3,pad_0104,4010,595605.3295871366,562328.4299213085,837388.8183318782,775014.4238065579
pad_out,4,5eae34a8,f52f61ba0e160d1334e5b4bd8f8f98961cf06fbd7fb058c3736d9db2cd3602b9,pad_0023,4904,186143.73886598845,174411.2332016037,171576.648120249,161992.0372247051
pad_out,4,5f4d2a52,e7e4ed1d80972700160b8833a8a427fa75dddae2e5daf449e66eb24b26a87118,pad_0081,5225,12181386.522470087,13022737.143962644,8666043.402701775,9674039.132122396
pad_out,4,5f75f796,44e93140ea811f27646134b7e79e5bd6807cc73e5247e9b81b28e96df917c450,pad_0037,5562,282615.77487479674,276004.8951974334,208932.565522193,210112.07583296
pad_out,4,684a6fc1,784ce905627f83152a85de346d3be6fb3f94a3c3fd47e35ef16b83efecd33666,pad_0121,9818,890973.7222969192,664485.5146297658,645663.2620065608,535739.9547182296
pad_out,4,699ea575,9491e6a5b9eb2f36ece391079a6b3ca9775fb0c81295a656be9bcf0ddda684af,pad_0043,4120,139472.7446553772,114465.34600808252,101211.3210427083,89739.04899513666
pad_out,4,69c1bdad,abe258c87498fec365585dbf499cc84752e24a4ce3feff14e169ed52c357a924,pad_0009,2714,107074.88903357278,66466.50779132328,73259.77112222028,48320.07397704494
pad_out,4,6d590e26,cd556584a54c0f807ee6668f4e14ec4f20af7f4d3df76b0021d72e01b10710ff,pad_0081,6096,385259.9962554896,340254.71590746864,340879.8872031862,291499.8365307037
pad_out,4,6ea22614,e0a6c9d69eb4a8a4511a6f99b72065914a7c895de8dc3b60c0650f59e8b8ff02,pad_0081,5971,617264.2385334894,690360.5578827269,433260.1804352354,506660.8586744105
pad_out,4,722cf0d8,2c91346d319c5e4bf0840b8d6c5d94ac78ebf899d3b12f43fa6a95519f41f4a6,pad_0032,5143,531926.4085928429,515270.5800386703,329057.2695251615,342559.9620381574
pad_out,4,7256229b,2ba8743a9fff40e5120a4dc9e9eea4fc14e9096ab2b2b94548cf7c42624bb084,pad_0081,5415,170072.62266017997,205955.18549762107,185077.1260844324,223196.9358520757
pad_out,4,727a3a10,81f762e9c55b2da777cb971f2c1484a504c10c7e2674a68b796d0988e99768ca,pad_0125,4397,2914772.5720301154,1770981.1190535505,3176475.943794068,2025140.3542735004
pad_out,4,75c20ec7,12434c86de169f507d1c01108ccb8b64781d1035988c200815c5df92f84a1099,pad_0040,5361,322005.43312091054,215439.77694663173,271890.8238364363,194900.96627864285
pad_out,4,75d20a82,bd248c357389a2c0fc5006d7cb820da22f2423a5752835daf50baa9f2da79b91,pad_0051,5067,1798451.78604409,2594451.2719464707,1628638.6977502294,2370309.0403035884
pad_out,4,764072a5,ff4d30531e5ed08ea61a62c2b64754f61f284107066ef90182f42746142fe9cd,pad_0126,2949,29417.04583468424,43240.220951782525,38749.849266314755,45651.29101936857
pad_out,4,796dbd4c,d0fc1807de8e202fd87006312ebb2931d5244afeaf67d570426ebab7ee65e492,pad_0081,6248,246122.88365023775,273620.74297463795,213784.04005515508,243920.47266190915
pad_out,4,7e721392,dddb07a84532904ed5bb79f7af690a396097b0479ee33e29ffb4a69df870908d,pad_0116,6174,13737623.126732118,14281735.458336633,14449564.345724422,14892286.26513857
pad_out,4,81bf5923,9612bb18431fbb0f4ee1ee81f00093b9d73d902ae1c1387f5009fa5a8ef8a36f,pad_0125,4543,6717654.371744529,6586406.228382722,6777581.76940969,6648440.71672646
pad_out,4,82fcf37c,cdf68c4b7b3dc76340da9ec6addf2e5ebe1b839923a906cb5691042c544b606e,pad_0032,6014,106783.7726188953,114949.99843475911,142747.5036876845,133217.52010311306
pad_out,4,84633df4,fb1b15022d82539645682bb1fd1980506eeff2f4d6454fd04bd2091831003755,pad_0002,4972,277750.74205610965,225748.96893962938,269140.43886746344,224250.21599544922
pad_out,4,8478df29,580e5fc97f44f3dcb7a587e42ab84a56ea50dd58e92c8d5e41468cbe22dc1b57,pad_0002,4857,171661.7482088713,55813.60791667398,150056.9908448417,75617.2828644216
pad_out,4,84815d5a,c64a67793a8c26036c4b48c860882434329c07ce7df0fc3ded23ef74d162e314,pad_0043,3647,736894.362905354,535371.179709965,706068.5051170787,532961.1803888142
pad_out,4,84c3b497,f06bc774d0fffa96d7ba8509660d7dcbc3e85c7880902aa186268a82bf8e1443,pad_0116,5312,1537493.6474092896,1338893.5322501974,1038616.386441376,945691.3052744855
pad_out,4,89969c7a,5dd5db264b3b63b3865e1b01bbb427ba689210c24ab846e3d367fdffb20b55fb,pad_0002,4947,243514.15040054772,221943.0275628319,242955.55512950214,239519.97045965507
pad_out,4,8cc21f01,b47188bae643502fbb9f205dd4654f0780b4fc2d5aa8df19d48befaea1e3facb,pad_0053,4044,176352.75399385448,310679.8086681154,208184.46170344934,340099.9751620932
pad_out,4,8cc800b3,d06aa132d53bd121d546c29dc0a11dd78988757af7bc3d0e7b95b56bbb309dbe,pad_0138,6576,2764638.6684804317,2771074.032833514,3332982.6194551596,3277738.332312611
pad_out,4,925a7cd1,8c814bb6bee2ff235b4f18de0604cebff503c543b354a2732a7cf446c1916bdd,pad_0040,4517,61701.7899545656,50659.59969862293,61087.62407232015,51382.28446015627
pad_out,4,940a48d9,e0a8013073f9caf841373835341ae6c7b9aa1fd696eebee3e7eebbdd131bbee6,pad_0081,3963,251867.7275541818,251647.32647251495,195515.75849711354,200267.50122043933
pad_out,4,98bc6f66,c7f05862e4afe292b0b72ba2ccd759b6fe21fad15b0bd4fb15df4c7114a06d8e,pad_0032,6063,867948.9378433058,1254678.7817137707,866607.7076588557,1214186.8752887647
pad_out,4,9a8ae0d6,4501b84f0eb414db0baf3d098b4cdae16dbedda7b77136baaeb477c8bdb85d9e,pad_0043,6294,345452.3725587806,430925.240072603,264731.79085784836,338524.0844586762
pad_out,4,9a95e33f,f52f1fb43dfd56e3284aea4bc9bbdea7db4127f1886afd2d25c8048add2b26c0,pad_0116,6447,6594648.524969038,5759620.131249851,5135464.6383952405,4582889.368555936
pad_out,4,9af1ffd0,dcac2ac3be5ac38bc34b51b56ffedea89b258690f59145023301b860680be3c6,pad_0146,3525,775165.7653430622,579714.0608305784,630114.6882846005,484357.143960913
pad_out,4,9d5e14d4,2e891be6373cfd51cc427823ac15e778eeeb3ac0346f9d611b1ca2c8c5445f60,pad_0032,5400,2082588.4202055559,2084174.2262145216,2217208.407767751,2204175.8577853823
pad_out,4,9ffce529,9b87e997607641dbd91491e034f8e4bbf95c3613f6d28343af4e4048e2b32c3b,pad_0051,5212,1462340.2161311763,1604213.775519384,1076592.9554721192,1227195.3657087148
pad_out,4,a056d01e,f658fe70f63e9ecdf934717963b1eb63b720ea57efabf89e2fab6f5567fbe064,pad_0001,6557,712646.9775528492,543898.5136511091,492554.4261062947,368549.2110908191
pad_out,4,a4cdbb0f,a7abb31e9ab50c12dbfd46ae6360653812fc552afe439ffc2ef4f083343c5b4b,pad_0032,5204,348536.44822429935,348085.30332998396,426121.2629571976,425373.00057294464
pad_out,4,a5e6f7dc,3fad78863552c7a02d6a1e41258b387e7459bba48a7f4156de17db62c727ffe7,pad_0138,5649,1848584.8360745937,840997.595687486,1917903.4351378037,946961.871505517
pad_out,4,a692b17e,3a85f9745826e33a1cccd2012f4f31e13b19d8a90ea3e9ba2ec14ea8d60afc1c,pad_0126,3566,286136.11716863135,213972.37658837868,237680.6094812398,182354.49777798064
pad_out,4,ab6fe95d,b1df3627d1be5b12d1a638157b3a361efdc270fafee7c17892a7eb4cab021381,pad_0070,5491,126696.26541403863,156930.77147169155,126512.5740464512,156756.0897096588
pad_out,4,ab94878e,ac668763f685e09023d10b769f6e1ccca95c2430689cc05237e7e037cbb64ef2,pad_0107,6004,181270.00363583816,117809.73957828294,287805.67560795887,150454.70890161954
pad_out,4,ad2133a8,8ce5741efeb67c19dbb3aa047940e52b2833935d522b81a0f4fe7040d2d0793b,pad_0051,5729,2359651.206979473,2893716.109143185,2174905.8975339136,2658731.9196720743
pad_out,4,add9c322,d8d1f3256d28c665ac55a6ab2eb0e3dccd4647dec3c4d7dee080aff6913c6125,pad_0081,3932,289669.4696694662,254088.16767709964,254499.28251053186,227108.39695544622
pad_out,4,ae8959c3,273c7e9159ab16d804d5f99010ec84ab2d90a4ffcdb4f312f9d2aa59d076b039,pad_0054,4518,3362402.3855474317,4009151.910220927,2645174.703815488,3257748.5988261434
pad_out,4,aff4e561,a1f38a8d268a812e025ee9ec3bfba47fce78c3c366c5e5a9f3cb6d48bfea919d,pad_0032,6026,105219.16917261924,119886.4880757463,180413.25872570576,250749.25262863774
pad_out,4,b32902c0,04bc9fef5773c9a096fd15c93c0dde11f895e0bbbe0a3313c8cf0c90d48977a6,pad_0081,3808,113909.52197442879,139375.94072077732,145582.1078940983,176068.6341899578
pad_out,4,b3388334,f06e9d325dacc548f0e3eb1469899fb4cd330b304d47cf7695788c9bd6525a77,pad_0116,6080,1327218.1849001683,1274523.954082672,1137570.7168881842,1111532.418112708
pad_out,4,b7974e66,f7f0d8a2b114a9764bc17c2de88f2d9ab0e431869c46d4d9cfe6ad203e1e8fdc,pad_0049,5558,376153.8793205289,673560.0856400514,699243.4614223149,987699.3615916785
pad_out,4,beda8696,e792b33f7bd593e288dc247642f63abd0a85681487a50417e9cde56df082da33,pad_0032,5912,558745.8294273969,590192.2520414063,532219.1176602049,560647.6809072726
pad_out,4,bf70b410,03f237453340a7a43e00cbb22e0d98dca12b2a51ce44e38a59583834c66bae54,pad_0032,6347,2897203.738030665,2676705.131734516,3143255.890544737,2885005.4311081925
pad_out,4,bffe3082,62865d3db19a3a19abbcc0da867cf692d2157c88e7e913ca19aeec744f3a4638,pad_0157,5723,1399225.6474741865,1120151.4041845351,1187502.7301932042,977424.3953916924
pad_out,4,c472c0b5,35772d971b404fefe274fac9e8a5eb07065d323ae5d8c912ce3a62625afb05c1,pad_0054,3054,307434.29159153934,108843.63676516703,204128.32775613782,69212.62679045238
pad_out,4,c593337f,8870adf3e2c8fd2eb56ddeae319249c78abfed8a8c0065c56af54e9da3306f3f,pad_0161,5208,2410354.490590533,2596341.5520620467,2035376.7737591397,2231405.9284874136
pad_out,4,c59b6c4a,ad094b167316292078497d8d5348e22917dddd7700077508d876bb98785bbba1,pad_0032,5499,2200124.7593256305,2139837.908711696,2167753.4952114746,2114403.3401749283
pad_out,4,c66be2b8,a15ff44c29a0a4c9c3b1fd7ae08dcba36ec5a5e6461bb2f034513b81b81dcfd3,pad_0081,4154,992829.2205912794,640865.3208709959,689355.7993791738,478831.4675703328
pad_out,4,c6797dd7,404e6e727621dab683e2be5060818c25da2d58836709031b84d54131a68d17e4,pad_0043,4664,357321.7849039073,478436.2843688644,418455.0350103169,533081.8662543901
pad_out,4,c8d9680c,af1fbbde8eb5682e57e857465a3762dddab72086b2106a091206720dc8d556cd,pad_0081,6281,8915360.73402534,7165732.533793326,9006594.406678688,7357740.457657007
pad_out,4,c99f9fae,61a8d6a92148bee21edf1640ceb223ce3f7cd3dac57a1e5ae7f51c82afa9c800,pad_0162,6361,316163.5657693236,289008.7466472281,752145.0293546044,662115.5613161563
pad_out,4,cb879f40,f5f4a9b0d948f900ca8cfbe7a1402757f88951c7b275ef071fc50817ff76c1e2,pad_0081,6315,304487.32342733606,291988.8013044713,226030.99189869995,224559.4715498913
pad_out,4,cbe62450,d8d1f3256d28c665ac55a6ab2eb0e3dccd4647dec3c4d7dee080aff6913c6125,pad_0081,6258,1835806.4895403343,1194082.7110006632,1912877.674731232,1337137.0152089833
pad_out,4,cc08aa63,72e319cb58dc4c4b1dc52bedf459daf8e3da215b3d9750df3c7f42de7a9242d5,pad_0104,3274,269632.09973932,299833.42615196534,367537.3589270011,388549.9782750419
pad_out,4,cc8a1d57,1c4069fffaf922d2abe4a4dcefefa9fce84eb621c90c6608f3879c74ddb94029,pad_0051,6638,3840472.446824928,3139059.6222069683,3953309.566597835,3284072.813435005
pad_out,4,cda7eb37,af6c70ae2d84de7f127beacbf94572e107a478e57e3f314920c45156bd073565,pad_0051,5973,910414.9606838443,1071863.1351744588,631705.0530480517,759783.3202715003
pad_out,4,ce8399b7,1f09a3ca44aeb97357959fd0712d0bd6e9116b7059fe81fb8d7edb502f6d07e8,pad_0107,1615,14951.22152284379,20343.288215126184,13580.678082581173,18565.523919770196
pad_out,4,d085e611,3e6cf6033e01aa35ebce138990a3be7f734c0182ecb8c331f44ef1f90bed14d2,pad_0081,6191,542736.675975684,684991.2885550417,444438.9431157134,508606.4664745722
pad_out,4,d0a0e7b5,dcc07c36f2f1c67c56bc36178cdfd03c03b5192c5b7e9e7c7676033e91e080c8,pad_0081,3816,106709.5115112793,118467.60610976748,130192.6219903931,139744.48702716347
pad_out,4,d114d9c2,b775a84a66857dcf1b9918e3d585971eafdb55d92a6c6b2ebb7519220692e632,pad_0032,6206,735818.241805573,698212.1907507703,535381.4469820776,523667.3901191766
pad_out,4,d273674e,fb313d69d98a7f6507a5036410530ce7898b54002018c1e7f35c404b1f81886f,pad_0043,3899,67930.13125175945,85315.58662863623,55403.14414297584,72679.89888900478
pad_out,4,d543916f,08a3d7c2e6a0c2fa30e3562354033c1c64ff2628734817a8e17ee4bf6cc44bf6,pad_0081,4799,363571.28215340973,290668.52246265596,353971.24414982274,291499.5365013069
pad_out,4,d60430e6,9d69b4708cfd3d149a66a1cdd0a7f935f35fedcbe523e0ec0f10e487fb14378c,pad_0081,2511,70249.59211776615,158166.8161795492,109403.73794513129,202007.7306645235
pad_out,4,d63196fe,64c4f7513420bcfd6d7ef0976e984ed199a9004089b0f5cdaef88dc544019445,pad_0051,4510,1523006.6650199576,1580555.918957974,1590668.0152096474,1636222.8409738415
pad_out,4,d9eca87b,d42818d3bb39896e266753100b43551fb9cbd1a2b0522eaffecba262605d11bf,pad_0032,6373,3730558.1049524317,3545012.4733449,3975698.068691599,3779244.808926198
pad_out,4,dc5fbe29,a3598711536fe310c8971f805b5862980a78ea5f140b016d516a24b0a79a754b,pad_0051,5203,142787.5981835657,102527.92727692128,91328.89944046916,81742.58523235214
pad_out,4,dd7d638e,0233e23f69ddd6e1ec13d74bad3c7650667dd5c3a249a427cd5b81c0bd0ad70f,pad_0104,4301,77678.26342380556,84560.12507306797,54948.856301679305,89412.26301316537
pad_out,4,df8290be,e9344b01cddd584d4b0a5308ba877ef5bbe405bc7afa54ec210e1eb2f3a32b1d,pad_0126,3972,274492.67274114164,276628.3950253731,218153.05305813818,225689.31858676352
pad_out,4,e0079ed1,2c6ec8962d37d017003c1afae12cc16e44d3fc425fc50dd08cbbfaa4cde4a0fe,pad_0170,3471,79593.0102240908,58478.16796281968,107871.85459268879,61309.35979098315
pad_out,4,e14d641e,4d32b6ae293f1fb78c5d559c386173337c4783fa3aa921a467caad91a20a382c,pad_0126,3184,233458.2622889887,131357.50011875783,261507.66890296753,157867.31662602216
pad_out,4,e25f1537,5ae1e7b85261b7a7c60d72c2958ca73328a9c0b34a0ee75963bc4cd28843860e,pad_0172,3177,254995.6884459846,255462.3505327665,181142.92682735977,188334.30190202172
pad_out,4,e748dd88,5568595aa41cd5319cfabefc4ca216eebede5c23e47d2a0af548c1a1e7105252,pad_0043,4812,101477.98887473429,61387.0482037694,84002.7449453529,51448.00876212536
pad_out,4,e9949a23,7de749ef372e2115dc9f73c8933318cf80b2a8a40b2b6254b3797454ab7e8bab,pad_0108,4559,345309.392170587,361893.68280130863,382895.073581833,391864.181838538
pad_out,4,ea3a0e38,53840bc189dda2c2b9fd4b95cbaa16feda2a3871e582833232a1d0dc4e0b9615,pad_0121,10052,243400.2761373374,227146.58667498222,302004.9203030522,276048.10830316046
pad_out,4,eb640a35,f98ad8a2353191716cf6f7a6e71f7758920ac667041cc453b36c6d6c6d8dcbdc,pad_0081,6037,659911.0357830387,668923.769715626,492118.24081369635,512362.1731757101
pad_out,4,eb934281,335a533f7ce7e60254899a49f78b21f7c5768ae016d9a5a723f36d23063d3e6b,pad_0049,5971,242727.6552562582,266104.0365609312,287809.41061135347,305480.9265679327
pad_out,4,ee0300f7,227b3e6f6519a6888bd55af087e34190e4eaf8d51cb4e9188e4c1a3862d07d1f,pad_0176,4544,1407166.8251057335,1585109.1086549875,1691002.9847546155,1839207.2429048105
pad_out,4,ee288beb,fbd4a84c7540ea94c01edc030e414ff48d1d5fd4d95770378b27b41ce79bb396,pad_0002,4638,2315560.2157582124,2274630.227876621,2542277.0979322987,2479121.1037568934
pad_out,4,ee4aecac,dcf862221d20d324b291bd4a0c4df30eae08ea80cc0aa3d6fb605fe65947fbe0,pad_0001,5265,355781.30227445636,285879.46621922933,284256.50267360464,232833.32005346435
pad_out,4,ef8e3ed0,45bc433cc3885b061551a44a237d8e30934533ec96013eac0ebdea7e440172ae,pad_0049,5224,986993.2625850004,1035706.1901558676,1173266.069464284,1201017.8617761685
pad_out,4,efde6ac3,93d679f43a51802375948ad21baa7241de11a2c609c4bc3c6e33d96ada1f7c0a,pad_0081,4559,640800.5322953194,442713.31157187367,566548.9973409342,406390.1672936883
pad_out,4,f07d7037,bea8d9de2862871062da84435f547a5c134fa010e5d1b07a03eb2762b1021157,pad_0049,5563,59575.756618280444,45072.29664185872,49079.25114801647,38363.527007547214
pad_out,4,f08774c3,880197806b5c25d02451c746d042e6db6135ba98691a082c74ab4ee9077f8d89,pad_0178,3900,421384.73044683435,419117.16286385595,366599.345135089,367343.0738088049
pad_out,4,f140c2fa,aae3b07af45c8f116731f4792c2b94a81760b1ed072e6f5626f0c09b6ae53d35,pad_0108,4082,370035.1213311772,446779.56068579043,288858.10178477416,358491.380586111
pad_out,4,f2d4c8c9,7cf749f84f568d8a2b59a0a51ed3a1e7ef9570bd0023ea88447e92bfddd7d967,pad_0032,6249,143837.76919760765,147015.58119906296,166748.51964713566,166748.21657006512
pad_out,4,f72b268f,b453fb7074fa8c15bcd0b070aced81c33d4b947686e863630db9439d7111c846,pad_0046,6404,1456167.6819782928,1697622.659444866,955763.004588601,1177182.193940643
pad_out,4,f8662c22,842d0377de19ae78579b01307ec3a85ce53d9c9c6772208111980e7fb171cc0b,pad_0001,5429,927273.8039501649,765112.8492202554,630896.7435553474,536723.4851104222
pad_out,4,fae0c593,2d0babaf8a5f6fed539458d2dcf8491ddf115e2742a79a2d7f5b8146417416ca,pad_0002,4403,378796.19472638925,359500.59130370157,329433.43871910986,336563.9411548227
pad_out,4,fb03ae90,25125c769045612bacdceff1097ba5a1dd9930854f77057f6e8ff644311828e2,pad_0116,6431,25150728.692432232,28081875.118090443,24885771.382852588,27622897.49286613
pad_out,4,fba7683c,1d5862ff43d915db7a0c5a524520dee837a19fc77123a417620ecd56c3a15c6c,pad_0181,407,6173.960499015197,1338.9560695809248,5348.336989062003,1535.9851655789935
pad_out,4,ff8bb73a,d12b97b012e064bc4f2f429f2a8140dba09c83da462c4695184887c965c0b587,pad_0107,5927,479389.44038913806,602929.8847636856,427755.4069447898,499180.8792816188
region_out,0,060ab2b8,4e7ee6788b0538e08794a6b297160742dd061b690d731c7452182d46099926f3,region_fold_0,6258,108045.87905947641,116729.74704177532,199428.398850513,152919.02844985758
region_out,0,06df5958,604e0de5d34a4749a82df6e58bcb0e11a5764d4a821b82ab712ba463a7d569a4,region_fold_0,3509,110388.73490995492,87243.39529621115,132432.355747235,106692.66225921358
region_out,0,09441b8d,6467e73b7ec35cbba2c1db2ff88cc8ddb06c9cf415ddfb93fc3e668010e7129d,region_fold_0,5488,581101.8605129224,530857.3622126181,977889.4407721539,839625.9105857187
region_out,0,0a57a29c,968954f85660d13f4233de3ad6bd7dee677b11761336c06609b19d1489e8c2cc,region_fold_0,5821,213884.38871916267,150759.55208929902,775447.5347301987,412737.40536689723
region_out,0,0bbf5e67,f9631aca671bc6515cdfc4436d04da06abff84fc5ba4152f19ded8e2f94d282c,region_fold_0,4298,392725.7703227516,513478.83532538544,298107.24220650835,403496.36281651875
region_out,0,0d99f8e4,63447b37f3f927aeda10e652685449742d4349e5e561bf40f13ec766269917f7,region_fold_0,5823,1309125.7219150504,1258926.8275327203,3451280.2043547295,3069990.8451309768
region_out,0,10a1281a,6d2a59cdf50be152ee13263892844ef42b01eaa6f321c5440b0b6e70f44853a0,region_fold_0,5609,342524.04679794307,1020755.3510948718,369626.10428769415,977933.504752382
region_out,0,1131525f,383fba77f4c922d9f641442b860fe915d364a117271ccd6addc4caafe2093bf3,region_fold_0,4159,1933972.6384382132,1530208.848902764,1630950.1024248837,1324363.238411212
region_out,0,11d0f5ac,25a161826ed24909885a944abb3e3f5409cea6c444c7ed8c281aa0543ae906f3,region_fold_0,4883,1578984.4816373948,1111406.831485267,1706461.2496605928,1234843.6459271715
region_out,0,13ce113d,b0c0dc90d5a99209e09e24b1a23b8c2bd08aee6d7b24b0e9d283a5119026895e,region_fold_0,2966,76623.65284063642,102602.17183940939,46182.99785938237,67206.85271320841
region_out,0,14a53cb3,44d0aa9be582b81e95101159691e2cd512ecb26ba82d3d5a07c8cdfe2863fe60,region_fold_0,6919,491872.5512844457,459687.53734921763,235150.5919800601,300412.3105465978
region_out,0,14ab73fb,a1ac6d7d38ea20e49373ca28a73b8317958dddd3f2e02ea62a209256fd239895,region_fold_0,3649,276941.6066762055,236797.20432000424,198146.09070791077,171381.54556877786
region_out,0,18d24f7b,ca750bb91c8ef37fec02c67e4ba531c0d833f0221d96be801b6def492c9aadcf,region_fold_0,4558,98047.25390276968,51416.09118912136,68539.80315875585,42571.493338957385
region_out,0,197f8a5a,93aedb0a3d09e955694d76b041d81f545868a0d21aaf271fee33bcda9ca88cb6,region_fold_0,6310,3294203.383150204,3734809.0624467917,4603715.021350446,4901157.795679102
region_out,0,1a518997,b730789badf78d960706aa90f19bd20168d36828514521c3b81dbd2d836bbfe3,region_fold_0,4606,470574.28739057406,990254.4316711385,210100.70729611765,590767.1544838778
region_out,0,1b6ba517,635dd7193631c6a526f8f0c376a980b7574cee794cc65107161327ea390df16d,region_fold_0,6597,859870.4965472063,521444.18756515323,458777.03550090693,291135.2940688336
region_out,0,203721ab,05af311b477850659a273b8a0e74ca83e53e735567f38588128cb1f67fc291e0,region_fold_0,5730,911733.0111753779,698655.1396855752,745097.1249233338,589069.7035443494
region_out,0,20402d71,b8dee8a719a576bfc4dfd4c74191961112b1259277c27c13272f1ad1950cc631,region_fold_0,6372,2330557.7919003344,2443497.5714047155,1861663.9682231375,2005353.3573868365
region_out,0,2075c696,01721017b46d051422fe36ee6b2f089b887d04e6ed4d8f6600e6c66bbd0d9e5e,region_fold_0,3188,833960.9261672067,1256734.0395797028,897969.2232672306,1287681.1480919619
region_out,0,25050f63,c24dd46139f7c811f19ac93ece6ac35f6c841a11ddd770f4d482fd72b7247848,region_fold_0,6124,338457.36878109793,982463.1630597073,227040.41807413194,651300.5332163029
region_out,0,264feceb,02022142068673fc94e3fa2f370cc4bdeed2bdb54c61c76ec45c6e896aea5048,region_fold_0,5665,459496.12740570225,281752.95792578446,209015.3346332826,122866.64321062593
region_out,0,27ebb9b9,aa04fe5ab06537336d1f6606063469eb3f92b043daf558ab1347707bf12f3829,region_fold_0,5766,458195.78803630813,453188.8639982681,429583.83952169586,425882.7101998746
region_out,0,28f4eda9,537b65bb556e3d69523d8df5d5cfdf3e6c7d83482912e24849228b76fc9da913,region_fold_0,5266,166085.7521279307,225555.1436327058,119568.92979632627,178922.1170832364
region_out,0,29b24409,a54562406efddfaa54c61fd53875c41169ce3384b493a23a26ed1fc79f55c5e1,region_fold_0,5587,611748.7981696364,607210.9046661824,550200.651661425,552482.1723965784
region_out,0,2b034622,edfd3868e856c0bd97a2a873f6cbd336a2e97eacb1703620e9c09ce3c5e65783,region_fold_0,5203,99726.13243616026,298497.100343877,75269.76099944816,148359.35966366413
region_out,0,2cee0cba,2e1a04ebd061293aca05d508d1549cd88afe3e753122618876ba43272bea49f6,region_fold_0,5500,495913.483572905,356791.7901252274,273116.0376569034,216784.2435259847
region_out,0,2d179ded,4914f69cb146683949eef0baf4cc4fe40253eec536325741040536d913770ab7,region_fold_0,7008,619722.374463973,669399.3546817765,362594.92857684876,413890.37061265204
region_out,0,2d196986,a688017e0d91165e87a0347e709798ba35415a376ffe7d060028c0de05ae75e5,region_fold_0,6474,1708690.7267445629,1857509.6813756425,3226900.053145825,3190077.9766478324
region_out,0,2ee0235b,fd09753b7d2543d9d6b70c795a4dd8258fc521e9249e7ce38fe30e45cc531546,region_fold_0,5556,206614.51919651925,151598.25269345596,175779.3714202066,131966.22688988232
region_out,0,310c71a5,f7d26a773ffe3b5c3f1b5b81bfd779295f559d2f56c9b8b694e39a5ed9e6b899,region_fold_0,5245,216000.29925795482,204047.8623979034,198225.5523690581,189816.0964904019
region_out,0,368fe682,dddd0e996c03ad9d4ac9f4872fbb6009bcc15c1deaceb3fd83c0f9e2c0c9df12,region_fold_0,4936,2250295.0995136574,2364357.8127075722,2048891.6063730402,2169611.3522720737
region_out,0,3690a146,0217f2e8d02b3f5435bb05f7ecefd8bfa1f7cbae264b667c64f3107510624230,region_fold_0,4073,142711.1431252274,186549.8309568231,104747.51972428482,125456.96074501015
region_out,0,373ef48b,dc63d975e14b3ba2351d2fd94a839881c0fa50514a522e752dcb7fd75c32883a,region_fold_0,3509,121955.39067397515,56994.79176530833,197956.74189062364,109563.80009493663
region_out,0,374be387,cdba940499916f24f9e8d6cd6706ba1cfab227ecadb351e7960b2ce0b1a5e897,region_fold_0,9965,855159.5680933304,503625.30947880924,390740.0243072452,244336.9457351796
region_out,0,3932faa6,2b2bf49e8f51b482283435997aa38deb7c587b33bb335735ff8982cd6da0737c,region_fold_0,5452,914887.6457782746,772040.5389917222,899195.1503735853,772890.668563654
region_out,0,3a7dd95d,fa50bc0cd3651f647f8ee2b5a9b71e4ca658e047cea07009cfba150fc2af4d0c,region_fold_0,3072,470898.26148735115,423859.7261669595,518056.9161466571,468526.2767139872
region_out,0,3ac16ad0,581eda3e0400cb8d2155b719eb465aa81fa8f7b974880a1274ff45ca25505a83,region_fold_0,5649,276436.7943278932,230710.19352822172,145318.40069534982,126529.15222359907
region_out,0,3bbe1f5d,2f6f589a73b2d2096fba67642e238afff83be999c2409ef7c9b1a282a39e8ee3,region_fold_0,6918,459540.1380216921,387518.8490623018,808462.7101860724,669656.0312477688
region_out,0,3d96d897,b2f1082eb07d6d4bb3f6ac21b891904be2da89874486a0afdfd741c7680e5063,region_fold_0,5659,78026.31402036901,42015.95882878109,31797.71830466496,25441.926336529177
region_out,0,42c538a1,5543744e998da3b674b9d3f39cf30f6a9da7ff889dca0a0ba6a739424b1d0aac,region_fold_0,3279,3222308.2135135625,3576987.293436435,2993251.15038099,3331239.9444197775
region_out,0,43c7f85a,67b6b98723a87535cea9da1e027f5a7504387e69ffca398519f9a0a7f21ff981,region_fold_0,5978,520003.2359831033,383142.1899743754,284128.83476356755,237901.43870174038
region_out,0,445af6c2,e2b020302102fac5fd07ea8e3d19f0f1d3fa4dc4914f071df7625910f47815ec,region_fold_0,6041,4063433.721255601,4131488.5060244896,4533120.400164627,4538754.631177553
region_out,0,44a94013,0195ef4d9c138b3f20c996735782e2ddc0d0387dae05fad29887a5b5756abc52,region_fold_0,4903,1969171.5232568735,2404332.923595886,962310.4015832234,1354589.9531791639
region_out,0,460f859e,de0704db740e92e2145e1353d25327b1328dfef30dde129489ef9fa1d51ac6a1,region_fold_0,3336,846602.0156356939,800152.5163124641,487028.8005220528,476141.01882880845
region_out,0,4654e7de,fea4a583d5be0c4498a29c95881de056abf35d4cf56c5a0ba2248dd205ad1e6e,region_fold_0,5373,136929.6273277512,232155.9292674005,243529.75236065252,329703.08383212093
region_out,0,481de5fc,9f3b58b1923a259e359d5d6faff42533814868f1177232ec92531e1cea63eb67,region_fold_0,5952,2566641.0281228013,3827320.5443918053,3282807.4756371775,4386716.717914866
region_out,0,49dbc14c,bc9bce1ae1c548ed6674663bfd7f8bec97a172594281937a7d28993df482286b,region_fold_0,3872,112573.68922663496,110960.64407667879,66142.25165571603,68987.34822270866
region_out,0,4c3df468,80cc73d7602e799f998a8a7a6595c9577b6d8d2584ab106db5aecee0c49350e7,region_fold_0,5392,338664.5156534019,472021.10995114286,335948.93509147014,437979.42856954364
region_out,0,4caa7289,c627171855034f4221adec89878ee6d71deda902d021f251a7e4918481e28ad0,region_fold_0,5396,543940.4763903936,653021.7334005337,631290.6001081939,721521.8152742956
region_out,0,4f4ac5ce,578d7b97b534c585e2a985c9558fb407ae1c72de9daf8ccb136ab9accb8e0819,region_fold_0,5162,230272.10431273756,292800.6926170477,356517.0367334927,418385.06907376624
region_out,0,4f4afcc6,ee75c511ca68c3127e89a4368ce3298e5799bacbae48ac0a147b5a37ad2cbdfb,region_fold_0,5645,512455.5176820532,394663.46056825784,549970.3148353925,429564.6372563617
region_out,0,4f69febf,322836be834e9f3f01078bd28a5f56afb645642e0d47af27f221ac579c87105d,region_fold_0,5460,151693.6176791938,103099.42118197953,155815.76462885627,108547.75055951565
region_out,0,4fbe9c06,e947a7ae2827f57a4bf6bb8aa7256d89810d1ec8aa8d895142696e59543d3546,region_fold_0,6287,1246827.2405953533,1143510.321778331,1112893.4743445688,1041445.9491316781
region_out,0,504c8b08,05b4a20a2d28324c118ccaa903ed7cf96b85e0f5be0c53dfd52c091171a3cb5d,region_fold_0,6367,2352958.7617902174,1979315.0525775496,1168541.8632592014,1034578.9551937554
region_out,0,521a7819,1de88eeefeb04cae5bb25b51580039af80a8357945f26e56c50c05459677fabb,region_fold_0,5200,4697422.449753914,4483666.234528504,5113453.520471945,4852410.618593771
region_out,0,5254b6db,0b398b947c6cb46a03604db395614d6d22b27f2b861ee6d044dae95e21360df3,region_fold_0,3274,302939.8717011963,193190.70674753175,568826.7634490506,416178.6586427873
region_out,0,5305524b,acf8f6226c34d88b45934a69ae58f571e042f6064a0b8976e5109a58996766b9,region_fold_0,4898,572218.2628910543,887763.3362843338,379408.8080942287,632081.3542400552
region_out,0,5663b2b7,d1d3d6b458399f81c2987fee24b7ddc1a4a1a4c4085a24688189ba3c2b70ae53,region_fold_0,4972,1083941.5714804227,1543207.4391613747,1165819.0239735998,1549606.504040252
region_out,0,577eec7c,d7832f14648828319589b30f7d483ff7ed9351f89c72a59d8a7f062eaee12551,region_fold_0,4539,746958.5131688825,510372.2337654113,647448.9189930111,492121.7917467582
region_out,0,58fa8486,40938ec104e50dd01a3df536c4071783c346c7e85dc7aaaeca1b25bbf4352531,region_fold_0,4475,963532.9695325021,1061384.4928260234,793429.9706222651,891443.8205229781
region_out,0,59f8b2e8,5ef726972b83b2bd454da755ffcafac8a9de2670324648dfcb7f11427834d5e8,region_fold_0,3747,247391.02126988838,343574.091125555,310712.75139105535,398224.0668481237
region_out,0,5a5d1982,d077552d04bfe87d50530e1b6c7518b7d34fdc56aeb36bba668675a0a509fb47,region_fold_0,3894,81599.80956335974,106974.06613762712,78275.7301811702,105144.61558329556
region_out,0,5a63b5d1,43bccbae47dfa6acc16e2750847094b3fe49af0b8db382890058944043a1b5d3,region_fold_0,6217,5570625.936557916,6081035.049733289,5014208.06801428,5524220.728413645
region_out,0,5cdd8dbc,f72bcbd858d7ebcf1e3fccfd1988431517f17dafceadbd32297bacedff4998f3,region_fold_0,4010,199993.70946934444,199202.42411901164,272230.9000376547,250994.93249340678
region_out,0,5def1ce5,11b4cc8e9017762641a0f62a45031201ae551d436b9cbf64756750a01e4e9bec,region_fold_0,6443,268750.08048097824,282960.1386029632,294544.9106058058,302207.4182524448
region_out,0,5eae34a8,f52f61ba0e160d1334e5b4bd8f8f98961cf06fbd7fb058c3736d9db2cd3602b9,region_fold_0,4904,268701.015204987,161460.65664570095,200900.22873340995,144628.00295079313
region_out,0,6a0ff78e,0f860712db18495692e9f115eff769053bb69e66cb9a52d188b1f6f39f7cfaaf,region_fold_0,6465,1417904.5936095866,1277748.9463982624,2058170.075617417,1818780.8900416587
region_out,0,6a8fa194,9aba40e12e30e8616c2dab3d55527794c9a17ac34d328e42bbc45bf4bf40a388,region_fold_0,3017,137316.52725780214,183133.6524131486,120097.75074678192,160456.73624169672
region_out,0,6d1d74e1,a2a772a1288d985d4e4f853cb5eee34911427c599e4e61ef7a5f22e53a053b99,region_fold_0,5830,1058657.8430339957,981082.5577499935,502919.7379923271,513840.3783115165
region_out,0,6d6d93af,258b15e8dab6db2b76e57aa86b7c9b40e112e611303fa540e46f075ee8321295,region_fold_0,3595,2112160.6962998295,2087039.29883011,1659413.2183305728,1681942.4617494114
region_out,0,6e9ccd38,1234cd829f0962ae8af7f71ba0a4b09a49aa8c3d86b96dbb589e094a639e2e26,region_fold_0,8282,1591711.8755600618,1615684.0388402469,977495.1335148974,1010671.5577211021
region_out,0,6ede926a,aded941f0a831b8964396e7895fd6126fc5e98a924b61f25c7a93af08f53d9ff,region_fold_0,4938,87506.68722620695,80653.31378210222,136065.5359786257,170827.80862247373
region_out,0,70e1788b,a36e41eb729a463822b7c9ed2f2e1ea310eebca04eae009ff9dd6fd440a98f4a,region_fold_0,9285,832680.4069367158,772535.2101084206,1029850.6363482086,936635.0624602658
region_out,0,71ccf778,b42100f62586b9a333a4155669a600898063413f6dcff114a93342bee1f90acf,region_fold_0,2698,423806.1033051587,395842.85273451207,283088.1638074524,275870.573862945
region_out,0,722cf0d8,2c91346d319c5e4bf0840b8d6c5d94ac78ebf899d3b12f43fa6a95519f41f4a6,region_fold_0,5143,518887.801980924,467918.3599613006,585026.9265435981,487857.7477518355
region_out,0,729e9750,3ba669807619bf82ac8bcdb23b795fb2fedf9136756382fd9e0b0cfb248f478f,region_fold_0,5919,286166.6727746035,228644.8483525665,362107.91565558827,297006.12310840725
region_out,0,729f4217,5d71f8e2faa4558303f34563919e777d1efb6cfbe6ab5a7ee73250effc81466e,region_fold_0,6195,1715078.5435479512,1654559.1763189211,3795715.8969853963,3420894.183069899
region_out,0,75cd5f11,3d649c9ac0a097a340ea3914f72d277e8679a3b97eb025889700efe44a10e73b,region_fold_0,4946,249999.06634471676,402335.6301993886,202040.1191215474,322376.62289522414
region_out,0,75d20a82,bd248c357389a2c0fc5006d7cb820da22f2423a5752835daf50baa9f2da79b91,region_fold_0,5067,1348652.4911224637,1815867.8352637473,1215587.861913976,1685899.5219379482
region_out,0,764072a5,ff4d30531e5ed08ea61a62c2b64754f61f284107066ef90182f42746142fe9cd,region_fold_0,2949,15646.069262923378,14402.434781401877,14136.148226546564,13195.087883514652
region_out,0,7c607683,4b7e42f203f1bc5ecaa34415ec5fcdbd47584ed05e0ddefb9f59a855b9aacfea,region_fold_0,5328,1150598.632175061,865367.0012336873,779460.3340418944,620368.441302085
region_out,0,7cd4bb31,c90dafae0a2766e2701346022c6a4a1868dd190fa1f40c6fb503a3647c833bc2,region_fold_0,6439,289850.15459046245,203799.69050696067,240869.7722391877,177861.4329267497
region_out,0,7d50373e,0b77c09122737b1243afedc61ff2b0ee0b8bde7ce87dc4dde908ecdb280a64d3,region_fold_0,5122,1157457.2531984088,1016101.1543655237,633020.1122020443,588629.4274328095
region_out,0,7e721392,dddb07a84532904ed5bb79f7af690a396097b0479ee33e29ffb4a69df870908d,region_fold_0,6174,16156233.30251906,16460949.618112259,18101570.152754687,18152448.993452713
region_out,0,7ff89f8f,b2509be662840b3849c99885c5edc5180bfbdc7753d0acb991cc7a900da1b5aa,region_fold_0,7337,1014039.194392815,1177812.9051451746,1421038.0615283765,1534407.801789926
region_out,0,811f52b3,dc96640bce8bfcbbd21f02c3c19af5946deb8d938aba171eb014fb6e63c204c3,region_fold_0,4836,52003.24923485214,136856.81384923973,20067.51732452536,62335.43227846203
region_out,0,82fcf37c,cdf68c4b7b3dc76340da9ec6addf2e5ebe1b839923a906cb5691042c544b606e,region_fold_0,6014,192200.55715619074,143252.53568808743,138311.55629045144,121576.30498670417
region_out,0,84c3b497,f06bc774d0fffa96d7ba8509660d7dcbc3e85c7880902aa186268a82bf8e1443,region_fold_0,5312,1644038.4053045472,1503792.7875659477,833023.7081156438,827980.4178225559
region_out,0,85380836,f0cb49a385f7869738a27c790053ed2e9c43896399bb66e9395eb0e15191738f,region_fold_0,6618,510294.96612551715,704131.7235526652,895358.1440246677,1058223.721548317
region_out,0,87695469,a97e785bf2176de1dc0cd3ad57527650ad603d5cc28099a693b227b1f69f22e4,region_fold_0,7003,632094.6607973254,511612.82285778236,1956707.9148001217,1348878.7313306502
region_out,0,87aa3730,526943e58523463a641ef338332de4ff71eccb273c9819279931e4d4c4a10b38,region_fold_0,5607,598086.5864652863,594863.4100383839,742787.9375380765,716723.2629438243
region_out,0,884ecb5f,f26827f634ec6c46ad2e469e7c4df084a6f0e1b3500808a04a63781d7f98fce8,region_fold_0,6724,936635.6855193982,739922.7627396737,981229.6417826173,816081.4334049718
region_out,0,896d15b9,dacc65e90a97616fe9d40256bbf96796879da41f633c96cd9d13553949f74c48,region_fold_0,4279,2401410.3149360507,1287276.2220531728,1723980.1365343132,929898.1231397139
region_out,0,8a89da23,3e3c87fb0c9b4688c7646e2ef9e8c07d4fb96aa054846a45735957bb0cf10be8,region_fold_0,3935,1381178.230985046,2001957.4942955058,1396804.3018331807,1957201.7850384281
region_out,0,8a9c8932,4440cd3eacb46fe48eca1a82a4b4753603abd1e334bfe564ed283156ea238843,region_fold_0,4663,424976.533474967,590615.8331628114,724575.7521984633,869642.8475911095
region_out,0,8bb9c1e6,bab231c063e9e45695a2e623b34d94fefb4971045eb85a69156c6ba277d24515,region_fold_0,4546,19024.445059775077,20770.457349096792,21467.727455339293,18743.668296076714
region_out,0,8bda1a11,d739cc9d48bcb00383c605819fb844d1ff20c433af6d5aa047a89be278509bed,region_fold_0,5981,289270.61668143433,451691.9287660057,310175.8316330627,469319.95307724096
region_out,0,8d5d46d7,7a0fb475705846f8a404666b698ef2ee0bf308a855cca2441efd65b7c253f4f8,region_fold_0,5755,338824.4957955014,631819.924501248,167335.2526418768,390177.65806012927
region_out,0,8f201368,65f98f51e14997253e66b5c983449f4b597d9bf2c89284166118b8f150019d2c,region_fold_0,6349,3750871.8321606396,2855553.5220561903,3128389.2990296204,2434967.9999632332
region_out,0,90386ee4,60f0eed1d6ac8545138648488bd07767dafd3ea31caa2fbdd11af87d3ae06f05,region_fold_0,3840,124274.2478673885,261762.35083963658,191332.20602837333,305979.46379107505
region_out,0,91abc4c7,ed2a3588e70553bf39baf22e515809acc61ee93df4576aa0033e8d00af5116d8,region_fold_0,5848,1441804.0701435895,977962.659383038,1118134.759068667,779804.2429549356
region_out,0,9314ff13,9ab9e19e99b3b5e09f10270d8882ecaccfd95190709280e8b082530c04989c00,region_fold_0,2748,442456.1964902221,536149.6898611919,567572.8143697567,645353.7428745965
region_out,0,95c8427f,f39e247ff187314c2ca82d63711da1b3a148eb75802c5675e4027cb9658152dd,region_fold_0,6335,3782020.028253477,2161040.5141245136,2190061.9296336174,1207300.4620108218
region_out,0,974802e7,cc360031d535fee5aa3e49f9e3290721b048862e35616ddc7bbf0a81b0f3a5a9,region_fold_0,5843,322520.1326745389,529946.8807215323,497884.4522372647,686974.4133877509
region_out,0,98bc6f66,c7f05862e4afe292b0b72ba2ccd759b6fe21fad15b0bd4fb15df4c7114a06d8e,region_fold_0,6063,654337.7762698359,1508994.9550568904,436757.1091991487,1115342.7032255917
region_out,0,992ce078,0cb637ad979ceb19cbbbbad2abfa2b2829b1f15ba07529ef9b846ad7be1900cd,region_fold_0,2879,411870.54451682715,582288.6138466313,328636.7023916424,476551.52753266727
region_out,0,99529c45,0f072b090daae1c69a5b681ea651254ef386601581c509525f7ce3ce1936496f,region_fold_0,5840,1579907.8964526094,1290085.4964298941,1541905.9122769646,1290940.669083907
region_out,0,995ff498,7974b49a291ea95365c2d7678004680d49404e31bdd3fd539c8af6e329abd558,region_fold_0,4526,196890.6026935514,185863.52211793207,183334.94251024313,178741.82145509892
region_out,0,9a95e33f,f52f1fb43dfd56e3284aea4bc9bbdea7db4127f1886afd2d25c8048add2b26c0,region_fold_0,6447,7710900.797054446,6907250.4637929415,5395010.739034426,5007982.986537922
region_out,0,9c211c53,03f9a88959c3484c99bd67a293240356ad39bfad076ecc94a127f861f502ea5d,region_fold_0,7265,184446.2981181075,134043.86429258913,289651.3014185287,187220.08405619246
region_out,0,9d5e14d4,2e891be6373cfd51cc427823ac15e778eeeb3ac0346f9d611b1ca2c8c5445f60,region_fold_0,5400,3914264.5523959706,3823939.235565549,3514628.626864261,3481557.545183109
region_out,0,9ffce529,9b87e997607641dbd91491e034f8e4bbf95c3613f6d28343af4e4048e2b32c3b,region_fold_0,5212,919339.921576262,1122125.0781263069,561440.948663934,748581.8476445503
region_out,0,a0383629,99f6edc1899bb80f7a721890a58a27c1493e2fe687512affe78a917aac20a067,region_fold_0,5832,364092.39913796046,211181.5744698788,317785.04573517916,189153.43729984056
region_out,0,a247e7cf,b4c87f59c46bde1566cc365abd6dbf329143b0ec30783c70a232105661a549df,region_fold_0,5674,246621.57273477217,101064.5935665051,99320.36729491435,40591.26835401473
region_out,0,a4cdbb0f,a7abb31e9ab50c12dbfd46ae6360653812fc552afe439ffc2ef4f083343c5b4b,region_fold_0,5204,394588.9360909259,369141.8023844931,739656.9804757192,638047.0688173102
region_out,0,a692b17e,3a85f9745826e33a1cccd2012f4f31e13b19d8a90ea3e9ba2ec14ea8d60afc1c,region_fold_0,3566,270008.6089569019,227852.61850555683,363289.07509838464,305294.55200208107
region_out,0,a7744f5b,fa2d93c62e450d44d3340e1c54c8993f3c879b087b38887ff12f62404da4a3af,region_fold_0,4377,806017.0986882971,824564.2834351365,724824.5583357953,749236.5276108381
region_out,0,a85e4bc3,9d5b50f40e6a90a35a80c585af16f63ab7705b5d9d2b63ab4a79bf07dd4c6fd3,region_fold_0,4581,258585.0436161036,218005.56753762046,330387.4944709942,271098.9196963665
region_out,0,aaaf3c03,7ee5f165c61cc617be6e68eedf9eb5b3796f603f28e1e74ff2241e615b55d234,region_fold_0,2997,1176642.1304512755,977191.1394130059,1209005.0808025594,1005024.5304695222
region_out,0,ab6fe95d,b1df3627d1be5b12d1a638157b3a361efdc270fafee7c17892a7eb4cab021381,region_fold_0,5491,136285.74006514886,131654.26721089968,85162.98076585367,86730.26169413605
region_out,0,ad2133a8,8ce5741efeb67c19dbb3aa047940e52b2833935d522b81a0f4fe7040d2d0793b,region_fold_0,5729,3524220.954049245,4656169.573530935,2759128.040562312,3739806.288832552
region_out,0,af7a59ce,5629b6ef944bb40379e25d12182a02264c2b87c94ccaf5f0654d505148ce2db7,region_fold_0,3024,19218.63947499118,20621.20914709205,58417.56217136544,32589.78920436507
region_out,0,aff4e561,a1f38a8d268a812e025ee9ec3bfba47fce78c3c366c5e5a9f3cb6d48bfea919d,region_fold_0,6026,100852.50509802107,152273.77365358744,145580.6317754912,140484.1028305351
region_out,0,b19b0395,02f0159a9e9484a1998a6c45121dcb0ea3323b9173fca1d6e48717d812fac136,region_fold_0,5813,696298.9479860156,570716.2553211008,657222.0237396029,551799.3847943376
region_out,0,b32e4903,95228b84ee898cb8f01cc56bc513779b63a230d43ee3b0562e122281a5ca6836,region_fold_0,5770,56251.83025645875,166068.4939876555,46329.915950273906,124096.74288059105
region_out,0,b3388334,f06e9d325dacc548f0e3eb1469899fb4cd330b304d47cf7695788c9bd6525a77,region_fold_0,6080,1230664.3780527734,1376707.1380395205,931832.0139962693,1079650.820734437
region_out,0,b585b4fa,d1f6b9f7f734f107b239bf8375bab08244cf0cf1276f3249334a02cbfda80fc2,region_fold_0,4294,213651.57893273968,283779.08103024354,258279.14186690398,296736.5138706214
region_out,0,b7cdcecb,e36fab9d9c34d82bf6deada876717ee0b6fb9295aea184f1f888c5fa96e8b6c5,region_fold_0,6168,286741.0543475689,221340.81618843856,205955.4520132469,166290.72514376894
region_out,0,b881d27e,33c294fdbe0c934a42e1173f481faae77a1468b9bad27426f4f13178bee5e974,region_fold_0,4009,253301.47583796072,147078.4289387314,228441.38645992297,138413.1661656548
region_out,0,bb2cdd83,2d4df2a4164cdfb9b03883c322126baa7c3431b6a149e4ae9d125c0f9412284b,region_fold_0,3825,184770.88606693954,262576.5352438247,129949.82493181244,195141.41434703703
region_out,0,bd2c2f34,3b14194a7e806ea5ed2f058a05e29a18ad80827a92316b4eae19709d88bd5294,region_fold_0,9823,660763.7811838547,448342.86644971865,321868.7760346224,217014.17648501304
region_out,0,be83e781,3d649c9ac0a097a340ea3914f72d277e8679a3b97eb025889700efe44a10e73b,region_fold_0,3221,255954.44722346807,217208.75031142967,427743.8755672246,358517.00180738035
region_out,0,beda8696,e792b33f7bd593e288dc247642f63abd0a85681487a50417e9cde56df082da33,region_fold_0,5912,1424574.2188204878,1519007.7767721293,1034799.0951090727,1145179.040504415
region_out,0,bf39bc20,87ab030ae733bf90b82c2b4c0c1a82488f25a0182da203e4d2b505c3a5202857,region_fold_0,3303,209902.5686929317,197938.0208280544,201176.43424372972,164706.01827113642
region_out,0,bf70b410,03f237453340a7a43e00cbb22e0d98dca12b2a51ce44e38a59583834c66bae54,region_fold_0,6347,3639476.8978804075,3140093.035950019,2696163.796422485,2423335.52175604
region_out,0,c42fe306,bdd9b88926bb9569a86387161b127a7bcfa7eac177f9f7dfac2af39837c32dde,region_fold_0,5095,606444.2687291101,802996.6152989878,514164.7312125627,689804.5934285216
region_out,0,c50b42f6,90f9b254670aa6036b815ddac550e5215baa493fab24b2d850e7ba8020d2934b,region_fold_0,6014,521203.30368319305,1014217.6476022647,1022864.7016298451,1552299.9994658644
region_out,0,c59b6c4a,ad094b167316292078497d8d5348e22917dddd7700077508d876bb98785bbba1,region_fold_0,5499,2597965.4099781914,2774088.1743057184,2553107.489921553,2719289.9042494516
region_out,0,c6c96179,c03b513e3e68d353594fc51a7728b701a271c31c7ad58d69189333ab7feb2e3e,region_fold_0,4004,217996.0815945071,235467.6404478826,391753.44783748564,388569.0385252932
region_out,0,c84c65be,c9f91c7eb396a95b6b242a254e6b0355acb167251acd85df68412bfa0cdae8cc,region_fold_0,8496,382549.83863545884,487278.8486780033,236131.1085981684,286494.430753422
region_out,0,c9578d27,bf6c64e0ed39d3b512577ca6a78a24473e0ae75dbf38c03ba7d2c91fc000541a,region_fold_0,4487,301567.91991630034,320204.78929409274,165970.95826481056,190229.37698016118
region_out,0,cc08aa63,72e319cb58dc4c4b1dc52bedf459daf8e3da215b3d9750df3c7f42de7a9242d5,region_fold_0,3274,172142.6360235064,155829.21790647434,149396.1463869974,138028.5848885389
region_out,0,cc8a1d57,1c4069fffaf922d2abe4a4dcefefa9fce84eb621c90c6608f3879c74ddb94029,region_fold_0,6638,4645779.371249692,4105927.090767256,4940736.994701078,4389323.01864114
region_out,0,cda7eb37,af6c70ae2d84de7f127beacbf94572e107a478e57e3f314920c45156bd073565,region_fold_0,5973,1260300.6076513827,1514797.7769883785,662599.8497681529,851829.0419692807
region_out,0,cdc60a53,91e35c473ae5780ef29c60f37f2303e6f02fad7b88027c923be16cbebdbd2844,region_fold_0,5878,269451.14772039367,276152.3904030073,317830.92430003104,372515.43472219334
region_out,0,d00e7eb9,47143aecfed87aaf7dc66d8da8e2f8dbabac24f57a46f2c37e3ea5574d400578,region_fold_0,5704,634815.6227291978,433760.8634587091,946460.020407994,686135.7179089135
region_out,0,d114d9c2,b775a84a66857dcf1b9918e3d585971eafdb55d92a6c6b2ebb7519220692e632,region_fold_0,6206,1578908.2466091032,1445024.2951703924,1045557.8199062855,1001147.0061689015
region_out,0,d1457cc5,971980e08d3be14aa5bd86544a51996f4537f34657312df7c8ff9cd9504a5fb8,region_fold_0,6920,411797.60998910334,1571865.8721790484,950856.8246068957,2945631.2940461333
region_out,0,d24ff243,9c780bc4e48a91e8f06e4cf6cb192cde198b72baa844f9958a0f3aa8c14a6565,region_fold_0,5641,111966.32445584683,141195.20132932355,352043.05934104254,370332.19160956633
region_out,0,d2f3b1ab,0cc2775045b21053b9ae70edb18403a99aa0dc84187d2883d43f46eacdb85cfd,region_fold_0,5581,809979.9724552154,797960.6231088535,606973.1325663013,552716.9564507777
region_out,0,d40f61d5,b7e77fe30e9a2946004e895d497d426941d5104f8be0277744039f9c26f26e66,region_fold_0,4039,54837.93214997581,36175.38892781288,48056.169350129436,39345.554855625654
region_out,0,d63196fe,64c4f7513420bcfd6d7ef0976e984ed199a9004089b0f5cdaef88dc544019445,region_fold_0,4510,1148475.7250781052,1629331.1410368236,1382415.693553326,1815055.2961372817
region_out,0,d6c320d9,7b416baba3c11c3d9602c01d03df2adf1d4039354363ba7edd8d9ced2c5693a8,region_fold_0,5452,390506.7724066014,179222.99039418012,798998.295671955,465203.9691044416
region_out,0,d84b621b,2c29e339e97c18a826e6d088cb6d4b68712bdd35ad65cb41f6ba5837564eb6bf,region_fold_0,3994,427686.6952214305,542998.0248530376,495141.82756289793,594494.179483271
region_out,0,d90aa14c,56e7cc798494b9f1499347226141f81676c2f6fc048835ef928802d3eb37f325,region_fold_0,10018,1065350.750688937,1100201.688345706,702889.8884702333,682397.6412573364
region_out,0,d9eca87b,d42818d3bb39896e266753100b43551fb9cbd1a2b0522eaffecba262605d11bf,region_fold_0,6373,5760760.624580724,5175378.603767569,6642811.323284607,5931090.385911674
region_out,0,da3bfe4e,2e69835c358e0dc9f3c9d00732a78d782e9927c3072eb90dc5302de044523a59,region_fold_0,5549,6103763.819309905,3880574.2161466344,5913379.828886137,3900321.625181854
region_out,0,dafc88c3,ee9559c3f66844d0a1c510570c33b52fea0d475e8bb174091673a3c1d75aa482,region_fold_0,5572,190874.30041435966,146390.41630006756,133195.19523911912,174704.90598058858
region_out,0,dc5fbe29,a3598711536fe310c8971f805b5862980a78ea5f140b016d516a24b0a79a754b,region_fold_0,5203,270111.0653780169,113482.34223367288,183451.9075053276,95869.34857693307
region_out,0,dc7da28f,55a100c4abe6bed88a2a331b5632f53fbb6b5953da75929fa8d4113a656912fc,region_fold_0,4774,889770.5802771965,1250727.1151703924,517406.86243059515,846688.7302500065
region_out,0,dd7d638e,0233e23f69ddd6e1ec13d74bad3c7650667dd5c3a249a427cd5b81c0bd0ad70f,region_fold_0,4301,51113.140993287205,47282.7638084344,34781.731917290366,42547.39183002561
region_out,0,df71d1ff,c5b65501e7d0eaa365219aa35cfd74dec257030bf406f753f48973621301e7e5,region_fold_0,6228,1730951.1058142863,1786227.860149111,3308868.1311970917,3144308.366417591
region_out,0,df8290be,e9344b01cddd584d4b0a5308ba877ef5bbe405bc7afa54ec210e1eb2f3a32b1d,region_fold_0,3972,332947.783741131,309017.3076359371,263187.6526645433,245818.7761075337
region_out,0,e149204f,bbd3044e885d1c02847dcd4b8748d8698de89433bf07accc75736c81f4d9332d,region_fold_0,6097,168300.81646936724,161437.39407504362,192219.10315185928,174940.8953051893
region_out,0,e14d641e,4d32b6ae293f1fb78c5d559c386173337c4783fa3aa921a467caad91a20a382c,region_fold_0,3184,228681.12063684955,77789.24307370555,300825.43263137154,132530.87619990733
region_out,0,e45a2a62,d6232f408e1139fc378cf4060931c5fe80115bba42cc8df11f355164f701bd53,region_fold_0,5007,897299.2667916146,1018245.8044863362,552023.6880367852,673369.7909780359
region_out,0,e6c55748,0ce11f40cdd79b161372ee706d7638d7a7574e8358b0950d09f7b3f882c6a90f,region_fold_0,4472,219309.87497707136,229817.49450017855,108610.12049660289,126705.80801236977
region_out,0,e737965a,19c19cc0bfeb6681669d542d90bb9fb134aa033b3e8d7adbd1d09b687c6ae084,region_fold_0,5955,737365.1730310039,971644.2431767401,1157907.618304165,1362489.5941646057
region_out,0,e9949a23,7de749ef372e2115dc9f73c8933318cf80b2a8a40b2b6254b3797454ab7e8bab,region_fold_0,4559,344169.12881590595,316163.31735117506,531325.9334919457,478486.93021502584
region_out,0,eac10e86,32862fffdafd4c9e7a92d2d30c6996a47cb63e2d3097911a35244ee4342e9086,region_fold_0,6067,551375.4002023787,801121.5133635711,571102.7229962565,797121.2020533625
region_out,0,eba6605e,5cad47fad5d50f547cf15bb2e2b2e3f21109e1b696d270c032e5e3279159a7a7,region_fold_0,4410,307411.3688941885,399219.12363601144,341963.7252613149,347218.81310815446
region_out,0,ebe69318,41d618cc4149d746479df66b951fe1b8e87739b7dee87829a1f94d89733bbc7c,region_fold_0,4976,188886.9116588847,211355.1585790368,63759.58289805255,79683.4564642689
region_out,0,ec0d597b,21a92c21c6f8d2d1a463d93f63abe4924bbfa16650c6347cfa32cfac225ce51b,region_fold_0,4616,732552.2398252393,670429.469689903,565340.4867898375,527372.7101155998
region_out,0,eeed308d,ebf1f8bcf9e354517a39879db3ac9952df1135540b388b314226a47043a97285,region_fold_0,3899,106370.38110298579,168231.89295594345,231562.10063614356,311349.275899119
region_out,0,f03f10fe,f26b30c26742f9071687a8d7cc4a2738cc21c87523e1017714cc285a0c538786,region_fold_0,4145,128975.61996187677,183331.93414733454,98669.41364280668,147754.0067587668
region_out,0,f08774c3,880197806b5c25d02451c746d042e6db6135ba98691a082c74ab4ee9077f8d89,region_fold_0,3900,499547.0821204836,513356.8649483312,378896.12302163895,396745.47355481534
region_out,0,f140c2fa,aae3b07af45c8f116731f4792c2b94a81760b1ed072e6f5626f0c09b6ae53d35,region_fold_0,4082,365937.08046460827,519592.39444406773,172934.5754941753,289722.7901877833
region_out,0,f2d4c8c9,7cf749f84f568d8a2b59a0a51ed3a1e7ef9570bd0023ea88447e92bfddd7d967,region_fold_0,6249,282818.52108785295,277871.55961281824,240069.14446629485,237891.04416793722
region_out,0,f6824bb0,5b3baf7848a3591b1d52dea81918e62644c804e0ca265e2542da5d1931249fd2,region_fold_0,5015,1319914.913995363,1046275.9434078593,2385120.3433337575,1910586.9938705184
region_out,0,f8afa78a,880e4dc3ca7b8b051c9fb6b372f9610c029e850693824f249a315b742f1883ee,region_fold_0,6032,351475.30816940195,514388.28411793127,544521.6553141451,727490.2902106594
region_out,0,f9fc81aa,ff1f19c68f279653252f2aed600d9cd43a447be7b410c138c27ecf7c4b689bba,region_fold_0,5598,429077.82673664845,392100.3679069061,1061938.4640499773,886020.5370315379
region_out,0,fa16d114,72afa3ed1605bfd217c8395987536199f62b9bb7c7860ef790a45cd4518ec395,region_fold_0,5686,3798213.8069272274,3539238.9308648724,4013636.4327150066,3744894.360755168
region_out,0,fb03ae90,25125c769045612bacdceff1097ba5a1dd9930854f77057f6e8ff644311828e2,region_fold_0,6431,19546615.379086938,18328661.9281198,19390648.17837265,18301275.156810805
region_out,0,fb3848a1,af252810771e097a997f55690bb1f6d003dcb2fd4d190f4ac06218d0e57b87d4,region_fold_0,5919,263991.89632206596,316776.1405865604,129421.9466314303,166723.65643628157
region_out,0,fbd68d27,fce69421b9df5106849ad157f2d1cf0ea474424eb9761e95e27c7a398c64b6f0,region_fold_0,6829,2302846.138624977,1704456.520425238,3996368.639941047,3077716.0397254657
region_out,1,059c8f24,8ed02769d87c0deec59c520e4785a40d3e7c9fa498437ce706f07233615ebd2b,region_fold_1,6258,1503553.9667509738,862862.5898436843,1386187.1557183065,824914.590855049
region_out,1,084d66f9,9ef5e5b68f794f9a2be192013740f945d85db57aaac1c5715d52aec3de15b388,region_fold_1,3885,365449.6213699736,341979.1356749442,351381.36368180165,327294.89490620064
region_out,1,1a68190b,a60c07e2bd41cd38138a00d6fce163312f5f358e7da848b29b89c6af29253c31,region_fold_1,4474,484287.8821075576,794730.2631813192,402725.9975128436,683163.4649361367
region_out,1,1d78281a,33a82ee23e8d1670350f9e04b054bab683acf322eff757565edf969518420e6a,region_fold_1,4949,143697.13260977613,193882.15089664323,204381.74175597238,279899.69997798244
region_out,1,1fdbba44,d1749ab9fe1c2e29a7f73379c0bcf66cfbab1acf5f754a24eb9e580909cd2676,region_fold_1,4911,3189473.876046568,3072790.0452909847,2492978.612879909,2447503.042406108
region_out,1,24d8997e,8c34d2d264da176b019737d16e4d3ba1abf6d65633d178c677a533e19617e093,region_fold_1,3442,78491.88930932147,62611.308490649775,62857.28550421464,50204.648478431
region_out,1,25fd32b3,a1bc64009bd425fc3e086c5c4d60850e17be7f6e854374d0d497ef96e946b014,region_fold_1,2885,12039.649851695289,22439.314795427763,18238.56742465828,27836.687927818493
region_out,1,2bff06cf,e95e3e9b0d9ce02125f402dfba7dedd35cd4b442bfdd9aa328cb1dfd5e746bfe,region_fold_1,7624,2660244.6744470685,2471070.5974926916,2562076.0534130894,2391640.496216773
region_out,1,2d2d0c6b,ffe38f10f0161ce6828e1da86b6409b2b5625b7214f63c71151d408104dd0e29,region_fold_1,5045,54900.61297266223,86540.32033690147,60678.18970978643,118171.21673578616
region_out,1,2e43c2ea,8aa28f9d14f7d56a4fc12cf36cdafcd6213bac7fff6e2a22d93a8c04cac857f4,region_fold_1,5698,244489.89102096442,225939.27667946432,163773.82284207823,157233.1178428178
region_out,1,3407f5bf,109fc36cd80635a7e588cf109dc887a56a09eb169a703ddc1153ab731c293d56,region_fold_1,3638,994397.9509413068,1024660.9090589887,1169476.5653652023,1187657.0770258706
region_out,1,353e5502,789980a7e432a2fbb1c85f9cd0774c64ca7a96375ed38240837a476456f1580a,region_fold_1,6062,95492.07394403848,94692.85710377322,126269.45950417474,120898.70891815893
region_out,1,357c12f9,792c7e392da72b257386fb2907187d1a1559b0f16e2e85f1a1896646925064da,region_fold_1,4079,23344.92004920545,35243.85048387617,29579.451408281184,36688.94494594301
region_out,1,35b3ef6a,ab50c5ae5d104155e2f33600ffd0b339fd8194ea6483a1fddd307b8a54564611,region_fold_1,3904,917968.7240378148,701868.8876943716,739520.3206916715,572109.4358505557
region_out,1,37344c2a,0a5d31f92b6dffa8634d95ba55326c2410b70d22def553767ec7e0594248663b,region_fold_1,5197,1561509.7853786852,1587134.725535065,1848033.7921435465,1849347.0227845863
region_out,1,38991fd4,5f0e18ced9057064f59992a624787f685f3caac4a49a5012a180fb39b53ec461,region_fold_1,4798,395948.1517747367,283927.555900345,299587.8014354857,214872.89763680653
region_out,1,39b51819,c61a72457cc98d5f11db6bd56188bf43300dc9b37141d36c7d9260591f6c8345,region_fold_1,4231,69898.40817374215,89201.64430695074,45735.90321443504,62351.09618041059
region_out,1,3a223519,d27c347f23099c5dd8a0aa465af09c030f21d014ac52a058dd57dfdc6d430bf9,region_fold_1,4583,762648.2598963446,1295480.3987138066,632716.505978412,1108281.649730466
region_out,1,43e16325,17dd7047ba15df4b38ece2aeadf3d335e2f94806c84693b83afed9479395a487,region_fold_1,3720,7243004.676035846,6385284.906231556,6593343.37832566,5856134.23796995
region_out,1,463c38f2,06b6a6456c687c80bd11b30a9ed7821f9106b3fff0a707d0dff0bf2d26fa4efe,region_fold_1,4460,410390.8476800106,305152.549147501,420966.89278284216,288156.86551841255
region_out,1,46d24a09,a8171a88c054ed442de16ce471986795f14e0b21f7ff18e5351423452efdd809,region_fold_1,4449,3694618.2693989445,2540149.790119254,3753697.0705612656,2652991.152591197
region_out,1,4a335117,5bb344960a0b15ab7ce8b0ff43e0bf820c3bb0a0987c29eb285f85364b8fe7d2,region_fold_1,5015,327827.67106620007,326110.1574558352,286067.61093955894,279057.00601800403
region_out,1,4b462989,e3323eed4a1e1c98222eb103ad2f388b7661570c56edcb58c4a297c108283cf8,region_fold_1,3106,117035.93480807153,122695.76217124923,129753.7484790494,132780.381988251
region_out,1,511e1db0,ee0927c5642e3467cbdb1dd248f1e561f45521d6e64733a6e1c3148f1b4c33c3,region_fold_1,3821,128259.59275937286,91708.18380940065,120491.77353341033,107055.57181560408
region_out,1,543198e8,58e944148d6504362a6edf638db6986681c5376aa60aa5af74649892b5c8976c,region_fold_1,6503,1785164.281979308,1800656.1558296592,1979083.6004953547,1970498.211090251
region_out,1,54753541,9b4fb77f8d14e13f9528c62900f6268a3e1d7925658d7db4d84d6a63fcd4d070,region_fold_1,4026,808006.7884679413,908909.7001218722,1021496.3001694025,1142863.7006298006
region_out,1,5542c301,294803a4efbcf9220bb12a233de062099118cd05cbd4ef721179a740eb429335,region_fold_1,3591,216096.92380975225,272627.86488053075,194323.5715270308,245014.45624070568
region_out,1,55efee7f,42089868c70bf975c69b09a37f5445ee12df702d57c4f92ce3654470f2fbfab8,region_fold_1,4801,1026719.2331704143,1004444.401264202,1075493.192652179,1059232.3309476594
region_out,1,56b00794,1d0094684112d8cf158641351d5ad2141a6894e93ec6e9c33bbdaac655237954,region_fold_1,6065,4360275.539496471,4630173.8562561525,4568520.61030562,4811242.329689302
region_out,1,57796579,3c934094cae557f8eeea6adeec347f2521e966823d552a990e9bc30d75fd4316,region_fold_1,5890,1293212.6641810746,903112.6252540529,871152.0802643658,598233.5914189769
region_out,1,591cc951,0f3353638106a1f23386cc5270b3c034ed1b60b28e48f4785bdfc6a81cf5d367,region_fold_1,4609,100488.93729479864,97968.35855327641,72580.25467917572,72086.30848121594
region_out,1,5aa403d0,978856f9f11fb861ee8a3aa774f3d03985b9e9b6afba517dfdfe6fa3dd158098,region_fold_1,3118,992969.5582401621,700320.8603520505,814283.5824048364,575652.0959880674
region_out,1,5fb1c15f,1457aaa3977a6dfc15fb2ac8c6e83d9220fa30707dce632db18097eeecb67313,region_fold_1,2860,783538.3721644217,1170880.216622661,1230622.6960981982,1632797.2491202515
region_out,1,62a6f539,a9841ab3fa8b44cefc05e339669c509592fbae806ac2babab36a8bd8d7574968,region_fold_1,3693,55639.66770960911,71579.92446381046,57001.48769845405,76918.21937948912
region_out,1,65156b96,793252a47423d045d8a2d1b85fe72d308912939668487703125eb39711b811dd,region_fold_1,3221,110439.21345939464,136762.41020503512,78336.62593997593,102695.22183096409
region_out,1,71642c7d,26748bd2eda016bc45ed06142dbf0a73fd6ff4974777d27dcdf9767a20ef5b76,region_fold_1,4648,752844.8048568901,804713.5030278709,450466.15207744465,508667.0794742763
region_out,1,73348914,790b9ad9ec58fc86ccaea8a9b5e571243f707b4f95bb2a81add227a497186bec,region_fold_1,4221,140889.36286888618,120508.8006047134,115974.93326603089,106686.18595646799
region_out,1,77e4821c,2d67165d616951d3c15ac1fddccc1312ab3e3bd050bbf5f3215e764ebd512b8b,region_fold_1,5393,1610112.6228209126,1423653.3182373191,1675606.4480864997,1488295.2842656057
region_out,1,7acda2df,fd15d044a4ba00e6a054f51c7256ce25c6cfbed7d2c36707b87ec473a26786b6,region_fold_1,3091,651941.8119289074,707785.8319361376,721990.9767511506,770908.8843689885
region_out,1,8255c867,22e43352374d51ab5fb50dfde8e16e81401544c3ebbfe28069fca94a1932c9d0,region_fold_1,3589,1028504.0821001537,897306.6483083579,969116.2598188063,852343.003406831
region_out,1,833af382,a3e4d31ac02a44c56a01d74a008419d0a12ceda338eec7cb22d5b907cc99df8f,region_fold_1,3628,1171707.6520755393,1285932.2716857283,1054618.9253542903,1166990.8141508184
region_out,1,865033f8,710a572f4edcc68ae19e15c8c43951f555356257e2a3a54c8b02f113af34dffb,region_fold_1,3557,54739.32924883454,71862.6845497733,35425.08992732109,52491.91108082075
region_out,1,8902c3f6,4dec6401336e54eb74f875d3aa01a613358ee148a951222a8c0167c1f2f88f7d,region_fold_1,4959,182277.7153980016,240425.18479743903,431869.5225310839,479412.19579245755
region_out,1,8b95d6d1,78ce54089f11c0bf57f09a1665923f45572229f5ef37733f6f54c41c62e2140e,region_fold_1,1731,264363.751753859,211276.03944099875,194615.57713313572,156249.9538319232
region_out,1,8c167025,f3b413b199ad12af9ceb4e01fdd8edf62c1df66a661703ec4f7747f8db321e4b,region_fold_1,5368,658339.505520236,940970.0457755162,785766.6069468617,1161265.748723159
region_out,1,91b301ce,e384ba9337dc2e882a4a8137a9a7fb7700b5111a9a5942532f83344ec7f648f9,region_fold_1,6570,5495906.99967659,5579542.275447799,5696837.888101762,5793441.532563614
region_out,1,9283ae69,9387ca0fd73786e2172c512af7125ed48aba9df2472471dbfc560af48fa41905,region_fold_1,3371,198178.96592815593,303281.8162385586,193620.9384297169,293698.63128032006
region_out,1,93f5d2e6,c3d0969d6efc8760accab8848041e22f3b5415da885be09683412513e0e8c71c,region_fold_1,3691,900765.3876160281,843263.4325319937,1098980.2373095315,1019473.684863605
region_out,1,940e709a,f9def5e6aab2c39cdd3334d9264bace61582cf71b9e9fa388c4e3053394d7d3f,region_fold_1,3348,384808.91690580535,309089.4651093465,340000.84124250937,275517.66578549624
region_out,1,94467f50,4c1c9ab7b490e847e8889086ba1631438298b60f547ca75aacdd3a3d529dc650,region_fold_1,3035,255747.16066966575,216826.42961875763,275691.17354720575,237023.07181641192
region_out,1,9896fc0b,ff0c807148b00cab4207a4d19c0adb7163615bf0c6536f53d594a17f52ec9fdf,region_fold_1,3595,824788.9262938903,863859.4948576255,547905.6308251125,599692.9357580572
region_out,1,999daf80,5e8645c5100987bd3728e4dd831bde151e61b7a12d2db7d025a6939e62b29599,region_fold_1,3564,31136.83549940487,29240.24017642626,39662.22657392318,36408.58144368016
region_out,1,9ab94eeb,687d5b36f791355129faa5ad42bf8d3fa12c1dac439b430b6c503f6638053e6c,region_fold_1,4442,110256.04329785408,106135.03521022969,106537.55252676742,102764.50677668884
region_out,1,9ae248be,ad86d65d99486377bc7fa3a3f1f896bde69cb553f8d34a2c3ed2b47bdbde2d1b,region_fold_1,5271,1908358.5084483414,1694310.323693059,1151307.7849530808,1051118.2854261617
region_out,1,9c8375f7,ac29b9892004bce8124aa917a5f4edf33015dbbc3ac501d6fe88f6b03bc5dfd1,region_fold_1,3674,93794.14478048251,81303.1226534461,70452.58411177562,61326.37897751741
region_out,1,9efc812e,3a9771085ad359e914266d205d70ea3fde040a2f4e625a895fb6b3694a9421a7,region_fold_1,4450,145906.39474502296,179990.23830876697,143323.75425537024,162665.23673913494
region_out,1,9f0c7bae,f1d6ae417bbb399edc045952f07eac178d6d01ee33b4aad1e60c041b6b66edc5,region_fold_1,2542,113692.26308720242,171173.26345269097,124299.94811536776,180014.05781437122
region_out,1,a08d9e63,12941d212402020a043c6a9f0f92eceeea8333713bf47573e3adc5d6186b7bed,region_fold_1,3685,495863.8002242701,499670.33196789917,459626.90425735305,465907.53537723725
region_out,1,a2e8e7f6,78ce54089f11c0bf57f09a1665923f45572229f5ef37733f6f54c41c62e2140e,region_fold_1,4760,471001.5591707926,475303.6797207452,362146.8652492815,370783.01984437974
region_out,1,a3f71395,0f934ddc11ed02a69430278c1e9b383d6f6609635a9b0d8020f3af2c147f2d59,region_fold_1,5543,2367223.013299979,2103604.8844413413,1932329.8990842344,1743636.361135122
region_out,1,a6b8ac67,1f8bb002a4446bbf15d5b811dc3eedaceb7552953cb068295335a1382c2ab237,region_fold_1,5453,3208585.571651868,3771150.12859387,3485738.314403839,4016571.237552498
region_out,1,a76db406,f88b28dc1e4de9c96afbd2f070e5d482ec6565f78088ea80f3db67630f3273a3,region_fold_1,4672,158952.7099270696,227857.22035731157,233807.545055403,312769.055206237
region_out,1,a783cc24,5acd4638a54af019bda28c3af038b38febd873de89263b9f751f229d38546719,region_fold_1,1889,1284888.6379838942,1319430.4452539189,1465482.8036349225,1485079.0525243115
region_out,1,a85bb86f,b57c447844a29bbebb69a477c952397de7c466f45db1733c45c9b0166cc4064e,region_fold_1,3099,140064.46304814005,108001.68568205528,141686.27111297633,113544.09461332421
region_out,1,ab94878e,ac668763f685e09023d10b769f6e1ccca95c2430689cc05237e7e037cbb64ef2,region_fold_1,6004,163129.59779317002,124325.35547844874,185030.69185490147,143529.15626943985
region_out,1,ae069086,5bf560245e9d9e3dc2c1a0af1b0b67304c7257cf1970e256ee8db9e8798667ae,region_fold_1,4770,481962.10703848465,492011.34779761254,501892.50074274733,507641.5450032666
region_out,1,ae35f33a,6fab1564560fad5c6741d112a7a75724e7138fb8415bb268875f24c2bd81ec62,region_fold_1,4450,28924.67307977227,32701.439822004424,21470.071375111376,24435.380590569475
region_out,1,aee6393a,4c83eb6126b1a22feede0a704edc093336419cf75fc24a813f70c899b437af40,region_fold_1,5865,398668.66117249185,257880.64797554346,422809.23791867227,289063.0186551503
region_out,1,b04b58a3,728c7755852785a28381adb88b96a21c1c4deeb34f94c636b0303aa11110ce72,region_fold_1,3402,197226.10309064994,171230.8857065224,202307.40800287548,198330.38109249025
region_out,1,b4d8dd4f,af8dc0c8f847c7ab2808ed8ea9507bc04ee6252f09a78b84deeca5b39d474c17,region_fold_1,4259,535302.6311288436,512163.5648485611,551257.5364244762,527010.1132014141
region_out,1,b4f37e6e,cddc6c71d7b89e74abec41853dce065c76c4e21ffbd6928193ad38de59d01dd1,region_fold_1,2992,267829.61091587285,244538.78722732572,318829.86638673645,290984.2485787552
region_out,1,b56bc0aa,938e6f6da6042ace08d9aeb1d072fc9049f150519d26283443484e7d4f262144,region_fold_1,5602,209371.50909521471,229247.31753636253,206052.91880164936,224485.77312087454
region_out,1,b7fea9ef,ef2d0223e4144f7d007592d51ef8e80f267d52e8f7b3e4adef15067d4c1db14f,region_fold_1,3866,134957.62705041235,130190.12437828275,138168.36894073887,133228.6943413311
region_out,1,b8c49c1a,c96c1182066bee303d33dd0f991b61e854213a970f3e8a9a95b68c1ca4116c44,region_fold_1,4319,185528.73167713225,178342.7846120524,182778.87072188026,176122.24357287932
region_out,1,bd8f847e,970736dfa1ec9d1e3fcf0ecd4a9d30b5e4d5fcaa6bfc8b131537e68a77d26efb,region_fold_1,4961,569013.6415685819,499924.1304284222,502342.19356243755,444085.3743211939
region_out,1,c03b9305,f5f980c56fa3f89c03488734d51da8bea0f49537206f9bc85c62afc441296f4d,region_fold_1,4255,716554.2230625619,1451646.8147889872,1387076.4057625995,2223620.6529869814
region_out,1,c03d4aed,c6b2c9d456f6a8ced624a5eec6185fff24fbc7a93c27006f7c45e974acc66667,region_fold_1,4641,188817.683233211,219778.54143773098,137469.47964502542,167588.58092956178
region_out,1,c6b782a4,e392fc3a79097a8dfd88290f776b45a908c72a7d46c96dfec06cd6b212e4fa71,region_fold_1,4877,203602.5651720555,210864.0458878183,168399.9402168784,180910.64695446953
region_out,1,c9e6734f,28324e2fc4ef3aca1081009d968f26f1a0b374fff43a74dc5027563d1b4e5c44,region_fold_1,4735,782852.5164553984,792161.4857452096,858980.9292468318,862012.7841100598
region_out,1,ce8399b7,1f09a3ca44aeb97357959fd0712d0bd6e9116b7059fe81fb8d7edb502f6d07e8,region_fold_1,1615,17485.089800743564,12812.675359450728,19060.020092643354,11934.307142279657
region_out,1,cf50c9d1,6b2528771fdb1f8d8ba785bcf72f609bb75f9430873020f2e4af4e339acb53dd,region_fold_1,4858,1538870.2510245496,1354481.2682968294,1746475.831325185,1543195.6496110128
region_out,1,d0a43760,11c7b208e224151364dddd193072f0aa4649afe62929396f575faeacdf30c8ee,region_fold_1,4041,363027.1323710617,427493.991211583,287067.9701256142,346334.52291082905
region_out,1,d41beaf2,8a238574099b3dd5577bde2fcd3f86b6a12aa963de9aeb62874081002b229767,region_fold_1,4753,363428.9896124643,185797.22114717192,438567.1363197048,228839.4604626653
region_out,1,da3cf798,55e04d438e1eca1772699cda49fedb143cbe478e4b3a387b5919b8eacbdedc82,region_fold_1,5844,685736.9071374234,494023.9268568474,742576.3830844396,560560.962956676
region_out,1,dd168de0,ead450a96ca96fa9352a8c21e35e4285f5fd5d63562ccf76babf57faf6373ed1,region_fold_1,3304,139410.4466525271,310019.29821187636,88473.6383869129,227612.92286580027
region_out,1,e03b45fd,e1523ad94f707f3ebe25a2bee2ec48db7b26f548360dff119bc3620951d85dd2,region_fold_1,5342,1867330.1803562988,2175389.284555928,1681609.2021600262,1973452.7782885476
region_out,1,e25f1537,5ae1e7b85261b7a7c60d72c2958ca73328a9c0b34a0ee75963bc4cd28843860e,region_fold_1,3177,331047.3089775535,308014.48944774637,248823.57455450392,235333.28637653257
region_out,1,e7c36e81,8bb02217a5f0cc3ef27046755ed34283469d1621039e347cdcf640267640de64,region_fold_1,3531,450538.8331810386,348352.8427423737,313274.6580489628,241905.4883141634
region_out,1,e85074c5,b612a6fde2db865d0d7df6bf0b29a7d8feefc27249e5ecf741f4b958798e3513,region_fold_1,5675,1093585.3935412767,1172586.2909538613,842693.4974451736,927267.599579586
region_out,1,e97032ad,5e55b7def44b24584e571f6078d4ed24f42e25a2f22d383aaf9d02a65ee13796,region_fold_1,3530,187622.01036907377,148271.20610837173,217312.70592136818,163931.27494017314
region_out,1,eafb863e,1af39ce37f5009ab26605c1caabb6314e3fa3b051fc906239c614a12a5e3bbc8,region_fold_1,3568,94761.42809904688,98955.89955516686,84992.55272047641,84696.69712456383
region_out,1,ecdaf714,0e6e40a774909dd28c3e296f188927e9277c62c29ad9f8f07b773303c2acaa76,region_fold_1,6592,1471731.317962761,1278111.9255289643,1576045.0160359207,1370080.5582799048
region_out,1,eeda36f5,76ee0b8e4b0a5b7d539955039f01e7a3c5427618f0c28644f6ccf3a96c4aa493,region_fold_1,4797,895041.3462153117,879629.2628893428,770752.4334212805,765342.2070222382
region_out,1,ef04658e,700efdbe0ee29a9cb6ce1d24289113b18f7482e6fb3aefbf26abc66e6b281e3a,region_fold_1,4104,779955.419867884,598783.6962468729,630228.8285800243,490659.76265643735
region_out,1,efe96181,b193c76a45a48dc3b44b3f9b05624f99422e59e876e1ab3cb4e62711ee83744a,region_fold_1,4012,2481821.452238323,2569834.7377763484,3256573.8687526844,3279209.859985478
region_out,1,f439a621,9bc811e93a12177931449b8ddb646b0bb9ee10e39ff7407a0b08fe99d923a882,region_fold_1,2821,260027.966977367,207508.76189881307,176847.5764864265,146745.54525682685
region_out,1,f4d12d23,8aa0ba4fc7e9606b0a2df0debb3d70b03dd35a98cf5adab12b8bc0294394bed4,region_fold_1,3701,1180719.1159742584,640079.7017423899,878232.1326902546,460448.3095910724
region_out,1,fc0d20b2,924fed58b68160cca0c9c6d43c42aee9e8d61f75e9c9e9a8db27e833f3f90f67,region_fold_1,3954,88034.76239507525,114299.49054754533,154945.40062143927,232236.26570545096
region_out,1,fef8af96,9a3d5a26cb0935bbe1ae7e3c7f540f417b02f9f7bd4f848b0357ed1b4f47b55a,region_fold_1,3826,5990479.781825801,4961836.137911241,5812334.2727070255,4834188.911497226
region_out,1,ff8bb73a,d12b97b012e064bc4f2f429f2a8140dba09c83da462c4695184887c965c0b587,region_fold_1,5927,626418.0210134028,542343.3827011273,510236.5670254065,449624.1867447981
region_out,1,ffefef30,b7de8d046e0a772a79e5336b3ca560d8e966a51ddf17119284a7cfaf0dacc059,region_fold_1,4570,649415.0080005217,555925.5557489159,800389.0850006039,690069.4315293414
region_out,2,01869cd4,5545624acc233ac19b7e0bd30b19cd6c685b423947e521e482f76ef4f5671afd,region_fold_2,5557,347738.5688854272,384147.9439481448,272675.65621824935,318687.5435438578
region_out,2,02e7fe5a,94eb27fdcd1e89991e52679204f459ba6a9cd201237026b9975699fdbb7d8979,region_fold_2,5108,224229.49090153028,328652.565562212,272938.2070087332,358495.352315292
region_out,2,052d64df,ab09959866583a7be49fc05f9f6748b18c0cb713991fe6e685351584deb213ec,region_fold_2,2445,116683.49208060045,141116.41642987216,112539.80307224547,135167.0998171336
region_out,2,05948241,5ab4339d7034e454646b998f1b44be942484101835d79b0b12d28289741c4924,region_fold_2,3879,98587.65492447725,55624.25807926842,111268.76441015891,57082.75232290887
region_out,2,071d7b45,66882906104713d41e50f30d1e90f73cbc0987dc97057d57bb8687da08ed2267,region_fold_2,3211,393919.648062199,149686.94628952563,521720.71620140166,238867.58576968612
region_out,2,09053135,935f98cead6e1f3e4ca36826144f70f78bdea34dda4f01a06f61ef63ab51026e,region_fold_2,5907,1393044.8920344259,1743904.1066800281,1125423.070743265,1443510.144410931
region_out,2,0c1b160c,cf4443772926c4fa3b4b257a97e46535e3e360191e767ab5f36959e7c6e0a932,region_fold_2,5054,231832.30350569496,276944.3021340545,243766.1090246841,250927.7029087569
region_out,2,10b89021,94eb27fdcd1e89991e52679204f459ba6a9cd201237026b9975699fdbb7d8979,region_fold_2,5414,383805.46343464206,428378.1843866442,256826.45452665517,304016.8142581388
region_out,2,10be2420,f835c3841eb266149a12daab6e915d69d8992fb8c281873b4a2e5b9cd519d3f6,region_fold_2,3271,248618.80003075756,236862.2875370402,203172.05767871544,197979.10627960574
region_out,2,122bd617,162a82494f516ee0a3b93c8126912b4a33b4abd9e7a1bb895790ed8c2b0cb9c6,region_fold_2,4570,498530.46482313995,575837.1667428361,396409.62509481655,469158.98758977884
region_out,2,1295a25b,ab0c1ed6050411afa49ae85ea0dbf0481485a19ef8caf6e813c27df65b9aa514,region_fold_2,5551,335066.87966717477,333303.0196238661,260844.25153367774,266537.1365548939
region_out,2,1590af81,7c9636fc0c192670b5190dd4fbe16954b4e335735510c4533ad0828e68dda9b6,region_fold_2,3799,48625.39722879272,80060.36334008354,39518.06160122626,67444.7513626963
region_out,2,15e154a1,bdfabe666323e16f930a023d1a2dad9179ea9eb3141f6e9ecf463f3c0610541e,region_fold_2,6068,1188575.7686646464,676465.6547446874,990506.9957905996,569441.417954081
region_out,2,198a5607,7777dbe446a81a3bbfcb6d9bac2cb0c618c36d56114ffa030232437de456ceed,region_fold_2,6251,474567.775299269,820950.8136391897,383565.43416511134,668318.8697218569
region_out,2,1a730ac2,73185a6a05e581b465b8d2e2b7432abdc00caf84ab6512dbdb48c82602929f4e,region_fold_2,4605,115331.82423453545,72715.27466881639,46825.66176961658,72937.09510650468
region_out,2,1b08ed48,8dba6ceef828b0a6cdb64b1e8494d3d65e5c853ac37813ab155991e0d61dc8f8,region_fold_2,5618,760953.7991774653,1039940.9432882878,468436.40834655985,710025.8462772465
region_out,2,1beca81d,ceb26016aedc66367e85583ee635ed3fcef43db8355b5bd2304e59f54087a295,region_fold_2,5036,268543.2773316606,261516.24364028606,240805.20411592274,236945.5670776018
region_out,2,1d3fbf02,6fa4b538950ed657880b43f0204d538534e71d99d24d13fa56f3bc9ee7e741a2,region_fold_2,2694,53195.41620159896,130772.40880779702,50749.70502641777,119566.8841508653
region_out,2,1fee2b62,1a26ed94f1116a6a539db075d1641abfbd97cecae12e4a8495b4bb8a31311cba,region_fold_2,4641,125332.17272267854,334844.2369488344,225871.42517863523,457712.2091677929
region_out,2,206b6193,6b20080b1cde08d1c03f853a217acdd82eedcf1dec6ba30b750a99fb24643745,region_fold_2,6535,7798257.545477611,8263412.080963338,7047768.93959697,7538582.175383916
region_out,2,230eaaa3,204b49634c9cb4687d6f63b5a0d653591ca92ff1e65fefbfe95af70de6743063,region_fold_2,4690,2546265.01297765,2334520.9108709944,2315985.8830669154,2164334.4834103566
region_out,2,2364716c,7100d9e2b279b27b1e2016771c8b0eb1ba2262acc7203023688e6b701df18cb4,region_fold_2,4316,963194.5494551123,1050907.580763171,921754.3976885001,1006756.5827065847
region_out,2,23b9beb0,b34e333af421ab2fc02a30fa9a0dad2daec7b7fd714c3ccc60179b5f09230566,region_fold_2,7340,300791.8540602892,168847.65926557174,190029.18446603054,135690.72667329348
region_out,2,261785ee,367d5f1cc835c7dbe0aeda120725ac19e9f4397998bbead4334aebe2ab10d488,region_fold_2,3646,1359507.000449019,1519152.88260889,1178531.4677518997,1334429.8075258208
region_out,2,283269ac,7295d5714e91f3a9336dee65acdc163f79fe3597c927b9a55906d737fc9ac88d,region_fold_2,2626,7305.4656484311145,2861.4525236172876,2851.594609439244,9811.94863664435
region_out,2,28473855,a70c03be6723cc3d46385bc7bc08b498e7a43af49ca387b726f9b4a0c20db2fd,region_fold_2,4290,54539.44008950891,57435.00658920721,48961.612451764944,54221.47305799094
region_out,2,2c0c4a4e,aeecc0bee110d5f44133a29a4d61d88b3bf9e39c09e044c19a05c3995d39e903,region_fold_2,4790,74663.3960743018,46518.99623666197,54243.15519328825,33136.96953623239
region_out,2,2ddad940,48c0becc55c9a469f898e0e804146721e7d61282e2d9b1f452e41de33c445b22,region_fold_2,5331,267885.86471157067,236955.71734384462,262438.5279761916,245653.02207380297
region_out,2,2fe023be,5739b602b50448af03a33129e177be6bc615d54b248c8a6e73401a9cdd63a820,region_fold_2,4221,260718.28722465778,205275.67696449283,241423.46337879513,194338.74389487546
region_out,2,32fe84c9,67ebedf8e238c8ecbfa366f8cd14fec95a41c2d56ecb8cbcfd534eee774d8830,region_fold_2,6408,1076694.4509157771,1124324.076813519,768961.6029379744,836943.0610410181
region_out,2,33c40295,d85a69a8ed290cb6bfbdbb65c1828809e8339916d6cf7790953b7e0ab13fcaed,region_fold_2,4169,327449.35206629004,311358.30370517506,198708.68244672508,218790.00270473078
region_out,2,3417285d,94eb27fdcd1e89991e52679204f459ba6a9cd201237026b9975699fdbb7d8979,region_fold_2,5449,4096063.5559660885,3405838.3248661417,4447496.273775781,3744282.1881076545
region_out,2,35b30c7f,7d4cb9db13ef6de69276c748bb6ce5fd296c23edec32a06701eab4015446f7fe,region_fold_2,9579,4178307.2105810987,3443017.5854630186,2949302.025350881,2472748.60578258
region_out,2,389ae58f,f33493637725c205e25508a4c494ef4e6b497239f30072cab97702ff3b8d9aee,region_fold_2,6463,14457465.370421937,14715194.17266511,14953017.657576136,15140373.464258835
region_out,2,398dce4b,d61a36e9a70f583bdfdd9834d8135454b31bb78a9f16b60f6a771c16f1e88eb0,region_fold_2,3166,25686.313951791657,26272.205843695723,25274.278960575855,25659.91832450247
region_out,2,3e011332,cb056cbad843d5d3b20bba43a76e27522015e1d82f505652280180485c760788,region_fold_2,2723,595345.4038479159,575442.9355192505,476856.9457237501,472389.2031934321
region_out,2,3ef6372a,3ddbd7727923073cec2e3d8d9b4a776fb685ee9c470360bc2b13b12ec4ed1cb8,region_fold_2,4727,306496.44616129994,323267.30316324945,415858.3836724392,421307.65304092714
region_out,2,404c4384,d39dfd0a2f1ed1c9970cc3edf0c23ccffcc7363ac15bf8c3140cfa2280ec3bdc,region_fold_2,911,29711.5952645602,29711.5952645602,22571.57475201916,23296.957646955547
region_out,2,42669188,d99f97358f4f1c60088213811de05147207d5a84821b8eb7a56ba57ee63e95e5,region_fold_2,4282,1105783.0944354148,726029.6207036487,1059589.3266286892,717318.3309882499
region_out,2,4463446c,66882906104713d41e50f30d1e90f73cbc0987dc97057d57bb8687da08ed2267,region_fold_2,3256,226330.06490570697,305316.4464153801,162543.116643345,228463.0153854758
region_out,2,45fb3e21,6474eea2dab7025fc63dce36179ca3a3a7d35898ea203838868d0d6a821d7ca4,region_fold_2,3649,2250671.4752244893,1732420.9097346708,1821928.514109975,1426413.2409165367
region_out,2,46a301e9,e04e3ee2d71b89720a68cce9eff85aa6fb5d7de1264757b59ac29b6df6c7e242,region_fold_2,8226,851022.4998342264,659543.7341584808,1132043.7819643216,888929.7640006613
region_out,2,46d41ff6,88ee70cfea712e4a9ff02b675ac31a918fc2de674334f317280fe1a90266a3d9,region_fold_2,7901,135099.50837455035,120666.53662352843,91257.31828647282,79273.92719788622
region_out,2,5397ceb1,1d246f9e173d55129cb86625770a218451966ce1d198a2fb0c808b987aab502f,region_fold_2,5255,176685.27446002644,175671.98335231253,166146.83887410135,155021.24654299315
region_out,2,53f23031,2ca40f1a983ef1741241508582aa8ec268705ebc1da9e60cc20a8a6cba234321,region_fold_2,8550,520412.3688742248,497516.96726475644,188719.56029397273,201570.73100055315
region_out,2,54a7e3c2,0bc0ec4591359acfe5aa50eba0006f09cecd9a90074cc473ab23a2c690ee8ce4,region_fold_2,6155,253516.24026113772,205209.84064789186,267199.8815641863,217296.53100289142
region_out,2,5aa03df7,2b674c1263ca612844b1c93f1718921848ba7d15b0e73893e905ba85bbe21d35,region_fold_2,4871,190637.66419761127,273906.7726739731,192647.5215334999,271255.09730897535
region_out,2,5aef5c6c,1e5c4b49fdc2b234a1305df7a1a97bbf9d037aed6df740c81e9ca2a34ac5b381,region_fold_2,3121,176527.03486374812,221883.28829613823,125597.37329662258,159259.24027612497
region_out,2,5b7b6324,9371500cede8f72ae96da474db495f63a6e5c5e119a8483123229c49416c2137,region_fold_2,6564,1357197.2319919444,1067503.0610380978,1486725.6961884086,1156751.7119066843
region_out,2,5beded95,cff7fab7c788ac3aa268266282a5f9fa922c5be5d5a89a7bdde960b4559ede3e,region_fold_2,3057,1026690.4131083789,924367.9448118865,977161.8829720211,889139.3937242252
region_out,2,5d11dfb5,f8c00a5a972dcd9f4bb2281ff9b65ce169223d96e0932ad580d03c43391d4a1e,region_fold_2,5895,452287.5164048109,465084.2855330992,355055.8903508478,385624.5372726379
region_out,2,60e37807,544ccf8ac4a8a8781e69e49811eeb6295f68caa42a8d755d5ccc608095554da6,region_fold_2,2699,1100215.095879178,935189.3941802302,1022355.4289782116,887368.6457244735
region_out,2,61f27424,34a80cc8c30752823c8b33af284994ee9a8602d3af3658d378fac4d08deb489c,region_fold_2,6220,92925.98755358327,127000.19361635734,83789.45862685202,108774.19021428446
region_out,2,633774dc,75bb823a6ee0e62b601b47b8d51cb3010028ffbf35184e13ed8164bf1080adc7,region_fold_2,6233,395498.31874452677,583685.173521735,500119.5948527243,677769.5548362854
region_out,2,684a6fc1,784ce905627f83152a85de346d3be6fb3f94a3c3fd47e35ef16b83efecd33666,region_fold_2,9818,1843167.8295368745,1370322.914048056,1098348.3492824088,865963.8976315218
region_out,2,69c1bdad,abe258c87498fec365585dbf499cc84752e24a4ce3feff14e169ed52c357a924,region_fold_2,2714,121184.17644725574,101183.80885270858,104558.35532358722,91630.55027045307
region_out,2,6ae68655,94eb27fdcd1e89991e52679204f459ba6a9cd201237026b9975699fdbb7d8979,region_fold_2,4204,129128.60538924532,110647.05223292045,104270.21357294006,95192.97387383302
region_out,2,7224331b,16c07db20760704e8d919aebdd49bcf6be5378c791c6accfb604917c298fa0d1,region_fold_2,6063,271484.9537369438,498599.0152047252,451325.49829002516,697465.0720555013
region_out,2,7271dd80,74413f3c603225e248752e4c2779df2cdf044b0ec5841c03592f470e301262a2,region_fold_2,4340,43406.25593506143,32020.86726717225,23085.116065032096,28272.261538463586
region_out,2,74b6186b,b5dc5cc465c01298d970402ddfb60af257d440405571535a5de0d441af907546,region_fold_2,3405,29270.43225922894,16857.71487415634,29384.729450346756,20230.069053411098
region_out,2,7993a768,94eb27fdcd1e89991e52679204f459ba6a9cd201237026b9975699fdbb7d8979,region_fold_2,5487,901479.4897464772,418815.6592329127,637596.6108816046,288506.45624056354
region_out,2,7b2c7b3c,631114c83e77818b207c48a3f3bf972434c9feda677d5321ab6e04c93675c265,region_fold_2,2584,119833.9848884947,89621.316715954,121503.82655260108,90949.90868480828
region_out,2,81fc01c6,c5a6256e51925b9ff1c9523a0abf866498f183ead32ceee452c9428e9b27ae6b,region_fold_2,5909,868136.0978691749,1159355.254721954,834973.2979625715,1118252.7773896216
region_out,2,82aab6d2,680f8bac825b01b8ad269825142ee787cd1db8b1a466ce119ca01d2c8d8f1833,region_fold_2,6140,1094331.889351077,593385.2867928066,1123258.0635982319,646262.3551045231
region_out,2,8b5be31b,29ea099b3a40dfa3a425d33e77b5cc84754e097d0152679bb15feeb23b973e7d,region_fold_2,5672,485800.1384101071,406212.15917832335,356744.5176514344,335672.18408846005
region_out,2,8cc21f01,b47188bae643502fbb9f205dd4654f0780b4fc2d5aa8df19d48befaea1e3facb,region_fold_2,4044,177023.08972657658,211364.0092291711,206189.5305640477,237669.81649293329
region_out,2,8d92cb49,a65ca9b85cad2e079c0b7d59cb45b625bc388db86f99d6b9ea3b803f8a1d3061,region_fold_2,3589,150064.74815958037,152320.99966707086,180103.60400350572,182667.3773686257
region_out,2,9298ad5b,bd20c1e6353eb75dc80e4f07f9cf3a35a52e53fc9b468f3715a83b155a2869ba,region_fold_2,3964,402674.9778492251,387538.24972238956,356955.39944893867,346883.58348305186
region_out,2,96ae5806,eccf09e90835e79a1fdc9aec99e617ad4188505d485139ad7fb1a0ebbf8f0de2,region_fold_2,9839,2740756.4038159614,2280999.4874267317,3146314.316041939,2647019.890786344
region_out,2,97cd5bf9,00515fd5f60fd84258cc5851b11607221501a58a5f55a9ef54ed8b0129a5e54f,region_fold_2,3449,312386.3955055453,223847.79714573704,82460.63172820988,52129.703271430226
region_out,2,9af1ffd0,dcac2ac3be5ac38bc34b51b56ffedea89b258690f59145023301b860680be3c6,region_fold_2,3525,673241.150889251,366247.0466456751,523787.30579018797,291386.93474624906
region_out,2,9b5b61c1,25b88a41babe644af84cca28db162d144200b69825cf975dc506cc32a4bfba8f,region_fold_2,5532,56786.133688741575,82455.70036057036,81533.78165696704,85433.9380473549
region_out,2,9d3ec64c,b6c996e432d69f5b45c70b7805bed23e60119468c0db58d4d698433dc227b9f4,region_fold_2,3480,123549.43054699403,55581.01209604112,122436.62996445585,60223.67326098493
region_out,2,9dede370,a929ad4f6cded95a04a205e53a71d194f3702d5e2b8f4cf97c97c8d698806be5,region_fold_2,6297,922708.8764698403,927591.4311645111,1008356.0367556318,1002748.953108399
region_out,2,9def2eb2,3f9bc61d7ff6608e3ddc7b73a5e5a95109d6e16b5c7788ce92c68cdd90e4702d,region_fold_2,6003,282898.3692326257,276268.45190478617,349011.9876757345,334483.37634712167
region_out,2,9dfff011,0220c33f01cd93c2610534f0bc569812b39e08ca2628f69957420353ecdcf403,region_fold_2,4319,269405.47726135567,103061.69092614258,270571.60577702627,114787.69083866762
region_out,2,a056d01e,f658fe70f63e9ecdf934717963b1eb63b720ea57efabf89e2fab6f5567fbe064,region_fold_2,6557,444409.7012647451,408093.73397845903,312743.4742919094,294549.69593240786
region_out,2,a15bc102,76d02cfb75ef401d2d8470b74279ef92cb27d8cfcfef98d3db2f0ebf21657eff,region_fold_2,3236,82407.61892633814,35659.49336420472,63494.5699160367,28541.476732701965
region_out,2,a4719920,580c951a9759a70bc1a639e99c5ac4ecf63018dbd669c3ff22179bd50d6961ce,region_fold_2,5884,134657.69307431378,157197.9907303467,264790.62340807304,284083.33345112146
region_out,2,a4f989c2,6ba409d6a11775872bb6647dec72c77c3f90b083fe300f4ec6e029a964c60537,region_fold_2,5385,259652.5750625648,168424.71005503956,579303.1940038233,389132.46290777077
region_out,2,a612d5a0,84ce733c0f412a82c5875d900270688cc4c2061766e8fadbb39693da15a04ecc,region_fold_2,5329,936978.6911679504,752737.5100727343,948618.8221717369,776197.1419912578
region_out,2,a7fc3e6b,169f7cec3f4e8ad0457b5ec43d21a2872d91f1a7ead2ccc631b29db268a2ac71,region_fold_2,4764,1384730.1009954615,917921.1574111739,1245678.125717707,864047.1590819701
region_out,2,ae0784a8,635f2b38e9b0abd4cd2b0fb20fb82ceb3c276dc625939072046c0ce3c412131f,region_fold_2,7823,585120.5385315702,756536.9077786137,456333.9570638762,664389.5617857734
region_out,2,b37fd114,771295c0db949db5aaa476c0fda34d2b1ca6c6d89b7ac0847ac95689b6f7ab80,region_fold_2,8161,1322653.6475391076,1348320.7375206917,902721.1052814544,961456.0760829328
region_out,2,b7974e66,f7f0d8a2b114a9764bc17c2de88f2d9ab0e431869c46d4d9cfe6ad203e1e8fdc,region_fold_2,5558,656438.8651712398,905317.3195818651,1022626.4195096572,1241785.9599086738
region_out,2,bc4381e2,94eb27fdcd1e89991e52679204f459ba6a9cd201237026b9975699fdbb7d8979,region_fold_2,4955,1610648.7989660285,1416472.798618162,1441024.0646306798,1287877.819665236
region_out,2,bcebcc5f,0ed5522121bc4af1addb964c950056fee7c1255acd2915cc02b370041fd62f72,region_fold_2,6258,1532093.7502319142,1136571.7340824008,1201111.7347162664,897038.8829733029
region_out,2,c03fba65,cad43482fed470fa776f8b9763025280432e4411038c284bcb33e891732341bf,region_fold_2,3699,1263002.2356409885,1270115.638958952,1082126.183741063,1106719.1191373526
region_out,2,c1708b88,b82801c080618236c36096552ae4bde78aecb0a82c5db2f685e800cd5613e92d,region_fold_2,6315,1455405.0603569397,1256986.0951399058,1514574.8290065085,1307943.8769294336
region_out,2,c43812e2,6b0a52db47eec289ea9cb80488bc1edcef4a47e61dd531ba26b7e61a87256b18,region_fold_2,5527,167698.1768393571,145399.01815708447,205378.9951174775,172826.09633103845
region_out,2,c593337f,8870adf3e2c8fd2eb56ddeae319249c78abfed8a8c0065c56af54e9da3306f3f,region_fold_2,5208,2835937.1996086966,3146129.8758168975,2510007.2835861826,2809805.522667708
region_out,2,c9fedcf3,8da228c6909ab660c64937ac85d0bd9256a7780f7f55bd7ecde5293708c6f18b,region_fold_2,3517,77660.55436841032,29538.048373311336,101785.49313115372,42881.31651734317
region_out,2,cd7f1687,2bc5ba2f707603536d7baef0dd4e21ce6873f34f5789fc8a79ba44241cdf7370,region_fold_2,4232,90738.58171196865,137518.06418280824,127323.95357421765,182021.9341761421
region_out,2,d011f41b,6ba409d6a11775872bb6647dec72c77c3f90b083fe300f4ec6e029a964c60537,region_fold_2,2267,237974.96346233456,224971.82051322545,219505.65256279096,209433.30710835455
region_out,2,dd64382d,e96964fa4b6356d1728949e7b6960d81e583c3f45c124b26ef7d1c6defb9c07c,region_fold_2,3124,23640.888349353107,36446.162128032636,22424.736172044755,34521.216755997695
region_out,2,dd6bc5b2,b833ee5a84d08a0c6eea2580614bb6e7787ce160991f7ee7c70895d8e58d90de,region_fold_2,3602,37228.45429106985,72504.41203710627,74698.12380811755,105754.01973595796
region_out,2,e0079ed1,2c6ec8962d37d017003c1afae12cc16e44d3fc425fc50dd08cbbfaa4cde4a0fe,region_fold_2,3471,55516.305711683635,52266.09845753364,81773.80442224827,51876.54671792156
region_out,2,e3b34f5b,fe0001ba333113a85501b480e7aa5aedfa0e6e076f8756ab9d0d2cfd2ae34ef1,region_fold_2,5455,871802.0288804686,999511.5656236379,576294.9302220034,704241.9723546483
region_out,2,e5ff9fd2,57aa40fffd56768f85f05d76dbec245c568c76cc6d28164758e574a19180e70b,region_fold_2,2354,315594.5876332513,160522.959422143,262437.20068150933,136354.58937168185
region_out,2,ea0b99b7,1c17ab899fe4b39b1365d16aacd821f19724262d523e3f0323e87045b3956ed2,region_fold_2,9239,292535.2386851242,271611.337689928,279477.5520624005,261151.88953913664
region_out,2,ea3a0e38,53840bc189dda2c2b9fd4b95cbaa16feda2a3871e582833232a1d0dc4e0b9615,region_fold_2,10052,312502.4058879389,318027.37998967525,349529.63884601236,344989.08095127007
region_out,2,eb934281,335a533f7ce7e60254899a49f78b21f7c5768ae016d9a5a723f36d23063d3e6b,region_fold_2,5971,169879.69209765742,194528.7459391788,131212.0480141361,154668.7974939655
region_out,2,ecdab904,94eb27fdcd1e89991e52679204f459ba6a9cd201237026b9975699fdbb7d8979,region_fold_2,6147,650836.9042662898,445735.98604657524,533384.3489602341,381039.4475775816
region_out,2,ee4aecac,dcf862221d20d324b291bd4a0c4df30eae08ea80cc0aa3d6fb605fe65947fbe0,region_fold_2,5265,546885.9629814641,593323.451389696,433320.81173480983,482371.2508713286
region_out,2,ef8e3ed0,45bc433cc3885b061551a44a237d8e30934533ec96013eac0ebdea7e440172ae,region_fold_2,5224,869761.096831868,1095399.1821180144,1088298.7053765026,1290347.027569142
region_out,2,f0188a48,b0e2b77a6ebbe059185a7924a937ce1936a09f620d9c9966aab9c69746631a3e,region_fold_2,4170,1786144.396477656,1331073.4062887123,1739124.1782904377,1321927.2610948172
region_out,2,f021b650,94eb27fdcd1e89991e52679204f459ba6a9cd201237026b9975699fdbb7d8979,region_fold_2,3739,211912.7166576544,202354.18706391106,165266.84556396393,161214.0877123361
region_out,2,f07d7037,bea8d9de2862871062da84435f547a5c134fa010e5d1b07a03eb2762b1021157,region_fold_2,5563,414971.0537207817,423443.27453608543,283142.13777342916,302750.4835572004
region_out,2,f49fdea3,94eb27fdcd1e89991e52679204f459ba6a9cd201237026b9975699fdbb7d8979,region_fold_2,5391,1034234.9386927949,918603.3475664288,1164614.940920946,1031443.9091630217
region_out,2,f5859199,6eabe7a69cd63bc4b998aa6c556d75c3496de41a43af0249834dd71125f26fe8,region_fold_2,5790,1058808.5952231921,900696.5619958111,871359.1872364875,754981.1940306812
region_out,2,f6bc699b,c439009fd48cc604c00832150e4328517db9127d844bbd0d7425ae74194acb63,region_fold_2,3752,93337.23131595849,93466.0622062546,87376.1560622602,87359.77549148821
region_out,2,f8662c22,842d0377de19ae78579b01307ec3a85ce53d9c9c6772208111980e7fb171cc0b,region_fold_2,5429,585070.8516057387,532021.9961828878,449346.43936554855,420929.40994356107
region_out,2,f88ddb26,94eb27fdcd1e89991e52679204f459ba6a9cd201237026b9975699fdbb7d8979,region_fold_2,4990,8414921.269803196,8243663.326648208,8688374.82831469,8496166.206811108
region_out,2,fb0904bd,fb9d05c044492df28dbeb4f23ea5ec146bc4eafb80ed138fa689abada7e15b2e,region_fold_2,3181,119350.19999629016,161341.75411601205,184142.95402963407,225034.29445200838
region_out,2,fcfcc902,2bc5ba2f707603536d7baef0dd4e21ce6873f34f5789fc8a79ba44241cdf7370,region_fold_2,2791,235376.19979025435,267669.68121564266,182490.82689738617,214684.08429346434
region_out,2,ff0aea78,ba5f1ad0e27ab7f115f9156cb44bce7eb4c5b6be55c789fca9add0ac8c99b2ce,region_fold_2,3261,2974108.140295179,3326442.9016581476,2579644.6769914003,2925567.760729606
region_out,3,01982c1d,ff32b6e9074eed00ea1a2f2265e5c3faffa0ffa2775af85533c390088794025e,region_fold_3,3941,340098.4245558642,254581.1692799799,336044.26588400046,257675.55328994023
region_out,3,0390d174,80609917007c64645d6f35a47df64ad837e411a8b8fee77e45eb85a3c4a9ebc3,region_fold_3,4411,705748.0498249377,507655.49530249526,649967.2917148017,489690.65879155963
region_out,3,044af7d1,ba541cde22ee063e69dd1065fbd972f26edca96e12f8d6f269fb80c8664cd92c,region_fold_3,4519,98705.27270400515,106443.2400110536,79248.86748001445,91176.14861655925
region_out,3,05a0ee4d,eb84b25bf25584cdb5330aa08c2af03c3a11371eed7c0956d5c3b65bd1ee18dd,region_fold_3,4348,287521.35333972867,215140.61016817886,285027.00062809984,221506.88929932987
region_out,3,0849b4e2,4123d624f00e62d28d01d586c8699199041bff193579fd0a245f3f3fc559ebb6,region_fold_3,5537,1248900.3599384197,1053246.9157354648,752776.5311806494,660266.9379941256
region_out,3,08fecf00,128255392f8afc352ed46b2f185769a4db71de875d36197175cd2dcced3d0718,region_fold_3,5574,113886.82238590256,121237.51235977374,101352.1152587629,86933.46207083538
region_out,3,0955cd6c,d6daaf618570e818b416926dca36939d9e26c60bbd7d99b0f6aa33f55f64f4a5,region_fold_3,5195,117459.37768919306,141460.13734349096,134016.42567359412,160492.0507793558
region_out,3,09ec2ca9,f63664f5cd191aeace1e0ec3661c81409fc40640c3c1c7584d16b4c03e2fba40,region_fold_3,5885,234650.94387943973,173968.29670444422,146745.01229009006,149082.05561848823
region_out,3,0be01c24,713dcb8326bf0288331ac5d11c90397b5da461cb92c1b54d80ceb694d334a723,region_fold_3,4738,80031.9871176806,65309.21745391085,86218.97211437556,73983.92871447928
region_out,3,0dc5e64d,26674ff156aa5368d8000e7d2429509b7d837071164b6281a6871ae88fe9abf1,region_fold_3,4879,1212744.3554055807,1178462.3770896834,811421.3638354773,825911.2568434934
region_out,3,0dc835f3,76f26677d5be9bdd295504113b01053170128808c425dbb55e99542ded487ee5,region_fold_3,4428,769314.7231739193,869625.0504578893,837019.9030859619,911379.3213766788
region_out,3,0e5e560d,4176d07e7ee2b09335217163f1998dc24d771382211e3a70fe0ea69cde43407e,region_fold_3,3253,260306.18838552808,244130.34765252407,227846.41356881894,217266.2938858302
region_out,3,109d9d70,4e974db4a97bde4344d373a4a292cfce86f8287c2b06a123035d85644b129673,region_fold_3,4215,479708.6524631279,633787.7774509357,388036.6859785925,524340.6460099367
region_out,3,12203f2a,971b03dffb4d1afdc42768537d2204a9080869177f84e9149488b8edb3511cc1,region_fold_3,3261,108402.41621508742,50434.12516913111,40257.738160008565,28686.928612616968
region_out,3,125be846,751f0410a69b2bf766ae5b693e906d1cfa0ab6d27556a8a7060ae715eb7ad724,region_fold_3,6510,421595.0805735901,526810.2460263347,248668.28464513848,341310.1641062725
region_out,3,12f0cd90,55780ee40d9203724469cc01328566140d87d3e2396a5bbd445c5fc9150c6f6f,region_fold_3,5947,388204.34186359035,316133.3772570313,512564.40745947894,442956.77164860506
region_out,3,14ad5efb,0b7c50fb9ca772ff0bac6438211b82e160144bd68755e7212e5dc99e6bfcf068,region_fold_3,5842,219689.87680030477,221076.2321881262,204633.02214112872,217874.66320986598
region_out,3,14fee784,32f92f954e129b864555344e54337eb7d47dbcdb81712f8e880a3772550828db,region_fold_3,4910,1474551.7315012892,912627.4876684542,975023.7740473719,638934.8297066636
region_out,3,1550491d,726ff9dd17fdd1753bc0bd3e85cc0fd04d9d5b177b62b564fcb85d033c1f6f7a,region_fold_3,4563,69921.49717286837,93053.58016446169,70023.15693134483,92598.36849942975
region_out,3,19137a89,5c811a492622b071effc12d36fc73079d81d5a87ef96a637f0f0742a423c05db,region_fold_3,6267,1687619.8931635933,1942251.8844122048,1392657.2263855853,1643288.1924765406
region_out,3,1944513c,7cc18a46da085c918409aa5b1fdca763fddf4a700f6958ad528f16f152e4f495,region_fold_3,4722,169454.88230067637,223157.96564968198,111949.33919933921,158930.0788275182
region_out,3,1aaf1da0,f4b657967566c01f022b965c6165c3122df461486485408b3748b6c018e566d0,region_fold_3,4804,1397328.7468804969,787119.238864563,1112883.4395887551,640230.5179003762
region_out,3,1b1c5372,8b0fa1fef698e9d3ae02ed20d423d1845407456dc4b5acbe2c4439bc24a73cca,region_fold_3,4261,961597.1920729437,757342.8122147565,720870.0047592121,577626.4686885636
region_out,3,1b82b665,98be4c50a3d406a60b7c31bc52394f020b295f51112646273a7f444556e55896,region_fold_3,3806,119935.19968641285,172374.55614179414,86250.90256337161,130998.36039974287
region_out,3,1e30dedf,e9f9bf0b7557514624fce9228b5219836a98273406a7e33373924c12ebe8a590,region_fold_3,4071,377228.3601305375,296803.07470036705,167414.1240373167,267037.784222916
region_out,3,1e5e3573,4c98313e7672cf5884eb9ab92b4e5916aa6905d56bb158ffec2780128f8b0ed8,region_fold_3,5480,597827.088398895,316566.6189717669,674155.4571461894,401461.4431328056
region_out,3,201661b5,eb7ba9e103cc68ad7c6ed3701918b06444b2f42629b61bbaa0f5a61fd447d952,region_fold_3,5955,420187.31028100924,563260.8906391625,466140.9567966014,582910.0679004277
region_out,3,2043abc5,44b316722bc73bf54d446b3136e5bca741e365a89a3225263d8e80b252807b97,region_fold_3,6958,1630278.8021506788,2070616.9385570122,1862175.3250167852,2261284.6875691144
region_out,3,26623a50,1b716f3da0137152ccf418fd9e2398a24f9a61c15d758b725b229bbe9f713cc4,region_fold_3,5735,284729.24810280505,513763.4438515104,161481.65708269208,404656.5723569962
region_out,3,29de15c8,81211caa3480b4e773eea46091e9041c8593f9120af2149d04e533e1ca9246b0,region_fold_3,3431,264417.0682410742,194933.53828285454,239253.8785588223,180945.90871645886
region_out,3,2ac7cb6b,9c1576186b0a75c78739a3d3aeab9ff78c65d29ee817e5ae543e3154b89a5ed9,region_fold_3,4990,819272.5569208662,704077.7727098722,608429.6905489417,580219.2573011701
region_out,3,2acc78d4,a2d95d557eb805646fefe3d3d532407596b85914faecbd85a753520b20b29e07,region_fold_3,4266,366642.2204185926,360049.4203986181,423729.11160011066,404577.387084706
region_out,3,2b06ad65,1ce86dcc649f585fa201c531ff4178415115b5f482f9e9b9694a3e1123864291,region_fold_3,4256,39744.35130312053,47701.60849767075,39740.20584660124,46062.00473096846
region_out,3,2d0c268a,d08b9a52710e5173d579a72dcef0e2320173d9aefa226d178110e731c9119ade,region_fold_3,4550,485284.06422803446,217475.7515198584,604638.9838413263,302428.932853833
region_out,3,2d35f86d,4744ca9e84a89295d322aa5b5de94618ba20f6f189fe7bc694e6ddac3afbf430,region_fold_3,4896,520885.9977673964,499423.0664518466,477963.4598519399,476281.21625022806
region_out,3,2e29e833,d289945431da7bd72b2738b01e83530007029682d0ab1424559fe579edbc03f0,region_fold_3,5428,110408.33006524318,130258.11732460058,63488.5574083646,83629.15499782501
region_out,3,2fd68f7b,ddcd92dee484e99c50968017fdc9ec9ed293db064f151dc95eec6c20ca9ee68b,region_fold_3,4730,13996543.688146265,11918552.017090995,12442890.914563395,10789430.012543999
region_out,3,30d75030,5ada05c46a68b593eb83ba582635dccf33cf456d23a475a39a2dc2176e377edc,region_fold_3,3404,920042.2288621825,659478.6148089485,572558.6291454402,418105.7689209904
region_out,3,347242c8,f6a8138f9372118a76ec88d7d53fc7555d83a4dc6ab6eba495667e976460d3cd,region_fold_3,3595,63619.08504508035,61244.65072921383,50826.59769083019,50010.312993452026
region_out,3,367456ce,ae87f4a99c3655553b6f514cb69255a62a566932a20e12a29f6e11e3d36522af,region_fold_3,5569,538983.6410904457,329721.56744864106,367847.65213440394,229998.2898148613
region_out,3,368131f9,0f71fe4093d88921462163ddedacca9370d1dc37edb7599a939af5ebe32726ef,region_fold_3,4991,1576111.6089319303,2297526.9657080323,1451935.1389667063,2082962.2926247614
region_out,3,3a0af893,795ceb2877294695b18098c4ff121d52ab9a2090923d65274c9d643652635681,region_fold_3,2927,1483212.89873404,1587354.7981169652,1491512.9245688485,1585718.054072425
region_out,3,3a86fe8d,a3e4c2698e23bc1997362d1250234a47ea22a65fc044fbd54423e17798d5b6d7,region_fold_3,5118,129799.97036553778,164319.13544475564,211052.7868226525,243965.73632364557
region_out,3,3aaa2b30,e8437e91ec3b65a9458f9f0d9061e9cf2fbd9b14a521e8c23a1df4e88f426c8d,region_fold_3,4711,614697.7423990548,447726.6321192151,580744.9497386843,430805.5740038708
region_out,3,3df4b19e,553f657ab4bc1ed999f8fd2b11e927d8afe9b9c5451359786ae0c0eb4ac51209,region_fold_3,4988,230583.50290529916,137449.71224457287,145970.4174826374,98637.19745418975
region_out,3,3ef98781,f5564e0c5d240297bef4ef382df94a389b7388042f133c6ddbe9d38488f2e086,region_fold_3,3892,701822.3627542076,163251.94574028908,729998.1619870625,198339.75110869546
region_out,3,3f603129,5e217b40b9c44a4427c54f26a86df69f083572f8c3b1f883b8344c210dd586b2,region_fold_3,5051,1360345.5386940497,1125061.8328569424,1136810.9516784656,962659.9197851697
region_out,3,4121c517,af1b8a5dc6d6a51dbbdf9d887e0bae05efb79680acc0efd997d26e03864b4b9c,region_fold_3,3723,273011.8681028077,200150.85326722998,316866.6035306759,233209.47388312712
region_out,3,43b06c70,31d0b8b739a834906f0c3d74da1e5bf5a670d3a7c1f00dcf5b76c7bd8dc558e2,region_fold_3,4846,1105803.7360512794,777941.6701550328,1126599.9620830189,820293.0930185904
region_out,3,44441e54,62e0916bd11482f94d735854f4c3c525ff44226856b1bf079d0793d8e0a6c692,region_fold_3,4357,129711.92931365455,38286.38358250516,130751.27987411927,126692.35054848298
region_out,3,47ee27ab,3ed55031ae74d9cc243adf02c50acf8950544ab4770eaa065588dfd746b8bb3f,region_fold_3,6397,382207.9859946763,262662.3014146327,479589.38472673343,338412.28810844943
region_out,3,48c1f673,e517fff791239bf218945b6d1f29b69e4ae55ae8f8a78d4b349d612c68255791,region_fold_3,2917,1592425.6625136721,1814756.904848809,1643433.4534931094,1844078.3557772052
region_out,3,4936af16,a4dd7e01731eea960ab5465eb4558fec794912afab590d137274eb36459e3240,region_fold_3,3991,62228.77925995067,112499.91954432167,109238.31559710242,150282.86876307306
region_out,3,4c3168cf,65245b1fd3a6118a6895ae813924b4638be001c8d99a68fabec0668977efc611,region_fold_3,4334,51510.70186650544,45301.978770986374,49738.59481681317,43229.6262131434
region_out,3,4cd1ac61,a13fe8d86c1776ae7a8b41ce362a9ddce3b183e47bda104c7cfa85fa36a4d187,region_fold_3,4489,598286.0053743818,376178.9939615664,724161.7129259977,489166.16184673755
region_out,3,4ddde4c1,3145747e6c047779f1ecced80bf95895f3471aefc6ea7c349f10b5b961e24beb,region_fold_3,4472,79578.60854021925,73666.83900072554,87594.98174686091,90254.04064564125
region_out,3,4e050c92,452af52b485c005736f176e4cd3fe9205bcd4920369dfb0172bd7607f3734c5f,region_fold_3,3705,135155.9079304592,102072.44956328697,228424.3452439969,161269.83540855203
region_out,3,4ed93db6,1fd7a91a1a89a7bc3d6e6bce9aff00e9ab15dd9d6736dbda4ac1dffb2deb8280,region_fold_3,4657,630354.4997490764,499784.494953756,479461.11104049213,411718.06250452175
region_out,3,4f3eb9e9,7552762b35342624a7c467745ef3e30ec53f17f62696421c2a78d163315a3669,region_fold_3,4697,2232671.9746751273,1693482.015099656,2581775.177628878,1990574.070712984
region_out,3,512943b2,864bf20bf52e7e624579999dda808c9b4b179842ce038c5b8e791904f2be87a2,region_fold_3,5029,63817.98963205902,110812.1559308289,153107.2625209638,224256.87122810038
region_out,3,5138a660,de6264638745ecfa842e9429a215f98dbf06bf6011ea6d0ac5fe3dcaa5227590,region_fold_3,3559,92280.96703840756,316670.76216625224,57252.400450886256,231393.7231499476
region_out,3,516088b7,0b17e64504058e546386d122e1c7b09217a029667738f6c4b7e6b30fd7ad13ac,region_fold_3,6645,163782.06804170978,246120.42296192146,221423.06250463147,270680.4552546481
region_out,3,529e88ca,ca2a160ccc45b930842ea41ec0c686a44c654d483e62ed6b3331dc182421365d,region_fold_3,3417,3282193.6392700844,3790340.3233595146,2679867.171904169,3165364.7529552844
region_out,3,52f1e77a,cdce8d40c3142ddc8829a1690d522a3e4618635f2d9ab707315e2cae30b2c4bc,region_fold_3,4442,1183739.8622560035,698160.6415462566,897547.3439517857,535065.4499892043
region_out,3,53134831,ba641de62f5ba1dba1989a0d8b5778003e7c86fb51fba3c3e1abef7050170fad,region_fold_3,5126,440063.86952599755,562544.6236666562,555330.6762304463,668485.1509391746
region_out,3,5567d551,bcddd424eef3a11aaf2913e933e0964a90a6e1745c019b5e12ee99a875f84d1d,region_fold_3,6889,598291.401377266,632972.8408992547,479258.4185348706,518648.7979814384
region_out,3,5693dde2,2f34386ac20d523c0a4487e6fa400a6428285af85a9c9aeea434d1fff358558b,region_fold_3,3488,71809.62140726806,58182.776719706635,47281.690118354614,50506.38060249535
region_out,3,593876b6,c7872ee7117c41ba1d99d6e61b4327ec003f5da7a7a342903078f6e207eba52c,region_fold_3,4842,209907.69276188203,248346.5292209728,142390.7075171155,167423.89036228228
region_out,3,5a5269a9,dd9c23b2b59fd5ce4f28e29a5756b3208ab8b2df258045fad934b82f2034b7b9,region_fold_3,6513,218992.95592239354,332072.2319285816,197420.15447607753,281977.34061014146
region_out,3,5bd25f59,b240dafdc07d7bf95b9333e2b74f6dcfe1a02aa2331eab65082f81b40f1b7741,region_fold_3,4210,424195.90938451,206302.23948128516,236074.19631459218,118858.0775077048
region_out,3,5cb483ac,52f96a8f31103cc5436662d7cc79e40e2dcd1dcc061bee7edcc3045abdf7584b,region_fold_3,3852,70369.17149880965,36645.86606027367,123630.04488250444,71431.66487782978
region_out,3,5d7198fd,565183199767efa5006a4c279be023c284be01f033b5757904d452d98bb29063,region_fold_3,3368,315498.97615578416,214712.12495195383,382483.5443143047,266600.4423849193
region_out,3,5f4d2a52,e7e4ed1d80972700160b8833a8a427fa75dddae2e5daf449e66eb24b26a87118,region_fold_3,5225,12926455.634134665,16101803.225633593,8498295.356662678,11380285.532039331
region_out,3,5f6756c5,fafa8acbe6c8ab4934c479bbb3bde1dbfb2ea9d120672cd51e0b0ad10cd951ef,region_fold_3,5931,609725.0877866388,548898.7787806436,261743.21380305235,250730.30983488093
region_out,3,5fffa282,f85d78dbbdf0306cc2271037feaafc8a640c0f6591d928048b621469661f3ffa,region_fold_3,4201,29268.39598419161,113721.20060796523,94065.86083892517,205265.00123710412
region_out,3,62569ae3,28b9bfecf5f922843b32be052b5b40a54546080bfdf05340801800d9ce762db9,region_fold_3,3588,368274.91161456075,201604.7100310154,300397.4224982187,168479.7005175649
region_out,3,63559d57,22d30d57d77699d37420bdcab42e6a7ffe8a8dd2ac061032fa31f34acc1953ce,region_fold_3,4069,81487.21658706508,74753.5659884583,78021.33268560361,71688.16080029758
region_out,3,653612bc,d711f8e1f3987d246c7e8935c643f234cde0e8dddd68def6c57119026d8fd03b,region_fold_3,4605,101822.48823456743,366460.58790570335,83625.93570052681,305297.8177307374
region_out,3,656a067b,3e85f247247e281f92076996490b13a6415f9bfd670391ca345b405c15d1eadf,region_fold_3,3051,288395.940066121,288629.0891719089,334765.40577437426,329079.4804733135
region_out,3,65a5466a,49cf81c51fdc85e455ac7a9e13f419d0dede50d13da195a23be06ad88d34dc5a,region_fold_3,4683,476117.63965857844,552956.3988966516,463492.65556012903,525861.6915476439
region_out,3,660d9546,9f4a92d5df7e1f8dea1ec0c1538e4e6254b4802333c971d12ddc0b36b682291d,region_fold_3,4732,1496239.3392312187,1122793.6989242719,1785250.2962544682,1374039.1815484518
region_out,3,6767c111,dadf087b5d255af7c63fa4b4c10c82bf0842e4c9a23b85b719fb9a41567b741e,region_fold_3,6783,5471245.73352677,5542226.9106187485,3622683.2849626844,3848810.578559229
region_out,3,698930d1,f3e8270ca3232dc298a231705a45db375c6d1d60a0c8eccd466c8b1f05cef93f,region_fold_3,4741,867457.2002999543,981509.417493731,1143377.2077435544,1225940.1657050916
region_out,3,69e41fa6,eee892e68c99c4f24b45191ccdd6cf62fa36e0725b7e0a87feac0cc20aa5d1e2,region_fold_3,5772,455904.12282055,180456.62915021906,246671.97508425597,95653.85299113858
region_out,3,6d590e26,cd556584a54c0f807ee6668f4e14ec4f20af7f4d3df76b0021d72e01b10710ff,region_fold_3,6096,446293.67561993864,532156.2108799326,365804.70413221815,471215.5743873223
region_out,3,6dbe4b60,b95292cf342ad3d202d33ccac81656a844bcf5528139fe771061fefe42c88c02,region_fold_3,4648,933709.3103138749,609236.6289414817,949353.5894243858,641941.1777948199
region_out,3,6ea22614,e0a6c9d69eb4a8a4511a6f99b72065914a7c895de8dc3b60c0650f59e8b8ff02,region_fold_3,5971,688263.1286012641,620894.3714979878,502283.6530887753,463382.7153641911
region_out,3,708caea9,9d8b5d5e0bfbb77ba1ebf4fb1eeff3cfe320e02e6e8a5cc3431309bfd4da685c,region_fold_3,6548,12118756.235997736,11366468.07371814,11521758.860685756,10891896.839103589
region_out,3,7256229b,2ba8743a9fff40e5120a4dc9e9eea4fc14e9096ab2b2b94548cf7c42624bb084,region_fold_3,5415,138445.99472281197,123847.58514187331,185289.95980392594,149047.3027179169
region_out,3,726f3dc2,249ab5a668873d64e5595853cbc0dac9480003e172fa77af3f7be5b0221e65b3,region_fold_3,6723,302043.30606701615,307649.3935701408,294563.0812177192,445923.11843828135
region_out,3,739a914f,92dd06c665eced0fa718f269e8cd8de1d00dfe67644aa6da13c809b1098219b9,region_fold_3,5505,1856819.9451022474,2038955.5649391147,3366436.400266711,3413945.274418154
region_out,3,76201745,8ce4a341e9bc065638904b8366cc4320b12040658157f87095734879705be08b,region_fold_3,4448,280729.45855143404,315532.17236467433,413261.44690863043,417584.6348169019
region_out,3,78a4a386,d6c23eb0c52d249180cd169a5ea9b905ba83ec9197756dd131a3f5e8713e0378,region_fold_3,5119,2301926.8499959363,1065069.15765674,1922391.140635395,928879.5224605029
region_out,3,796dbd4c,d0fc1807de8e202fd87006312ebb2931d5244afeaf67d570426ebab7ee65e492,region_fold_3,6248,253632.61386797784,246591.95937667906,262922.82773527014,254213.88995941498
region_out,3,7987f2f2,5d6245eda42e7d470ad304918e6daf4ff0bf7c32c7a5c131c11e781abb6d78d3,region_fold_3,3705,709840.8782430084,477297.86218214274,729848.2995295849,510918.0896341552
region_out,3,7b38844c,65b294a2dc6c19cc037d0eeac3c41de15386a000237179460eb35ead09ac18f7,region_fold_3,3749,112002.16612420356,93772.16636353782,105903.47123622432,102173.3452437641
region_out,3,7bb17b96,ee98002feef9dc02cef792a898af3562160546a074dcb103a36143ea8eb926eb,region_fold_3,3922,343988.68738153717,438894.733294096,335300.9963223314,420543.09829539
region_out,3,7cbbd047,5c8826af3817135786e0b2f931f965476d21366cf7ccd4803106e47c4735073e,region_fold_3,5121,505196.0023931088,472037.32326403423,772535.9926318332,702333.765614053
region_out,3,7d57c75d,fd7160f7fce2c857ad0ffee598f9f3a00f3c56846c00945aef93a6de58f98d23,region_fold_3,4405,507512.80691968533,420197.7517209114,413540.6949566151,366075.7146387364
region_out,3,7e208414,10f2ecd7310fa4b1c3c1f5d603b5c4f88b52c448c9d5f60d578b97cdf64b47e7,region_fold_3,4226,98397.72857903288,140498.2034054584,91551.10254697496,125677.50423401258
region_out,3,807f0298,7edb0dcc2fd146c0054a3f634928eefcf52dfb4f606f638c2bf840a438093e52,region_fold_3,3747,2515879.620829885,2332449.762302825,2249061.3702562833,2114617.886824826
region_out,3,8382f4b6,8912f8d5d99e5cfc0b7b2aa7802f72dd8436542580fbd621ace58d7293ab6311,region_fold_3,4967,2460245.4706765786,3131526.114161852,3601022.2314037615,4197569.137422448
region_out,3,84633df4,fb1b15022d82539645682bb1fd1980506eeff2f4d6454fd04bd2091831003755,region_fold_3,4972,463828.0349103567,297186.8029786047,385635.9416405348,267214.5206810522
region_out,3,8478df29,580e5fc97f44f3dcb7a587e42ab84a56ea50dd58e92c8d5e41468cbe22dc1b57,region_fold_3,4857,98448.89478550003,78950.05486271108,125299.36421745174,122422.24510895995
region_out,3,8612b37f,d90b76c5a0733714ce49c8056afdd65d1fab7ea939753f1fd7ef0e88b0066835,region_fold_3,5165,1043092.8849513109,797620.0512165057,878838.9365188881,698249.0450168015
region_out,3,861e71df,f9bdc277831468565f7d754f811aadc9df83219218cb3bc7e1b32c8a8ed3cac5,region_fold_3,4700,924210.6390490131,570359.5878194846,1672235.312283932,1141539.5914659037
region_out,3,8648abae,189fbc94ffedf077f06c9b0a99eac55127e902a826c0cc3f641b65287818b890,region_fold_3,4244,61675.604806696356,60980.31614080272,137214.17740379344,125615.48723793178
region_out,3,877ed19c,af302adf042705756420d43e5defcc6d0c2b8bd61fbf8fb7a2716f3e4338e5ab,region_fold_3,3708,199733.04772304092,132353.3287000786,182411.1240068332,125097.41875167775
region_out,3,8995c945,3af3da2aba83cd3074d21d485e222925996e7fd4ced2f44bda689ece6b095f11,region_fold_3,6724,4188593.4436857062,3838803.9412166667,3031807.066836195,2864142.2331016306
region_out,3,89969c7a,5dd5db264b3b63b3865e1b01bbb427ba689210c24ab846e3d367fdffb20b55fb,region_fold_3,4947,234433.43890710903,226203.84344927268,291090.9983516807,275641.4731476853
region_out,3,89f36adf,4fda334dc83ec4af64a6021ccc157bac3a06065740e20a3fc29cda6672c18810,region_fold_3,5292,178023.99155803613,169613.80155034387,172799.6434027044,150166.21633031566
region_out,3,89fdb2f2,d0d72f464bfb2b48241fe49574e6e3839e3844ad2e9cd175f1e44ea4eea3e70a,region_fold_3,2031,25889.17907503443,9547.374078280845,14396.424747961535,4913.971632737413
region_out,3,8a3da6d1,229c8f193e198c36aae74c641438ff1f416bb6e0c9a0bf19b0bc537e9b224d36,region_fold_3,4593,199513.9343227226,197252.31988587842,208086.3957647177,202794.30175641575
region_out,3,8ac2f237,4326340358eff02a50b844e28b4bacb4ff6d07f577487f65da41a3a1287b64c3,region_fold_3,5319,2658651.7090150327,2557167.154324239,3075839.234699706,2933513.9082603967
region_out,3,8cc800b3,d06aa132d53bd121d546c29dc0a11dd78988757af7bc3d0e7b95b56bbb309dbe,region_fold_3,6576,1658023.4221775178,1574140.8435762473,1034212.5439398661,1027489.9447741483
region_out,3,93209a3d,0c49895b3ad4ffae854469c51abcc33636969d653dff81940a65d65126c01ad6,region_fold_3,4697,298185.64965356165,506073.9278091276,212318.4156350718,383989.33575343725
region_out,3,939d9c34,fec0ab621a59df1cef9428d91717385818347a992aca6348f9d883a908fde6af,region_fold_3,5101,507528.84566645813,730114.272452364,505973.75078100554,804338.7989438607
region_out,3,940a48d9,e0a8013073f9caf841373835341ae6c7b9aa1fd696eebee3e7eebbdd131bbee6,region_fold_3,3963,277839.59626941965,274325.10443679034,203486.46914892155,207315.92406603202
region_out,3,9426ec1e,b0dea09ba32af39bb796f4b2c7f07660939fe7fddfe02791a53f66804260b6b7,region_fold_3,2532,153698.8991982249,258412.83094050706,186189.68596444756,279592.2207230892
region_out,3,944f36b9,1ffdf6ee773add00e0d8f988fa2cbae091a244632f1289cb1940693431c6e714,region_fold_3,4630,329183.7540286377,335001.70246095513,322572.7194587496,328496.1568733752
region_out,3,95b559e7,fb64fa9f182f6a42d8a3542ddb6ccb419828696ba188e479a1657660a3eeadd7,region_fold_3,2887,717368.0913690078,573900.7383602159,1330921.9583831944,1083327.2795087683
region_out,3,96b7eea1,aacf3cadf4363127dcbca1b3f029942c090d7870dc3391e8d556a118d7cb7d10,region_fold_3,4332,448287.05306381267,375262.49877628376,325297.28708640666,282955.41016337974
region_out,3,9719aa04,53fdc8dfc11f9ae22ae9eae3e568e1a5c7cf98b2ed0b959c7981e33885b7e5ac,region_fold_3,4871,170608.7364995273,226884.7886420942,251567.76110594854,319014.2134614109
region_out,3,992c99e8,9a5cb117ba2fb13e20ccd3e20b9c3be68d871ad9bbc57e8e8325c17cbd70c27f,region_fold_3,4904,674521.2210592232,708421.9467131657,537718.5215815569,578817.8705864651
region_out,3,9a6b0392,470a96ef6b1238f0cfcccfcc1bec562d5fe76daa2a58214302ffbbb995b53980,region_fold_3,4255,440484.8602208707,319110.88597971026,595921.1184181218,448084.9296820503
region_out,3,9ad5410a,41291ca35d8a51fdd8c57df92e076e541fa38078e281d34c8edbae90dfb6cdc2,region_fold_3,4205,1180854.841338801,1643966.0008712625,1083467.7989362823,1489071.600589204
region_out,3,9b9e3b49,c2e9bed713b61b3f9659e99d94e6baea6e0a3335cc14a6a1a9cbfd17dff6483b,region_fold_3,5118,766949.3406588547,499906.90274699137,621351.6668511622,429291.3830524906
region_out,3,9da441ba,3808a2ee901c29724ee632bebf87715742f5d9fe2d803e267d503c136803a1af,region_fold_3,5783,359452.70268934825,353740.3548311358,278113.48260769603,280116.085017365
region_out,3,9df1b1f9,b12e3f3f78d71971dd3aeef2662879302803b7c851567fdfb8406a65509ad4ee,region_fold_3,4701,271821.07962970086,74509.12728720138,172025.30746548416,52428.03034519451
region_out,3,9e3e364d,3c155d2694883440d06c7763bc2d724c8e49d33e1347e3fa6488f8b8a00be19d,region_fold_3,4290,214589.9846824889,387480.47613254824,150073.99656193657,281609.25117887196
region_out,3,a0b83014,90e165bd227ae51a0d83dc9c9a1aaa1d79d182212d6a7eee5956df601f40714d,region_fold_3,5035,983817.237917912,1116066.7632209987,652575.8707036739,784581.2531914907
region_out,3,a0e92ed6,64c983623df6da7ce326d3535481d8eb2cbb2492a69064968f210a3ae59a98a4,region_fold_3,4897,147433.97628978477,288402.5735697123,127259.83341472407,237092.7356391197
region_out,3,a3518960,278d1343ac0a079cd3a63e14f85058fe3652cfff125ea6a1980169febfc868d2,region_fold_3,4967,124289.92111360043,114414.07183729789,89831.0829933385,87698.29059808046
region_out,3,a5aa7973,d6d69df42dcca32f96fe315772b0c8d8f36c4f6615fc324b4eef7dff5d613f24,region_fold_3,4616,931424.9812620298,858698.0930905843,497231.7687663509,490350.11132153607
region_out,3,a5e6f7dc,3fad78863552c7a02d6a1e41258b387e7459bba48a7f4156de17db62c727ffe7,region_fold_3,5649,495606.0778791128,174647.75747307582,381375.20159012446,141841.58427031626
region_out,3,a622ce4d,cfbf0436de45a50c8f17dcdd3dc1c5193162bba60620737a0ff0a24914ec2458,region_fold_3,6298,1065212.3093602094,944121.9786815625,1279226.264862095,1132865.2214582085
region_out,3,a645da9a,e13130ff05d1bad691ada2ab96c15508d83219f7aa595749299bb8669f6a03a4,region_fold_3,5153,264017.2560408524,325169.63992455037,1120030.3754787997,857912.3179629451
region_out,3,a6ed2eff,120bb9c680d13a6a18df00b33337635374d18513d8fae157c0c7cb0c229a7247,region_fold_3,5275,267704.90439187014,261788.18075362663,244109.11836675758,244831.27331146706
region_out,3,a79fd2e7,2e09ac0f9add88d7976bed638cff69be75f4953ed2e0cf4ff78020b08b09bd29,region_fold_3,4404,975450.5882978158,551410.1982019967,996358.0669363874,600185.9092442291
region_out,3,a959858c,501872002b497638ffb7c0d64dd458dc2b77200a119cd3e394cbd684ff0c9844,region_fold_3,4404,4777416.748525706,3743985.815429113,4397072.395080475,3520724.2272765497
region_out,3,a9c9b150,f16b26bef3c8e17a880717b0ed5764d5999921f5860b1a3eaecb7a884e4ed377,region_fold_3,3986,29175.93335331708,34512.82143806037,53994.24514791579,61139.144103931845
region_out,3,aa95015b,44b01a9512116544fff20896eb75e33144a5e7dea489156365b3061b39fb33e2,region_fold_3,4300,63726.861249029476,68702.78544546705,56414.47769482056,59379.60649464244
region_out,3,add9c322,d8d1f3256d28c665ac55a6ab2eb0e3dccd4647dec3c4d7dee080aff6913c6125,region_fold_3,3932,180945.86238739482,196871.06287846665,165568.57207437875,180718.63219772332
region_out,3,ae8959c3,273c7e9159ab16d804d5f99010ec84ab2d90a4ffcdb4f312f9d2aa59d076b039,region_fold_3,4518,4283644.380417734,5755570.041639166,3099918.1252637273,4401963.546141528
region_out,3,b0d42b0d,a1c99a20ff26641b67aaaaa4fd5c6653cee9db4758c648a0784ca64b35cc15f7,region_fold_3,4971,965944.7473744671,1453006.008987238,1152268.1748361592,1608698.3182167404
region_out,3,b32902c0,04bc9fef5773c9a096fd15c93c0dde11f895e0bbbe0a3313c8cf0c90d48977a6,region_fold_3,3808,90261.87958348423,222578.13044298263,112732.82273010124,256344.16780794383
region_out,3,b85f7b06,4189cce0dca1e75d59848635cc0c76d7b72d268d58a284c04a3413b9db07ef08,region_fold_3,3803,13969.375326098721,23832.570194630065,18217.79290794499,27050.595552030893
region_out,3,b95e7121,b6b902e1a1fae46e34794a981ce77a427e1d85b5bf493cc2a1b9190134a07211,region_fold_3,6306,1018940.5806451715,385986.10296963615,2029161.573382501,1104548.3540632832
region_out,3,b977be4a,0d2712e8cedd8c6b95a2e3f510b5c03e58fc4027e0ac59c53bb51a601f3d38c1,region_fold_3,5917,1638376.8644661126,1601755.227796189,1372854.9399958276,1405889.2877590724
region_out,3,bb337fa0,381347cf674d52de347800bc8fa15ee6485cc158e211ff97092a15116d899452,region_fold_3,6873,2880705.526807553,2342731.5257873903,2940929.3858485925,2443787.1830796497
region_out,3,bb682ebd,d4192221e50a695f5defd197403eb80b097d06b730383597c117de9b49ecb1de,region_fold_3,4139,1340515.9860460649,1324525.1149666791,1184176.1892537675,1185999.2380396603
region_out,3,bd4ae5da,2e4683d618857bca3d8dbd5ff075c00e5e7e3b4fe04aebd544f14149b156167d,region_fold_3,5006,275927.87190121843,331402.458482839,406034.37075333047,452671.6253112581
region_out,3,bd6f0e19,caa23241de2e5d0e7775750bc834bf2f0ded9988ebe53d27f1d2aaed64794513,region_fold_3,5140,337296.8103066745,139770.2060825682,228675.72889067687,96367.58856939468
region_out,3,be063506,f0db024f82a74b6bfafacc95db3006bba956b14a84f811b1ddf571b8f16e69ca,region_fold_3,4500,46337.70553623223,37384.1411135354,42143.733934432115,34357.99734818841
region_out,3,c1d046f4,1ab52107f0146828fe04a80c1acf63fc96ebf4093127325aa23a599399b915cf,region_fold_3,5513,148648.48866267467,141024.08658529262,134324.55919932597,118041.05142681865
region_out,3,c2717d4f,3825b16d64084cd8d058143c315577e40e4df84d6b3ff484e4e17a499d80f8ef,region_fold_3,4721,806006.643186857,915233.1998048616,957151.1464971477,1047083.7426492448
region_out,3,c2c4db09,ab387e5ad38d17e20321cec14ddd745ea25498fd1272e74d1879ab91910f1e57,region_fold_3,6039,481805.806794622,411953.23771292565,432145.2366617372,379504.4524249149
region_out,3,c36625df,5ddf4ded60d45e40e22ea9b6b3e199cc6b452a532f974414054bcd7c9f037c07,region_fold_3,4742,143176.35765374804,113490.99873568222,154863.60850935697,124632.21362228095
region_out,3,c472c0b5,35772d971b404fefe274fac9e8a5eb07065d323ae5d8c912ce3a62625afb05c1,region_fold_3,3054,398088.1225678401,163049.71801295798,243943.89500152605,100910.70030404495
region_out,3,c66be2b8,a15ff44c29a0a4c9c3b1fd7ae08dcba36ec5a5e6461bb2f034513b81b81dcfd3,region_fold_3,4154,2021586.7703839627,1281867.016674405,1328242.465290117,856746.239287578
region_out,3,c8d9680c,af1fbbde8eb5682e57e857465a3762dddab72086b2106a091206720dc8d556cd,region_fold_3,6281,9319493.313522257,9966392.315018719,10039395.072992586,10569685.486092862
region_out,3,c908edd0,0d2712e8cedd8c6b95a2e3f510b5c03e58fc4027e0ac59c53bb51a601f3d38c1,region_fold_3,5293,1448215.1590642158,2052639.0667150791,848299.3886712498,1354651.0376948675
region_out,3,c96c018a,a892661a225b2ef91682967b419b6e35d21dd35bf07112694d9538292f700a0b,region_fold_3,6236,548389.6270566836,281415.3142795183,510893.44882616855,431856.56703455
region_out,3,c99f9fae,61a8d6a92148bee21edf1640ceb223ce3f7cd3dac57a1e5ae7f51c82afa9c800,region_fold_3,6361,297229.23922275624,281319.68258849595,487464.1990885702,445514.8862926916
region_out,3,c9e980e8,f2cf08e57726a04b1994777470373f030924aeb95ec26a72b493bc6d23dc2931,region_fold_3,4359,683870.8466755776,1074970.1685642048,314556.62844617356,620778.1479460981
region_out,3,cb879f40,f5f4a9b0d948f900ca8cfbe7a1402757f88951c7b275ef071fc50817ff76c1e2,region_fold_3,6315,412794.61855713214,428588.51520973875,380403.1159546131,347013.61862877844
region_out,3,cbb406b5,76510153282a1297cc39aacdb7db378bb7971f20dcb8f22bf89a31ba91eac901,region_fold_3,6328,582486.8314545244,789766.3970641941,589059.6937011906,777118.7466581864
region_out,3,cbe51de1,fbefb0328f71149d9c55c71c0cdcee0ac42565a1ed70ef694056e797317ee435,region_fold_3,3963,335405.315131127,399524.648132245,513181.28181646584,566192.1648971072
region_out,3,cbe62450,d8d1f3256d28c665ac55a6ab2eb0e3dccd4647dec3c4d7dee080aff6913c6125,region_fold_3,6258,1231343.8129943637,887137.9924675125,1301229.6891308129,1004928.1569271283
region_out,3,ce55ba43,264f81bd06c4152e9efd70afa15ba00e3dce62df99c8742627122bd61f93d9e2,region_fold_3,4104,372496.5424012743,190934.97248657086,307417.3723559341,167141.92914261273
region_out,3,d085e611,3e6cf6033e01aa35ebce138990a3be7f734c0182ecb8c331f44ef1f90bed14d2,region_fold_3,6191,550309.0705219061,532017.0065462411,452692.80155858584,446006.1608619744
region_out,3,d0a0e7b5,dcc07c36f2f1c67c56bc36178cdfd03c03b5192c5b7e9e7c7676033e91e080c8,region_fold_3,3816,298934.3645297176,292787.538412991,305375.9739900703,298886.53244177636
region_out,3,d0cb63ae,9260781d76ffe713f8013c6e98a82ac60e6d6bfe1cbd1b5798327ce27fa2b05d,region_fold_3,5223,890148.2287757325,860581.8931085593,1002012.7418341059,951722.261727003
region_out,3,d1ecf309,d4447cdf458b6083df90176d127d00012287160377c32422419bb950c2a5c01c,region_fold_3,6168,1067155.091740717,662544.0474358099,730536.2128254758,456539.22913464217
region_out,3,d1ee630d,38ac36220980cf145d4f25ea6383c38d6417d05d9075adfc19e31afb1ba76007,region_fold_3,6290,197335.94733246986,218292.2035613313,198319.17988671522,216982.09459886712
region_out,3,d3df146b,f1eb9059ea316ccdc7d14260f9f10beebbb682fac76938a268e469ee544fa8f5,region_fold_3,5787,841384.5250241421,700427.9149251427,463175.93020768824,406611.88077918877
region_out,3,d463e527,dd77ee64cdbd7f916a8f4f6c3628d652c1da4d7094e13f0a429ed7e6eeb3df77,region_fold_3,4767,265372.1256040231,251395.45780906454,229893.13478385203,207991.24877370874
region_out,3,d50c649a,44fe52a4d1bf29e0ff7012f43bce2668f70e80d030c0e5df3a3dcbe2ec582d59,region_fold_3,4873,919643.1245182847,983957.9784710889,1261726.208139081,1288356.8252214554
region_out,3,d543916f,08a3d7c2e6a0c2fa30e3562354033c1c64ff2628734817a8e17ee4bf6cc44bf6,region_fold_3,4799,293528.26037059445,199673.73310108506,241926.13141129233,205707.97605983727
region_out,3,d5df0ff5,57b466762c6ff8c308df95700e215fb6cfefeafcf87770023af3e8e305e9e2ee,region_fold_3,4032,627116.3761012037,218674.50471023354,774627.0622815511,326518.65475386725
region_out,3,d60430e6,9d69b4708cfd3d149a66a1cdd0a7f935f35fedcbe523e0ec0f10e487fb14378c,region_fold_3,2511,51710.8379695951,217814.25145628597,99387.55421068837,270785.4260855554
region_out,3,d924e971,5d4e96a9040c5863761282033971609756c86fc7479968ce9c84650ed8885ebd,region_fold_3,3184,3051458.9731114386,2995127.968896448,2153097.3794158795,2193546.5343062757
region_out,3,d9ae59b2,675148ef66b9efa86d403ce30cb177bf57389477c949d135218c6df60a73c17a,region_fold_3,3648,202198.21465470147,188483.67632678253,242339.64177299867,224293.53522628595
region_out,3,da940160,bdb0a78ac1cb0456c76de3cf475c1e1ebc6d24fc1c693dff7fd2d8bf5eb3d3e3,region_fold_3,5132,435003.75982016313,444410.2019324334,433400.2485141045,441028.4828100822
region_out,3,dc7f9757,8896f2d88885144d17b357b8dcc73829d59c2f44852db4fdfd14d25c22881824,region_fold_3,4360,714378.2035485306,337566.39928381506,504882.50571486267,212997.9749115008
region_out,3,ddc790ff,a82b716f5138f8248cfb9b392ac183898c869c30412b8964ccf2a6698f75ea54,region_fold_3,4726,226666.57263810252,285801.5319661669,141344.16247406576,193307.54366051825
region_out,3,e0f36d98,af94a7f500df60313c38c2e7ff827376951ead75cc870d7ff6b427bf094a1355,region_fold_3,4976,558421.282235022,412336.6222523261,573019.3016237541,435942.1976628918
region_out,3,e2fc7745,8cb8514cd1e7ab9ab66d335957380f867631afb8f14e65d3ee321c02c9a64f25,region_fold_3,3692,733239.587279409,785584.2443463086,711481.1449382055,760016.6884861372
region_out,3,e32da4ec,a7045d6a9539ae89799f421010880bc3b78baa9b525fda23a941736a377a40f4,region_fold_3,4689,232744.1055110126,309121.9704178821,266667.983923668,340740.0963870942
region_out,3,e4726608,f31bd847ecfbc4509ad178abca4d300732bdd3a2f4a5d4c9e63ad58907147f55,region_fold_3,4733,139712.1239450487,54700.62466691143,112478.07655655804,56466.932745262704
region_out,3,e5c92e59,fa53a37474c96c1005ba4c379a2061c0bf1bb16d3933d47434e1b98568de64c4,region_fold_3,4295,332800.5304789997,257697.88966398255,278707.1266019365,219948.93096976317
region_out,3,e730c32b,ae3a0422380ed5f4678b33d05c4a308bfa5ab5fd55107b8ac9a668ab24ecc423,region_fold_3,4728,598168.6899061502,773272.6470730134,435468.0140920663,591798.3404716306
region_out,3,e7818f7a,86686cf2bb05e2e71a25c61c5c7a82604ffc69422cedc6c91bb674b402216cd4,region_fold_3,5371,190129.63669539234,179441.1229456783,164384.01306997635,156979.38196324135
region_out,3,e7d0c1de,e927bee1954b9365c7e26910c57c11020d9a5466a7bf933b3f637b0fa275bed7,region_fold_3,4711,149450.75477086243,96943.25481467879,175148.76240020595,100972.80076813597
region_out,3,ea41324e,90bdc5fbe23130ccc8ebb2480d93f8896952d579f76bfb8a05d59dc40f23ed55,region_fold_3,5025,102502.46937025888,94112.22917488887,354206.95563278144,310004.4720229048
region_out,3,eb06a4e7,fbffcf76144893659611fbee18b7c4ffeb8c8b5eb0861272776aea28caed48bb,region_fold_3,4535,735938.0032856665,425261.6696915837,1103363.166763379,702161.8998826477
region_out,3,eb640a35,f98ad8a2353191716cf6f7a6e71f7758920ac667041cc453b36c6d6c6d8dcbdc,region_fold_3,6037,537547.6030309192,656958.0542647634,820599.5624796958,950658.699231705
region_out,3,ed6e6e54,65b294a2dc6c19cc037d0eeac3c41de15386a000237179460eb35ead09ac18f7,region_fold_3,6048,541238.246900166,664710.615928758,353133.59949730523,480943.20465927984
region_out,3,ee288beb,fbd4a84c7540ea94c01edc030e414ff48d1d5fd4d95770378b27b41ce79bb396,region_fold_3,4638,2207974.8754757363,2137733.239056006,2365337.7491395567,2282484.328171334
region_out,3,efde6ac3,93d679f43a51802375948ad21baa7241de11a2c609c4bc3c6e33d96ada1f7c0a,region_fold_3,4559,893627.073877732,550267.7037279855,753161.3689792572,478001.08179609926
region_out,3,f074d277,ad7579d20ceeb7257c60a6b33d3c7005036962ed003ca9a0347cf5b033d55b30,region_fold_3,2453,590629.0210883787,654724.4297207284,706128.1165824092,756757.7313829546
region_out,3,f16e25e3,86558f84fe079b468bc3559a3d973666d416f5d554a105a60c479e9eb9b9920b,region_fold_3,4651,198573.64404136883,88223.09622946805,134874.2382617227,58426.714980498145
region_out,3,f40cd091,6ae1faf942d7ac8d1202d00e55666ae44d4d6efc1380908eeff77ed2b331beec,region_fold_3,5166,626074.0941162939,639798.3868847018,780466.6242559426,763029.4549954187
region_out,3,f56d3ace,5adb8bfdd927e039d6d5b41272b1b738a0783291f488d2517b0c66c5bd021717,region_fold_3,5432,533824.573240227,364795.90459847136,544225.3085146559,391267.1329329088
region_out,3,f5d8aab6,acd383cea8494cb8e13d6d355c5974c7a94a0401212b7cffdcc2f9984e973c5d,region_fold_3,4444,830728.4970088623,801912.20893569,1268797.5292650107,1185682.913263675
region_out,3,f631da6e,019a54305464195b7280930d3eebe66d99d14b25c923b4ca5962ca27005eaf31,region_fold_3,4093,65228.029897231434,155613.88479178224,56403.12383709382,120201.16529894837
region_out,3,f6d009f4,4116782495e81a1a16cd3d9fc574285497aa41e0ecaf4bb337096d69f20aa82b,region_fold_3,6715,15356964.710447205,17521295.427267827,11705977.547460753,13834962.839176271
region_out,3,f72b268f,b453fb7074fa8c15bcd0b070aced81c33d4b947686e863630db9439d7111c846,region_fold_3,6404,1910765.182330658,2067969.5080556634,1939154.2098224561,2081087.913190408
region_out,3,f8f59188,24ebc12aba00ab5be716756adb015eac0a771607d2b6b789cab082d6392675e7,region_fold_3,4807,249060.41875307914,142291.80100732888,222428.75147374245,131951.11923648155
region_out,3,fa31da94,d4632de676ee36c9c78d77e83ca04958119d85736c3919c2576e0ff0aa2fc2bc,region_fold_3,5027,424210.59160693374,388242.4572264024,548715.0953852633,497260.7670987483
region_out,3,fae0c593,2d0babaf8a5f6fed539458d2dcf8491ddf115e2742a79a2d7f5b8146417416ca,region_fold_3,4403,258770.80086824385,331527.87916820945,161406.36539279198,222898.15023361225
region_out,3,fb73b13a,8085e0777ffbc2945e118e0fabf273d5e4919321f81732f3f890495c3b72dc84,region_fold_3,5640,1216384.6567442939,800531.6786174761,986874.7375132766,670142.1075164096
region_out,3,fc03f21f,7bb9724fc185e24f576bbfd427bdf4127e9130ccdb45b762819a707f84dd5453,region_fold_3,4803,335866.7509869921,356658.99595454993,652957.6406231293,641224.3843971326
region_out,3,fd3b4faa,0369cca040b7469a2357d18164bc48d15b8a7fe7f610e4ec694db7696786ac17,region_fold_3,5022,106746.37326946703,167966.7861249197,82936.68018666183,136651.39561255625
region_out,3,fd8f77fa,19d153d098b4d7e8e0a759dbafdd300c2a93a0800d4d6207e4d70603bc00eb07,region_fold_3,5272,1913746.7968550327,2204800.023631578,2086864.0098948523,2338421.0929137925
region_out,3,fde20ecf,93996f60a5c70930429ff72ac9c649a6a952ad8c342cf442b57b4722164a26a7,region_fold_3,4667,838549.3909540093,746751.0137732096,553929.053721826,509226.38336352166
region_out,3,fdfd57da,9542f56dc229c8f0eee67922d2458339bdfada6e95b0f18633c0c0b35c9be764,region_fold_3,5236,134670.78757604043,161752.62656862303,157128.66410707147,181106.7288249351
region_out,4,015fe0d2,f54c2d8e8b904d19f277c7dc43746043d417bbe85d88e8495189ee58f0a96870,region_fold_4,4296,1822172.4537741654,1768165.883760048,1611317.4446518375,1565348.6730136122
region_out,4,028d7b28,cf34ef2df48068d83528821f0f8e32dec2db346367954621966ebf60c3298a58,region_fold_4,6234,1249042.8643660578,1453415.8234282671,1712915.7193448339,1959655.6691219897
region_out,4,03a935ae,026875fc11d291119937b5219e2402265c1ce22bae44f8182ec5cf4d50224315,region_fold_4,2786,1826552.6581660882,1996877.9470287024,2088199.1655056505,2265893.0112119997
region_out,4,0498acab,cce0c192b09395912b50d5a88c368ff83aa200a37c240468afeefa7961e39ed2,region_fold_4,4798,422930.55371800694,241981.30347594857,369643.76314089337,205878.91627485212
region_out,4,0dd99dc5,2acc6f0e53c607264873cbf98ba184fd285b7919bc79aec71552698ab9984897,region_fold_4,7342,398771.7615654636,298512.32763447176,242743.4779951465,195791.37798985172
region_out,4,113011eb,857035812eb27e9bce844731e42998bc79d541a829eeb06530326b13adb91a48,region_fold_4,3272,177023.60634695494,159108.4368144005,132255.15786402364,121474.69793619492
region_out,4,1285a37b,aa3b632103d76bb445d41b79602f9c89d3cbeb0524cb4b82125634b7f998f010,region_fold_4,5597,184404.13288810517,251915.88418564832,139913.4092483361,201671.65114648803
region_out,4,137d1e44,4be418e45dae85fad0eff745ab8e2bb72f0c07faf41062e75fc758f56552eec7,region_fold_4,4554,2026355.6537618667,2977966.234348775,2293114.1950359624,3375589.331483028
region_out,4,13f598d9,5f436200ca5d460892f7acbd1b82d8ed2147bd9b9b7c1189d724bb25e1b76cc3,region_fold_4,7306,448082.8246432819,440445.6337291288,373797.47871463984,367580.27326321544
region_out,4,153552f5,3404d5570ee582a46acd754c662b2d01cc390f8ce4dc702efd874b861e68a939,region_fold_4,4695,55736.3203224149,82905.03258060536,49922.401329249275,62563.63085706705
region_out,4,155887bb,6f8fdacb57006c9ca08434b8c64eec7498e407755a50bf1f5957341003e116d1,region_fold_4,5585,1359332.976535735,1497827.497553345,1075639.6729578918,1208038.1952084824
region_out,4,1619e2ca,6b5aae65bf00a2da7b4b2ef958626293cd17cb95af55994df61b7ed11c979b5b,region_fold_4,4443,133906.40115495565,177651.24777539104,139560.01493924143,191130.85014892396
region_out,4,16e4a047,6ac177febe4de6defb565ad3f1ca0145dace0dc147fcbdc974acbda1ffc48ba1,region_fold_4,4131,629859.0128375737,703707.3262400111,488477.45590066875,559512.0534139758
region_out,4,173ed841,014c211abc0054c592252d014438d34a0f795152416a5a1df6e3fc43910124d7,region_fold_4,4883,2617797.071607182,2837195.6153321574,2441329.6989154816,2661426.638556739
region_out,4,1770d7c6,4609857f1ecdc5329618ec01f7ac6aee08aea2f83f42dba47db609229f7d4ba9,region_fold_4,7240,283159.0262120576,275885.30375740444,256721.73083832278,273003.7361895449
region_out,4,177622d7,3c8f37fcfb72f23197c07cc40afb5726f3a665ab8e2b30f04f912343d690ab05,region_fold_4,3154,465888.5740616173,317720.55383583315,537650.1931649729,379054.28633430926
region_out,4,19871e7f,ea636008b0b84229db08ff0c29086c4688b004c624059d75fce6efaa63201a6e,region_fold_4,5293,242185.15621041643,211523.65075564192,352621.9424692151,314129.5237748801
region_out,4,19fb4f7b,9a19587ac2155fee3db1817ed2c7521673673752cf11993654aec95bd108a608,region_fold_4,5620,495947.33714294183,788440.5476002519,532835.4838965455,805926.8896019813
region_out,4,1b1eba53,e816d75338f5544230706e39f1a607a8d755edc10ec9fe0fb291a51a4c189ab5,region_fold_4,4655,22936843.105018012,19995287.818968635,19979884.56624988,17218027.239160206
region_out,4,1bcb2fcf,6450019b44dcab4173396346a26ff63ea82a6e429c20b3be9c341b6bd4b3a411,region_fold_4,4524,70257.51787420467,48920.82893876804,64619.90895591893,37238.91035342669
region_out,4,1f9afacb,31ce99ea3d82087d90cd6ae1798abf3f93b0855a5d7c00841dc651a04a37c8fd,region_fold_4,5328,87391.2315934027,48285.99802486747,85650.03838948095,51250.21638096501
region_out,4,20096916,591b4f7aab5db0230193a16ab4e014defeeee1562f865a52b429884b9f8e2234,region_fold_4,5133,126816.39563570733,129695.41635953842,193990.02777828032,187498.23182815424
region_out,4,200d233d,fd85b14c55d2d7a916366e09ec2fb992e9dc6adfec9795dbc4dcb61981aa1e40,region_fold_4,3926,776617.2311134117,721594.0325059909,893881.6261374179,830030.0127333304
region_out,4,204cc64b,04c66301df928fa0dc0f73bb9a1b3055d972c9e4bcd43ea51a481330c878ba14,region_fold_4,4805,196373.16001019411,134023.6020223763,173606.0365544587,140048.93429207048
region_out,4,22c5f93f,7ce8898679f22966aad54f69e993c766ae97c596d5334ba667b984e3d57dac21,region_fold_4,5172,471445.5474288168,375032.2785549231,483713.6581646669,383892.1892130701
region_out,4,25939962,42acee97968ba87b1f0a7fbec44851bd00f12ac7051e9c38006245ffd4968473,region_fold_4,4319,196410.67678329744,179963.61316633996,382304.5238938395,325454.7395112404
region_out,4,26d3a96a,67223b1cbd8196df41273d5f3325578db4f9a69c6127b9564778e116bd36429d,region_fold_4,4721,376756.7935600854,370690.7174997469,284753.6468935638,280865.22217349743
region_out,4,272abef3,cadcf5d1f3d1a6421a9fc2a853f76ecba953c1c11393da9820b3084c9c1c2e06,region_fold_4,4135,199380.84139064926,162698.71738248906,171734.3889356816,138449.01978775766
region_out,4,27300fd5,a96b0f17c5ff797f50d4140461370e1d1549ce0cf024f0b4c10f61f20a08343f,region_fold_4,5467,814709.8788682094,1036220.4486809084,644820.602594919,846291.0049817399
region_out,4,276b012a,13485705d0b8c33b345b7a4a54b96278f33291c555eef91fcf14426eff85323d,region_fold_4,4837,894677.6217010098,612058.5308853078,752651.4520718381,548234.8654687938
region_out,4,27c3155b,b9574357084b1544e1720949ef7272bad2627f770825b90f2fd143b744275f0c,region_fold_4,4958,1550990.5587861796,1275044.9716771091,1440284.365502012,1167965.4591497052
region_out,4,2ab29395,8a443edd7da24ab7094dfd13f50d1d8fa955e87b428f6184365956952ec076b0,region_fold_4,1852,126290.1605743384,103093.37262817926,111785.2122289787,90182.92874714636
region_out,4,2b547943,5980208dfbdcc30f275012b706838af89ea80bae28ab29003195363c3f0a83e1,region_fold_4,3480,207152.8620502478,248414.13869346562,142836.24273584838,178921.15114195796
region_out,4,2be5c96a,3b6eb0e756bf17d70b45e893ff91cf36b13abf7a5642432d06fc7fa0281bbb10,region_fold_4,4210,210537.71263348317,285412.6406737764,238247.7218213647,321047.4803513323
region_out,4,2d9f6cb9,42a3af865ef0f58fc4c9e4b872c3dce131cf8e43b0404b6ce77b797ccfaebc70,region_fold_4,7338,501433.70784314035,369136.3599016228,387319.669419037,278590.9238982914
region_out,4,2e63d9de,0deb626535eb883fe669abc05260b09a4b7a9dfa409d4b0e896d9025f0d3f55c,region_fold_4,4699,1301500.0551908894,1245343.630108101,1942425.3725268168,1854471.8203578296
region_out,4,2f19d536,75ca99142ab0041f2617a213e63f339d8dd1ab090bf7c19b28ea62a1ba47e372,region_fold_4,3088,203559.54829571507,169210.49967868123,202495.68904267444,166159.9117731368
region_out,4,2f8e53c3,b4038f88443a76c41318edbe94e62c4071d26fc67da2aace6fbdc276c011aa11,region_fold_4,2594,159030.43278550488,86931.20247677485,114578.79443554144,54441.01130670257
region_out,4,2fa01aa6,f845e55a155fa1a07004dfd9561ccd0acf6c3f6657138927f0f450d9487d439c,region_fold_4,2174,718851.4911700203,556590.0636387046,566564.0329131862,425315.6033613085
region_out,4,3584a6eb,4c27b0910684a692cea16f73ad61282220f30a1160fb280937cb58271830d1a4,region_fold_4,4494,494894.04418409435,671070.5529357418,402424.9509519009,570137.459758404
region_out,4,37d36812,ac079adb4d82546b4cf28a7ff361fa3eb523da9dd4e37cb834fe5d75910c0643,region_fold_4,4367,883049.259369833,917195.4140628295,899035.8624667248,932996.0093304273
region_out,4,3a824aa7,a44aa0ec03e244df4616d729337b9656d8f3e89c28232afeb36db311dcc56893,region_fold_4,4201,181016.41304164243,232235.78671001605,121512.29662015327,168232.5112366656
region_out,4,3b21ea64,427b3f00779bac2e904948a10e533879d2b687c1f692d61561c1f6ad808558c4,region_fold_4,7376,235842.01480235587,239947.64770738225,357685.43027852144,407727.7715272157
region_out,4,3bfee975,6df85ab3093ae08984fd1d61ac6c3be746e21af2262c4bbea4e9390f686d06c6,region_fold_4,3603,85227.51337453426,65909.19842661296,87937.15934983334,62998.70187229518
region_out,4,3c3dbcbc,cc9dc47c5695b3529a158adeb71c4ff68df19a2d81ba2468fdf8875a2b22ab0f,region_fold_4,5069,254321.13944768885,356736.65414728,295855.3943457913,432489.70612890023
region_out,4,3e678ea7,0a68a746f2e3c6570255bb47075e52fd45665722c0185e0decb420cca57a40af,region_fold_4,6858,928543.5724544546,1352495.4398952127,637605.392166506,1009542.2614837366
region_out,4,41fb0192,a37d455f53c40a0871a0dcde702310757c0e3c65f69e91486c5d80a08a16f623,region_fold_4,2973,29258.48788746573,30241.598207610874,32618.46110009098,28872.530685819533
region_out,4,4630ab92,db6876c71a5830499d336e9cb651f223c92c1fec5802877197b5cb0d6392b5da,region_fold_4,3373,393216.7998013848,319558.8155864835,257832.48635741585,203003.96513711385
region_out,4,466fc788,303475534e0e9c5e56144689086a311b27248841017492872bf70596ad97fade,region_fold_4,6197,1655372.8407371726,1436907.590012258,1524995.304808259,1316955.6200125152
region_out,4,46a7190b,6c64f388f80b5af1d4738c21e9de8363d8d5d815a7014a8c15c2ae1fc0bfcc96,region_fold_4,4215,658303.0148585394,547624.5220272641,510228.3347966712,411865.35715885053
region_out,4,46dfcfca,8dd001fecafc4483cac4616fe1cc7b2489d71371fbce8d42b27585a128f08ec1,region_fold_4,3606,362932.2163786221,309444.4123055218,264082.27170947986,217076.955109104
region_out,4,47222616,c77ed8ddd6ba798d7f0b62bfdea3be4d2164553f9b1db7fda793e9c72d4ab1e0,region_fold_4,4406,138409.28063577926,145979.4088049421,159793.24716383417,172802.4276475335
region_out,4,493b5b31,476da80165fa60854e32fbc653a0e7df7e8ef5e7dc95c979acc11208e2a59d1e,region_fold_4,4671,1883206.4341360934,2301169.739297969,1761904.9211313985,2173298.3210292715
region_out,4,4a035ec2,226fc4c3fcc908b9928bf4dd998ee4539e7c74caa0bb221ca5a3ffafe356d400,region_fold_4,2588,738117.7315164075,528347.7515065728,850136.2763827589,613956.3918184752
region_out,4,4a8ecc0b,16c046fd402be4cbe4d77a984e2ac554ecfffbc7d70d9e2200eb68afb39b3d9e,region_fold_4,5809,466004.2235719923,479273.2790016773,765213.899511442,779618.2679166496
region_out,4,4b831d20,376bfd0e40206f3dd0c060278bcee733949f91c4933fa9d6765b3fcdaacaabdb,region_fold_4,7312,2452629.0510566365,1917740.3188787524,3243901.5628055255,2619169.9805208696
region_out,4,4c2208f5,3d543c19e48875b7aa616a06ad64c2217884074b29901e06d7fde862d6a35a03,region_fold_4,5384,6572670.809243845,5206462.367457116,6907086.610540392,5467349.418280882
region_out,4,4cecf7b3,e78c3c036010bb9ab78fe65d070c763458b40873eac00914d940278f3e9dfcbf,region_fold_4,6019,356908.0947588661,332927.4210945307,423687.815171589,383066.36418430036
region_out,4,57f05c51,406c8b4af56742d2482e923bfe3cdc730ccf0a3741b97a0a082541a449bec7bc,region_fold_4,4771,8689390.019587025,7284687.398173266,8390716.268046053,6979676.517177638
region_out,4,58850d2c,9c81690d20d363ea40fb890c42a9f8fcadabb1c71a5a86177eb1ac43fb50259c,region_fold_4,4995,368300.6057596059,165902.83731157897,399180.562489962,179410.03247667925
region_out,4,5a1a8fd8,c08e648a23fb1354e2f294d15a816c20a72f11bec5268afb338fcdf4457867ea,region_fold_4,5260,359346.77488450625,214650.42796456275,301486.83574424253,182466.16214894567
region_out,4,5f75f796,44e93140ea811f27646134b7e79e5bd6807cc73e5247e9b81b28e96df917c450,region_fold_4,5562,162911.06617379189,403075.87421505665,120522.36139173096,319238.55390121706
region_out,4,647f2a41,48a4ec8f7acdc964cd291b920487b214f323c82714136526631d0c6185b9bfc4,region_fold_4,3881,229375.2775386358,368272.336653796,214372.38638782906,345079.05927247135
region_out,4,67847288,838b18d99e86ae0fc3bea66a115ca67810ef11a113d0012ea1f9e5736f6db734,region_fold_4,7429,1411756.6065122364,1236236.5437451706,1945256.7626289767,1721115.1352685946
region_out,4,67a8da4a,58300c24451bfb238e465b919940d066b00d0d474c67959da6a7aea6d8105d60,region_fold_4,4911,716746.5979078582,263343.8016262159,579351.0596871204,178405.4709469146
region_out,4,699ea575,9491e6a5b9eb2f36ece391079a6b3ca9775fb0c81295a656be9bcf0ddda684af,region_fold_4,4120,301872.55541141937,213707.87850877043,358829.7707494175,258669.77425978796
region_out,4,6e6d122c,6445a832e0e5792583b8dcf276561230595172897074888a40c0649b815bb826,region_fold_4,5632,627907.5500658044,704859.9445182072,657483.6605318483,736868.9203180373
region_out,4,70925e23,0d28b77badd0f0361a5315773c2353de4da2c2d7150bda81debc21b2d6b4817a,region_fold_4,5947,1098552.7703888745,1125576.0340329674,1277528.2052267704,1288149.6174798952
region_out,4,727a3a10,81f762e9c55b2da777cb971f2c1484a504c10c7e2674a68b796d0988e99768ca,region_fold_4,4397,482247.5790880337,331653.7732993458,526667.6794453177,363128.6010337191
region_out,4,729665c0,7aee1cac1bf181e191c9a8ba4c6584f0071f0132db38ad0393705f1de7d59a34,region_fold_4,4263,59026.85832547216,68919.9997811924,94742.24315813792,106641.6503689938
region_out,4,72dd8501,6d98c2642b8e50232b7ed6e9075f32a1adfebdf112430e8808322d3ef120cdd9,region_fold_4,5193,290706.78829339915,573345.5025025224,219406.358013825,478129.27806738886
region_out,4,73b1447d,c26329d9ef083440f8c45b1592e28e1176262f7492a807bd0fd05cc2d9c7cdff,region_fold_4,5670,1324207.5943517152,1191508.3395675616,1139604.8456398507,1024178.7992521232
region_out,4,75c20ec7,12434c86de169f507d1c01108ccb8b64781d1035988c200815c5df92f84a1099,region_fold_4,5361,150163.69306082508,151868.06944164867,138335.65747580267,139983.05604473312
region_out,4,77b0d905,1277629ee6f5cd76f723e97821b2541d25c8d02b2b6735bcbec0cff4bd7f7dbc,region_fold_4,4174,149621.8149152634,146251.7108273906,133195.6052462502,130354.85173523217
region_out,4,7850c72e,18a98091bdf6333a0cadf0ef8ff479989802507608ce0a65c49bf5b7af26ac0e,region_fold_4,5497,524420.6387007132,522060.67394822335,407860.8723217868,410679.0078138499
region_out,4,79507629,e61ee860fcdfa3becd3d36a96561174253de465fba0c0060713ea62103a9d4e3,region_fold_4,5302,893637.52436406,812622.6422218807,799730.0530314078,721636.3821859756
region_out,4,7a5660b0,f3946ed5bc17738ff873ef9b6d0dd1c149c19bcda99788b80c40477ed6088323,region_fold_4,4998,1889783.0622978283,1932637.285658428,1938227.4651811088,1980735.6771645343
region_out,4,8050c789,42acee97968ba87b1f0a7fbec44851bd00f12ac7051e9c38006245ffd4968473,region_fold_4,3077,288537.8028242711,275005.9520298661,250367.8190021615,251738.93132988008
region_out,4,81bf5923,9612bb18431fbb0f4ee1ee81f00093b9d73d902ae1c1387f5009fa5a8ef8a36f,region_fold_4,4543,5314740.1590283,5835484.462810422,5297329.627303483,5831343.184018451
region_out,4,84815d5a,c64a67793a8c26036c4b48c860882434329c07ce7df0fc3ded23ef74d162e314,region_fold_4,3647,839483.3232734733,630866.4931477158,844672.4099731877,637173.9517935088
region_out,4,86454a6f,683bede3a9b060f56f7c8d4ee653f50d486f9598c24a1214160f4f131fb53221,region_fold_4,7964,28318551.771931123,28082125.80390419,26620887.351172317,26429304.945571896
region_out,4,89f1085d,88afad4477dfdde28721024e0694fcaa87b630599c6b4642678b4c96f4ce3913,region_fold_4,5994,3066225.99642007,2301047.237485779,3687927.894223639,2809114.664864548
region_out,4,8b12bab6,0fec821b2c7fe722bd73d15fac4c886c9d8b5ecba843c8c36ef995e634cf2fbf,region_fold_4,5234,437458.83708579233,627030.0624784336,355596.4732190194,543969.4016351869
region_out,4,8b9d8326,5786f708713875a31ed30c3f4ebf0e8719e8f0ef2d1671af3788c51af0901586,region_fold_4,6163,258354.36332223084,240646.62431155035,269360.09052932693,249799.00955109595
region_out,4,8bfa881d,51c067ef648d3a0dc2726536acfccea33919e37260d87cbe3d02f63724db0735,region_fold_4,4089,862546.2479438656,728213.9833059504,636403.584348643,524483.8239465741
region_out,4,8c8348e8,959df0f712d499eda4ddf8a69f97c2aa82b4d280895cf5cd1a6daceba381635f,region_fold_4,3888,64578.82733372192,45428.417246261844,48109.56083613664,46063.917382210784
region_out,4,91db7070,b4038f88443a76c41318edbe94e62c4071d26fc67da2aace6fbdc276c011aa11,region_fold_4,4073,6180232.56717799,6416231.936791486,6752315.199321594,6987878.685767934
region_out,4,925a7cd1,8c814bb6bee2ff235b4f18de0604cebff503c543b354a2732a7cf446c1916bdd,region_fold_4,4517,68049.74961712577,120494.19434911272,49738.232300846896,95673.6960211054
region_out,4,94d813a4,973720f0ce7b93e4ca13beaf2daebe00d1172aa1dcf6639f6145a4e3922e20d4,region_fold_4,4847,4062898.163126372,3109654.6507825973,4237144.442903908,3252976.1399228075
region_out,4,96936c22,944631a73e6c50387ccb5fb04456782592bf59ee3212245337488bf820878731,region_fold_4,3346,44405.63465182542,67728.32949457111,39654.05216439842,60804.752700817065
region_out,4,98177ced,b403525330edce19d58d74c17f4ac595a722c597a5dfde4523a41602cb32a71b,region_fold_4,4772,522668.3097393863,456021.97171417554,554602.8277314585,475112.72878061776
region_out,4,9a8ae0d6,4501b84f0eb414db0baf3d098b4cdae16dbedda7b77136baaeb477c8bdb85d9e,region_fold_4,6294,159609.53006932122,126222.02287230313,199356.36555852002,163992.2883905397
region_out,4,9bd2bba3,83a81c26fe17d9f2fa32843020527727b76f2263e548278bb2410358e37d1d68,region_fold_4,7439,201986.67098342258,214761.03308919983,274323.92696375656,281632.5381989486
region_out,4,9c350a6a,30dc974a5c995269250c4b166b99b1c20e4965c38bd69fa9705eb783b902daf6,region_fold_4,6052,1565599.8353746498,1342610.8307434826,1224261.624994498,1038826.3374160001
region_out,4,9d072e4c,c18a201ff96d4034c377a6c3c57b0db3780a09ff73c2c7336333d5ca8f3b18e9,region_fold_4,5107,417249.85579625866,380762.0342593044,382793.7990393933,362630.51924611523
region_out,4,9d4272e3,4850d68cc604a7f70f216e79a2a0aeea58399b34088777c0bb0c115c1d071fef,region_fold_4,4030,745670.169763986,480749.15452456486,699356.854619789,439886.9309201902
region_out,4,a48640d9,fb2e687689f5b219681372fda5d5414c6faed145678f4f55ff8d9cdfa3a2735b,region_fold_4,4532,218962.5373798043,245235.20890730663,151430.65865010946,174478.71123122
region_out,4,a6f967fb,9f3982fee9b6ddf8f4fb6ed8a84e774889afd863315863aea7276f3f239ff877,region_fold_4,4670,481510.4647752505,284549.4524954432,337373.4011661268,179256.88293244783
region_out,4,a87433c9,1a840ed14a6ee6b3d50dc2eff32346615083100b417f6003c111644436fd93b2,region_fold_4,5721,529394.9343098127,236793.84379119118,509767.3055243601,230303.86484561246
region_out,4,a8ed028a,1c584189e1cd0a4402a01017b272f2a5b8971a38d90f7882ba17419353ccdeb9,region_fold_4,5538,3081524.957115286,3422011.807775862,3269039.6403139504,3625542.752783803
region_out,4,aaeffccb,2fee5147534159e599b04e1c89b602b71992d1b4dc8f668b4f9b8543b991141d,region_fold_4,2712,28815.81568643332,26866.032303552143,28197.077609952958,27508.54958088182
region_out,4,ab112491,d0cc9683497530608a76e43f99068feba4d408a2ed6c534d36ac49984af241d2,region_fold_4,5185,2961361.6787118553,3726865.239143191,2911906.401983574,3681862.8583620256
region_out,4,ab18d3fc,c40e607dd2c39943936e1842b3a1120361118091823ac46ffd26c27fa2575598,region_fold_4,5694,904481.3149739206,692054.2532358603,894056.4356772747,676861.7663001578
region_out,4,ab3ced07,79b92bc1dc1eb3cebf3a4faeef5aa220b79002ea721b14bf4bfea060faa88128,region_fold_4,4250,151171.9233920478,152933.08811972922,126885.2051492343,128297.10521484309
region_out,4,abf460d2,d7389f5432151af05f1bb4c1ffc928b506aeba0c19b054a22cc306fad3441c15,region_fold_4,3217,166895.8420023634,245882.21112508423,263959.56460734067,361105.74660796917
region_out,4,ac6f01d5,00ca5e55378dfcf65064fcfd40c4c88566fc315edeef11dcda9cf5fc4aa19d64,region_fold_4,5004,591912.0470482626,703387.2544325764,626913.8332855331,744497.2922190916
region_out,4,aed44918,88afad4477dfdde28721024e0694fcaa87b630599c6b4642678b4c96f4ce3913,region_fold_4,2719,269284.17265933607,260030.61887058895,259899.41395875346,250826.17511788063
region_out,4,b0f53bf4,cc0038555f67252e0d8e11fa54139c2b1054a1e14158fd667441b7af29ca7720,region_fold_4,2755,452436.41093441076,436611.30346528697,454532.19005027623,438396.07222851855
region_out,4,b1efb8a4,5bfd53a0b99223a57e39ea6b98240eac6b348d852871ff8481ada9824c88fd9d,region_fold_4,5998,515251.93609035335,535574.4574563549,622352.9636816744,641522.2535832096
region_out,4,b38e3116,8e0ccdc97bf7715d75ce3d454dda9f2e73040922a74e007103c166fc28ebade8,region_fold_4,6211,981762.3929325897,1388632.3580484544,875706.7130574645,1275217.8650913488
region_out,4,b5aa9634,3267580d8d460b55ca4d523323c4f5465ef272d28bcebf9f56d4bd7ee3d4b5eb,region_fold_4,7326,1190343.5902529769,1016425.41193334,1230762.1497324207,1040003.6887269551
region_out,4,ba48188d,2fb8f1f013244de79f2f8db24d18b10933357e372beef40cf0902b75b3d82c11,region_fold_4,4166,10457235.859557338,11124515.66975379,11128864.735643564,11811007.35216833
region_out,4,be35c8f2,6b2551f90d2aa3b3cbea822fecc63579274db1f610a1d7ec3ad55080ff78567c,region_fold_4,4226,261880.77420670164,242707.03170118504,368162.4625369829,319379.3195222683
region_out,4,bffe3082,62865d3db19a3a19abbcc0da867cf692d2157c88e7e913ca19aeec744f3a4638,region_fold_4,5723,1632213.9904073076,1485213.558053646,1368189.4480122577,1242951.1700042356
region_out,4,c07fd0cd,f49b83358a1473b6e9c4e0eae1402b481a0cee64eb44cc16182501c6c0eec358,region_fold_4,4191,244021.70216559607,231857.85412861948,189230.90347587568,178402.61081875427
region_out,4,c2c6fc71,c680da48245f1da4fd4903cee5540da85c00f02d062db3c83eb4d768ef475383,region_fold_4,7119,1283800.7408359102,1901150.2723201294,1245317.2568320364,1885807.6991001538
region_out,4,c3957531,33c6abbb3cad79abdeba4182a37542860e5bfb253fc4c1415ccb1db767e13fed,region_fold_4,5316,522770.01625341445,484404.3981265704,542678.88711038,501498.2524403576
region_out,4,c47e0767,22d1672e69c769ee2966c3bbc14b6129766d293bb1c54d152a7322fa70b2e870,region_fold_4,4356,1094980.6182676898,1164381.0364006788,957657.4032446508,1027185.151891843
region_out,4,c6797dd7,404e6e727621dab683e2be5060818c25da2d58836709031b84d54131a68d17e4,region_fold_4,4664,330342.84469351347,243309.7950246698,256286.14800549753,196373.11199516052
region_out,4,c70c0e01,67809a1766cb2ab46b34a691ff1a508659110722ecda82b4d440f5a6284ff8f3,region_fold_4,4312,370417.10297685734,391680.8870675051,340967.59067357966,362098.17310574173
region_out,4,cad13e8f,788f272b3094a1c26e785e8c1d5e5010c24a44c7b2074754a2302e759c39ae0f,region_fold_4,4848,1267900.6952345178,937843.9364672144,1248721.2840290896,911773.4730698399
region_out,4,cb34231f,26c98c01460eb8c72cbde7176dac87a7ed061b05044a2b72e7406099200d4252,region_fold_4,5609,329142.80341977434,196886.78261310473,218472.5458428657,134538.14532435872
region_out,4,ccedb12b,7ed87342c6038dff0cf5ccedfef97af067fa265d6cdd749f37643be0c5a40ac0,region_fold_4,4401,218766.25766636504,217732.61114115966,149270.79703637416,150978.44858577172
region_out,4,cdc31d65,ee3c880ddfd89c5f7ef93dee06e71441dce1f8524531f8d300d51aae962b6a82,region_fold_4,4840,111575.35329594297,140634.69727307893,173086.8929340518,173170.67849206968
region_out,4,d07aed8f,95fe21cabbd37b526c8ede533a8342df8e9550f40202d522e7e03c8ed847eddf,region_fold_4,2957,205887.2795267215,212600.2135951972,180489.01934612743,187609.88245315902
region_out,4,d217e0c5,c3a0905e50618acd5fa75024edd3fb07c9496f50c1a1295f8536bfabb52061c2,region_fold_4,3838,23114.3034564302,25623.916455483566,50039.216741151795,27619.848750564248
region_out,4,d273674e,fb313d69d98a7f6507a5036410530ce7898b54002018c1e7f35c404b1f81886f,region_fold_4,3899,165303.69249328293,180229.76523927023,135377.80029976607,150110.83338411705
region_out,4,d4f60a28,7b50fce1678de7ccf597236383ab1fa3709930f21a42d6f4eb2421cf4bfbc6e4,region_fold_4,4501,465164.3659818099,507457.0162068689,378909.89346165827,419513.43115237827
region_out,4,d6dd7330,775b1ef3091f7b6c38b8758c0acbcf59956b7c5b8f5c7d6f9663fb5bdefb8ad7,region_fold_4,6193,735181.3091169564,435846.50077409804,601366.4110897065,353469.1235694788
region_out,4,d7ba4f9d,b318bbb467c7b8e145d3258523b5689007534716c6e26bd21cfa7688bde820d6,region_fold_4,6023,832800.7383911128,313100.3472125866,513706.967810365,139885.6294068757
region_out,4,d7eb0be8,825ddd438f2fef9e77a1ce78bb50f81fa13ef416264a1b55b6291f20c2fec415,region_fold_4,5401,4544911.671097972,3739704.5807711063,4214014.151934722,3412791.8636984145
region_out,4,d9d6d94d,45fe35f281a0b7bd6a0d8e4fc6d6d7d2467046dbcc0b42814df0a1b85de97474,region_fold_4,4919,510636.24275330943,508208.1530158284,407676.0280459707,408161.6963671736
region_out,4,da2d4d7c,6129a232239899e9f92d0375a7df9a7d96bb4204277b279fc6cd68472e877e84,region_fold_4,2114,20044.86704427387,19676.996943727463,12958.192240024931,12811.90249889626
region_out,4,dbee6c86,eaf0a89bb7b724ab045d8b264657ab1c68c07050097e504e8cb4b07bf2179206,region_fold_4,7369,458785.51356340025,1031654.0278225072,228698.1406585491,685186.5405994997
region_out,4,df73b8f3,5be7b22cff50650fe569187302a583722758b0d67882c2ac6792e3f7315ba922,region_fold_4,5311,1689131.843172032,1878940.0652056457,1652732.624112736,1845315.722022621
region_out,4,e161bd0c,ea37b5866ec2e892c469f8fbc0d9785d251914972f80beeab4625b83c018af90,region_fold_4,2949,46724.71932208979,60919.06565967063,37200.541914315974,50097.812391080435
region_out,4,e201fd6d,4c75d784420d0de5f5b8643e68159069854384c288681bd090817b48fc561771,region_fold_4,5070,845110.331123543,800275.767532046,850399.9621756261,805795.3831594528
region_out,4,e46f4ef4,007c90c0f10491ad6068b34279e5c667bfe2b479c9983118908a0ea929d9abc3,region_fold_4,7195,110055.48669093117,115224.48493105135,113763.01196553445,114806.42666698471
region_out,4,e5864244,a9922add79664c407245a03dde392602cf6f6f8b14f804b261dddcfd61fc27e5,region_fold_4,4469,326802.8295902854,243042.3525937937,229426.9442125453,160466.02302264306
region_out,4,e748dd88,5568595aa41cd5319cfabefc4ca216eebede5c23e47d2a0af548c1a1e7105252,region_fold_4,4812,218455.38846066062,112618.67582939308,157596.99894324882,67657.66316617897
region_out,4,eabc711b,2ca25e9fdb7c43ffba3a03db0284fdc0644c07d7b43bf2d501f67b021453e4bb,region_fold_4,5348,808798.4855490113,719085.0711810775,933586.9682158799,823145.1212447907
region_out,4,ec13af42,22a9c202bc94e326d71da37715f551f3b4b317a02901ee563114ddb18d5ad410,region_fold_4,5462,379715.7263356686,324452.013351453,347433.09857068595,288917.47875917197
region_out,4,ed6436d6,5ad85c76fa37c244121b9cdc7c8cf893140deea91823dd34aa2a92b7b70b2816,region_fold_4,2945,10653.437635321943,10311.93030906248,18346.479636886834,11706.584474622226
region_out,4,edf885a3,f7bbdcacbc44317370070d9bb44970e32dff2457c15f62594e19034255b0e7c6,region_fold_4,3117,427166.1535701863,434847.8077496338,449988.25193638116,455155.32823720167
region_out,4,ee0300f7,227b3e6f6519a6888bd55af087e34190e4eaf8d51cb4e9188e4c1a3862d07d1f,region_fold_4,4544,1725042.686908762,2002736.8854517508,2025030.4895395525,2323631.667163302
region_out,4,f053a1b9,88121ea67439affbb6593865b80a776f89e7e9b6a0b81e4af499c1010bb66898,region_fold_4,4108,530624.8189329976,409469.99155069335,503891.84611006884,384830.7242746997
region_out,4,f321a31c,946fa9cc6d0dd4615a51d662037b3a9e372d9fbd6399cd7b905951e00f88eff5,region_fold_4,5141,1702897.430720681,1561015.8853483277,2064276.297254647,1890394.657902407
region_out,4,fa667be2,946fa9cc6d0dd4615a51d662037b3a9e372d9fbd6399cd7b905951e00f88eff5,region_fold_4,7296,2390084.315978523,3694813.237179705,1773709.1058286368,2990070.665302337
region_out,4,fba7683c,1d5862ff43d915db7a0c5a524520dee837a19fc77123a417620ecd56c3a15c6c,region_fold_4,407,2235.895579526683,6562.968945477771,2304.848450406767,8775.993992873053
region_out,4,fd710aea,8bdbdaca48f7dca33957d9b3e96b8facc9a22b4d348516cb0e043d040ec482ae,region_fold_4,4217,53008.32477291627,118700.18846437686,42690.437388428196,107848.79902950181
region_out,4,febb4411,2a7ce8dbfbb4412ca88e26d2f224236bfae2ff45047935c85738cdf7911ddea8,region_fold_4,4247,1530507.6567287706,896626.2609042905,1205191.771160513,661935.47032774
