repeat,outer_fold,well,typewell_profile_hash,n_rows,base_sse,typewell_sse,ordered_sse,joint_sse
0,3,015fe0d2,f54c2d8e8b904d19f277c7dc43746043d417bbe85d88e8495189ee58f0a96870,4296,1982872.009379021,2023227.1391799613,1725289.1745298447,1773230.5623571593
0,4,01869cd4,5545624acc233ac19b7e0bd30b19cd6c685b423947e521e482f76ef4f5671afd,5557,372863.7080457246,364454.560820963,295348.21952334675,293188.07007025374
0,3,01982c1d,ff32b6e9074eed00ea1a2f2265e5c3faffa0ffa2775af85533c390088794025e,3941,370089.9212459944,260224.05746234406,376964.01038675127,274526.66760951054
0,0,028d7b28,cf34ef2df48068d83528821f0f8e32dec2db346367954621966ebf60c3298a58,6234,1846578.432456416,3656426.390655068,2396733.7051293217,4361542.069844315
0,1,02e7fe5a,94eb27fdcd1e89991e52679204f459ba6a9cd201237026b9975699fdbb7d8979,5108,258465.2065122732,391949.0417215633,240241.8845040769,339767.1651909797
0,3,0390d174,80609917007c64645d6f35a47df64ad837e411a8b8fee77e45eb85a3c4a9ebc3,4411,692441.5467681977,519957.18297518365,981566.3999888127,756608.476182162
0,1,03a935ae,026875fc11d291119937b5219e2402265c1ce22bae44f8182ec5cf4d50224315,2786,3109547.322999413,3528853.392759978,3189158.288100118,3560757.894054226
0,3,044af7d1,ba541cde22ee063e69dd1065fbd972f26edca96e12f8d6f269fb80c8664cd92c,4519,108336.14873073305,122130.55748150575,74936.60555634834,85299.93014063514
0,0,0498acab,cce0c192b09395912b50d5a88c368ff83aa200a37c240468afeefa7961e39ed2,4798,102881.99368604377,77426.82112101118,115522.45181885599,91143.8168376632
0,1,052d64df,ab09959866583a7be49fc05f9f6748b18c0cb713991fe6e685351584deb213ec,2445,125433.65813174986,104340.66868967787,116007.15229233276,98690.41811735474
0,3,05948241,5ab4339d7034e454646b998f1b44be942484101835d79b0b12d28289741c4924,3879,80546.53778682803,87688.80177043189,119147.15992578951,126335.30718718174
0,4,059c8f24,8ed02769d87c0deec59c520e4785a40d3e7c9fa498437ce706f07233615ebd2b,6258,696839.2173799821,524447.0178486239,911693.8622009286,728085.3165269586
0,1,05a0ee4d,eb84b25bf25584cdb5330aa08c2af03c3a11371eed7c0956d5c3b65bd1ee18dd,4348,1098455.0822787054,719844.1443188472,815875.3396143469,550611.5284375518
0,1,060ab2b8,4e7ee6788b0538e08794a6b297160742dd061b690d731c7452182d46099926f3,6258,638200.6247791913,656381.7354779025,636784.5993439131,652789.9058708502
0,3,06df5958,604e0de5d34a4749a82df6e58bcb0e11a5764d4a821b82ab712ba463a7d569a4,3509,27913.12018874124,34864.31987416861,46055.223025200066,54663.41908695888
0,1,071d7b45,66882906104713d41e50f30d1e90f73cbc0987dc97057d57bb8687da08ed2267,3211,491734.76038564846,319001.00034926034,620884.4544075287,426088.10740476736
0,1,0849b4e2,4123d624f00e62d28d01d586c8699199041bff193579fd0a245f3f3fc559ebb6,5537,1612979.6779004247,1634816.6037810543,1159241.463892795,1230789.3373420616
0,4,084d66f9,9ef5e5b68f794f9a2be192013740f945d85db57aaac1c5715d52aec3de15b388,3885,369773.9172723254,331563.7166676631,353975.93363717553,314348.0059226829
0,4,08fecf00,128255392f8afc352ed46b2f185769a4db71de875d36197175cd2dcced3d0718,5574,169982.93905796105,202209.58298622325,99923.17903532891,114198.59743199451
0,3,09053135,935f98cead6e1f3e4ca36826144f70f78bdea34dda4f01a06f61ef63ab51026e,5907,555335.9447754247,871640.5545194516,395687.3998880689,658434.6173364893
0,4,09441b8d,6467e73b7ec35cbba2c1db2ff88cc8ddb06c9cf415ddfb93fc3e668010e7129d,5488,598261.8355566135,483576.80226185604,845728.6784998226,638421.3143408324
0,2,0955cd6c,d6daaf618570e818b416926dca36939d9e26c60bbd7d99b0f6aa33f55f64f4a5,5195,298635.0567906454,314551.01447581546,373266.01945431,381697.6286680532
0,0,09ec2ca9,f63664f5cd191aeace1e0ec3661c81409fc40640c3c1c7584d16b4c03e2fba40,5885,315102.1807279807,204972.42976331897,250083.46613687335,204862.24006302774
0,2,0a57a29c,968954f85660d13f4233de3ad6bd7dee677b11761336c06609b19d1489e8c2cc,5821,143404.8868828148,137136.7867940623,209557.32909046818,237542.9386958903
0,2,0bbf5e67,f9631aca671bc6515cdfc4436d04da06abff84fc5ba4152f19ded8e2f94d282c,4298,285617.7725518252,300078.1261567023,210367.04596792004,227719.75084495917
0,1,0be01c24,713dcb8326bf0288331ac5d11c90397b5da461cb92c1b54d80ceb694d334a723,4738,79756.4607474679,80307.85630111556,83623.5020974096,78857.23774982976
0,4,0c1b160c,cf4443772926c4fa3b4b257a97e46535e3e360191e767ab5f36959e7c6e0a932,5054,173082.16852545412,213093.0881937957,144896.8618584283,141909.2825699387
0,1,0d99f8e4,63447b37f3f927aeda10e652685449742d4349e5e561bf40f13ec766269917f7,5823,522389.54427642794,264905.8403915558,1480938.6046412415,871225.9622717059
0,3,0dc5e64d,26674ff156aa5368d8000e7d2429509b7d837071164b6281a6871ae88fe9abf1,4879,1126710.165228235,1136871.3823099488,644122.6258370143,678082.122802943
0,3,0dc835f3,76f26677d5be9bdd295504113b01053170128808c425dbb55e99542ded487ee5,4428,628432.6847758172,675635.2864741711,733077.4883893535,773793.7041840251
0,1,0dd99dc5,2acc6f0e53c607264873cbf98ba184fd285b7919bc79aec71552698ab9984897,7342,341788.2130126996,363714.6618810826,222438.47502581653,272601.4346540683
0,1,0e5e560d,4176d07e7ee2b09335217163f1998dc24d771382211e3a70fe0ea69cde43407e,3253,156320.33724489936,244832.43835102118,149719.27796911506,227278.82134384074
0,3,109d9d70,4e974db4a97bde4344d373a4a292cfce86f8287c2b06a123035d85644b129673,4215,468741.2692189279,529082.2534757897,400763.6165778922,454476.596542573
0,1,10a1281a,6d2a59cdf50be152ee13263892844ef42b01eaa6f321c5440b0b6e70f44853a0,5609,446801.60605919495,1334803.5602441314,506309.1138874367,1321039.0254744873
0,1,10b89021,94eb27fdcd1e89991e52679204f459ba6a9cd201237026b9975699fdbb7d8979,5414,465468.98642761,398933.5079770713,298975.5751554368,268896.76830008253
0,0,10be2420,f835c3841eb266149a12daab6e915d69d8992fb8c281873b4a2e5b9cd519d3f6,3271,44371.637421275176,49081.03675676652,55276.10025948408,59129.56644950291
0,0,113011eb,857035812eb27e9bce844731e42998bc79d541a829eeb06530326b13adb91a48,3272,109425.40768048185,104888.97162017091,94418.97743190262,93448.14696426032
0,2,1131525f,383fba77f4c922d9f641442b860fe915d364a117271ccd6addc4caafe2093bf3,4159,1141536.7101887008,919270.4186301343,720903.3655506215,591449.1466257909
0,2,11d0f5ac,25a161826ed24909885a944abb3e3f5409cea6c444c7ed8c281aa0543ae906f3,4883,1472909.234767169,964074.854716444,1624694.5836524311,1106888.3473415303
0,3,12203f2a,971b03dffb4d1afdc42768537d2204a9080869177f84e9149488b8edb3511cc1,3261,104478.74356191268,88543.729830772,35203.599035832245,29689.702625319525
0,3,122bd617,162a82494f516ee0a3b93c8126912b4a33b4abd9e7a1bb895790ed8c2b0cb9c6,4570,281948.85227751004,296389.8086337967,263287.9102372528,280511.72874008794
0,4,125be846,751f0410a69b2bf766ae5b693e906d1cfa0ab6d27556a8a7060ae715eb7ad724,6510,950604.408827154,1238535.140387148,888990.161450325,1157794.4327830866
0,4,1285a37b,aa3b632103d76bb445d41b79602f9c89d3cbeb0524cb4b82125634b7f998f010,5597,392529.98011663294,434418.0273201647,328490.37894229405,375528.4246450233
0,1,1295a25b,ab0c1ed6050411afa49ae85ea0dbf0481485a19ef8caf6e813c27df65b9aa514,5551,358473.03203326656,480437.436305409,247631.0116369006,345913.0162283833
0,3,12f0cd90,55780ee40d9203724469cc01328566140d87d3e2396a5bbd445c5fc9150c6f6f,5947,674136.4260039844,491160.7634229389,547211.8818249212,412560.7680835121
0,3,137d1e44,4be418e45dae85fad0eff745ab8e2bb72f0c07faf41062e75fc758f56552eec7,4554,2667919.8408779358,3593362.501179288,2930088.943278501,3826989.722742425
0,4,13ce113d,b0c0dc90d5a99209e09e24b1a23b8c2bd08aee6d7b24b0e9d283a5119026895e,2966,9163.525973344818,12404.83374825765,7687.433129139043,10420.260931549621
0,0,13f598d9,5f436200ca5d460892f7acbd1b82d8ed2147bd9b9b7c1189d724bb25e1b76cc3,7306,248035.6287374242,239822.29012591715,198438.80066468407,195809.04087894337
0,0,14a53cb3,44d0aa9be582b81e95101159691e2cd512ecb26ba82d3d5a07c8cdfe2863fe60,6919,378426.19460560667,336666.01019581116,212158.87912127556,271677.4605076671
0,4,14ab73fb,a1ac6d7d38ea20e49373ca28a73b8317958dddd3f2e02ea62a209256fd239895,3649,598263.9728346465,675255.9515779489,527081.2476365811,606006.930473449
0,0,14ad5efb,0b7c50fb9ca772ff0bac6438211b82e160144bd68755e7212e5dc99e6bfcf068,5842,260765.78433271023,238764.15581242557,198281.05622972205,213546.55038837338
0,3,14fee784,32f92f954e129b864555344e54337eb7d47dbcdb81712f8e880a3772550828db,4910,1178007.912050678,989747.613394924,750153.0189819915,679187.9694708261
0,2,153552f5,3404d5570ee582a46acd754c662b2d01cc390f8ce4dc702efd874b861e68a939,4695,96094.32788814756,88908.9837090986,118024.36311813272,106272.17144960722
0,4,1550491d,726ff9dd17fdd1753bc0bd3e85cc0fd04d9d5b177b62b564fcb85d033c1f6f7a,4563,248232.335382174,100855.4688496766,189068.11081144988,77971.09215387554
0,4,155887bb,6f8fdacb57006c9ca08434b8c64eec7498e407755a50bf1f5957341003e116d1,5585,831072.2142169871,1083980.366720001,530034.2265609088,779206.5243861596
0,1,1590af81,7c9636fc0c192670b5190dd4fbe16954b4e335735510c4533ad0828e68dda9b6,3799,40422.537640963885,72268.88524823268,34716.780881072875,65075.39447591468
0,0,15e154a1,bdfabe666323e16f930a023d1a2dad9179ea9eb3141f6e9ecf463f3c0610541e,6068,84009.69984510182,52631.38384701671,111001.85428278634,69084.52633466183
0,1,1619e2ca,6b5aae65bf00a2da7b4b2ef958626293cd17cb95af55994df61b7ed11c979b5b,4443,101178.94935547131,231389.85592952237,66494.31975691416,167184.8939365708
0,3,16e4a047,6ac177febe4de6defb565ad3f1ca0145dace0dc147fcbdc974acbda1ffc48ba1,4131,138849.6911202467,191840.61609217338,82149.47533092604,122818.07885607965
0,1,173ed841,014c211abc0054c592252d014438d34a0f795152416a5a1df6e3fc43910124d7,4883,2771292.8382699983,2933926.72341921,2577482.4575700117,2745786.4401369225
0,1,1770d7c6,4609857f1ecdc5329618ec01f7ac6aee08aea2f83f42dba47db609229f7d4ba9,7240,281268.8784988063,181407.68423554546,192491.3660987255,169289.33327291964
0,1,177622d7,3c8f37fcfb72f23197c07cc40afb5726f3a665ab8e2b30f04f912343d690ab05,3154,380243.90479346464,186451.75909061567,392596.5877561343,214789.2536343225
0,1,18d24f7b,ca750bb91c8ef37fec02c67e4ba531c0d833f0221d96be801b6def492c9aadcf,4558,168242.31444996383,132976.88785621902,110637.18048389771,91957.0638505333
0,0,19137a89,5c811a492622b071effc12d36fc73079d81d5a87ef96a637f0f0742a423c05db,6267,1218258.5742490964,1306071.2441929597,801257.916862768,904267.262372782
0,4,1944513c,7cc18a46da085c918409aa5b1fdca763fddf4a700f6958ad528f16f152e4f495,4722,112052.78574912708,211762.9670120799,75928.37328319592,166322.10739189447
0,0,197f8a5a,93aedb0a3d09e955694d76b041d81f545868a0d21aaf271fee33bcda9ca88cb6,6310,4793568.949799324,4303867.40959327,5582295.643779468,4999277.219035361
0,0,19871e7f,ea636008b0b84229db08ff0c29086c4688b004c624059d75fce6efaa63201a6e,5293,181441.89052528908,164669.5708373721,335426.6474850727,285990.4898880029
0,2,198a5607,7777dbe446a81a3bbfcb6d9bac2cb0c618c36d56114ffa030232437de456ceed,6251,366071.8710097455,620531.3631743984,239567.63012151152,417615.1869120562
0,0,19fb4f7b,9a19587ac2155fee3db1817ed2c7521673673752cf11993654aec95bd108a608,5620,366255.6125584531,577141.4436856604,370450.4077849651,518848.32428903715
0,4,1a518997,b730789badf78d960706aa90f19bd20168d36828514521c3b81dbd2d836bbfe3,4606,258925.82676230738,139677.88898257492,162126.61733627185,86956.82250541024
0,3,1a68190b,a60c07e2bd41cd38138a00d6fce163312f5f358e7da848b29b89c6af29253c31,4474,955649.7413499092,1443543.4643887938,923886.844562978,1352395.4262176817
0,2,1a730ac2,73185a6a05e581b465b8d2e2b7432abdc00caf84ab6512dbdb48c82602929f4e,4605,238008.93188252288,71953.18416136416,67359.91797000096,38752.53755146852
0,2,1aaf1da0,f4b657967566c01f022b965c6165c3122df461486485408b3748b6c018e566d0,4804,930242.8474554147,521606.0603005391,801301.0324626677,463745.25794613594
0,3,1b08ed48,8dba6ceef828b0a6cdb64b1e8494d3d65e5c853ac37813ab155991e0d61dc8f8,5618,711352.505602223,1145279.771699128,1145127.541759755,1596330.3608613412
0,4,1b1c5372,8b0fa1fef698e9d3ae02ed20d423d1845407456dc4b5acbe2c4439bc24a73cca,4261,1594288.8720415505,946646.9445057968,1581061.0821150295,962448.1313764896
0,4,1b1eba53,e816d75338f5544230706e39f1a607a8d755edc10ec9fe0fb291a51a4c189ab5,4655,21187334.216419682,17740348.960455064,18083846.518386964,15558313.308106255
0,1,1b6ba517,635dd7193631c6a526f8f0c376a980b7574cee794cc65107161327ea390df16d,6597,240292.1426828506,183732.07825641969,186619.16804695694,153319.91879529273
0,4,1b82b665,98be4c50a3d406a60b7c31bc52394f020b295f51112646273a7f444556e55896,3806,139532.77067176637,84432.73357228152,93107.30405493602,59465.929336165835
0,2,1bcb2fcf,6450019b44dcab4173396346a26ff63ea82a6e429c20b3be9c341b6bd4b3a411,4524,51338.411367067965,99736.56085799886,33928.62106950716,63425.209532146975
0,3,1beca81d,ceb26016aedc66367e85583ee635ed3fcef43db8355b5bd2304e59f54087a295,5036,145478.20630148536,144161.45018610798,143214.95687465378,144172.555122312
0,1,1d3fbf02,6fa4b538950ed657880b43f0204d538534e71d99d24d13fa56f3bc9ee7e741a2,2694,30385.81025530772,69365.13764346804,32460.391394089304,64114.02060040541
0,2,1d78281a,33a82ee23e8d1670350f9e04b054bab683acf322eff757565edf969518420e6a,4949,391479.65047134843,312106.09294293984,444606.51364081097,361513.5188703515
0,0,1e30dedf,e9f9bf0b7557514624fce9228b5219836a98273406a7e33373924c12ebe8a590,4071,226395.64074018394,245689.16327948577,145871.37682543448,205059.05097704363
0,4,1e5e3573,4c98313e7672cf5884eb9ab92b4e5916aa6905d56bb158ffec2780128f8b0ed8,5480,437942.3828085419,229241.063155905,512611.6663109219,269072.2668209657
0,3,1f9afacb,31ce99ea3d82087d90cd6ae1798abf3f93b0855a5d7c00841dc651a04a37c8fd,5328,77051.24144578932,77051.24144578932,40264.323185969304,41810.461723322
0,3,1fdbba44,d1749ab9fe1c2e29a7f73379c0bcf66cfbab1acf5f754a24eb9e580909cd2676,4911,644543.2253473024,928473.1951416256,385418.69277525827,595464.8304723045
0,3,1fee2b62,1a26ed94f1116a6a539db075d1641abfbd97cecae12e4a8495b4bb8a31311cba,4641,92790.70467621335,233179.01501788414,173868.45699598172,349319.3331481667
0,0,20096916,591b4f7aab5db0230193a16ab4e014defeeee1562f865a52b429884b9f8e2234,5133,154596.41050076805,145662.91436916357,189632.675709847,191036.83858229523
0,2,200d233d,fd85b14c55d2d7a916366e09ec2fb992e9dc6adfec9795dbc4dcb61981aa1e40,3926,410259.69187929353,385594.61741129984,463691.40474951005,434394.8704978563
0,0,201661b5,eb7ba9e103cc68ad7c6ed3701918b06444b2f42629b61bbaa0f5a61fd447d952,5955,639814.7507315434,624530.7629059071,619899.3651240547,607045.5165668409
0,1,203721ab,05af311b477850659a273b8a0e74ca83e53e735567f38588128cb1f67fc291e0,5730,250201.2289343995,266355.8928447161,267921.02547325153,246237.6103685067
0,4,20402d71,b8dee8a719a576bfc4dfd4c74191961112b1259277c27c13272f1ad1950cc631,6372,454287.3489023114,411218.7833104461,351750.17301817006,329426.4320746838
0,3,2043abc5,44b316722bc73bf54d446b3136e5bca741e365a89a3225263d8e80b252807b97,6958,729566.8160194339,679848.4689799936,696898.4924290308,662070.1511327703
0,2,204cc64b,04c66301df928fa0dc0f73bb9a1b3055d972c9e4bcd43ea51a481330c878ba14,4805,102447.21131728317,114289.54499278203,116353.37163837807,128999.53073827093
0,3,206b6193,6b20080b1cde08d1c03f853a217acdd82eedcf1dec6ba30b750a99fb24643745,6535,5502644.092585637,5347239.030250538,5781879.522895427,5616601.763481851
0,1,2075c696,01721017b46d051422fe36ee6b2f089b887d04e6ed4d8f6600e6c66bbd0d9e5e,3188,1086148.6804275422,1352598.6045877514,1009215.620457872,1249505.0385763308
0,2,22c5f93f,7ce8898679f22966aad54f69e993c766ae97c596d5334ba667b984e3d57dac21,5172,351836.9142809392,227250.77561166466,387123.99110134784,257264.54053764837
0,2,230eaaa3,204b49634c9cb4687d6f63b5a0d653591ca92ff1e65fefbfe95af70de6743063,4690,2951664.5374115836,2721946.4743613354,2564541.3651565597,2415644.192967613
0,0,2364716c,7100d9e2b279b27b1e2016771c8b0eb1ba2262acc7203023688e6b701df18cb4,4316,746323.0625465349,795746.1055921782,659304.1419762889,712141.407372348
0,0,23b9beb0,b34e333af421ab2fc02a30fa9a0dad2daec7b7fd714c3ccc60179b5f09230566,7340,131790.76794522392,132415.49573854316,251798.59426215015,242285.340657892
0,2,24d8997e,8c34d2d264da176b019737d16e4d3ba1abf6d65633d178c677a533e19617e093,3442,19455.647672741936,26298.412379313693,20164.18507564914,24994.02845381834
0,3,25050f63,c24dd46139f7c811f19ac93ece6ac35f6c841a11ddd770f4d482fd72b7247848,6124,1051785.8632411817,1903312.1890864973,932619.5623473681,1659999.460950728
0,1,25939962,42acee97968ba87b1f0a7fbec44851bd00f12ac7051e9c38006245ffd4968473,4319,350207.90945495805,481885.1880127445,531093.492750815,657399.3547957875
0,0,25fd32b3,a1bc64009bd425fc3e086c5c4d60850e17be7f6e854374d0d497ef96e946b014,2885,8122.402494734987,8194.060691943494,14164.057993855764,13693.149278576187
0,1,261785ee,367d5f1cc835c7dbe0aeda120725ac19e9f4397998bbead4334aebe2ab10d488,3646,1389269.725636355,1631509.4905165355,1159002.3840036641,1389426.3344337216
0,0,264feceb,02022142068673fc94e3fa2f370cc4bdeed2bdb54c61c76ec45c6e896aea5048,5665,68373.59986063089,54058.26198739913,75815.73253964662,62157.72622467201
0,3,26623a50,1b716f3da0137152ccf418fd9e2398a24f9a61c15d758b725b229bbe9f713cc4,5735,241275.42157268213,402356.5895333833,376748.5908899378,554890.9395886057
0,0,26d3a96a,67223b1cbd8196df41273d5f3325578db4f9a69c6127b9564778e116bd36429d,4721,157821.45843409287,130875.92728926384,169055.18882969176,133209.77309433528
0,1,272abef3,cadcf5d1f3d1a6421a9fc2a853f76ecba953c1c11393da9820b3084c9c1c2e06,4135,278910.2514623454,340127.65146197396,223977.81118957835,279226.8776309471
0,1,27300fd5,a96b0f17c5ff797f50d4140461370e1d1549ce0cf024f0b4c10f61f20a08343f,5467,472852.1585067671,974953.1016365287,292240.29453850625,689136.2902263498
0,3,276b012a,13485705d0b8c33b345b7a4a54b96278f33291c555eef91fcf14426eff85323d,4837,575790.708815668,519147.902201149,548813.0826692792,527637.5411038325
0,3,27c3155b,b9574357084b1544e1720949ef7272bad2627f770825b90f2fd143b744275f0c,4958,1620449.4862663853,1657224.1277626082,1426644.2100739,1469178.1972797583
0,0,27ebb9b9,aa04fe5ab06537336d1f6606063469eb3f92b043daf558ab1347707bf12f3829,5766,268778.71010370157,253791.34000860184,251464.23588926787,277361.093402934
0,1,283269ac,7295d5714e91f3a9336dee65acdc163f79fe3597c927b9a55906d737fc9ac88d,2626,10626.530046857213,6569.226303511895,8296.714766433404,16283.61089367661
0,1,28473855,a70c03be6723cc3d46385bc7bc08b498e7a43af49ca387b726f9b4a0c20db2fd,4290,66409.01445133459,51842.00627591578,77144.27256100033,56060.292456346695
0,2,28f4eda9,537b65bb556e3d69523d8df5d5cfdf3e6c7d83482912e24849228b76fc9da913,5266,315996.4318119544,495458.7240282311,388429.53724306845,553930.5110999271
0,1,29b24409,a54562406efddfaa54c61fd53875c41169ce3384b493a23a26ed1fc79f55c5e1,5587,350689.76344866137,414504.3153728089,361531.0131985316,419885.9835535637
0,4,29de15c8,81211caa3480b4e773eea46091e9041c8593f9120af2149d04e533e1ca9246b0,3431,115642.60289212345,211286.12128633744,122252.4862662741,209861.16616870306
0,1,2ab29395,8a443edd7da24ab7094dfd13f50d1d8fa955e87b428f6184365956952ec076b0,1852,6245.371031565897,8698.188509079304,6456.4848633651545,7961.125419179604
0,1,2ac7cb6b,9c1576186b0a75c78739a3d3aeab9ff78c65d29ee817e5ae543e3154b89a5ed9,4990,1074443.2036533142,842411.7578870861,839328.0215595495,693200.6249766486
0,2,2acc78d4,a2d95d557eb805646fefe3d3d532407596b85914faecbd85a753520b20b29e07,4266,358373.21628602734,357921.3891997802,495672.69478500384,480479.14427824575
0,1,2b034622,edfd3868e856c0bd97a2a873f6cbd336a2e97eacb1703620e9c09ce3c5e65783,5203,216171.06761070236,376066.4770255608,262804.26637085434,407535.01336968405
0,0,2b06ad65,1ce86dcc649f585fa201c531ff4178415115b5f482f9e9b9694a3e1123864291,4256,15246.141001431515,97525.95544405337,12658.09092306803,92063.29464036378
0,1,2b547943,5980208dfbdcc30f275012b706838af89ea80bae28ab29003195363c3f0a83e1,3480,365643.4277374593,342742.3094031163,262031.74186289858,256566.56433831027
0,2,2be5c96a,3b6eb0e756bf17d70b45e893ff91cf36b13abf7a5642432d06fc7fa0281bbb10,4210,148561.57540421718,204351.2077460594,192798.27019691077,246795.4408393167
0,3,2bff06cf,e95e3e9b0d9ce02125f402dfba7dedd35cd4b442bfdd9aa328cb1dfd5e746bfe,7624,2038703.3323041252,2112177.25148928,1956262.7358219319,2025097.8724470013
0,0,2c0c4a4e,aeecc0bee110d5f44133a29a4d61d88b3bf9e39c09e044c19a05c3995d39e903,4790,93147.60291013069,107762.97111983282,130361.58662579992,164730.62190973244
0,4,2cee0cba,2e1a04ebd061293aca05d508d1549cd88afe3e753122618876ba43272bea49f6,5500,381270.48217655695,301522.4917148845,305410.59565314226,269066.5137806458
0,2,2d0c268a,d08b9a52710e5173d579a72dcef0e2320173d9aefa226d178110e731c9119ade,4550,532044.6410228971,266071.06246421236,585589.067814387,319259.1290873694
0,3,2d179ded,4914f69cb146683949eef0baf4cc4fe40253eec536325741040536d913770ab7,7008,454934.18301699107,451496.7978420702,349338.8106732615,349224.4592078479
0,0,2d196986,a688017e0d91165e87a0347e709798ba35415a376ffe7d060028c0de05ae75e5,6474,753542.2188392016,828820.090618499,498340.66115712596,566296.1688877452
0,4,2d2d0c6b,ffe38f10f0161ce6828e1da86b6409b2b5625b7214f63c71151d408104dd0e29,5045,73889.14875531389,251491.35208284893,103294.95747411673,298490.0024361297
0,4,2d35f86d,4744ca9e84a89295d322aa5b5de94618ba20f6f189fe7bc694e6ddac3afbf430,4896,434129.0944656703,345087.7408462721,414126.3106342996,345511.36291596864
0,1,2d9f6cb9,42a3af865ef0f58fc4c9e4b872c3dce131cf8e43b0404b6ce77b797ccfaebc70,7338,431372.09454258176,278520.99029633787,277715.05264903576,200634.63732885427
0,2,2ddad940,48c0becc55c9a469f898e0e804146721e7d61282e2d9b1f452e41de33c445b22,5331,348717.42902448366,362292.43233843386,320413.05733310606,355595.0677071571
0,4,2e29e833,d289945431da7bd72b2738b01e83530007029682d0ab1424559fe579edbc03f0,5428,97168.73996483082,97168.73996483082,71523.87472401734,74864.12986083221
0,3,2e43c2ea,8aa28f9d14f7d56a4fc12cf36cdafcd6213bac7fff6e2a22d93a8c04cac857f4,5698,83506.59604607821,137107.98766307835,53819.92779239072,102217.91136526401
0,0,2e63d9de,0deb626535eb883fe669abc05260b09a4b7a9dfa409d4b0e896d9025f0d3f55c,4699,1535146.1215534229,1771854.3707142924,797465.9659481773,1019784.0287344138
0,1,2ee0235b,fd09753b7d2543d9d6b70c795a4dd8258fc521e9249e7ce38fe30e45cc531546,5556,102160.48592767204,88155.03319633137,92041.06191694099,79655.74862793741
0,4,2f19d536,75ca99142ab0041f2617a213e63f339d8dd1ab090bf7c19b28ea62a1ba47e372,3088,22348.30955308413,18116.465768389935,19201.55949423628,16241.108420630666
0,0,2f8e53c3,b4038f88443a76c41318edbe94e62c4071d26fc67da2aace6fbdc276c011aa11,2594,19929.111307275783,35860.2364667399,12349.599747634955,26840.06265252321
0,3,2fa01aa6,f845e55a155fa1a07004dfd9561ccd0acf6c3f6657138927f0f450d9487d439c,2174,1008667.4935124452,655004.1621025868,711591.2500331615,455300.50546390365
0,2,2fd68f7b,ddcd92dee484e99c50968017fdc9ec9ed293db064f151dc95eec6c20ca9ee68b,4730,12807571.255350932,11463234.690855004,11379916.30330586,10336112.268815456
0,0,2fe023be,5739b602b50448af03a33129e177be6bc615d54b248c8a6e73401a9cdd63a820,4221,291218.4204618031,305661.15030653676,277218.1237378932,291531.4490951405
0,3,30d75030,5ada05c46a68b593eb83ba582635dccf33cf456d23a475a39a2dc2176e377edc,3404,1116437.3312259526,1139068.6013707363,797348.0728504707,831602.9877179873
0,4,310c71a5,f7d26a773ffe3b5c3f1b5b81bfd779295f559d2f56c9b8b694e39a5ed9e6b899,5245,186750.70305997552,265662.0914683442,142866.5150098516,217460.3281303054
0,1,32fe84c9,67ebedf8e238c8ecbfa366f8cd14fec95a41c2d56ecb8cbcfd534eee774d8830,6408,1836388.5771384405,1595797.0961530427,1304399.96232967,1175453.2674261294
0,4,33c40295,d85a69a8ed290cb6bfbdbb65c1828809e8339916d6cf7790953b7e0ab13fcaed,4169,348853.3688871573,319923.367751906,200902.01103956375,217242.18713136748
0,2,3407f5bf,109fc36cd80635a7e588cf109dc887a56a09eb169a703ddc1153ab731c293d56,3638,1438112.0187486443,1526502.3359805187,1536008.2001608596,1611270.3620609147
0,1,3417285d,94eb27fdcd1e89991e52679204f459ba6a9cd201237026b9975699fdbb7d8979,5449,6357551.629515058,5837071.791464185,6294645.0510345595,5831854.71250959
0,1,347242c8,f6a8138f9372118a76ec88d7d53fc7555d83a4dc6ab6eba495667e976460d3cd,3595,42162.57475412531,46058.39722833465,30241.705084408823,34061.076888995594
0,4,353e5502,789980a7e432a2fbb1c85f9cd0774c64ca7a96375ed38240837a476456f1580a,6062,159223.46645570445,123821.91801117396,136094.44928172175,100330.659667701
0,0,357c12f9,792c7e392da72b257386fb2907187d1a1559b0f16e2e85f1a1896646925064da,4079,22058.775458676173,46968.19843355786,40764.37171820957,55645.12073901616
0,1,3584a6eb,4c27b0910684a692cea16f73ad61282220f30a1160fb280937cb58271830d1a4,4494,305871.41264357977,375794.2811783399,231326.43281980563,296005.5034610664
0,0,35b30c7f,7d4cb9db13ef6de69276c748bb6ce5fd296c23edec32a06701eab4015446f7fe,9579,3494546.87313141,4199544.202495099,2674772.4291049144,3358177.8023434523
0,0,35b3ef6a,ab50c5ae5d104155e2f33600ffd0b339fd8194ea6483a1fddd307b8a54564611,3904,707298.9966854365,678074.8491587715,566121.0394390991,549860.6173378039
0,2,367456ce,ae87f4a99c3655553b6f514cb69255a62a566932a20e12a29f6e11e3d36522af,5569,254953.10713892838,220708.89648392622,197902.87734916978,181056.108357522
0,0,368131f9,0f71fe4093d88921462163ddedacca9370d1dc37edb7599a939af5ebe32726ef,4991,1359336.8822801374,1647574.5352458658,851322.1645364664,1119603.988199452
0,1,368fe682,dddd0e996c03ad9d4ac9f4872fbb6009bcc15c1deaceb3fd83c0f9e2c0c9df12,4936,2011459.4638680557,2418776.502808297,1778472.3084167796,2155581.9554648665
0,0,3690a146,0217f2e8d02b3f5435bb05f7ecefd8bfa1f7cbae264b667c64f3107510624230,4073,64326.48523809541,88369.28973791808,45810.87208092798,67179.15927271718
0,3,37344c2a,0a5d31f92b6dffa8634d95ba55326c2410b70d22def553767ec7e0594248663b,5197,1407249.1697981493,1335694.4806032488,1443783.7534477427,1373865.7685444513
0,2,373ef48b,dc63d975e14b3ba2351d2fd94a839881c0fa50514a522e752dcb7fd75c32883a,3509,42629.316036598146,124261.56901098292,53646.89969585078,106650.67878060204
0,3,374be387,cdba940499916f24f9e8d6cd6706ba1cfab227ecadb351e7960b2ce0b1a5e897,9965,276997.2034668183,251270.77988372545,178389.55878393666,170315.511578432
0,4,37d36812,ac079adb4d82546b4cf28a7ff361fa3eb523da9dd4e37cb834fe5d75910c0643,4367,632646.806385926,709088.9009485848,663575.2525542073,726017.5148263122
0,1,38991fd4,5f0e18ced9057064f59992a624787f685f3caac4a49a5012a180fb39b53ec461,4798,582105.4426015405,692038.671168198,726363.0332615227,816393.0072675012
0,0,389ae58f,f33493637725c205e25508a4c494ef4e6b497239f30072cab97702ff3b8d9aee,6463,14904440.698357116,13239886.449444223,15521436.135332005,13787864.162591174
0,4,3932faa6,2b2bf49e8f51b482283435997aa38deb7c587b33bb335735ff8982cd6da0737c,5452,663181.0096206921,634166.2688894813,603141.8864301264,574238.6301595876
0,0,398dce4b,d61a36e9a70f583bdfdd9834d8135454b31bb78a9f16b60f6a771c16f1e88eb0,3166,25602.104933837774,39840.27847446401,28028.36181526351,41609.378367751546
0,1,39b51819,c61a72457cc98d5f11db6bd56188bf43300dc9b37141d36c7d9260591f6c8345,4231,199311.41555479265,193702.6685380756,123345.19317155337,128087.03410181601
0,3,3a0af893,795ceb2877294695b18098c4ff121d52ab9a2090923d65274c9d643652635681,2927,1472824.8773109727,1540957.1537467828,1478147.906017159,1540467.8679099116
0,0,3a223519,d27c347f23099c5dd8a0aa465af09c030f21d014ac52a058dd57dfdc6d430bf9,4583,1198250.3114324852,1658927.52924577,1044927.0694485039,1480715.468235136
0,0,3a7dd95d,fa50bc0cd3651f647f8ee2b5a9b71e4ca658e047cea07009cfba150fc2af4d0c,3072,274682.2433325674,198662.78596916795,260948.77372911255,195272.77309985732
0,4,3a824aa7,a44aa0ec03e244df4616d729337b9656d8f3e89c28232afeb36db311dcc56893,4201,129032.14543416869,165743.1390511938,95669.99262816738,130823.80740078268
0,4,3a86fe8d,a3e4c2698e23bc1997362d1250234a47ea22a65fc044fbd54423e17798d5b6d7,5118,76484.16253478744,115782.14398007291,93234.86351551983,134923.95438114484
0,1,3aaa2b30,e8437e91ec3b65a9458f9f0d9061e9cf2fbd9b14a521e8c23a1df4e88f426c8d,4711,800958.2181621715,622827.26394628,899988.6321845248,704779.1159025913
0,3,3ac16ad0,581eda3e0400cb8d2155b719eb465aa81fa8f7b974880a1274ff45ca25505a83,5649,180185.73483157158,167915.77577604877,95580.86658104844,94663.5066435065
0,0,3b21ea64,427b3f00779bac2e904948a10e533879d2b687c1f692d61561c1f6ad808558c4,7376,199244.1499361375,202151.43401423184,324780.0542773696,302391.2106200285
0,1,3bbe1f5d,2f6f589a73b2d2096fba67642e238afff83be999c2409ef7c9b1a282a39e8ee3,6918,217507.25475888318,339487.23441926256,320760.6227078846,472719.0133871295
0,4,3bfee975,6df85ab3093ae08984fd1d61ac6c3be746e21af2262c4bbea4e9390f686d06c6,3603,120743.6357557246,102424.36785432881,85390.16307514854,76645.17984189706
0,3,3c3dbcbc,cc9dc47c5695b3529a158adeb71c4ff68df19a2d81ba2468fdf8875a2b22ab0f,5069,364550.69099746546,188523.53582555064,248159.52333307103,201885.39395388257
0,2,3d96d897,b2f1082eb07d6d4bb3f6ac21b891904be2da89874486a0afdfd741c7680e5063,5659,36684.01316360943,57291.671725418084,24474.107332570158,44199.67009855612
0,3,3df4b19e,553f657ab4bc1ed999f8fd2b11e927d8afe9b9c5451359786ae0c0eb4ac51209,4988,275973.0703984366,145725.23273066434,140196.28172744706,130620.75413807086
0,3,3e011332,cb056cbad843d5d3b20bba43a76e27522015e1d82f505652280180485c760788,2723,372544.565604873,384859.1146612619,376012.75982896605,397557.93372565135
0,3,3e678ea7,0a68a746f2e3c6570255bb47075e52fd45665722c0185e0decb420cca57a40af,6858,1655740.826341142,1922431.5724679646,2182037.6976574976,2426016.413126747
0,3,3ef6372a,3ddbd7727923073cec2e3d8d9b4a776fb685ee9c470360bc2b13b12ec4ed1cb8,4727,400596.30575403734,529336.42855767,558933.1661916864,701280.2389934293
0,3,3ef98781,f5564e0c5d240297bef4ef382df94a389b7388042f133c6ddbe9d38488f2e086,3892,547600.3058506314,220339.93222672975,601023.1830656286,272107.2609953805
0,4,3f603129,5e217b40b9c44a4427c54f26a86df69f083572f8c3b1f883b8344c210dd586b2,5051,1133337.1758398826,898139.8288073009,1275546.448578401,1005499.8122418362
0,3,404c4384,d39dfd0a2f1ed1c9970cc3edf0c23ccffcc7363ac15bf8c3140cfa2280ec3bdc,911,7273.961275588032,7273.961275588032,5465.6121607440655,5556.850783757031
0,3,4121c517,af1b8a5dc6d6a51dbbdf9d887e0bae05efb79680acc0efd997d26e03864b4b9c,3723,211167.54411484505,206569.95310644127,267672.54212016985,259746.7300089752
0,4,41fb0192,a37d455f53c40a0871a0dcde702310757c0e3c65f69e91486c5d80a08a16f623,2973,105048.21882743158,28797.788626553764,114483.73698604162,36988.73607662088
0,1,42669188,d99f97358f4f1c60088213811de05147207d5a84821b8eb7a56ba57ee63e95e5,4282,1133793.4350752942,521796.6021911487,886708.1136435255,415314.0801043893
0,3,42c538a1,5543744e998da3b674b9d3f39cf30f6a9da7ff889dca0a0ba6a739424b1d0aac,3279,3813950.821497153,4102992.3505993485,3408382.066520269,3683571.8275614316
0,4,43b06c70,31d0b8b739a834906f0c3d74da1e5bf5a670d3a7c1f00dcf5b76c7bd8dc558e2,4846,236736.50926936587,188618.35378537484,207025.10553446255,176666.65178430278
0,2,43c7f85a,67b6b98723a87535cea9da1e027f5a7504387e69ffca398519f9a0a7f21ff981,5978,572488.225969093,508619.5342469483,335095.29230015085,312886.61656933895
0,0,43e16325,17dd7047ba15df4b38ece2aeadf3d335e2f94806c84693b83afed9479395a487,3720,6826758.561074028,5873660.466838472,5796678.942880603,5000624.686359744
0,3,44441e54,62e0916bd11482f94d735854f4c3c525ff44226856b1bf079d0793d8e0a6c692,4357,377142.0916065707,113809.64910033633,250085.20829547767,138602.14261245512
0,3,445af6c2,e2b020302102fac5fd07ea8e3d19f0f1d3fa4dc4914f071df7625910f47815ec,6041,4471840.450767459,4630618.11446422,4868789.20025403,4998203.464818439
0,1,4463446c,66882906104713d41e50f30d1e90f73cbc0987dc97057d57bb8687da08ed2267,3256,455801.889341044,379820.68886177806,293945.7339996659,258123.90502535307
0,4,44a94013,0195ef4d9c138b3f20c996735782e2ddc0d0387dae05fad29887a5b5756abc52,4903,1613666.482380909,1683459.415230782,1026487.5090118195,1177011.7916035906
0,1,45fb3e21,6474eea2dab7025fc63dce36179ca3a3a7d35898ea203838868d0d6a821d7ca4,3649,1801884.6289110237,1188215.1032587476,1505830.8859676486,1005101.2499136714
0,3,460f859e,de0704db740e92e2145e1353d25327b1328dfef30dde129489ef9fa1d51ac6a1,3336,900024.6296481763,890263.4716290424,1181258.003378748,1138108.9064390238
0,3,4630ab92,db6876c71a5830499d336e9cb651f223c92c1fec5802877197b5cb0d6392b5da,3373,369005.58278973144,334804.96961410204,206973.37291085222,192230.18035980844
0,4,463c38f2,06b6a6456c687c80bd11b30a9ed7821f9106b3fff0a707d0dff0bf2d26fa4efe,4460,235815.45144326036,262656.02115077485,247077.42685808762,230149.309328337
0,0,4654e7de,fea4a583d5be0c4498a29c95881de056abf35d4cf56c5a0ba2248dd205ad1e6e,5373,123867.46072821392,216497.2957392625,191130.48461582864,294289.98427061236
0,0,466fc788,303475534e0e9c5e56144689086a311b27248841017492872bf70596ad97fade,6197,651697.0887522143,659316.2646884233,608965.4331314919,619715.260142304
0,3,46a301e9,e04e3ee2d71b89720a68cce9eff85aa6fb5d7de1264757b59ac29b6df6c7e242,8226,954790.0778240028,549086.9899288067,1166409.743079002,734057.6253433151
0,0,46a7190b,6c64f388f80b5af1d4738c21e9de8363d8d5d815a7014a8c15c2ae1fc0bfcc96,4215,603845.0363725147,637220.3086709636,389153.82747905364,427754.143758444
0,0,46d24a09,a8171a88c054ed442de16ce471986795f14e0b21f7ff18e5351423452efdd809,4449,1217463.6799543656,971744.651919368,855686.0623646298,674944.5228886295
0,2,46d41ff6,88ee70cfea712e4a9ff02b675ac31a918fc2de674334f317280fe1a90266a3d9,7901,174543.7168095458,178576.5420384739,145598.67424037337,148845.55411735107
0,1,46dfcfca,8dd001fecafc4483cac4616fe1cc7b2489d71371fbce8d42b27585a128f08ec1,3606,408963.8131395879,263779.7727814873,258868.3068353782,171799.6648981439
0,0,47222616,c77ed8ddd6ba798d7f0b62bfdea3be4d2164553f9b1db7fda793e9c72d4ab1e0,4406,116231.8808518293,191085.16222417797,89234.48817742136,138477.04753656083
0,0,47ee27ab,3ed55031ae74d9cc243adf02c50acf8950544ab4770eaa065588dfd746b8bb3f,6397,449567.0110150433,327676.21830042155,527637.6597603061,400159.2259752877
0,1,481de5fc,9f3b58b1923a259e359d5d6faff42533814868f1177232ec92531e1cea63eb67,5952,1881608.4491089454,2238186.237472664,2033785.7482039097,2323147.858648373
0,0,48c1f673,e517fff791239bf218945b6d1f29b69e4ae55ae8f8a78d4b349d612c68255791,2917,767279.58228938,725928.9143259858,957542.1766306924,898131.1907700218
0,4,4936af16,a4dd7e01731eea960ab5465eb4558fec794912afab590d137274eb36459e3240,3991,139872.83237157902,256961.40965450654,167297.48230831604,257988.5539004516
0,1,493b5b31,476da80165fa60854e32fbc653a0e7df7e8ef5e7dc95c979acc11208e2a59d1e,4671,969634.5017317015,1442546.7610166627,1022999.2309613228,1436837.2441074648
0,2,49dbc14c,bc9bce1ae1c548ed6674663bfd7f8bec97a172594281937a7d28993df482286b,3872,90592.13925681674,77013.63334087831,59007.3497480324,53519.5050726928
0,0,4a035ec2,226fc4c3fcc908b9928bf4dd998ee4539e7c74caa0bb221ca5a3ffafe356d400,2588,755446.4670476811,506689.3924578491,929916.5489416472,644165.5879756178
0,2,4a335117,5bb344960a0b15ab7ce8b0ff43e0bf820c3bb0a0987c29eb285f85364b8fe7d2,5015,418912.9323407574,436938.2132930383,439203.36342490703,456160.842997164
0,4,4a8ecc0b,16c046fd402be4cbe4d77a984e2ac554ecfffbc7d70d9e2200eb68afb39b3d9e,5809,242742.98651750808,243742.39705836086,221908.91995300964,193788.03098537907
0,3,4b462989,e3323eed4a1e1c98222eb103ad2f388b7661570c56edcb58c4a297c108283cf8,3106,156315.33461353238,189930.22021572338,135828.82870495575,163366.0308335454
0,3,4b831d20,376bfd0e40206f3dd0c060278bcee733949f91c4933fa9d6765b3fcdaacaabdb,7312,1554699.6359321927,1046260.8441268341,2779452.5072400025,2102188.1814911133
0,0,4c2208f5,3d543c19e48875b7aa616a06ad64c2217884074b29901e06d7fde862d6a35a03,5384,4149867.39477944,2501844.665681679,4872370.216999102,3042403.2485072054
0,3,4c3168cf,65245b1fd3a6118a6895ae813924b4638be001c8d99a68fabec0668977efc611,4334,29649.145165920723,39664.59723263923,38419.56408957587,48052.74622840361
0,4,4c3df468,80cc73d7602e799f998a8a7a6595c9577b6d8d2584ab106db5aecee0c49350e7,5392,352766.669241279,588945.5107591152,325613.0199025193,541543.5023595851
0,0,4caa7289,c627171855034f4221adec89878ee6d71deda902d021f251a7e4918481e28ad0,5396,495003.9858906656,875439.5609604432,197315.34483386122,410432.2954480336
0,2,4cd1ac61,a13fe8d86c1776ae7a8b41ce362a9ddce3b183e47bda104c7cfa85fa36a4d187,4489,280962.602832676,625274.3430151335,374523.56858540664,703342.7176020932
0,4,4cecf7b3,e78c3c036010bb9ab78fe65d070c763458b40873eac00914d940278f3e9dfcbf,6019,654914.5173963346,387073.68705605995,739402.5893777262,440831.0759604686
0,4,4ddde4c1,3145747e6c047779f1ecced80bf95895f3471aefc6ea7c349f10b5b961e24beb,4472,127986.59620454398,68382.09517835503,100446.04298084622,78336.5874543922
0,0,4e050c92,452af52b485c005736f176e4cd3fe9205bcd4920369dfb0172bd7607f3734c5f,3705,49947.897327746745,122573.06263616716,73019.39058336991,124468.80372211666
0,4,4ed93db6,1fd7a91a1a89a7bc3d6e6bce9aff00e9ab15dd9d6736dbda4ac1dffb2deb8280,4657,395318.6448393369,347232.23202941136,338609.36740104645,307868.4678706365
0,4,4f3eb9e9,7552762b35342624a7c467745ef3e30ec53f17f62696421c2a78d163315a3669,4697,2956132.350723364,2001119.5757687034,3241938.8201243896,2260545.6904612225
0,3,4f4ac5ce,578d7b97b534c585e2a985c9558fb407ae1c72de9daf8ccb136ab9accb8e0819,5162,395366.62050628517,421486.1769979945,381789.84894629254,405102.64060147305
0,2,4f4afcc6,ee75c511ca68c3127e89a4368ce3298e5799bacbae48ac0a147b5a37ad2cbdfb,5645,498881.2448582226,458772.20743557875,485631.3122297147,448117.2616605776
0,0,4f69febf,322836be834e9f3f01078bd28a5f56afb645642e0d47af27f221ac579c87105d,5460,290403.9881033922,149988.12111207753,406871.4034828268,229788.1653119481
0,4,4fbe9c06,e947a7ae2827f57a4bf6bb8aa7256d89810d1ec8aa8d895142696e59543d3546,6287,1070011.6154097698,1113700.4367633846,858486.2970884661,929046.9502878044
0,4,504c8b08,05b4a20a2d28324c118ccaa903ed7cf96b85e0f5be0c53dfd52c091171a3cb5d,6367,3159634.7660715105,2078792.723863415,2010223.6254403715,1366533.778769685
0,2,511e1db0,ee0927c5642e3467cbdb1dd248f1e561f45521d6e64733a6e1c3148f1b4c33c3,3821,79930.56315623537,94821.64762363631,72865.57707068717,101308.5189298217
0,0,512943b2,864bf20bf52e7e624579999dda808c9b4b179842ce038c5b8e791904f2be87a2,5029,104320.22100651106,152289.0530999202,241015.80354712793,317543.5431426206
0,2,5138a660,de6264638745ecfa842e9429a215f98dbf06bf6011ea6d0ac5fe3dcaa5227590,3559,55995.5576923086,81176.81449798396,34156.439370725595,51197.61089868199
0,0,516088b7,0b17e64504058e546386d122e1c7b09217a029667738f6c4b7e6b30fd7ad13ac,6645,167549.73645799354,159356.90496807208,304891.87340768863,256812.39386896128
0,3,521a7819,1de88eeefeb04cae5bb25b51580039af80a8357945f26e56c50c05459677fabb,5200,5359028.092191266,5748564.172221916,5949779.723569998,6292986.391456921
0,2,5254b6db,0b398b947c6cb46a03604db395614d6d22b27f2b861ee6d044dae95e21360df3,3274,10453.949046402953,9316.921086045477,65264.12649790807,60731.84251037737
0,2,529e88ca,ca2a160ccc45b930842ea41ec0c686a44c654d483e62ed6b3331dc182421365d,3417,1821166.912464951,1652501.6513654918,1885335.5509181432,1719987.9657409848
0,1,52f1e77a,cdce8d40c3142ddc8829a1690d522a3e4618635f2d9ab707315e2cae30b2c4bc,4442,258320.36150525027,252286.0247001351,222600.21171153925,219850.24495122867
0,2,5305524b,acf8f6226c34d88b45934a69ae58f571e042f6064a0b8976e5109a58996766b9,4898,153360.6670872719,214109.76216124644,154693.92086067382,200726.58355624176
0,2,53134831,ba641de62f5ba1dba1989a0d8b5778003e7c86fb51fba3c3e1abef7050170fad,5126,1041436.9682153303,1221552.9677968111,931842.3115404327,1098350.6653828244
0,2,5397ceb1,1d246f9e173d55129cb86625770a218451966ce1d198a2fb0c808b987aab502f,5255,236298.2750937515,203356.5233850291,227589.83159426693,174707.25156360347
0,3,53f23031,2ca40f1a983ef1741241508582aa8ec268705ebc1da9e60cc20a8a6cba234321,8550,832797.7179695035,576971.4537566489,469120.6188494602,336420.31033476855
0,2,543198e8,58e944148d6504362a6edf638db6986681c5376aa60aa5af74649892b5c8976c,6503,1779979.2928845114,2199513.958608385,2056660.8241758584,2323485.9478550684
0,2,54753541,9b4fb77f8d14e13f9528c62900f6268a3e1d7925658d7db4d84d6a63fcd4d070,4026,901511.2202015299,901519.7692659547,1081728.1573363717,1062175.9679109294
0,3,54a7e3c2,0bc0ec4591359acfe5aa50eba0006f09cecd9a90074cc473ab23a2c690ee8ce4,6155,631479.5122441559,350843.5142062516,624991.9260332427,365440.4376926542
0,0,5542c301,294803a4efbcf9220bb12a233de062099118cd05cbd4ef721179a740eb429335,3591,78138.21086967472,96280.36090528933,66427.73157437023,83256.64487399324
0,3,5567d551,bcddd424eef3a11aaf2913e933e0964a90a6e1745c019b5e12ee99a875f84d1d,6889,742637.4208504994,700345.5899630717,592573.2261406842,566239.752185988
0,0,55efee7f,42089868c70bf975c69b09a37f5445ee12df702d57c4f92ce3654470f2fbfab8,4801,620790.9736084281,686362.8073335878,755409.4358617713,816428.6861592201
0,1,5663b2b7,d1d3d6b458399f81c2987fee24b7ddc1a4a1a4c4085a24688189ba3c2b70ae53,4972,339939.47001132683,1161373.214204299,257471.63304493233,941480.5486934788
0,0,5693dde2,2f34386ac20d523c0a4487e6fa400a6428285af85a9c9aeea434d1fff358558b,3488,172763.93858722632,129240.90812285632,148963.7394327806,116578.88523560092
0,1,56b00794,1d0094684112d8cf158641351d5ad2141a6894e93ec6e9c33bbdaac655237954,6065,5321523.446657128,6390479.201560043,5018688.833798594,5996083.282376718
0,0,57796579,3c934094cae557f8eeea6adeec347f2521e966823d552a990e9bc30d75fd4316,5890,1302917.213726339,1021603.8318702553,879856.2789815478,675732.441998342
0,1,577eec7c,d7832f14648828319589b30f7d483ff7ed9351f89c72a59d8a7f062eaee12551,4539,1006111.7584086407,790999.5873056212,808438.6103350722,674174.0357132638
0,4,57f05c51,406c8b4af56742d2482e923bfe3cdc730ccf0a3741b97a0a082541a449bec7bc,4771,8129226.944311378,6405203.161662963,7981358.45414183,6388956.15604712
0,0,58850d2c,9c81690d20d363ea40fb890c42a9f8fcadabb1c71a5a86177eb1ac43fb50259c,4995,1016425.5391777492,969040.4675952778,960614.865947015,918135.3119582048
0,0,58fa8486,40938ec104e50dd01a3df536c4071783c346c7e85dc7aaaeca1b25bbf4352531,4475,346172.09933711495,500685.53113790083,234383.51168033088,375179.8448210184
0,0,591cc951,0f3353638106a1f23386cc5270b3c034ed1b60b28e48f4785bdfc6a81cf5d367,4609,46243.2155287174,64867.69419678789,110851.97348809276,96671.46390312302
0,2,593876b6,c7872ee7117c41ba1d99d6e61b4327ec003f5da7a7a342903078f6e207eba52c,4842,136866.85245228355,125928.90568959672,96021.07271514299,113153.02934054704
0,2,59f8b2e8,5ef726972b83b2bd454da755ffcafac8a9de2670324648dfcb7f11427834d5e8,3747,141144.58467878692,192872.17492596334,192470.534017056,247796.75101761095
0,3,5a1a8fd8,c08e648a23fb1354e2f294d15a816c20a72f11bec5268afb338fcdf4457867ea,5260,439464.21430230315,444568.7470635599,377554.7429428067,384495.37439570844
0,3,5a5269a9,dd9c23b2b59fd5ce4f28e29a5756b3208ab8b2df258045fad934b82f2034b7b9,6513,324637.8272019337,295331.3636856437,304850.1421275955,278515.643129413
0,3,5a5d1982,d077552d04bfe87d50530e1b6c7518b7d34fdc56aeb36bba668675a0a509fb47,3894,108656.82087943352,105784.21066098948,102573.0880924511,99580.86790770723
0,2,5a63b5d1,43bccbae47dfa6acc16e2750847094b3fe49af0b8db382890058944043a1b5d3,6217,3721349.455041351,4024503.818906169,3779275.7245356934,4054030.022701732
0,2,5aa03df7,2b674c1263ca612844b1c93f1718921848ba7d15b0e73893e905ba85bbe21d35,4871,245251.2440030827,316768.36157987465,233260.5112771974,294694.61368513934
0,4,5aa403d0,978856f9f11fb861ee8a3aa774f3d03985b9e9b6afba517dfdfe6fa3dd158098,3118,850580.4016352352,539452.9246685536,724144.8501102421,474765.373941272
0,4,5aef5c6c,1e5c4b49fdc2b234a1305df7a1a97bbf9d037aed6df740c81e9ca2a34ac5b381,3121,210121.54211836978,286064.0563176732,142513.1972763741,201279.09594312808
0,0,5b7b6324,9371500cede8f72ae96da474db495f63a6e5c5e119a8483123229c49416c2137,6564,1510315.4270054654,1084425.1750571025,1733853.4668097277,1204532.3210471552
0,3,5bd25f59,b240dafdc07d7bf95b9333e2b74f6dcfe1a02aa2331eab65082f81b40f1b7741,4210,126217.71851987988,240969.6904374954,272817.6165775094,395705.3685097846
0,2,5beded95,cff7fab7c788ac3aa268266282a5f9fa922c5be5d5a89a7bdde960b4559ede3e,3057,808119.9487516659,753069.7825929937,794261.1310618059,745391.2736527813
0,0,5cb483ac,52f96a8f31103cc5436662d7cc79e40e2dcd1dcc061bee7edcc3045abdf7584b,3852,83557.18804914333,51391.33532424045,37483.79127099656,23313.831992133724
0,3,5cdd8dbc,f72bcbd858d7ebcf1e3fccfd1988431517f17dafceadbd32297bacedff4998f3,4010,362527.0712437075,299003.26450247644,411779.822794573,350532.04899954895
0,4,5d11dfb5,f8c00a5a972dcd9f4bb2281ff9b65ce169223d96e0932ad580d03c43391d4a1e,5895,359268.13173978636,362948.9065987541,273310.194458778,298710.460234006
0,0,5d7198fd,565183199767efa5006a4c279be023c284be01f033b5757904d452d98bb29063,3368,485190.67073110247,546796.7351511512,540585.7115991962,606143.5055138781
0,1,5def1ce5,11b4cc8e9017762641a0f62a45031201ae551d436b9cbf64756750a01e4e9bec,6443,301870.7938212652,329948.99113647826,323665.0684865584,335880.8620781631
0,2,5eae34a8,f52f61ba0e160d1334e5b4bd8f8f98961cf06fbd7fb058c3736d9db2cd3602b9,4904,168902.92110105653,169023.71394844068,130680.89219471683,130793.40312424744
0,1,5f4d2a52,e7e4ed1d80972700160b8833a8a427fa75dddae2e5daf449e66eb24b26a87118,5225,14958499.839739138,17191519.81645956,10156772.409991723,12480988.929750029
0,3,5f6756c5,fafa8acbe6c8ab4934c479bbb3bde1dbfb2ea9d120672cd51e0b0ad10cd951ef,5931,116640.5874519487,112656.48910381281,105021.89502002356,100459.69855155732
0,1,5f75f796,44e93140ea811f27646134b7e79e5bd6807cc73e5247e9b81b28e96df917c450,5562,381079.06560070964,782210.9145570723,407279.5525629872,767777.3805671938
0,2,5fb1c15f,1457aaa3977a6dfc15fb2ac8c6e83d9220fa30707dce632db18097eeecb67313,2860,796257.6119682485,1486083.1095988974,1022615.4956093485,1690433.9588416629
0,3,5fffa282,f85d78dbbdf0306cc2271037feaafc8a640c0f6591d928048b621469661f3ffa,4201,50999.519665571745,105318.77472640088,74185.34246557338,96766.3387934137
0,2,60e37807,544ccf8ac4a8a8781e69e49811eeb6295f68caa42a8d755d5ccc608095554da6,2699,1151975.444837096,968861.6190394592,1030503.9253970529,886870.004041725
0,2,61f27424,34a80cc8c30752823c8b33af284994ee9a8602d3af3658d378fac4d08deb489c,6220,119446.12156907737,117818.33332213106,102156.6975236338,92211.06498046375
0,3,62569ae3,28b9bfecf5f922843b32be052b5b40a54546080bfdf05340801800d9ce762db9,3588,280584.44888169394,149420.81863580988,236971.01420740323,128742.3239073487
0,3,62a6f539,a9841ab3fa8b44cefc05e339669c509592fbae806ac2babab36a8bd8d7574968,3693,34651.78364454297,36855.803703982696,36499.47171568124,37605.95319962732
0,0,633774dc,75bb823a6ee0e62b601b47b8d51cb3010028ffbf35184e13ed8164bf1080adc7,6233,532114.4499358608,735794.0671617439,608300.636487258,821179.0912502118
0,2,63559d57,22d30d57d77699d37420bdcab42e6a7ffe8a8dd2ac061032fa31f34acc1953ce,4069,326955.47103630117,194021.70672725048,277253.7988337638,168311.31338854515
0,2,647f2a41,48a4ec8f7acdc964cd291b920487b214f323c82714136526631d0c6185b9bfc4,3881,110104.92500180168,163739.42934936,130668.32781269636,176126.05403029145
0,3,65156b96,793252a47423d045d8a2d1b85fe72d308912939668487703125eb39711b811dd,3221,126161.4926843027,151524.05561249424,106920.12746864138,125997.65209278197
0,0,653612bc,d711f8e1f3987d246c7e8935c643f234cde0e8dddd68def6c57119026d8fd03b,4605,309438.1604185835,591480.2623443648,379098.8409398802,681883.1045565916
0,4,656a067b,3e85f247247e281f92076996490b13a6415f9bfd670391ca345b405c15d1eadf,3051,383777.68827955297,386917.64783540525,292568.0287633019,309821.78373297094
0,3,65a5466a,49cf81c51fdc85e455ac7a9e13f419d0dede50d13da195a23be06ad88d34dc5a,4683,406729.26328881196,470322.01152788743,431704.5912907216,484409.47793305037
0,3,660d9546,9f4a92d5df7e1f8dea1ec0c1538e4e6254b4802333c971d12ddc0b36b682291d,4732,1058791.1635504016,973839.5276386479,679961.117918208,638213.4709538398
0,0,6767c111,dadf087b5d255af7c63fa4b4c10c82bf0842e4c9a23b85b719fb9a41567b741e,6783,535814.743855231,493338.91513563937,451651.71012894786,405857.0204046102
0,3,67847288,838b18d99e86ae0fc3bea66a115ca67810ef11a113d0012ea1f9e5736f6db734,7429,1818050.1777303778,2088851.714911253,2438242.8056449452,2687977.3454581336
0,2,67a8da4a,58300c24451bfb238e465b919940d066b00d0d474c67959da6a7aea6d8105d60,4911,907597.4925929541,653026.5918872722,757497.3998852377,553550.7995033873
0,3,684a6fc1,784ce905627f83152a85de346d3be6fb3f94a3c3fd47e35ef16b83efecd33666,9818,1204778.4108936936,884198.928178107,749938.9842581381,568261.7595954961
0,1,698930d1,f3e8270ca3232dc298a231705a45db375c6d1d60a0c8eccd466c8b1f05cef93f,4741,850764.2938407701,908972.8007614542,1105067.494804489,1127489.6733705825
0,3,699ea575,9491e6a5b9eb2f36ece391079a6b3ca9775fb0c81295a656be9bcf0ddda684af,4120,262621.29024081456,181936.95158606354,157428.99047254462,110195.971686279
0,0,69c1bdad,abe258c87498fec365585dbf499cc84752e24a4ce3feff14e169ed52c357a924,2714,173993.729501798,118329.05538192633,154740.88199546677,101550.1383413568
0,4,69e41fa6,eee892e68c99c4f24b45191ccdd6cf62fa36e0725b7e0a87feac0cc20aa5d1e2,5772,326730.2276992436,103821.96372082108,180088.30691937037,65587.67726608182
0,2,6a0ff78e,0f860712db18495692e9f115eff769053bb69e66cb9a52d188b1f6f39f7cfaaf,6465,1544427.96987715,1451356.5813324263,2337069.060792094,2146685.7561900085
0,4,6a8fa194,9aba40e12e30e8616c2dab3d55527794c9a17ac34d328e42bbc45bf4bf40a388,3017,65330.31286404742,148016.53066916537,43377.22352117209,119282.27723987527
0,1,6ae68655,94eb27fdcd1e89991e52679204f459ba6a9cd201237026b9975699fdbb7d8979,4204,110433.70502177314,97077.5684723616,94538.24337498711,88350.45806849413
0,3,6d1d74e1,a2a772a1288d985d4e4f853cb5eee34911427c599e4e61ef7a5f22e53a053b99,5830,956012.5897002849,812201.1292993175,1640934.9387553816,1386473.520088217
0,0,6d590e26,cd556584a54c0f807ee6668f4e14ec4f20af7f4d3df76b0021d72e01b10710ff,6096,442926.5779998697,459841.0532349404,389857.8752198715,407967.6666142615
0,1,6d6d93af,258b15e8dab6db2b76e57aa86b7c9b40e112e611303fa540e46f075ee8321295,3595,2279707.1837975355,2172424.9570401614,1916653.373836604,1867293.8675324442
0,2,6dbe4b60,b95292cf342ad3d202d33ccac81656a844bcf5528139fe771061fefe42c88c02,4648,646841.5542199657,464350.9782324615,553584.806681064,404447.4664656465
0,0,6e6d122c,6445a832e0e5792583b8dcf276561230595172897074888a40c0649b815bb826,5632,687842.7825676359,943521.7201156265,682145.5009119747,946029.2656980639
0,0,6e9ccd38,1234cd829f0962ae8af7f71ba0a4b09a49aa8c3d86b96dbb589e094a639e2e26,8282,1227093.3825656555,1300065.824082426,828546.9525697827,855013.5739400721
0,2,6ea22614,e0a6c9d69eb4a8a4511a6f99b72065914a7c895de8dc3b60c0650f59e8b8ff02,5971,253309.18822070147,422342.6573342923,180825.49275969216,327007.97778418846
0,3,6ede926a,aded941f0a831b8964396e7895fd6126fc5e98a924b61f25c7a93af08f53d9ff,4938,86776.5162066242,163574.47250556486,198841.1969855688,317886.4847407183
0,4,708caea9,9d8b5d5e0bfbb77ba1ebf4fb1eeff3cfe320e02e6e8a5cc3431309bfd4da685c,6548,5761690.940720664,5346140.609955073,6612334.7634827625,6034958.7079385575
0,2,70925e23,0d28b77badd0f0361a5315773c2353de4da2c2d7150bda81debc21b2d6b4817a,5947,572709.0826448208,701816.4361716899,545825.4451947846,584552.6596091362
0,1,70e1788b,a36e41eb729a463822b7c9ed2f2e1ea310eebca04eae009ff9dd6fd440a98f4a,9285,1167040.8312265258,699342.2668544927,845439.4454082716,543843.6093372649
0,1,71642c7d,26748bd2eda016bc45ed06142dbf0a73fd6ff4974777d27dcdf9767a20ef5b76,4648,211830.64942924457,312795.062447598,181305.83190471824,222996.01783200575
0,3,71ccf778,b42100f62586b9a333a4155669a600898063413f6dcff114a93342bee1f90acf,2698,191412.74786714572,120080.22809328415,135321.7197910233,83385.29738793483
0,3,7224331b,16c07db20760704e8d919aebdd49bcf6be5378c791c6accfb604917c298fa0d1,6063,263424.1225271845,423078.5502142918,555162.8570776393,734112.9818280289
0,1,722cf0d8,2c91346d319c5e4bf0840b8d6c5d94ac78ebf899d3b12f43fa6a95519f41f4a6,5143,480674.31305155926,485723.53645211156,298464.9166259279,327319.513137519
0,0,7256229b,2ba8743a9fff40e5120a4dc9e9eea4fc14e9096ab2b2b94548cf7c42624bb084,5415,148861.56088427565,164160.44395039816,208402.49580077865,230466.1742319769
0,3,726f3dc2,249ab5a668873d64e5595853cbc0dac9480003e172fa77af3f7be5b0221e65b3,6723,204365.7796958694,282093.48107013584,212400.55980023014,429964.24166130775
0,4,7271dd80,74413f3c603225e248752e4c2779df2cdf044b0ec5841c03592f470e301262a2,4340,221686.7422815293,100457.90778924985,110132.48816516437,53085.587725040095
0,1,727a3a10,81f762e9c55b2da777cb971f2c1484a504c10c7e2674a68b796d0988e99768ca,4397,2704263.2772784177,1399616.28379991,3287170.9543912783,1862017.869276564
0,3,729665c0,7aee1cac1bf181e191c9a8ba4c6584f0071f0132db38ad0393705f1de7d59a34,4263,117529.20448594495,117947.73884910184,86735.55792143456,87916.38697401625
0,3,729e9750,3ba669807619bf82ac8bcdb23b795fb2fedf9136756382fd9e0b0cfb248f478f,5919,372268.31203641766,623526.0940794944,345358.1287698489,560273.6105391699
0,2,729f4217,5d71f8e2faa4558303f34563919e777d1efb6cfbe6ab5a7ee73250effc81466e,6195,1375404.592200968,2178083.4918265697,2754964.223616631,3583465.3271351825
0,0,72dd8501,6d98c2642b8e50232b7ed6e9075f32a1adfebdf112430e8808322d3ef120cdd9,5193,173882.56982630517,544777.9085493081,107480.17856754508,429344.155322813
0,1,73348914,790b9ad9ec58fc86ccaea8a9b5e571243f707b4f95bb2a81add227a497186bec,4221,147474.85117585407,148097.26640991692,178226.17756527633,159345.6288777556
0,4,739a914f,92dd06c665eced0fa718f269e8cd8de1d00dfe67644aa6da13c809b1098219b9,5505,1604788.775499211,2020154.2161535043,3048164.8262045747,3265093.9317139355
0,0,73b1447d,c26329d9ef083440f8c45b1592e28e1176262f7492a807bd0fd05cc2d9c7cdff,5670,817670.4164790952,1134104.5960804566,743284.0756127692,1040650.5739325444
0,0,74b6186b,b5dc5cc465c01298d970402ddfb60af257d440405571535a5de0d441af907546,3405,55417.25946132544,20881.09093841773,41510.530806568415,15488.119318296407
0,4,75c20ec7,12434c86de169f507d1c01108ccb8b64781d1035988c200815c5df92f84a1099,5361,574023.9713820966,341236.0705477988,502508.283696113,319662.08509639587
0,3,75cd5f11,3d649c9ac0a097a340ea3914f72d277e8679a3b97eb025889700efe44a10e73b,4946,137420.16988907655,193334.6410232123,133023.58225634083,182888.3890139439
0,2,75d20a82,bd248c357389a2c0fc5006d7cb820da22f2423a5752835daf50baa9f2da79b91,5067,716268.2226289338,1132157.8831958806,533046.0390558433,891537.9797914834
0,3,76201745,8ce4a341e9bc065638904b8366cc4320b12040658157f87095734879705be08b,4448,217774.6388192065,296341.78809615097,395026.78634364664,439836.22032361187
0,2,764072a5,ff4d30531e5ed08ea61a62c2b64754f61f284107066ef90182f42746142fe9cd,2949,26957.34819383623,20410.072817614087,40994.2376185502,26152.021125665444
0,4,77b0d905,1277629ee6f5cd76f723e97821b2541d25c8d02b2b6735bcbec0cff4bd7f7dbc,4174,61809.4375486557,67513.69966944504,51169.04070401544,56701.344525698005
0,2,77e4821c,2d67165d616951d3c15ac1fddccc1312ab3e3bd050bbf5f3215e764ebd512b8b,5393,334726.37026848097,299135.71688912343,440927.32745436335,389213.16693539865
0,2,7850c72e,18a98091bdf6333a0cadf0ef8ff479989802507608ce0a65c49bf5b7af26ac0e,5497,654055.478780846,609232.1427124093,517690.22103105125,491602.8081098343
0,4,78a4a386,d6c23eb0c52d249180cd169a5ea9b905ba83ec9197756dd131a3f5e8713e0378,5119,4679259.858748856,1948145.1236143487,4630976.949071122,2091298.519745081
0,1,79507629,e61ee860fcdfa3becd3d36a96561174253de465fba0c0060713ea62103a9d4e3,5302,353248.6427423753,262416.482294573,373437.4904602443,274011.3863896566
0,0,796dbd4c,d0fc1807de8e202fd87006312ebb2931d5244afeaf67d570426ebab7ee65e492,6248,238089.207885148,242736.99372675287,278918.4380217608,280241.27042352845
0,3,7987f2f2,5d6245eda42e7d470ad304918e6daf4ff0bf7c32c7a5c131c11e781abb6d78d3,3705,437797.9399769652,345357.1845422245,490579.86860020336,386424.77398274967
0,1,7993a768,94eb27fdcd1e89991e52679204f459ba6a9cd201237026b9975699fdbb7d8979,5487,911364.3988783453,351259.9722885402,622251.0518181382,236354.4441568937
0,2,7a5660b0,f3946ed5bc17738ff873ef9b6d0dd1c149c19bcda99788b80c40477ed6088323,4998,2238229.2794245305,2274270.0362665486,2284810.3321446544,2313149.455864214
0,0,7acda2df,fd15d044a4ba00e6a054f51c7256ce25c6cfbed7d2c36707b87ec473a26786b6,3091,445813.1293792345,459217.94139632356,566075.3701981629,572147.5224179105
0,3,7b2c7b3c,631114c83e77818b207c48a3f3bf972434c9feda677d5321ab6e04c93675c265,2584,40874.155816071274,56328.766264653954,31171.7431779876,38341.258532562766
0,2,7b38844c,65b294a2dc6c19cc037d0eeac3c41de15386a000237179460eb35ead09ac18f7,3749,108766.46416220402,119645.99073866627,113824.39205671928,116686.05823949458
0,3,7bb17b96,ee98002feef9dc02cef792a898af3562160546a074dcb103a36143ea8eb926eb,3922,719932.9404758359,791643.0857486125,666718.2275748103,731919.3009493991
0,4,7c607683,4b7e42f203f1bc5ecaa34415ec5fcdbd47584ed05e0ddefb9f59a855b9aacfea,5328,917236.3222908662,614043.8362223213,718666.0281066749,497770.40419367887
0,4,7cbbd047,5c8826af3817135786e0b2f931f965476d21366cf7ccd4803106e47c4735073e,5121,251455.35404969304,235534.97420050795,378713.6089279995,327133.8029856146
0,4,7cd4bb31,c90dafae0a2766e2701346022c6a4a1868dd190fa1f40c6fb503a3647c833bc2,6439,166292.58741167316,126505.49301142457,134495.01752082957,108048.98240933352
0,4,7d50373e,0b77c09122737b1243afedc61ff2b0ee0b8bde7ce87dc4dde908ecdb280a64d3,5122,652575.257419961,449840.5214947795,430106.46207049466,308436.7757183645
0,0,7d57c75d,fd7160f7fce2c857ad0ffee598f9f3a00f3c56846c00945aef93a6de58f98d23,4405,624706.1449916444,486603.61133991997,468776.3196085433,377602.8801689623
0,2,7e208414,10f2ecd7310fa4b1c3c1f5d603b5c4f88b52c448c9d5f60d578b97cdf64b47e7,4226,150074.3766463697,160416.08823285077,107612.00428289738,118187.87693467471
0,4,7e721392,dddb07a84532904ed5bb79f7af690a396097b0479ee33e29ffb4a69df870908d,6174,9430222.521471903,10407496.211128734,9790662.36346185,10639865.060008794
0,3,7ff89f8f,b2509be662840b3849c99885c5edc5180bfbdc7753d0acb991cc7a900da1b5aa,7337,683870.5449645361,749959.1792954222,721278.4380265992,803821.3211265889
0,1,8050c789,42acee97968ba87b1f0a7fbec44851bd00f12ac7051e9c38006245ffd4968473,3077,197369.76310555625,283776.59848346916,183657.71935553924,266140.224282445
0,3,807f0298,7edb0dcc2fd146c0054a3f634928eefcf52dfb4f606f638c2bf840a438093e52,3747,576710.511317332,573484.3089205674,765214.5400037719,750051.8762290573
0,4,811f52b3,dc96640bce8bfcbbd21f02c3c19af5946deb8d938aba171eb014fb6e63c204c3,4836,34973.71429890841,83085.44187778197,25804.142447299244,50063.300775886506
0,4,81bf5923,9612bb18431fbb0f4ee1ee81f00093b9d73d902ae1c1387f5009fa5a8ef8a36f,4543,6731014.926389874,8043257.909483341,6782495.963261539,8007431.236226631
0,4,81fc01c6,c5a6256e51925b9ff1c9523a0abf866498f183ead32ceee452c9428e9b27ae6b,5909,1094737.1769353994,1339458.0377614151,1009602.0453342989,1248246.5727377087
0,3,8255c867,22e43352374d51ab5fb50dfde8e16e81401544c3ebbfe28069fca94a1932c9d0,3589,1345939.1560462087,1138306.4802761734,1077149.4161721203,920115.1444233245
0,2,82aab6d2,680f8bac825b01b8ad269825142ee787cd1db8b1a466ce119ca01d2c8d8f1833,6140,1030067.3859075414,558162.5320800976,1088945.673819205,631789.7839658833
0,0,82fcf37c,cdf68c4b7b3dc76340da9ec6addf2e5ebe1b839923a906cb5691042c544b606e,6014,71401.3172488348,71382.69322070136,243761.38809842707,241659.09452332184
0,4,833af382,a3e4d31ac02a44c56a01d74a008419d0a12ceda338eec7cb22d5b907cc99df8f,3628,901642.0641955603,800958.3465439987,851461.1639873133,768907.2486098278
0,1,8382f4b6,8912f8d5d99e5cfc0b7b2aa7802f72dd8436542580fbd621ace58d7293ab6311,4967,2996997.015353094,3999896.419545449,3821149.3965136954,4712348.608875116
0,0,84633df4,fb1b15022d82539645682bb1fd1980506eeff2f4d6454fd04bd2091831003755,4972,571623.7676981677,525757.9695369098,545349.6743695792,501580.79819995374
0,2,8478df29,580e5fc97f44f3dcb7a587e42ab84a56ea50dd58e92c8d5e41468cbe22dc1b57,4857,154648.38045983395,55966.4127009088,126545.6050063331,64023.83605650704
0,2,84815d5a,c64a67793a8c26036c4b48c860882434329c07ce7df0fc3ded23ef74d162e314,3647,1027814.9978075265,600582.3970553459,976854.9634891322,608672.4150940157
0,2,84c3b497,f06bc774d0fffa96d7ba8509660d7dcbc3e85c7880902aa186268a82bf8e1443,5312,2544774.383716854,1889400.0110298619,1535518.5928705842,1150752.26657238
0,3,85380836,f0cb49a385f7869738a27c790053ed2e9c43896399bb66e9395eb0e15191738f,6618,114722.80129457096,366164.9005643833,114516.45040475589,172858.42251964135
0,2,8612b37f,d90b76c5a0733714ce49c8056afdd65d1fab7ea939753f1fd7ef0e88b0066835,5165,819675.030017883,704328.219238651,773989.0328693275,667288.8239436487
0,1,861e71df,f9bdc277831468565f7d754f811aadc9df83219218cb3bc7e1b32c8a8ed3cac5,4700,282247.3834021644,119024.13790014148,869732.5188128625,483870.04971367476
0,1,86454a6f,683bede3a9b060f56f7c8d4ee653f50d486f9598c24a1214160f4f131fb53221,7964,29940346.7878577,29171527.556292996,26895585.388053834,26609042.346096933
0,3,8648abae,189fbc94ffedf077f06c9b0a99eac55127e902a826c0cc3f641b65287818b890,4244,78825.277492839,55700.10132853882,59906.5272030356,50561.09814306635
0,0,865033f8,710a572f4edcc68ae19e15c8c43951f555356257e2a3a54c8b02f113af34dffb,3557,23752.574023394627,25849.042951111936,20401.021486790207,22632.781022402578
0,1,87695469,a97e785bf2176de1dc0cd3ad57527650ad603d5cc28099a693b227b1f69f22e4,7003,467161.96261293604,346616.1525595355,745335.56403559,711704.4402601961
0,0,877ed19c,af302adf042705756420d43e5defcc6d0c2b8bd61fbf8fb7a2716f3e4338e5ab,3708,215608.71799436747,149738.10846737568,252935.74159818114,179290.0675781782
0,2,87aa3730,526943e58523463a641ef338332de4ff71eccb273c9819279931e4d4c4a10b38,5607,428792.8085743892,400294.35186450713,359976.9517127865,342355.20285785105
0,3,884ecb5f,f26827f634ec6c46ad2e469e7c4df084a6f0e1b3500808a04a63781d7f98fce8,6724,285741.1270849306,292027.8158685994,277397.6687873547,283740.29258995876
0,1,8902c3f6,4dec6401336e54eb74f875d3aa01a613358ee148a951222a8c0167c1f2f88f7d,4959,110103.24321162023,114031.49339131563,274820.31541058124,251130.46998752406
0,3,896d15b9,dacc65e90a97616fe9d40256bbf96796879da41f633c96cd9d13553949f74c48,4279,3509697.34730888,2620336.2036547936,2324597.0355015243,1721925.0056385798
0,4,8995c945,3af3da2aba83cd3074d21d485e222925996e7fd4ced2f44bda689ece6b095f11,6724,1134206.4682914317,961278.2129450612,731338.6001061443,651586.9253635667
0,2,89969c7a,5dd5db264b3b63b3865e1b01bbb427ba689210c24ab846e3d367fdffb20b55fb,4947,269552.88321116206,239647.6489485022,259768.35999469156,239627.3722443685
0,3,89f1085d,88afad4477dfdde28721024e0694fcaa87b630599c6b4642678b4c96f4ce3913,5994,2290220.5183097445,1353514.9435207318,3190807.799765408,2072283.7114046316
0,4,89f36adf,4fda334dc83ec4af64a6021ccc157bac3a06065740e20a3fc29cda6672c18810,5292,110533.74825197906,131374.59964246862,96359.25721303702,133762.88568226443
0,2,89fdb2f2,d0d72f464bfb2b48241fe49574e6e3839e3844ad2e9cd175f1e44ea4eea3e70a,2031,3535.3924980441734,2693.6203281681715,1929.9885039390285,2652.411738673244
0,1,8a3da6d1,229c8f193e198c36aae74c641438ff1f416bb6e0c9a0bf19b0bc537e9b224d36,4593,155078.53336462693,131950.13185359634,271564.0520645352,146269.1262340825
0,0,8a89da23,3e3c87fb0c9b4688c7646e2ef9e8c07d4fb96aa054846a45735957bb0cf10be8,3935,1129428.94655324,1370644.8183721704,1151710.651854643,1393102.8480243648
0,0,8a9c8932,4440cd3eacb46fe48eca1a82a4b4753603abd1e334bfe564ed283156ea238843,4663,292460.5657701943,312250.5246094337,461031.0131168057,473067.65704771614
0,4,8ac2f237,4326340358eff02a50b844e28b4bacb4ff6d07f577487f65da41a3a1287b64c3,5319,2532494.4313562643,2366185.21143948,1843384.6259167872,1819720.8367117848
0,0,8b12bab6,0fec821b2c7fe722bd73d15fac4c886c9d8b5ecba843c8c36ef995e634cf2fbf,5234,194555.9736679855,182798.60859016218,159542.26470671975,152576.0319122901
0,4,8b5be31b,29ea099b3a40dfa3a425d33e77b5cc84754e097d0152679bb15feeb23b973e7d,5672,647560.0917216474,412450.60765948467,1066133.4451191812,640595.1793861693
0,0,8b95d6d1,78ce54089f11c0bf57f09a1665923f45572229f5ef37733f6f54c41c62e2140e,1731,10472.234272240503,8904.130367123325,15290.629335906006,12749.845992738665
0,1,8b9d8326,5786f708713875a31ed30c3f4ebf0e8719e8f0ef2d1671af3788c51af0901586,6163,230464.40509579523,215699.16247493846,240891.5053053244,200723.57629036484
0,1,8bb9c1e6,bab231c063e9e45695a2e623b34d94fefb4971045eb85a69156c6ba277d24515,4546,14609.294615413233,16771.49209374772,25568.592656958976,22570.88513124232
0,1,8bda1a11,d739cc9d48bcb00383c605819fb844d1ff20c433af6d5aa047a89be278509bed,5981,366710.40147965716,365690.3664449139,274508.3654698938,285108.663594739
0,4,8bfa881d,51c067ef648d3a0dc2726536acfccea33919e37260d87cbe3d02f63724db0735,4089,1288863.040742647,1222138.4122619971,1288135.1748109234,1226017.390566793
0,2,8c167025,f3b413b199ad12af9ceb4e01fdd8edf62c1df66a661703ec4f7747f8db321e4b,5368,486864.49946990557,474437.65613128,668973.0515987099,633330.55669361
0,1,8c8348e8,959df0f712d499eda4ddf8a69f97c2aa82b4d280895cf5cd1a6daceba381635f,3888,350718.5016377771,153044.26530368757,219829.24143136662,102751.4223795594
0,3,8cc21f01,b47188bae643502fbb9f205dd4654f0780b4fc2d5aa8df19d48befaea1e3facb,4044,196094.841855117,182786.7744804171,253748.01217151294,234962.86469666677
0,3,8cc800b3,d06aa132d53bd121d546c29dc0a11dd78988757af7bc3d0e7b95b56bbb309dbe,6576,2361990.7433165386,3442988.578817967,3023243.629855231,4060299.244595255
0,0,8d5d46d7,7a0fb475705846f8a404666b698ef2ee0bf308a855cca2441efd65b7c253f4f8,5755,495521.87785733154,588266.3848832943,471564.9589838353,559730.6030737695
0,4,8d92cb49,a65ca9b85cad2e079c0b7d59cb45b625bc388db86f99d6b9ea3b803f8a1d3061,3589,164291.69393602663,188800.66589261027,191406.86761308514,194655.01039807918
0,4,8f201368,65f98f51e14997253e66b5c983449f4b597d9bf2c89284166118b8f150019d2c,6349,2697133.443928074,1984507.5706735456,2493710.3587482134,1892908.0475925377
0,1,90386ee4,60f0eed1d6ac8545138648488bd07767dafd3ea31caa2fbdd11af87d3ae06f05,3840,74667.11982138749,217361.28951380312,103893.81882922571,177326.63791186656
0,3,91abc4c7,ed2a3588e70553bf39baf22e515809acc61ee93df4576aa0033e8d00af5116d8,5848,310808.0305662273,284649.7851522699,177282.37946035955,166345.63657643442
0,3,91b301ce,e384ba9337dc2e882a4a8137a9a7fb7700b5111a9a5942532f83344ec7f648f9,6570,7633469.886122466,7704816.296713335,7370514.092148277,7448133.4907182595
0,0,91db7070,b4038f88443a76c41318edbe94e62c4071d26fc67da2aace6fbdc276c011aa11,4073,5999312.54336108,5942632.514440234,6804623.741577938,6686720.308885961
0,1,925a7cd1,8c814bb6bee2ff235b4f18de0604cebff503c543b354a2732a7cf446c1916bdd,4517,79594.07049668027,72811.60445735755,55313.47505152591,51868.757272742616
0,0,9283ae69,9387ca0fd73786e2172c512af7125ed48aba9df2472471dbfc560af48fa41905,3371,28660.298206900854,52190.38385785286,48997.45162229922,78433.42289999474
0,4,9298ad5b,bd20c1e6353eb75dc80e4f07f9cf3a35a52e53fc9b468f3715a83b155a2869ba,3964,422754.31027364614,425947.9781451249,346010.4514422674,361828.12280762725
0,2,9314ff13,9ab9e19e99b3b5e09f10270d8882ecaccfd95190709280e8b082530c04989c00,2748,191102.6747124441,212151.86508164922,228972.71388909826,245006.0023436336
0,2,93209a3d,0c49895b3ad4ffae854469c51abcc33636969d653dff81940a65d65126c01ad6,4697,335634.1900763225,367030.2650295673,214198.79880505224,243646.92211697518
0,0,939d9c34,fec0ab621a59df1cef9428d91717385818347a992aca6348f9d883a908fde6af,5101,542964.7099262719,527970.2551544287,398373.4865971466,529515.7378022324
0,2,93f5d2e6,c3d0969d6efc8760accab8848041e22f3b5415da885be09683412513e0e8c71c,3691,917784.0561107335,840680.6828657703,1137401.3950802365,1032044.7740551584
0,3,940a48d9,e0a8013073f9caf841373835341ae6c7b9aa1fd696eebee3e7eebbdd131bbee6,3963,213134.20174528073,213542.67566550287,183669.3696618529,176786.14453292554
0,0,940e709a,f9def5e6aab2c39cdd3334d9264bace61582cf71b9e9fa388c4e3053394d7d3f,3348,224932.88294901935,226184.84378529995,167234.12728409044,171903.53339183726
0,2,9426ec1e,b0dea09ba32af39bb796f4b2c7f07660939fe7fddfe02791a53f66804260b6b7,2532,231447.74483165762,199972.89797162564,252980.8193228049,221699.0111255436
0,2,94467f50,4c1c9ab7b490e847e8889086ba1631438298b60f547ca75aacdd3a3d529dc650,3035,140644.9043747594,128102.53056859103,86436.40248113268,84855.09200348283
0,2,944f36b9,1ffdf6ee773add00e0d8f988fa2cbae091a244632f1289cb1940693431c6e714,4630,83046.89818603903,170053.61207091017,103320.34995017687,187610.42704180564
0,1,94d813a4,973720f0ce7b93e4ca13beaf2daebe00d1172aa1dcf6639f6145a4e3922e20d4,4847,5213620.876563342,3505845.200180039,5377623.53081111,3758617.0514192306
0,2,95b559e7,fb64fa9f182f6a42d8a3542ddb6ccb419828696ba188e479a1657660a3eeadd7,2887,696148.1435184488,577158.4713370021,1096867.21381529,920814.681764137
0,0,95c8427f,f39e247ff187314c2ca82d63711da1b3a148eb75802c5675e4027cb9658152dd,6335,2230617.2964889063,2022274.9215472406,1551954.484517306,1420251.3214011302
0,2,96936c22,944631a73e6c50387ccb5fb04456782592bf59ee3212245337488bf820878731,3346,103294.51215239146,96012.01300627585,77637.56821882773,74461.11316603095
0,3,96ae5806,eccf09e90835e79a1fdc9aec99e617ad4188505d485139ad7fb1a0ebbf8f0de2,9839,1408352.136057222,1210281.2313911915,1589102.6113929274,1386154.161889322
0,0,96b7eea1,aacf3cadf4363127dcbca1b3f029942c090d7870dc3391e8d556a118d7cb7d10,4332,125245.14539221412,206033.17868350842,86214.28233592422,144857.96204308275
0,1,9719aa04,53fdc8dfc11f9ae22ae9eae3e568e1a5c7cf98b2ed0b959c7981e33885b7e5ac,4871,156682.5222422247,247728.8706403788,169142.930216704,277613.95507137245
0,3,974802e7,cc360031d535fee5aa3e49f9e3290721b048862e35616ddc7bbf0a81b0f3a5a9,5843,816800.0204029315,1079318.5845247628,802156.8525484883,1033911.4122780245
0,0,97cd5bf9,00515fd5f60fd84258cc5851b11607221501a58a5f55a9ef54ed8b0129a5e54f,3449,475233.0578479133,345758.89267085283,116356.6940661406,65670.40636610032
0,1,98177ced,b403525330edce19d58d74c17f4ac595a722c597a5dfde4523a41602cb32a71b,4772,422705.8524796803,298054.66092521825,313597.30294013186,228024.27758073967
0,3,9896fc0b,ff0c807148b00cab4207a4d19c0adb7163615bf0c6536f53d594a17f52ec9fdf,3595,1083917.895363848,1002641.7042206984,660178.8349693001,622244.0489866867
0,4,98bc6f66,c7f05862e4afe292b0b72ba2ccd759b6fe21fad15b0bd4fb15df4c7114a06d8e,6063,1002140.2322374176,1552717.4413755767,1271530.3185036562,1778817.550894537
0,2,992c99e8,9a5cb117ba2fb13e20ccd3e20b9c3be68d871ad9bbc57e8e8325c17cbd70c27f,4904,830599.2036904164,858734.8777845078,682844.0012215662,719489.5536365813
0,1,992ce078,0cb637ad979ceb19cbbbbad2abfa2b2829b1f15ba07529ef9b846ad7be1900cd,2879,415436.8821625912,444663.9902018171,370006.4473054592,400971.76057665795
0,4,99529c45,0f072b090daae1c69a5b681ea651254ef386601581c509525f7ce3ce1936496f,5840,2484128.3843877492,3951524.908273761,2521419.769200446,3873247.3992987922
0,2,995ff498,7974b49a291ea95365c2d7678004680d49404e31bdd3fd539c8af6e329abd558,4526,270516.24140696274,228743.93862261594,206451.2948837313,183051.03639554867
0,0,999daf80,5e8645c5100987bd3728e4dd831bde151e61b7a12d2db7d025a6939e62b29599,3564,38400.39511250455,27082.672558522267,34388.66407357389,19851.466043506145
0,2,9a6b0392,470a96ef6b1238f0cfcccfcc1bec562d5fe76daa2a58214302ffbbb995b53980,4255,339458.5183243306,320860.43548071146,485232.6573056971,450160.7708197716
0,2,9a8ae0d6,4501b84f0eb414db0baf3d098b4cdae16dbedda7b77136baaeb477c8bdb85d9e,6294,158183.86111884174,242938.2508633575,132088.99988700612,199823.60950899823
0,0,9a95e33f,f52f1fb43dfd56e3284aea4bc9bbdea7db4127f1886afd2d25c8048add2b26c0,6447,6431326.779746257,7037327.954732167,4037898.5883094682,4678325.834745123
0,4,9ab94eeb,687d5b36f791355129faa5ad42bf8d3fa12c1dac439b430b6c503f6638053e6c,4442,109343.64976414549,153708.76506820926,59184.31930476096,98691.01185668548
0,4,9ad5410a,41291ca35d8a51fdd8c57df92e076e541fa38078e281d34c8edbae90dfb6cdc2,4205,729847.9146741837,744963.4622210922,775364.4167339362,778939.346215081
0,3,9ae248be,ad86d65d99486377bc7fa3a3f1f896bde69cb553f8d34a2c3ed2b47bdbde2d1b,5271,482665.73707493144,426320.7548311047,379348.0051884758,376700.1624952031
0,3,9af1ffd0,dcac2ac3be5ac38bc34b51b56ffedea89b258690f59145023301b860680be3c6,3525,1016822.5407316796,698519.0779062966,1085316.061977779,775023.4093976595
0,3,9b5b61c1,25b88a41babe644af84cca28db162d144200b69825cf975dc506cc32a4bfba8f,5532,67124.55960271874,53259.25326621205,102090.98187531553,80007.66953584574
0,1,9b9e3b49,c2e9bed713b61b3f9659e99d94e6baea6e0a3335cc14a6a1a9cbfd17dff6483b,5118,307906.1757238392,339550.8143431349,298200.642017854,328072.0473125845
0,1,9bd2bba3,83a81c26fe17d9f2fa32843020527727b76f2263e548278bb2410358e37d1d68,7439,291244.64341265,279321.2530336388,332132.8891637029,314353.43742048927
0,2,9c211c53,03f9a88959c3484c99bd67a293240356ad39bfad076ecc94a127f861f502ea5d,7265,99473.4138580256,83624.94159436143,81371.46714511802,80993.32831166824
0,3,9c350a6a,30dc974a5c995269250c4b166b99b1c20e4965c38bd69fa9705eb783b902daf6,6052,1635562.3835407235,1321472.6070926974,1292362.3902637109,1065028.8779290982
0,0,9c8375f7,ac29b9892004bce8124aa917a5f4edf33015dbbc3ac501d6fe88f6b03bc5dfd1,3674,135444.65149493393,155934.59674100537,80162.51147860108,100173.51914600088
0,2,9d072e4c,c18a201ff96d4034c377a6c3c57b0db3780a09ff73c2c7336333d5ca8f3b18e9,5107,747764.0353279524,959016.3542280121,618301.5968380679,806044.0419358538
0,4,9d3ec64c,b6c996e432d69f5b45c70b7805bed23e60119468c0db58d4d698433dc227b9f4,3480,124414.2880611201,29678.64885202707,183074.55127203453,49720.70382637311
0,4,9d4272e3,4850d68cc604a7f70f216e79a2a0aeea58399b34088777c0bb0c115c1d071fef,4030,727441.7360429876,552686.9557398475,676981.0050911816,526939.1718570384
0,1,9d5e14d4,2e891be6373cfd51cc427823ac15e778eeeb3ac0346f9d611b1ca2c8c5445f60,5400,2891496.516289643,3091760.4206152847,2805877.731791378,2996222.2026471877
0,1,9da441ba,3808a2ee901c29724ee632bebf87715742f5d9fe2d803e267d503c136803a1af,5783,228123.48074552903,113065.65256630484,109694.11079706132,82693.22290059776
0,2,9dede370,a929ad4f6cded95a04a205e53a71d194f3702d5e2b8f4cf97c97c8d698806be5,6297,1389127.5179589537,1346894.9178198641,1407465.160121133,1365650.2112107063
0,0,9def2eb2,3f9bc61d7ff6608e3ddc7b73a5e5a95109d6e16b5c7788ce92c68cdd90e4702d,6003,211375.92691881873,197083.4677361879,246169.6196732566,251183.99699801064
0,3,9df1b1f9,b12e3f3f78d71971dd3aeef2662879302803b7c851567fdfb8406a65509ad4ee,4701,188395.60132585716,135484.55133140058,155275.53863754775,119999.13715799169
0,1,9dfff011,0220c33f01cd93c2610534f0bc569812b39e08ca2628f69957420353ecdcf403,4319,184502.5858254035,87087.68190780113,122760.98603443915,67621.95446580095
0,2,9e3e364d,3c155d2694883440d06c7763bc2d724c8e49d33e1347e3fa6488f8b8a00be19d,4290,119699.20232679097,98854.15685216182,99489.91654599496,85653.42083798477
0,3,9efc812e,3a9771085ad359e914266d205d70ea3fde040a2f4e625a895fb6b3694a9421a7,4450,126648.18421041218,177418.91580821102,118836.22999968048,158772.31668355234
0,4,9f0c7bae,f1d6ae417bbb399edc045952f07eac178d6d01ee33b4aad1e60c041b6b66edc5,2542,19950.016040474493,18459.61065414963,13998.12449171192,16122.955125242386
0,2,9ffce529,9b87e997607641dbd91491e034f8e4bbf95c3613f6d28343af4e4048e2b32c3b,5212,397888.3280523998,326140.19249385566,321519.8987767076,265608.2100462145
0,3,a0383629,99f6edc1899bb80f7a721890a58a27c1493e2fe687512affe78a917aac20a067,5832,514699.31478304975,506878.754691744,454731.8612135535,450683.72298404085
0,0,a056d01e,f658fe70f63e9ecdf934717963b1eb63b720ea57efabf89e2fab6f5567fbe064,6557,421024.89803003956,514591.99604573054,362447.7546016501,456879.9838086461
0,4,a08d9e63,12941d212402020a043c6a9f0f92eceeea8333713bf47573e3adc5d6186b7bed,3685,615629.7601810975,502426.36681252625,585563.4237163546,485726.77776085865
0,4,a0b83014,90e165bd227ae51a0d83dc9c9a1aaa1d79d182212d6a7eee5956df601f40714d,5035,1172887.6693936582,1217000.5139111788,838773.7947625581,930947.3936886622
0,4,a0e92ed6,64c983623df6da7ce326d3535481d8eb2cbb2492a69064968f210a3ae59a98a4,4897,231590.1802801027,416835.4400762724,236201.88768793992,364114.9716555205
0,2,a15bc102,76d02cfb75ef401d2d8470b74279ef92cb27d8cfcfef98d3db2f0ebf21657eff,3236,48976.99098094139,21712.36714848513,46185.640089620654,22288.074958219644
0,4,a247e7cf,b4c87f59c46bde1566cc365abd6dbf329143b0ec30783c70a232105661a549df,5674,85280.25508231494,51186.513187257326,38157.84437126394,24648.617590929978
0,0,a2e8e7f6,78ce54089f11c0bf57f09a1665923f45572229f5ef37733f6f54c41c62e2140e,4760,934660.1266236546,955597.7438893849,686710.1189078444,719989.4182319149
0,0,a3518960,278d1343ac0a079cd3a63e14f85058fe3652cfff125ea6a1980169febfc868d2,4967,114078.33705180044,114395.52718481193,147739.23145605568,141896.5898896035
0,0,a3f71395,0f934ddc11ed02a69430278c1e9b383d6f6609635a9b0d8020f3af2c147f2d59,5543,791946.4240412407,858899.9408009286,992126.0352210236,1054150.9023749835
0,2,a4719920,580c951a9759a70bc1a639e99c5ac4ecf63018dbd669c3ff22179bd50d6961ce,5884,147209.91806451028,129349.35359635606,189391.31047757895,154245.83545319864
0,4,a48640d9,fb2e687689f5b219681372fda5d5414c6faed145678f4f55ff8d9cdfa3a2735b,4532,282198.3559045696,327032.55118577677,186580.0863479777,237592.12494120162
0,2,a4cdbb0f,a7abb31e9ab50c12dbfd46ae6360653812fc552afe439ffc2ef4f083343c5b4b,5204,427989.760061197,418523.5112972466,590240.8555127382,542264.6650445441
0,3,a4f989c2,6ba409d6a11775872bb6647dec72c77c3f90b083fe300f4ec6e029a964c60537,5385,425585.6643332534,276934.50851123757,527449.8701707604,392995.26610235596
0,2,a5aa7973,d6d69df42dcca32f96fe315772b0c8d8f36c4f6615fc324b4eef7dff5d613f24,4616,612341.1650750274,556466.9498443569,348117.9703379154,336718.285327881
0,0,a5e6f7dc,3fad78863552c7a02d6a1e41258b387e7459bba48a7f4156de17db62c727ffe7,5649,862280.099601584,474230.0661128131,640063.8750170221,325625.49237161304
0,3,a612d5a0,84ce733c0f412a82c5875d900270688cc4c2061766e8fadbb39693da15a04ecc,5329,876038.4437206252,607333.991451671,618569.179201272,453582.34494206635
0,0,a622ce4d,cfbf0436de45a50c8f17dcdd3dc1c5193162bba60620737a0ff0a24914ec2458,6298,712710.2953217791,637742.2903281981,484030.51483033225,437949.50114452816
0,4,a645da9a,e13130ff05d1bad691ada2ab96c15508d83219f7aa595749299bb8669f6a03a4,5153,519285.74509993265,352019.72341472836,1626904.9661569153,995521.2131096404
0,2,a692b17e,3a85f9745826e33a1cccd2012f4f31e13b19d8a90ea3e9ba2ec14ea8d60afc1c,3566,326644.56879243173,270951.7483753224,360971.93454540765,302988.27573763183
0,3,a6b8ac67,1f8bb002a4446bbf15d5b811dc3eedaceb7552953cb068295335a1382c2ab237,5453,1397911.2387856212,1593061.7826412506,1980362.415440048,2159427.5485033332
0,3,a6ed2eff,120bb9c680d13a6a18df00b33337635374d18513d8fae157c0c7cb0c229a7247,5275,316066.319306975,321535.19843626616,299816.9888880307,305130.3868895372
0,4,a6f967fb,9f3982fee9b6ddf8f4fb6ed8a84e774889afd863315863aea7276f3f239ff877,4670,590979.1376099346,281354.2390243568,435605.604313466,209007.24064980212
0,1,a76db406,f88b28dc1e4de9c96afbd2f070e5d482ec6565f78088ea80f3db67630f3273a3,4672,48722.20690994217,87025.52311316632,91491.69505795273,156790.2886934539
0,0,a7744f5b,fa2d93c62e450d44d3340e1c54c8993f3c879b087b38887ff12f62404da4a3af,4377,471375.48414452095,529156.1417680512,461269.48031124653,518530.598164352
0,1,a783cc24,5acd4638a54af019bda28c3af038b38febd873de89263b9f751f229d38546719,1889,1291696.083443702,1535023.9039714374,1476840.0869887248,1684531.8483771828
0,0,a79fd2e7,2e09ac0f9add88d7976bed638cff69be75f4953ed2e0cf4ff78020b08b09bd29,4404,496410.76697207923,316569.25276822806,376888.10995105724,243446.04565025994
0,1,a7fc3e6b,169f7cec3f4e8ad0457b5ec43d21a2872d91f1a7ead2ccc631b29db268a2ac71,4764,1073172.2878897404,633530.927448828,989025.4968720484,639390.902571614
0,4,a85bb86f,b57c447844a29bbebb69a477c952397de7c466f45db1733c45c9b0166cc4064e,3099,86419.1116726816,37388.18152680753,93004.28986110582,55637.71911387508
0,2,a85e4bc3,9d5b50f40e6a90a35a80c585af16f63ab7705b5d9d2b63ab4a79bf07dd4c6fd3,4581,207909.05701957666,160351.58994836043,230562.59521289967,171911.3613909451
0,2,a87433c9,1a840ed14a6ee6b3d50dc2eff32346615083100b417f6003c111644436fd93b2,5721,90602.029043627,94612.09314524711,59038.32649344213,63065.98844749712
0,2,a8ed028a,1c584189e1cd0a4402a01017b272f2a5b8971a38d90f7882ba17419353ccdeb9,5538,1959324.5173821975,2194625.067484718,2346514.2516734134,2544575.8022447317
0,2,a959858c,501872002b497638ffb7c0d64dd458dc2b77200a119cd3e394cbd684ff0c9844,4404,5761514.6984884795,4218932.886628502,5426237.995085782,4062644.0417755563
0,0,a9c9b150,f16b26bef3c8e17a880717b0ed5764d5999921f5860b1a3eaecb7a884e4ed377,3986,64641.059445122926,204248.51220218986,110998.99879044206,270601.26924857765
0,4,aa95015b,44b01a9512116544fff20896eb75e33144a5e7dea489156365b3061b39fb33e2,4300,129541.31558485609,430983.72546441044,146503.05714506336,422733.1289461537
0,4,aaaf3c03,7ee5f165c61cc617be6e68eedf9eb5b3796f603f28e1e74ff2241e615b55d234,2997,820989.6179901653,929221.8133037629,845867.2796640503,957096.0792050653
0,1,aaeffccb,2fee5147534159e599b04e1c89b602b71992d1b4dc8f668b4f9b8543b991141d,2712,138354.8465233755,95428.69750950216,107727.87876090193,81768.79725266411
0,1,ab112491,d0cc9683497530608a76e43f99068feba4d408a2ed6c534d36ac49984af241d2,5185,2919088.05912916,3944524.1607344276,3135742.327303443,4061991.194910552
0,2,ab18d3fc,c40e607dd2c39943936e1842b3a1120361118091823ac46ffd26c27fa2575598,5694,418216.8836109197,390961.3732606631,444798.74199074466,392726.810550984
0,2,ab3ced07,79b92bc1dc1eb3cebf3a4faeef5aa220b79002ea721b14bf4bfea060faa88128,4250,150325.45234953778,193934.35557389268,130139.0265456099,158168.49576786696
0,2,ab6fe95d,b1df3627d1be5b12d1a638157b3a361efdc270fafee7c17892a7eb4cab021381,5491,119432.64670978737,167717.13677568952,118760.33652736567,159835.37771294217
0,0,ab94878e,ac668763f685e09023d10b769f6e1ccca95c2430689cc05237e7e037cbb64ef2,6004,218082.08322804805,195105.6545270004,108438.15153346775,204909.16395217995
0,1,abf460d2,d7389f5432151af05f1bb4c1ffc928b506aeba0c19b054a22cc306fad3441c15,3217,44745.14697918606,118889.8586456017,127240.33437358229,213178.15212293883
0,0,ac6f01d5,00ca5e55378dfcf65064fcfd40c4c88566fc315edeef11dcda9cf5fc4aa19d64,5004,523222.57656222733,565469.0421903494,632785.055637818,670401.0978983935
0,4,ad2133a8,8ce5741efeb67c19dbb3aa047940e52b2833935d522b81a0f4fe7040d2d0793b,5729,3201130.5577133577,4567710.765620621,2737771.6488334443,3994985.3058217093
0,2,add9c322,d8d1f3256d28c665ac55a6ab2eb0e3dccd4647dec3c4d7dee080aff6913c6125,3932,273205.26603168336,273205.26603168336,242419.8134312794,244969.02962119592
0,4,ae069086,5bf560245e9d9e3dc2c1a0af1b0b67304c7257cf1970e256ee8db9e8798667ae,4770,466095.9413465429,468162.34769613424,444574.65121269866,449972.81361698546
0,4,ae0784a8,635f2b38e9b0abd4cd2b0fb20fb82ceb3c276dc625939072046c0ce3c412131f,7823,211053.63557841297,290627.2345880864,146752.24375150062,176345.34110381184
0,4,ae35f33a,6fab1564560fad5c6741d112a7a75724e7138fb8415bb268875f24c2bd81ec62,4450,177402.2889471826,379916.99557597796,139420.522112198,324550.52418217144
0,1,ae8959c3,273c7e9159ab16d804d5f99010ec84ab2d90a4ffcdb4f312f9d2aa59d076b039,4518,2268138.043940802,3022260.908726662,1727431.9026479765,2413712.306075744
0,3,aed44918,88afad4477dfdde28721024e0694fcaa87b630599c6b4642678b4c96f4ce3913,2719,334558.53488150844,374599.07935201016,307834.90969881334,343987.7771106467
0,3,aee6393a,4c83eb6126b1a22feede0a704edc093336419cf75fc24a813f70c899b437af40,5865,278893.4769137257,163767.6655324587,227936.22061369015,129726.72921652881
0,0,af7a59ce,5629b6ef944bb40379e25d12182a02264c2b87c94ccaf5f0654d505148ce2db7,3024,16655.990721330396,31117.826294262235,11549.500495667895,20944.927405627444
0,2,aff4e561,a1f38a8d268a812e025ee9ec3bfba47fce78c3c366c5e5a9f3cb6d48bfea919d,6026,186680.9431044506,186680.9431044506,368716.4236701428,345257.9926318161
0,0,b04b58a3,728c7755852785a28381adb88b96a21c1c4deeb34f94c636b0303aa11110ce72,3402,263695.75495434646,254275.89244879884,268203.57290540374,265357.4240156762
0,4,b0d42b0d,a1c99a20ff26641b67aaaaa4fd5c6653cee9db4758c648a0784ca64b35cc15f7,4971,924935.9384682705,1269492.0444390837,1077904.0956828073,1392651.4898889377
0,4,b0f53bf4,cc0038555f67252e0d8e11fa54139c2b1054a1e14158fd667441b7af29ca7720,2755,235425.4218248661,235425.4218248661,247245.51755094307,244590.3469951423
0,2,b19b0395,02f0159a9e9484a1998a6c45121dcb0ea3323b9173fca1d6e48717d812fac136,5813,533799.494908251,444412.01834924176,542598.6118944625,459582.72295583494
0,2,b1efb8a4,5bfd53a0b99223a57e39ea6b98240eac6b348d852871ff8481ada9824c88fd9d,5998,685616.4400849175,485950.98825892084,820288.1131837922,612481.895919602
0,0,b32902c0,04bc9fef5773c9a096fd15c93c0dde11f895e0bbbe0a3313c8cf0c90d48977a6,3808,157715.0129436163,197451.94552788715,153982.27936292367,211568.8434642473
0,2,b32e4903,95228b84ee898cb8f01cc56bc513779b63a230d43ee3b0562e122281a5ca6836,5770,142713.49157149848,182713.53090629977,150843.29316521168,187358.8858303837
0,3,b3388334,f06e9d325dacc548f0e3eb1469899fb4cd330b304d47cf7695788c9bd6525a77,6080,1320256.3121383796,1850570.5599306927,1007152.5406540685,1442331.0487020146
0,3,b37fd114,771295c0db949db5aaa476c0fda34d2b1ca6c6d89b7ac0847ac95689b6f7ab80,8161,1589222.4991809204,1641631.109548797,889217.378263245,954604.9294885738
0,2,b38e3116,8e0ccdc97bf7715d75ce3d454dda9f2e73040922a74e007103c166fc28ebade8,6211,253416.91843109595,594486.0643759911,319470.27119923464,647394.4053250675
0,0,b4d8dd4f,af8dc0c8f847c7ab2808ed8ea9507bc04ee6252f09a78b84deeca5b39d474c17,4259,895676.9275571462,774317.0459905667,807929.566269819,709459.460619576
0,3,b4f37e6e,cddc6c71d7b89e74abec41853dce065c76c4e21ffbd6928193ad38de59d01dd1,2992,206690.8372423556,203099.4421009034,295469.86767144606,286057.1817833708
0,1,b56bc0aa,938e6f6da6042ace08d9aeb1d072fc9049f150519d26283443484e7d4f262144,5602,224084.01677015185,220084.2332357036,212524.41440295297,210297.23219020807
0,3,b585b4fa,d1f6b9f7f734f107b239bf8375bab08244cf0cf1276f3249334a02cbfda80fc2,4294,343743.45661509864,399351.9329928632,235183.4319744022,271078.75379160827
0,3,b5aa9634,3267580d8d460b55ca4d523323c4f5465ef272d28bcebf9f56d4bd7ee3d4b5eb,7326,1153092.7265262976,873852.2173343773,1082022.779644656,832775.2439431541
0,2,b7974e66,f7f0d8a2b114a9764bc17c2de88f2d9ab0e431869c46d4d9cfe6ad203e1e8fdc,5558,399768.09862703155,623730.5662947507,801732.3822094743,1026409.5640718888
0,3,b7cdcecb,e36fab9d9c34d82bf6deada876717ee0b6fb9295aea184f1f888c5fa96e8b6c5,6168,393214.7216828768,312681.5354944501,343911.7164262701,280562.9385255779
0,4,b7fea9ef,ef2d0223e4144f7d007592d51ef8e80f267d52e8f7b3e4adef15067d4c1db14f,3866,215931.56851525442,219217.73402800888,208687.51168599175,212244.08903604714
0,4,b85f7b06,4189cce0dca1e75d59848635cc0c76d7b72d268d58a284c04a3413b9db07ef08,3803,15428.510173662526,23986.63765222441,11585.932663997603,20884.603249919735
0,1,b881d27e,33c294fdbe0c934a42e1173f481faae77a1468b9bad27426f4f13178bee5e974,4009,81864.21639364271,81774.77692711803,74901.72090493346,75372.99996730985
0,0,b8c49c1a,c96c1182066bee303d33dd0f991b61e854213a970f3e8a9a95b68c1ca4116c44,4319,216625.32741322488,213759.15389580088,144800.75690506105,153929.1825290838
0,4,b95e7121,b6b902e1a1fae46e34794a981ce77a427e1d85b5bf493cc2a1b9190134a07211,6306,2477876.055372591,884650.5605131448,3568712.589425879,1587865.7628399627
0,4,b977be4a,0d2712e8cedd8c6b95a2e3f510b5c03e58fc4027e0ac59c53bb51a601f3d38c1,5917,1485573.3990939357,1431035.4148819472,1210393.4318332137,1254646.312642119
0,0,ba48188d,2fb8f1f013244de79f2f8db24d18b10933357e372beef40cf0902b75b3d82c11,4166,10351075.840987405,10741549.53806534,11065774.140161011,11414309.460602794
0,0,bb2cdd83,2d4df2a4164cdfb9b03883c322126baa7c3431b6a149e4ae9d125c0f9412284b,3825,221144.4469860049,317134.95097999147,126651.16536941551,207588.7358490976
0,4,bb337fa0,381347cf674d52de347800bc8fa15ee6485cc158e211ff97092a15116d899452,6873,1906710.177993955,835815.2789050717,2000697.0386412032,926648.5712373706
0,2,bb682ebd,d4192221e50a695f5defd197403eb80b097d06b730383597c117de9b49ecb1de,4139,1062038.9916245718,952991.8665481929,1117140.7255928682,1009717.7175151318
0,1,bc4381e2,94eb27fdcd1e89991e52679204f459ba6a9cd201237026b9975699fdbb7d8979,4955,1401964.2122402699,1376439.5008458283,1421812.8649958828,1393395.1220250768
0,1,bcebcc5f,0ed5522121bc4af1addb964c950056fee7c1255acd2915cc02b370041fd62f72,6258,388222.00810330873,197710.30144375993,348834.11991742963,181004.5584651875
0,1,bd2c2f34,3b14194a7e806ea5ed2f058a05e29a18ad80827a92316b4eae19709d88bd5294,9823,761022.682835649,697364.9819775762,594452.8921694988,562662.7266564665
0,2,bd4ae5da,2e4683d618857bca3d8dbd5ff075c00e5e7e3b4fe04aebd544f14149b156167d,5006,239516.3467789229,228448.60830136813,161677.0966733901,159372.2142621876
0,3,bd6f0e19,caa23241de2e5d0e7775750bc834bf2f0ded9988ebe53d27f1d2aaed64794513,5140,592990.2323573257,276298.2972104384,383264.73623409576,166166.62315823953
0,3,bd8f847e,970736dfa1ec9d1e3fcf0ecd4a9d30b5e4d5fcaa6bfc8b131537e68a77d26efb,4961,220797.77000620877,214509.71641546916,163629.4020284972,152717.01080387196
0,4,be063506,f0db024f82a74b6bfafacc95db3006bba956b14a84f811b1ddf571b8f16e69ca,4500,31008.18807120179,43518.93276826183,33775.389585586294,41017.32351246229
0,0,be35c8f2,6b2551f90d2aa3b3cbea822fecc63579274db1f610a1d7ec3ad55080ff78567c,4226,285710.41796514456,232330.84322300047,474632.2143707775,327496.5331565038
0,3,be83e781,3d649c9ac0a097a340ea3914f72d277e8679a3b97eb025889700efe44a10e73b,3221,284285.0074950382,236064.39259725815,423010.05099494476,361134.09603198216
0,1,beda8696,e792b33f7bd593e288dc247642f63abd0a85681487a50417e9cde56df082da33,5912,647334.778559257,680421.1662256655,576812.429726754,607925.153195418
0,4,bf39bc20,87ab030ae733bf90b82c2b4c0c1a82488f25a0182da203e4d2b505c3a5202857,3303,141109.63070484676,143400.93444497173,156621.52674927152,155531.60017316867
0,2,bf70b410,03f237453340a7a43e00cbb22e0d98dca12b2a51ce44e38a59583834c66bae54,6347,2086020.0929137617,1937860.1731607704,2178494.2156670317,2001101.516773888
0,4,bffe3082,62865d3db19a3a19abbcc0da867cf692d2157c88e7e913ca19aeec744f3a4638,5723,1270995.4308658415,1076526.5711205264,1076157.799342491,948038.4051409921
0,4,c03b9305,f5f980c56fa3f89c03488734d51da8bea0f49537206f9bc85c62afc441296f4d,4255,373829.2874822841,1514177.9455942009,102536.0585136442,714428.3779791824
0,2,c03d4aed,c6b2c9d456f6a8ced624a5eec6185fff24fbc7a93c27006f7c45e974acc66667,4641,292818.4275966255,522852.77505093894,194436.52558396183,363763.0374010658
0,2,c03fba65,cad43482fed470fa776f8b9763025280432e4411038c284bcb33e891732341bf,3699,1096105.8913003511,842176.0984348215,1199283.6063172768,944682.9388783223
0,4,c07fd0cd,f49b83358a1473b6e9c4e0eae1402b481a0cee64eb44cc16182501c6c0eec358,4191,133372.9230036788,107152.39527068198,99135.15862462332,73325.96514401288
0,0,c1708b88,b82801c080618236c36096552ae4bde78aecb0a82c5db2f685e800cd5613e92d,6315,1591435.890155686,1392828.82258677,1589003.4489472266,1375083.1343301008
0,1,c1d046f4,1ab52107f0146828fe04a80c1acf63fc96ebf4093127325aa23a599399b915cf,5513,178632.8692191411,178017.96165267724,114074.40300134051,119744.95553056605
0,1,c2717d4f,3825b16d64084cd8d058143c315577e40e4df84d6b3ff484e4e17a499d80f8ef,4721,393322.5469435267,649825.1669548447,523518.1496118527,757626.3367771386
0,3,c2c4db09,ab387e5ad38d17e20321cec14ddd745ea25498fd1272e74d1879ab91910f1e57,6039,975245.2501149774,854537.4147163577,761055.01108058,679596.2330067167
0,2,c2c6fc71,c680da48245f1da4fd4903cee5540da85c00f02d062db3c83eb4d768ef475383,7119,854831.8511110008,1327942.867793839,763748.9845447413,1190587.0217952349
0,4,c36625df,5ddf4ded60d45e40e22ea9b6b3e199cc6b452a532f974414054bcd7c9f037c07,4742,55570.05872056636,56246.55833954027,48326.960534974496,49616.625664055915
0,2,c3957531,33c6abbb3cad79abdeba4182a37542860e5bfb253fc4c1415ccb1db767e13fed,5316,557151.4572695618,485182.366495242,580855.6883739035,516975.478640675
0,3,c42fe306,bdd9b88926bb9569a86387161b127a7bcfa7eac177f9f7dfac2af39837c32dde,5095,712570.7184449278,754809.3030762549,616354.8701405873,657370.8252578861
0,1,c43812e2,6b0a52db47eec289ea9cb80488bc1edcef4a47e61dd531ba26b7e61a87256b18,5527,153161.08268467648,155998.4823379418,92640.30588311871,100220.27781458643
0,1,c472c0b5,35772d971b404fefe274fac9e8a5eb07065d323ae5d8c912ce3a62625afb05c1,3054,102942.61006282471,71179.07631430791,69426.9616761926,50553.358751516615
0,1,c47e0767,22d1672e69c769ee2966c3bbc14b6129766d293bb1c54d152a7322fa70b2e870,4356,1317169.3939099954,1229451.4663948466,1099029.325104292,1052586.78765802
0,1,c50b42f6,90f9b254670aa6036b815ddac550e5215baa493fab24b2d850e7ba8020d2934b,6014,550414.5910193977,982410.8057172168,621611.7182470781,1023243.199604257
0,2,c593337f,8870adf3e2c8fd2eb56ddeae319249c78abfed8a8c0065c56af54e9da3306f3f,5208,1620064.6149411765,1718710.0183843216,1254901.1249494762,1365208.8680974846
0,3,c59b6c4a,ad094b167316292078497d8d5348e22917dddd7700077508d876bb98785bbba1,5499,3958490.380460706,3355458.433390217,4039551.6798095456,3465971.39611896
0,0,c66be2b8,a15ff44c29a0a4c9c3b1fd7ae08dcba36ec5a5e6461bb2f034513b81b81dcfd3,4154,722903.1905117102,486968.803445651,485375.9573127052,356670.5981255983
0,4,c6797dd7,404e6e727621dab683e2be5060818c25da2d58836709031b84d54131a68d17e4,4664,32007.293351970035,58914.071826766034,66283.46709375887,97534.89397487849
0,3,c6b782a4,e392fc3a79097a8dfd88290f776b45a908c72a7d46c96dfec06cd6b212e4fa71,4877,265854.42157334794,270379.5387506538,380171.76730168896,378982.38741648104
0,3,c6c96179,c03b513e3e68d353594fc51a7728b701a271c31c7ad58d69189333ab7feb2e3e,4004,105571.44892010227,125353.38089546384,119064.18301639939,136201.21969871686
0,3,c70c0e01,67809a1766cb2ab46b34a691ff1a508659110722ecda82b4d440f5a6284ff8f3,4312,345153.2433711187,299975.73106046196,314188.6298494455,274068.150853624
0,3,c84c65be,c9f91c7eb396a95b6b242a254e6b0355acb167251acd85df68412bfa0cdae8cc,8496,434083.8524400976,446236.47568029154,382965.3655748671,324631.4857015341
0,2,c8d9680c,af1fbbde8eb5682e57e857465a3762dddab72086b2106a091206720dc8d556cd,6281,9509311.29694174,8855829.271611115,9504822.661933621,8905788.744840842
0,4,c908edd0,0d2712e8cedd8c6b95a2e3f510b5c03e58fc4027e0ac59c53bb51a601f3d38c1,5293,1531913.9778521685,2686870.512288689,888241.5561968974,1909929.0239349187
0,4,c9578d27,bf6c64e0ed39d3b512577ca6a78a24473e0ae75dbf38c03ba7d2c91fc000541a,4487,413096.9477854599,468044.90531743655,262386.0682192083,327453.5133446629
0,3,c96c018a,a892661a225b2ef91682967b419b6e35d21dd35bf07112694d9538292f700a0b,6236,485821.19403626246,320123.71381710435,349794.6446520581,242004.99733786218
0,0,c99f9fae,61a8d6a92148bee21edf1640ceb223ce3f7cd3dac57a1e5ae7f51c82afa9c800,6361,151487.81421613257,121861.19364013971,359217.1835843198,273676.36316246015
0,4,c9e6734f,28324e2fc4ef3aca1081009d968f26f1a0b374fff43a74dc5027563d1b4e5c44,4735,505225.7677639587,416713.4775040782,634991.0947005601,504317.697226951
0,0,c9e980e8,f2cf08e57726a04b1994777470373f030924aeb95ec26a72b493bc6d23dc2931,4359,459907.8374735654,313534.06471414625,181504.8458292477,124315.02111686653
0,1,c9fedcf3,8da228c6909ab660c64937ac85d0bd9256a7780f7f55bd7ecde5293708c6f18b,3517,229880.5301558313,105462.24786063045,223825.53845338742,114164.32676663504
0,1,cad13e8f,788f272b3094a1c26e785e8c1d5e5010c24a44c7b2074754a2302e759c39ae0f,4848,421886.9626404084,333365.93745559116,563586.9809655471,449703.01510019385
0,0,cb34231f,26c98c01460eb8c72cbde7176dac87a7ed061b05044a2b72e7406099200d4252,5609,668359.4142243115,474318.12902100966,384187.19720629917,258847.56493964177
0,0,cb879f40,f5f4a9b0d948f900ca8cfbe7a1402757f88951c7b275ef071fc50817ff76c1e2,6315,354759.81070413836,374059.9101655907,204554.7162219581,219374.81380157048
0,3,cbb406b5,76510153282a1297cc39aacdb7db378bb7971f20dcb8f22bf89a31ba91eac901,6328,735647.8422303309,818899.4166774647,680412.5778790531,756080.6456703816
0,1,cbe51de1,fbefb0328f71149d9c55c71c0cdcee0ac42565a1ed70ef694056e797317ee435,3963,219479.63280848827,259739.07169443744,386223.1742588112,413095.1368735441
0,2,cbe62450,d8d1f3256d28c665ac55a6ab2eb0e3dccd4647dec3c4d7dee080aff6913c6125,6258,1187294.6542208693,864557.3098576942,1555218.9648138764,1147882.7269927247
0,2,cc08aa63,72e319cb58dc4c4b1dc52bedf459daf8e3da215b3d9750df3c7f42de7a9242d5,3274,211841.2007039797,225245.5934020239,212007.2038262057,223733.98694541078
0,2,cc8a1d57,1c4069fffaf922d2abe4a4dcefefa9fce84eb621c90c6608f3879c74ddb94029,6638,3288288.4138084566,3880629.918639784,3666026.576124775,4175223.8076216695
0,4,ccedb12b,7ed87342c6038dff0cf5ccedfef97af067fa265d6cdd749f37643be0c5a40ac0,4401,174873.34821911482,204775.16590984815,120370.11121328629,165389.33686106134
0,0,cd7f1687,2bc5ba2f707603536d7baef0dd4e21ce6873f34f5789fc8a79ba44241cdf7370,4232,103650.08426515729,119742.85975828076,125656.26805312163,138653.95142471415
0,1,cda7eb37,af6c70ae2d84de7f127beacbf94572e107a478e57e3f314920c45156bd073565,5973,718511.9970386579,751888.2457189511,591162.0719117997,622854.1696746025
0,1,cdc31d65,ee3c880ddfd89c5f7ef93dee06e71441dce1f8524531f8d300d51aae962b6a82,4840,134291.04806280514,214340.79142785963,259300.797011722,246049.0289053903
0,0,cdc60a53,91e35c473ae5780ef29c60f37f2303e6f02fad7b88027c923be16cbebdbd2844,5878,364432.3285550283,386853.88590643957,246154.1242516679,265321.09479811345
0,1,ce55ba43,264f81bd06c4152e9efd70afa15ba00e3dce62df99c8742627122bd61f93d9e2,4104,492706.64236867556,210632.159162178,390896.7651167971,175797.61497278296
0,1,ce8399b7,1f09a3ca44aeb97357959fd0712d0bd6e9116b7059fe81fb8d7edb502f6d07e8,1615,9731.052911868686,7013.811658344535,7477.6221701637,5424.636975202103
0,1,cf50c9d1,6b2528771fdb1f8d8ba785bcf72f609bb75f9430873020f2e4af4e339acb53dd,4858,2513485.0437521553,2373645.8510165014,2311642.2373933755,2214291.994212201
0,4,d00e7eb9,47143aecfed87aaf7dc66d8da8e2f8dbabac24f57a46f2c37e3ea5574d400578,5704,468360.82965934393,816555.9630422628,283191.5064063884,581785.3044697763
0,3,d011f41b,6ba409d6a11775872bb6647dec72c77c3f90b083fe300f4ec6e029a964c60537,2267,161797.7674515816,191659.15351992517,97489.96692132036,122849.10736058197
0,1,d07aed8f,95fe21cabbd37b526c8ede533a8342df8e9550f40202d522e7e03c8ed847eddf,2957,100002.3093558454,128968.31991593624,108095.63605990984,133413.28426080372
0,1,d085e611,3e6cf6033e01aa35ebce138990a3be7f734c0182ecb8c331f44ef1f90bed14d2,6191,452610.858819379,433632.6849291097,517749.13766339724,509379.4990449236
0,3,d0a0e7b5,dcc07c36f2f1c67c56bc36178cdfd03c03b5192c5b7e9e7c7676033e91e080c8,3816,406394.984100615,384803.44943865394,575116.8765244384,541174.4229450251
0,0,d0a43760,11c7b208e224151364dddd193072f0aa4649afe62929396f575faeacdf30c8ee,4041,811073.6722253605,711336.2185398993,537282.0036056017,474203.7698356756
0,0,d0cb63ae,9260781d76ffe713f8013c6e98a82ac60e6d6bfe1cbd1b5798327ce27fa2b05d,5223,2914925.8859789297,2989788.271339249,3300305.7257434004,3352614.13425133
0,2,d114d9c2,b775a84a66857dcf1b9918e3d585971eafdb55d92a6c6b2ebb7519220692e632,6206,355594.7019315653,319943.1409971761,252981.78490882477,235996.64307053626
0,4,d1457cc5,971980e08d3be14aa5bd86544a51996f4537f34657312df7c8ff9cd9504a5fb8,6920,1249913.0608821553,1350958.6331152138,1468377.1725510985,1463776.6948819887
0,3,d1ecf309,d4447cdf458b6083df90176d127d00012287160377c32422419bb950c2a5c01c,6168,1627967.845650328,1373044.0397865286,1790001.8721267493,1530717.5326705512
0,1,d1ee630d,38ac36220980cf145d4f25ea6383c38d6417d05d9075adfc19e31afb1ba76007,6290,145367.04983510956,263424.899378044,163678.1012657531,245265.2540868036
0,3,d217e0c5,c3a0905e50618acd5fa75024edd3fb07c9496f50c1a1295f8536bfabb52061c2,3838,22819.073993178048,28458.48322679042,46413.68472524758,37802.419377075785
0,1,d24ff243,9c780bc4e48a91e8f06e4cf6cb192cde198b72baa844f9958a0f3aa8c14a6565,5641,62659.589202832314,78746.03122276849,143582.28677335128,176249.52894756693
0,0,d273674e,fb313d69d98a7f6507a5036410530ce7898b54002018c1e7f35c404b1f81886f,3899,75203.04322670055,58443.87816568909,52070.369344568724,38269.01850047932
0,1,d2f3b1ab,0cc2775045b21053b9ae70edb18403a99aa0dc84187d2883d43f46eacdb85cfd,5581,735994.4630375821,768388.5087450375,506756.4420523349,545928.8094096386
0,2,d3df146b,f1eb9059ea316ccdc7d14260f9f10beebbb682fac76938a268e469ee544fa8f5,5787,521318.45746310113,329381.1460707852,240113.37117392174,174602.89489008253
0,2,d40f61d5,b7e77fe30e9a2946004e895d497d426941d5104f8be0277744039f9c26f26e66,4039,44895.08331105021,45657.426235742874,51182.24737537493,49927.17946804261
0,4,d41beaf2,8a238574099b3dd5577bde2fcd3f86b6a12aa963de9aeb62874081002b229767,4753,485887.871866724,149436.1954306908,338768.3166148525,106385.30681560113
0,2,d463e527,dd77ee64cdbd7f916a8f4f6c3628d652c1da4d7094e13f0a429ed7e6eeb3df77,4767,183494.5511354515,295519.4316366066,136885.02325802497,201475.3504662522
0,1,d4f60a28,7b50fce1678de7ccf597236383ab1fa3709930f21a42d6f4eb2421cf4bfbc6e4,4501,233873.0588392046,578902.8507826687,233032.49692113168,537521.3309680128
0,4,d50c649a,44fe52a4d1bf29e0ff7012f43bce2668f70e80d030c0e5df3a3dcbe2ec582d59,4873,318737.87201240787,413337.1052451818,309456.05386323965,397182.4155188665
0,3,d543916f,08a3d7c2e6a0c2fa30e3562354033c1c64ff2628734817a8e17ee4bf6cc44bf6,4799,262785.51951958827,260445.3998626187,186333.22183295168,175098.69562614776
0,1,d5df0ff5,57b466762c6ff8c308df95700e215fb6cfefeafcf87770023af3e8e305e9e2ee,4032,233266.72110566232,120907.99239011554,135398.59919218562,71586.26968833862
0,2,d60430e6,9d69b4708cfd3d149a66a1cdd0a7f935f35fedcbe523e0ec0f10e487fb14378c,2511,55021.90520850741,145465.243374096,99846.27077879001,198750.59326166866
0,4,d63196fe,64c4f7513420bcfd6d7ef0976e984ed199a9004089b0f5cdaef88dc544019445,4510,607293.6612633121,736006.4163680773,437892.8900010134,572253.6673240968
0,2,d6c320d9,7b416baba3c11c3d9602c01d03df2adf1d4039354363ba7edd8d9ced2c5693a8,5452,358604.9398395929,200720.64089157264,227596.21848412533,120127.96209624472
0,4,d6dd7330,775b1ef3091f7b6c38b8758c0acbcf59956b7c5b8f5c7d6f9663fb5bdefb8ad7,6193,596130.2424129223,399206.4680646713,500478.81932536466,355586.5995703275
0,1,d7ba4f9d,b318bbb467c7b8e145d3258523b5689007534716c6e26bd21cfa7688bde820d6,6023,178812.10529485682,60525.832737443285,110061.9525600271,70768.4395948638
0,2,d7eb0be8,825ddd438f2fef9e77a1ce78bb50f81fa13ef416264a1b55b6291f20c2fec415,5401,4765358.774871583,4304581.806528127,4919431.340426841,4479727.87163747
0,0,d84b621b,2c29e339e97c18a826e6d088cb6d4b68712bdd35ad65cb41f6ba5837564eb6bf,3994,524620.9331589583,429746.6675691528,568895.6380859531,465349.3963164147
0,0,d90aa14c,56e7cc798494b9f1499347226141f81676c2f6fc048835ef928802d3eb37f325,10018,4808270.223998431,3590542.2996409833,3906299.5490535637,2914304.8213245533
0,1,d924e971,5d4e96a9040c5863761282033971609756c86fc7479968ce9c84650ed8885ebd,3184,3039610.298187534,2565536.2399228523,2194079.181416512,1911211.3875291243
0,1,d9ae59b2,675148ef66b9efa86d403ce30cb177bf57389477c949d135218c6df60a73c17a,3648,243576.51315196205,240702.5193255666,129740.28639769494,139880.48714312384
0,1,d9d6d94d,45fe35f281a0b7bd6a0d8e4fc6d6d7d2467046dbcc0b42814df0a1b85de97474,4919,393008.15815717506,414283.9936262149,319898.35576976405,347894.2480371767
0,4,d9eca87b,d42818d3bb39896e266753100b43551fb9cbd1a2b0522eaffecba262605d11bf,6373,3757198.6453399677,3147432.192750927,3301857.448164191,2874807.0586889987
0,1,da2d4d7c,6129a232239899e9f92d0375a7df9a7d96bb4204277b279fc6cd68472e877e84,2114,51804.35065475985,32679.35892395139,31103.566735461893,19787.632643451798
0,4,da3bfe4e,2e69835c358e0dc9f3c9d00732a78d782e9927c3072eb90dc5302de044523a59,5549,4614554.451630211,2929712.62786477,4785412.381724902,3127338.2956156405
0,0,da3cf798,55e04d438e1eca1772699cda49fedb143cbe478e4b3a387b5919b8eacbdedc82,5844,561861.702242873,361469.02684699174,672413.172641024,472961.85254841135
0,1,da940160,bdb0a78ac1cb0456c76de3cf475c1e1ebc6d24fc1c693dff7fd2d8bf5eb3d3e3,5132,317930.90201784554,327643.58899018285,259367.37290015264,274151.3366525617
0,4,dafc88c3,ee9559c3f66844d0a1c510570c33b52fea0d475e8bb174091673a3c1d75aa482,5572,73447.9006857875,131561.06046545279,78648.93325516646,122543.08317938035
0,4,dbee6c86,eaf0a89bb7b724ab045d8b264657ab1c68c07050097e504e8cb4b07bf2179206,7369,133584.06975231747,122565.40774435463,177895.89454660856,122577.52095956667
0,4,dc5fbe29,a3598711536fe310c8971f805b5862980a78ea5f140b016d516a24b0a79a754b,5203,284923.56349276623,235973.17976992956,197688.95204815821,173803.03531974592
0,0,dc7da28f,55a100c4abe6bed88a2a331b5632f53fbb6b5953da75929fa8d4113a656912fc,4774,617553.1580906364,754762.9224381563,636124.3665431875,761796.972584135
0,2,dc7f9757,8896f2d88885144d17b357b8dcc73829d59c2f44852db4fdfd14d25c22881824,4360,540480.9477006528,325800.3520384733,479363.43356376764,295806.7208218299
0,4,dd168de0,ead450a96ca96fa9352a8c21e35e4285f5fd5d63562ccf76babf57faf6373ed1,3304,97099.66198205097,239366.6319212165,112712.53562297804,244732.23748244462
0,0,dd64382d,e96964fa4b6356d1728949e7b6960d81e583c3f45c124b26ef7d1c6defb9c07c,3124,33696.052210018155,24082.064052470032,30650.202904705802,20440.874874914443
0,1,dd6bc5b2,b833ee5a84d08a0c6eea2580614bb6e7787ce160991f7ee7c70895d8e58d90de,3602,163529.93833490548,149318.07724582957,287871.9898688288,251926.93627176073
0,2,dd7d638e,0233e23f69ddd6e1ec13d74bad3c7650667dd5c3a249a427cd5b81c0bd0ad70f,4301,53367.43474258071,46017.160109738965,30257.62031646106,34611.718851925994
0,1,ddc790ff,a82b716f5138f8248cfb9b392ac183898c869c30412b8964ccf2a6698f75ea54,4726,178404.10322751035,246003.25711202124,116979.72110761167,175425.3283722835
0,0,df71d1ff,c5b65501e7d0eaa365219aa35cfd74dec257030bf406f753f48973621301e7e5,6228,1008809.2376241344,1012109.3092576273,2026537.691463265,1936424.497953879
0,0,df73b8f3,5be7b22cff50650fe569187302a583722758b0d67882c2ac6792e3f7315ba922,5311,1808876.8074038469,1882879.4484570564,1744128.9450478088,1818472.6445383949
0,3,df8290be,e9344b01cddd584d4b0a5308ba877ef5bbe405bc7afa54ec210e1eb2f3a32b1d,3972,666109.0388455302,855055.5181596751,803993.4362102275,986431.4379962283
0,4,e0079ed1,2c6ec8962d37d017003c1afae12cc16e44d3fc425fc50dd08cbbfaa4cde4a0fe,3471,62723.78348073905,102619.60990361162,93570.80139205916,134031.03927571274
0,2,e03b45fd,e1523ad94f707f3ebe25a2bee2ec48db7b26f548360dff119bc3620951d85dd2,5342,1294579.7410497963,1521133.0898314272,1020677.0515183294,1182477.6356774475
0,3,e0f36d98,af94a7f500df60313c38c2e7ff827376951ead75cc870d7ff6b427bf094a1355,4976,541519.6119428247,369247.7467174293,493508.2159928548,354239.6596148042
0,4,e149204f,bbd3044e885d1c02847dcd4b8748d8698de89433bf07accc75736c81f4d9332d,6097,91759.1495595205,63955.50595045952,91339.71636248898,79996.98396228693
0,4,e14d641e,4d32b6ae293f1fb78c5d559c386173337c4783fa3aa921a467caad91a20a382c,3184,186835.0122497546,140556.3917748358,270157.3984488011,201546.51598846162
0,1,e161bd0c,ea37b5866ec2e892c469f8fbc0d9785d251914972f80beeab4625b83c018af90,2949,96627.79390844866,175210.1626999221,70953.3688548048,136601.9883470572
0,1,e201fd6d,4c75d784420d0de5f5b8643e68159069854384c288681bd090817b48fc561771,5070,929057.43815453,814682.6780647796,866089.7140250106,764595.1201319036
0,2,e25f1537,5ae1e7b85261b7a7c60d72c2958ca73328a9c0b34a0ee75963bc4cd28843860e,3177,213085.50484984738,207671.8149773124,140891.87621372542,142076.4976147555
0,0,e2fc7745,8cb8514cd1e7ab9ab66d335957380f867631afb8f14e65d3ee321c02c9a64f25,3692,302088.3568110265,220069.16828741442,321707.00166045036,230597.76765602216
0,3,e32da4ec,a7045d6a9539ae89799f421010880bc3b78baa9b525fda23a941736a377a40f4,4689,223163.5527620025,241549.55547873458,290059.19217535364,336250.76677214925
0,4,e3b34f5b,fe0001ba333113a85501b480e7aa5aedfa0e6e076f8756ab9d0d2cfd2ae34ef1,5455,771998.2700312689,896535.8517254649,479357.4984491721,622066.7869382857
0,2,e45a2a62,d6232f408e1139fc378cf4060931c5fe80115bba42cc8df11f355164f701bd53,5007,1042861.3495200844,1213387.332947834,913560.6948603627,1067113.0288726548
0,1,e46f4ef4,007c90c0f10491ad6068b34279e5c667bfe2b479c9983118908a0ea929d9abc3,7195,102926.77045030113,97766.21904069539,100150.90687411888,97406.86866051929
0,0,e4726608,f31bd847ecfbc4509ad178abca4d300732bdd3a2f4a5d4c9e63ad58907147f55,4733,79453.75914035673,74746.73894910426,61222.42960392587,77072.85085963705
0,1,e5864244,a9922add79664c407245a03dde392602cf6f6f8b14f804b261dddcfd61fc27e5,4469,597410.6895704127,1543323.7015914829,434098.1773133595,1224338.334743226
0,4,e5c92e59,fa53a37474c96c1005ba4c379a2061c0bf1bb16d3933d47434e1b98568de64c4,4295,75178.49869706937,82995.0899730649,97841.52679657443,101014.44733125891
0,1,e5ff9fd2,57aa40fffd56768f85f05d76dbec245c568c76cc6d28164758e574a19180e70b,2354,385878.066749462,142603.44053383943,304454.10045683663,112823.14735354284
0,2,e6c55748,0ce11f40cdd79b161372ee706d7638d7a7574e8358b0950d09f7b3f882c6a90f,4472,207190.04275292312,234396.7292439264,132633.8348575444,152887.43549727558
0,1,e730c32b,ae3a0422380ed5f4678b33d05c4a308bfa5ab5fd55107b8ac9a668ab24ecc423,4728,223233.0053984301,391116.1204196373,195342.03954965077,344880.30740293924
0,0,e737965a,19c19cc0bfeb6681669d542d90bb9fb134aa033b3e8d7adbd1d09b687c6ae084,5955,540901.0965164205,565508.738588871,890052.2263456201,894762.140267517
0,4,e748dd88,5568595aa41cd5319cfabefc4ca216eebede5c23e47d2a0af548c1a1e7105252,4812,47155.990914096736,40254.71394910445,35353.74897658466,27965.932563721566
0,4,e7818f7a,86686cf2bb05e2e71a25c61c5c7a82604ffc69422cedc6c91bb674b402216cd4,5371,320922.82387932803,240669.3704197432,269708.42843499465,211686.74739447932
0,1,e7c36e81,8bb02217a5f0cc3ef27046755ed34283469d1621039e347cdcf640267640de64,3531,155480.201974068,123518.95680897939,108341.84693789654,88895.96863517564
0,0,e7d0c1de,e927bee1954b9365c7e26910c57c11020d9a5466a7bf933b3f637b0fa275bed7,4711,220418.5119564235,113996.04131663096,259868.19341105066,122796.03992941396
0,3,e85074c5,b612a6fde2db865d0d7df6bf0b29a7d8feefc27249e5ecf741f4b958798e3513,5675,1358590.723965263,1230201.1336481306,1079175.9933276544,988313.078347702
0,3,e97032ad,5e55b7def44b24584e571f6078d4ed24f42e25a2f22d383aaf9d02a65ee13796,3530,137152.36815637152,132530.63592107088,181820.4400818951,174149.55134380108
0,3,e9949a23,7de749ef372e2115dc9f73c8933318cf80b2a8a40b2b6254b3797454ab7e8bab,4559,373148.4855062191,390604.50378781604,489457.0086807902,493889.62095507595
0,0,ea0b99b7,1c17ab899fe4b39b1365d16aacd821f19724262d523e3f0323e87045b3956ed2,9239,2538616.3341749,2550191.552614115,3116952.4490947244,3086556.995501722
0,4,ea3a0e38,53840bc189dda2c2b9fd4b95cbaa16feda2a3871e582833232a1d0dc4e0b9615,10052,440101.64567486726,303634.7532223796,479858.15466944047,337889.6911677947
0,2,ea41324e,90bdc5fbe23130ccc8ebb2480d93f8896952d579f76bfb8a05d59dc40f23ed55,5025,87002.93168592917,85574.31310719778,349170.3816268486,311061.26625584974
0,1,eabc711b,2ca25e9fdb7c43ffba3a03db0284fdc0644c07d7b43bf2d501f67b021453e4bb,5348,921425.9210361486,796991.3775104806,1033784.5588518017,889688.8095443487
0,2,eac10e86,32862fffdafd4c9e7a92d2d30c6996a47cb63e2d3097911a35244ee4342e9086,6067,381076.7202806777,381076.7202806777,408388.9271862741,405642.43268576264
0,1,eafb863e,1af39ce37f5009ab26605c1caabb6314e3fa3b051fc906239c614a12a5e3bbc8,3568,82233.77539305863,91833.84495090756,75708.71924819957,82164.5928768442
0,0,eb06a4e7,fbffcf76144893659611fbee18b7c4ffeb8c8b5eb0861272776aea28caed48bb,4535,371490.86033277644,351083.71022908157,783511.1522840608,708593.0242610526
0,0,eb640a35,f98ad8a2353191716cf6f7a6e71f7758920ac667041cc453b36c6d6c6d8dcbdc,6037,523546.57542765245,603706.0063872642,818715.3991512333,918306.1008537967
0,4,eb934281,335a533f7ce7e60254899a49f78b21f7c5768ae016d9a5a723f36d23063d3e6b,5971,117683.72849897668,248781.56652369315,79758.69232711974,191143.8888458534
0,4,eba6605e,5cad47fad5d50f547cf15bb2e2b2e3f21109e1b696d270c032e5e3279159a7a7,4410,459691.50359845906,767133.3597084957,550565.328135595,822017.5704619664
0,2,ebe69318,41d618cc4149d746479df66b951fe1b8e87739b7dee87829a1f94d89733bbc7c,4976,85002.64043498141,85648.84275592954,89974.79357507534,89952.23286122027
0,1,ec0d597b,21a92c21c6f8d2d1a463d93f63abe4924bbfa16650c6347cfa32cfac225ce51b,4616,668578.1418265592,627841.0557207093,586000.5678309294,562271.3177411784
0,3,ec13af42,22a9c202bc94e326d71da37715f551f3b4b317a02901ee563114ddb18d5ad410,5462,380391.47210809786,430447.9095995258,380949.5078536593,419354.13897921325
0,1,ecdab904,94eb27fdcd1e89991e52679204f459ba6a9cd201237026b9975699fdbb7d8979,6147,990583.2490227349,615675.5690179446,887342.1927338124,578525.3326756229
0,1,ecdaf714,0e6e40a774909dd28c3e296f188927e9277c62c29ad9f8f07b773303c2acaa76,6592,1718865.8392526042,1532583.3890511452,1765510.482779779,1584505.5501456207
0,3,ed6436d6,5ad85c76fa37c244121b9cdc7c8cf893140deea91823dd34aa2a92b7b70b2816,2945,6233.680629460647,16555.30873145863,11901.913508831482,9031.919887949445
0,2,ed6e6e54,65b294a2dc6c19cc037d0eeac3c41de15386a000237179460eb35ead09ac18f7,6048,436508.7262648345,406686.2830821432,275183.9217176296,296859.05844038166
0,4,edf885a3,f7bbdcacbc44317370070d9bb44970e32dff2457c15f62594e19034255b0e7c6,3117,446730.732339454,773691.2087533226,611406.8783161666,933671.5758745642
0,1,ee0300f7,227b3e6f6519a6888bd55af087e34190e4eaf8d51cb4e9188e4c1a3862d07d1f,4544,1993728.1046836495,2072267.6275485852,2195955.8790736706,2243625.1007673265
0,0,ee288beb,fbd4a84c7540ea94c01edc030e414ff48d1d5fd4d95770378b27b41ce79bb396,4638,2467949.8379066605,2286128.1615916514,2546819.512569559,2368655.309908172
0,1,ee4aecac,dcf862221d20d324b291bd4a0c4df30eae08ea80cc0aa3d6fb605fe65947fbe0,5265,353954.58456346387,419529.79091961146,281549.0360481998,342023.70522859826
0,1,eeda36f5,76ee0b8e4b0a5b7d539955039f01e7a3c5427618f0c28644f6ccf3a96c4aa493,4797,1395085.7611351782,1203915.0518902866,876037.8361991381,794539.9395992805
0,3,eeed308d,ebf1f8bcf9e354517a39879db3ac9952df1135540b388b314226a47043a97285,3899,134874.15349007642,149368.85481421516,206299.74813933793,236745.54170185994
0,1,ef04658e,700efdbe0ee29a9cb6ce1d24289113b18f7482e6fb3aefbf26abc66e6b281e3a,4104,1114029.18764244,856534.9466880623,860709.2687785242,686885.071017798
0,3,ef8e3ed0,45bc433cc3885b061551a44a237d8e30934533ec96013eac0ebdea7e440172ae,5224,1127903.1688380283,1131952.3564520671,1359515.6437236047,1348521.2344640412
0,2,efde6ac3,93d679f43a51802375948ad21baa7241de11a2c609c4bc3c6e33d96ada1f7c0a,4559,730776.1447039052,682325.0159840828,668799.2736082332,633595.1353810853
0,1,efe96181,b193c76a45a48dc3b44b3f9b05624f99422e59e876e1ab3cb4e62711ee83744a,4012,3010066.915381438,4441336.774429417,3740239.9745967984,5015007.816260062
0,2,f0188a48,b0e2b77a6ebbe059185a7924a937ce1936a09f620d9c9966aab9c69746631a3e,4170,1207585.3465240223,1262972.7118137153,1160388.1227426063,1214446.8803345687
0,1,f021b650,94eb27fdcd1e89991e52679204f459ba6a9cd201237026b9975699fdbb7d8979,3739,208485.87842517672,163546.61845814047,150452.2638263684,126023.88425449813
0,4,f03f10fe,f26b30c26742f9071687a8d7cc4a2738cc21c87523e1017714cc285a0c538786,4145,276819.9603107028,148658.94208603885,201819.58954404993,116279.42408092828
0,2,f053a1b9,88121ea67439affbb6593865b80a776f89e7e9b6a0b81e4af499c1010bb66898,4108,563810.1155028827,496962.3164877166,537101.8180016185,479988.20342892397
0,3,f074d277,ad7579d20ceeb7257c60a6b33d3c7005036962ed003ca9a0347cf5b033d55b30,2453,503035.19387981633,666954.6724988477,508422.5894177719,658093.9042834453
0,1,f07d7037,bea8d9de2862871062da84435f547a5c134fa010e5d1b07a03eb2762b1021157,5563,693033.4618513435,592446.5733584879,563505.3322126735,494874.6029782354
0,4,f08774c3,880197806b5c25d02451c746d042e6db6135ba98691a082c74ab4ee9077f8d89,3900,615627.3784881607,650000.4828306554,1019207.8939908128,981796.0129166549
0,1,f140c2fa,aae3b07af45c8f116731f4792c2b94a81760b1ed072e6f5626f0c09b6ae53d35,4082,168042.98154040452,282127.28014865523,103676.91876031287,193364.40120260598
0,0,f16e25e3,86558f84fe079b468bc3559a3d973666d416f5d554a105a60c479e9eb9b9920b,4651,323499.06429050746,168906.7527561832,210150.1821235073,97370.0831148991
0,2,f2d4c8c9,7cf749f84f568d8a2b59a0a51ed3a1e7ef9570bd0023ea88447e92bfddd7d967,6249,102233.33616923795,118704.1965929686,126734.0528025385,132689.6055234401
0,2,f321a31c,946fa9cc6d0dd4615a51d662037b3a9e372d9fbd6399cd7b905951e00f88eff5,5141,785650.0762528141,732596.4984696923,985048.1617947917,906337.2343144657
0,0,f40cd091,6ae1faf942d7ac8d1202d00e55666ae44d4d6efc1380908eeff77ed2b331beec,5166,238089.94031964312,748906.4825850925,405845.6352516457,1041924.4329925457
0,2,f439a621,9bc811e93a12177931449b8ddb646b0bb9ee10e39ff7407a0b08fe99d923a882,2821,126248.5230846032,107472.18436413999,105104.19743212144,94910.24603727985
0,1,f49fdea3,94eb27fdcd1e89991e52679204f459ba6a9cd201237026b9975699fdbb7d8979,5391,473911.8951695763,338662.76411846094,668709.0726422294,488416.06036960194
0,4,f4d12d23,8aa0ba4fc7e9606b0a2df0debb3d70b03dd35a98cf5adab12b8bc0294394bed4,3701,1016140.1772988371,1057615.5859654523,816181.3622430635,884773.7542315744
0,3,f56d3ace,5adb8bfdd927e039d6d5b41272b1b738a0783291f488d2517b0c66c5bd021717,5432,532147.3174870235,401937.7117377076,560236.4099358306,440310.96635723405
0,2,f5859199,6eabe7a69cd63bc4b998aa6c556d75c3496de41a43af0249834dd71125f26fe8,5790,2180163.493114588,1823951.7767777923,1658947.1110568387,1413386.4754411518
0,4,f5d8aab6,acd383cea8494cb8e13d6d355c5974c7a94a0401212b7cffdcc2f9984e973c5d,4444,1488325.1021694446,1849994.103650571,2048689.5849816822,2317937.190548327
0,4,f631da6e,019a54305464195b7280930d3eebe66d99d14b25c923b4ca5962ca27005eaf31,4093,66904.95150734198,240014.3786694142,81205.2045541376,230371.58376360888
0,3,f6824bb0,5b3baf7848a3591b1d52dea81918e62644c804e0ca265e2542da5d1931249fd2,5015,1065156.7105851236,1020584.492669805,1848858.093376309,1744115.556600711
0,4,f6bc699b,c439009fd48cc604c00832150e4328517db9127d844bbd0d7425ae74194acb63,3752,143406.20010180504,148086.50367289063,150196.9149081887,152036.38617804451
0,2,f6d009f4,4116782495e81a1a16cd3d9fc574285497aa41e0ecaf4bb337096d69f20aa82b,6715,10399389.701867925,10697812.388211207,8427847.380764611,8844117.06122597
0,1,f72b268f,b453fb7074fa8c15bcd0b070aced81c33d4b947686e863630db9439d7111c846,6404,930528.2543947912,1088116.2678555911,1241050.8295994224,1375868.8628940345
0,4,f8662c22,842d0377de19ae78579b01307ec3a85ce53d9c9c6772208111980e7fb171cc0b,5429,616151.1176253742,585129.3207665617,418674.3423350918,426200.0700276528
0,1,f88ddb26,94eb27fdcd1e89991e52679204f459ba6a9cd201237026b9975699fdbb7d8979,4990,8185906.834917398,8055228.721442027,8271441.610459169,8136449.922775982
0,0,f8afa78a,880e4dc3ca7b8b051c9fb6b372f9610c029e850693824f249a315b742f1883ee,6032,957967.429663182,1210089.3998520346,1096179.5388023981,1356183.387352232
0,2,f8f59188,24ebc12aba00ab5be716756adb015eac0a771607d2b6b789cab082d6392675e7,4807,194817.67986192208,147952.11001751834,173470.59559471495,132317.47632961482
0,2,f9fc81aa,ff1f19c68f279653252f2aed600d9cd43a447be7b410c138c27ecf7c4b689bba,5598,400001.7962098087,424392.0222230306,359848.6521717916,402140.5359707043
0,1,fa16d114,72afa3ed1605bfd217c8395987536199f62b9bb7c7860ef790a45cd4518ec395,5686,2139214.2425602768,1254665.2672581952,2539789.9899995252,1591647.158346816
0,4,fa31da94,d4632de676ee36c9c78d77e83ca04958119d85736c3919c2576e0ff0aa2fc2bc,5027,869083.4109178064,817046.5894186676,765835.0324647285,735778.7609886314
0,2,fa667be2,946fa9cc6d0dd4615a51d662037b3a9e372d9fbd6399cd7b905951e00f88eff5,7296,691635.5450619091,559354.4105378492,454049.64900579525,370344.3745991598
0,2,fae0c593,2d0babaf8a5f6fed539458d2dcf8491ddf115e2742a79a2d7f5b8146417416ca,4403,356589.27658277727,377045.0652895207,315908.0951924877,361802.1088604345
0,0,fb03ae90,25125c769045612bacdceff1097ba5a1dd9930854f77057f6e8ff644311828e2,6431,23092400.768682204,24789910.468015555,23133192.62789264,24823563.379316803
0,4,fb0904bd,fb9d05c044492df28dbeb4f23ea5ec146bc4eafb80ed138fa689abada7e15b2e,3181,108860.41888708562,247252.56290677836,128918.52049912744,257608.85534437557
0,0,fb3848a1,af252810771e097a997f55690bb1f6d003dcb2fd4d190f4ac06218d0e57b87d4,5919,817945.2793868778,964029.0804664086,430511.6768477059,557896.6081973658
0,0,fb73b13a,8085e0777ffbc2945e118e0fabf273d5e4919321f81732f3f890495c3b72dc84,5640,758537.3086323846,767306.8005286927,973382.3346304367,965952.4402301945
0,1,fba7683c,1d5862ff43d915db7a0c5a524520dee837a19fc77123a417620ecd56c3a15c6c,407,963.3961210406186,6365.6173125080695,695.2497892635424,7505.624367077805
0,0,fbd68d27,fce69421b9df5106849ad157f2d1cf0ea474424eb9761e95e27c7a398c64b6f0,6829,1575156.8834115318,1240571.882847657,3321814.4811647404,2702095.5859391135
0,2,fc03f21f,7bb9724fc185e24f576bbfd427bdf4127e9130ccdb45b762819a707f84dd5453,4803,360604.96028452663,514472.83382593736,499651.8019616259,700441.8047499261
0,1,fc0d20b2,924fed58b68160cca0c9c6d43c42aee9e8d61f75e9c9e9a8db27e833f3f90f67,3954,117768.03311613601,74064.01252721493,168434.44402907667,193249.71374799896
0,0,fcfcc902,2bc5ba2f707603536d7baef0dd4e21ce6873f34f5789fc8a79ba44241cdf7370,2791,65826.03562919107,43482.90751325176,53968.73754306698,35342.72668273032
0,2,fd3b4faa,0369cca040b7469a2357d18164bc48d15b8a7fe7f610e4ec694db7696786ac17,5022,56604.25773525613,82917.90031011763,43185.38102870188,66505.76878490983
0,4,fd710aea,8bdbdaca48f7dca33957d9b3e96b8facc9a22b4d348516cb0e043d040ec482ae,4217,41526.89276342359,171258.80224433355,32492.200876565912,143965.9475145335
0,0,fd8f77fa,19d153d098b4d7e8e0a759dbafdd300c2a93a0800d4d6207e4d70603bc00eb07,5272,2019720.0763093072,1797663.365819308,2116440.5281133614,1884622.6077486947
0,1,fde20ecf,93996f60a5c70930429ff72ac9c649a6a952ad8c342cf442b57b4722164a26a7,4667,1101398.045332454,1010827.4251565284,859063.2073685236,811834.8119642623
0,0,fdfd57da,9542f56dc229c8f0eee67922d2458339bdfada6e95b0f18633c0c0b35c9be764,5236,223060.0492885086,252749.32466527127,191355.67651230798,217433.83979893714
0,3,febb4411,2a7ce8dbfbb4412ca88e26d2f224236bfae2ff45047935c85738cdf7911ddea8,4247,1372459.4565475958,689259.9760237447,1104070.023814161,563835.5307906438
0,4,fef8af96,9a3d5a26cb0935bbe1ae7e3c7f540f417b02f9f7bd4f848b0357ed1b4f47b55a,3826,4817548.875102981,3462172.1320186285,4497791.571260734,3321144.670488434
0,3,ff0aea78,ba5f1ad0e27ab7f115f9156cb44bce7eb4c5b6be55c789fca9add0ac8c99b2ce,3261,3381257.259975545,3507006.0159274163,3350272.704198375,3467183.4108319944
0,1,ff8bb73a,d12b97b012e064bc4f2f429f2a8140dba09c83da462c4695184887c965c0b587,5927,409559.39955991955,477615.64012046944,383918.94490945997,441806.2129236654
0,0,ffefef30,b7de8d046e0a772a79e5336b3ca560d8e966a51ddf17119284a7cfaf0dacc059,4570,686811.8409993531,646747.9418298507,852658.5828164732,796588.2128755692
1,1,015fe0d2,f54c2d8e8b904d19f277c7dc43746043d417bbe85d88e8495189ee58f0a96870,4296,794838.2762797652,876698.7764634263,811575.7303892154,888019.7962624358
1,1,01869cd4,5545624acc233ac19b7e0bd30b19cd6c685b423947e521e482f76ef4f5671afd,5557,403229.5190863784,373511.4490970095,364506.26187189197,332375.06987031637
1,4,01982c1d,ff32b6e9074eed00ea1a2f2265e5c3faffa0ffa2775af85533c390088794025e,3941,503153.245273033,220289.35009745316,463828.2403375708,217164.31741616013
1,0,028d7b28,cf34ef2df48068d83528821f0f8e32dec2db346367954621966ebf60c3298a58,6234,1234094.6089915088,1639802.7731555398,1740480.6200350919,2162756.631534966
1,2,02e7fe5a,94eb27fdcd1e89991e52679204f459ba6a9cd201237026b9975699fdbb7d8979,5108,200824.31647904555,215004.1851088183,207390.7245474349,216089.23119105562
1,1,0390d174,80609917007c64645d6f35a47df64ad837e411a8b8fee77e45eb85a3c4a9ebc3,4411,487154.0375604924,400376.1250694656,601659.7768180978,501128.3830370367
1,1,03a935ae,026875fc11d291119937b5219e2402265c1ce22bae44f8182ec5cf4d50224315,2786,3059154.3488485385,3396748.0657246946,3163695.550764135,3470740.7036730135
1,0,044af7d1,ba541cde22ee063e69dd1065fbd972f26edca96e12f8d6f269fb80c8664cd92c,4519,112470.36795387144,100558.41624653118,87689.31295827433,77582.46608247241
1,1,0498acab,cce0c192b09395912b50d5a88c368ff83aa200a37c240468afeefa7961e39ed2,4798,133678.07754407002,87627.6222470068,128524.15172217482,91002.42480744421
1,4,052d64df,ab09959866583a7be49fc05f9f6748b18c0cb713991fe6e685351584deb213ec,2445,55019.01692299107,62938.631508132574,40838.33519289392,47386.8160085462
1,3,05948241,5ab4339d7034e454646b998f1b44be942484101835d79b0b12d28289741c4924,3879,86388.11518907064,252695.09214505812,62668.491660192565,182987.02848778208
1,1,059c8f24,8ed02769d87c0deec59c520e4785a40d3e7c9fa498437ce706f07233615ebd2b,6258,1198888.2499306274,621517.7162666738,1182135.2753496058,650142.3536378576
1,1,05a0ee4d,eb84b25bf25584cdb5330aa08c2af03c3a11371eed7c0956d5c3b65bd1ee18dd,4348,1180626.745461397,871229.8959301237,905424.39876287,673659.7086425798
1,1,060ab2b8,4e7ee6788b0538e08794a6b297160742dd061b690d731c7452182d46099926f3,6258,230930.98601616663,265958.28174834163,154632.87481379518,186247.41913820285
1,0,06df5958,604e0de5d34a4749a82df6e58bcb0e11a5764d4a821b82ab712ba463a7d569a4,3509,27206.84520422394,30844.21335314789,35898.841046597125,42091.99441042352
1,4,071d7b45,66882906104713d41e50f30d1e90f73cbc0987dc97057d57bb8687da08ed2267,3211,302283.6297879795,107172.62710162769,272210.12239510764,96401.96381986621
1,4,0849b4e2,4123d624f00e62d28d01d586c8699199041bff193579fd0a245f3f3fc559ebb6,5537,1268207.7539998365,1367096.2061288313,774864.5777550369,889931.2619336997
1,0,084d66f9,9ef5e5b68f794f9a2be192013740f945d85db57aaac1c5715d52aec3de15b388,3885,458334.5768553589,373396.6636850077,465530.55849265476,384123.6560418987
1,4,08fecf00,128255392f8afc352ed46b2f185769a4db71de875d36197175cd2dcced3d0718,5574,177291.92440134432,193648.6722525846,138719.71215891157,140197.18839382692
1,4,09053135,935f98cead6e1f3e4ca36826144f70f78bdea34dda4f01a06f61ef63ab51026e,5907,1154964.7040823465,1595922.093388533,1021473.1802873954,1398713.1108080028
1,0,09441b8d,6467e73b7ec35cbba2c1db2ff88cc8ddb06c9cf415ddfb93fc3e668010e7129d,5488,764913.9850779595,793311.6016097337,1095454.7475135315,1099373.4978733803
1,3,0955cd6c,d6daaf618570e818b416926dca36939d9e26c60bbd7d99b0f6aa33f55f64f4a5,5195,125622.85820206835,133406.19151440792,171832.7655464935,179416.25846675667
1,4,09ec2ca9,f63664f5cd191aeace1e0ec3661c81409fc40640c3c1c7584d16b4c03e2fba40,5885,424215.61765113834,202912.732766254,313867.37285775255,177617.16455139592
1,1,0a57a29c,968954f85660d13f4233de3ad6bd7dee677b11761336c06609b19d1489e8c2cc,5821,247657.4938228175,179173.90731652602,591452.822504255,390877.95820287545
1,3,0bbf5e67,f9631aca671bc6515cdfc4436d04da06abff84fc5ba4152f19ded8e2f94d282c,4298,350434.9552322769,463463.2974539153,349703.91379344877,452125.905316556
1,0,0be01c24,713dcb8326bf0288331ac5d11c90397b5da461cb92c1b54d80ceb694d334a723,4738,125137.09276622508,107369.88024294548,123626.35076850838,113433.82439061385
1,4,0c1b160c,cf4443772926c4fa3b4b257a97e46535e3e360191e767ab5f36959e7c6e0a932,5054,137436.81368255522,135895.32337688678,191532.30618514417,141658.207985859
1,2,0d99f8e4,63447b37f3f927aeda10e652685449742d4349e5e561bf40f13ec766269917f7,5823,667280.1783216055,592882.2762997404,1217520.3874592627,995954.1066986632
1,4,0dc5e64d,26674ff156aa5368d8000e7d2429509b7d837071164b6281a6871ae88fe9abf1,4879,1201901.8964096645,1193993.551091261,801920.0474139992,828750.09056969
1,4,0dc835f3,76f26677d5be9bdd295504113b01053170128808c425dbb55e99542ded487ee5,4428,299750.56202930014,323197.0246858877,305149.0770117167,317944.52556262945
1,4,0dd99dc5,2acc6f0e53c607264873cbf98ba184fd285b7919bc79aec71552698ab9984897,7342,509301.5450254957,272899.9716995155,280085.0224844903,168220.34567015295
1,1,0e5e560d,4176d07e7ee2b09335217163f1998dc24d771382211e3a70fe0ea69cde43407e,3253,145296.73150485454,146890.778587848,112813.57777242728,114389.7253523652
1,3,109d9d70,4e974db4a97bde4344d373a4a292cfce86f8287c2b06a123035d85644b129673,4215,701009.3917791188,863828.9173583535,550251.0815474177,701106.984061464
1,1,10a1281a,6d2a59cdf50be152ee13263892844ef42b01eaa6f321c5440b0b6e70f44853a0,5609,322846.19790792157,775850.4303524529,383712.5303396373,829892.2613876286
1,2,10b89021,94eb27fdcd1e89991e52679204f459ba6a9cd201237026b9975699fdbb7d8979,5414,496869.14407603885,454487.80188670824,384224.4634408563,372043.83464227465
1,4,10be2420,f835c3841eb266149a12daab6e915d69d8992fb8c281873b4a2e5b9cd519d3f6,3271,580027.3623851144,294696.895808465,445297.7164793974,230808.2271431742
1,3,113011eb,857035812eb27e9bce844731e42998bc79d541a829eeb06530326b13adb91a48,3272,134423.038041292,128879.40937618236,106786.57524028762,107849.09504826339
1,1,1131525f,383fba77f4c922d9f641442b860fe915d364a117271ccd6addc4caafe2093bf3,4159,1117680.765452672,1359609.216707568,1225663.5358200988,1450193.093373336
1,1,11d0f5ac,25a161826ed24909885a944abb3e3f5409cea6c444c7ed8c281aa0543ae906f3,4883,2165970.0468768277,1482456.4059959704,2624366.513409754,1873541.7369354002
1,1,12203f2a,971b03dffb4d1afdc42768537d2204a9080869177f84e9149488b8edb3511cc1,3261,295775.167960737,218407.14982407476,358058.3570466489,273321.6458587161
1,2,122bd617,162a82494f516ee0a3b93c8126912b4a33b4abd9e7a1bb895790ed8c2b0cb9c6,4570,250748.58279565247,461100.71667080256,228761.91766896716,414112.83238418703
1,0,125be846,751f0410a69b2bf766ae5b693e906d1cfa0ab6d27556a8a7060ae715eb7ad724,6510,1213258.5406824127,1301650.307419035,1034930.0195697793,1122555.8986622724
1,3,1285a37b,aa3b632103d76bb445d41b79602f9c89d3cbeb0524cb4b82125634b7f998f010,5597,512767.1778344761,323421.0779934444,407117.54742727324,259345.40650284704
1,0,1295a25b,ab0c1ed6050411afa49ae85ea0dbf0481485a19ef8caf6e813c27df65b9aa514,5551,299526.1090015481,270987.7800384782,220740.8151063571,198391.74202783813
1,0,12f0cd90,55780ee40d9203724469cc01328566140d87d3e2396a5bbd445c5fc9150c6f6f,5947,592787.1898759606,342239.1668874212,853679.8796011005,510709.1115538437
1,0,137d1e44,4be418e45dae85fad0eff745ab8e2bb72f0c07faf41062e75fc758f56552eec7,4554,2308652.486248406,3314717.1306619598,2601690.94418121,3617186.3748384286
1,4,13ce113d,b0c0dc90d5a99209e09e24b1a23b8c2bd08aee6d7b24b0e9d283a5119026895e,2966,61897.843902773035,119540.07964922143,43183.50784125985,89639.00043487131
1,4,13f598d9,5f436200ca5d460892f7acbd1b82d8ed2147bd9b9b7c1189d724bb25e1b76cc3,7306,286504.7738097041,368526.57466599887,224385.78952358046,299203.5286123948
1,4,14a53cb3,44d0aa9be582b81e95101159691e2cd512ecb26ba82d3d5a07c8cdfe2863fe60,6919,302210.0886750892,308632.34793901024,203464.57486955775,233681.776687461
1,0,14ab73fb,a1ac6d7d38ea20e49373ca28a73b8317958dddd3f2e02ea62a209256fd239895,3649,477106.74417354004,244168.0890400392,335548.1981335863,186950.61121482673
1,2,14ad5efb,0b7c50fb9ca772ff0bac6438211b82e160144bd68755e7212e5dc99e6bfcf068,5842,166917.33542416472,207064.11572572007,155031.52808525576,194975.791344496
1,1,14fee784,32f92f954e129b864555344e54337eb7d47dbcdb81712f8e880a3772550828db,4910,1303725.751165744,802857.4175070992,822398.6067961751,555464.8913923621
1,0,153552f5,3404d5570ee582a46acd754c662b2d01cc390f8ce4dc702efd874b861e68a939,4695,84925.45735610022,75666.19779151716,113071.86543588481,96441.68297595484
1,0,1550491d,726ff9dd17fdd1753bc0bd3e85cc0fd04d9d5b177b62b564fcb85d033c1f6f7a,4563,677057.4729491057,550884.7219032029,521560.82758908917,427604.7660667043
1,3,155887bb,6f8fdacb57006c9ca08434b8c64eec7498e407755a50bf1f5957341003e116d1,5585,942041.9773591205,1083004.2003672782,623519.3490544637,764698.2067243548
1,1,1590af81,7c9636fc0c192670b5190dd4fbe16954b4e335735510c4533ad0828e68dda9b6,3799,73647.71187130544,120714.16690043997,49427.483325729445,90659.45660575501
1,4,15e154a1,bdfabe666323e16f930a023d1a2dad9179ea9eb3141f6e9ecf463f3c0610541e,6068,106194.82072315042,76652.274914529,163501.51814181087,105954.37045242498
1,1,1619e2ca,6b5aae65bf00a2da7b4b2ef958626293cd17cb95af55994df61b7ed11c979b5b,4443,75665.78444339936,86280.35536059701,79446.43435865006,99277.83180193533
1,1,16e4a047,6ac177febe4de6defb565ad3f1ca0145dace0dc147fcbdc974acbda1ffc48ba1,4131,398195.38537007896,542836.770340235,302539.81613542326,428785.15730247897
1,2,173ed841,014c211abc0054c592252d014438d34a0f795152416a5a1df6e3fc43910124d7,4883,2656475.3185119703,2836952.7885997854,2519535.4747941326,2708300.386666645
1,0,1770d7c6,4609857f1ecdc5329618ec01f7ac6aee08aea2f83f42dba47db609229f7d4ba9,7240,318478.4333523403,193187.3982609989,179575.28707833437,146900.66908406446
1,1,177622d7,3c8f37fcfb72f23197c07cc40afb5726f3a665ab8e2b30f04f912343d690ab05,3154,559383.6355897295,356876.77156550984,508280.3757001707,331431.2874201843
1,1,18d24f7b,ca750bb91c8ef37fec02c67e4ba531c0d833f0221d96be801b6def492c9aadcf,4558,133299.36922559747,124581.71348890566,98631.69599508027,94200.35472480865
1,0,19137a89,5c811a492622b071effc12d36fc73079d81d5a87ef96a637f0f0742a423c05db,6267,988396.6753850447,881300.7179381772,685151.6638490262,610428.0551623018
1,1,1944513c,7cc18a46da085c918409aa5b1fdca763fddf4a700f6958ad528f16f152e4f495,4722,349279.94537064317,365365.19945347204,221766.45267191908,243346.88083237948
1,3,197f8a5a,93aedb0a3d09e955694d76b041d81f545868a0d21aaf271fee33bcda9ca88cb6,6310,4322550.270111781,4751349.405739685,5082068.258449601,5425002.075877682
1,1,19871e7f,ea636008b0b84229db08ff0c29086c4688b004c624059d75fce6efaa63201a6e,5293,215309.6841649521,155691.2546964882,326350.38022099325,240128.78192249846
1,2,198a5607,7777dbe446a81a3bbfcb6d9bac2cb0c618c36d56114ffa030232437de456ceed,6251,585745.1094334952,999793.3771432338,539444.0975851351,920336.7941725552
1,3,19fb4f7b,9a19587ac2155fee3db1817ed2c7521673673752cf11993654aec95bd108a608,5620,246343.03218098485,499865.48037553055,273832.97475270566,442662.2835073657
1,2,1a518997,b730789badf78d960706aa90f19bd20168d36828514521c3b81dbd2d836bbfe3,4606,528521.36808127,432176.0121005918,401487.015705138,348122.4489054297
1,1,1a68190b,a60c07e2bd41cd38138a00d6fce163312f5f358e7da848b29b89c6af29253c31,4474,1377760.0367133967,1624959.2917737279,1316503.6510880324,1537746.8270280352
1,4,1a730ac2,73185a6a05e581b465b8d2e2b7432abdc00caf84ab6512dbdb48c82602929f4e,4605,159392.00896817478,150140.15042140253,75453.733229392,209369.467303315
1,0,1aaf1da0,f4b657967566c01f022b965c6165c3122df461486485408b3748b6c018e566d0,4804,579112.172667173,338894.7225510615,531436.3843355958,321754.3408749992
1,3,1b08ed48,8dba6ceef828b0a6cdb64b1e8494d3d65e5c853ac37813ab155991e0d61dc8f8,5618,473154.8957497453,434117.4978311958,306171.7228652217,291891.9195976136
1,2,1b1c5372,8b0fa1fef698e9d3ae02ed20d423d1845407456dc4b5acbe2c4439bc24a73cca,4261,1503799.6285081708,1066567.8675579224,1483811.7186087584,1087435.505138129
1,1,1b1eba53,e816d75338f5544230706e39f1a607a8d755edc10ec9fe0fb291a51a4c189ab5,4655,25573572.672073025,23256220.63564142,20971231.931602515,19332122.173106387
1,3,1b6ba517,635dd7193631c6a526f8f0c376a980b7574cee794cc65107161327ea390df16d,6597,218703.03547134134,202646.36339278374,187328.52353475476,180671.3906516827
1,1,1b82b665,98be4c50a3d406a60b7c31bc52394f020b295f51112646273a7f444556e55896,3806,70771.90960682658,43018.125921594095,61213.05547544837,39929.05270505753
1,0,1bcb2fcf,6450019b44dcab4173396346a26ff63ea82a6e429c20b3be9c341b6bd4b3a411,4524,60010.9027096125,237372.95992814927,34576.499291443484,183096.00966634313
1,4,1beca81d,ceb26016aedc66367e85583ee635ed3fcef43db8355b5bd2304e59f54087a295,5036,199089.51588419464,179790.34414284493,204214.92532364634,189950.91184956493
1,2,1d3fbf02,6fa4b538950ed657880b43f0204d538534e71d99d24d13fa56f3bc9ee7e741a2,2694,12080.04852709597,15034.878077201962,12552.354776881573,14607.282825000697
1,1,1d78281a,33a82ee23e8d1670350f9e04b054bab683acf322eff757565edf969518420e6a,4949,777371.6051809674,655296.1180778358,747765.3743699368,640919.8787912568
1,2,1e30dedf,e9f9bf0b7557514624fce9228b5219836a98273406a7e33373924c12ebe8a590,4071,395541.12874585926,514975.7122873798,247729.2170462235,337354.51982126466
1,4,1e5e3573,4c98313e7672cf5884eb9ab92b4e5916aa6905d56bb158ffec2780128f8b0ed8,5480,471743.11313587637,235250.4500449678,563197.7846457807,330360.2390165165
1,3,1f9afacb,31ce99ea3d82087d90cd6ae1798abf3f93b0855a5d7c00841dc651a04a37c8fd,5328,27254.53853619218,27254.53853619218,23937.112089378978,24021.297858742302
1,2,1fdbba44,d1749ab9fe1c2e29a7f73379c0bcf66cfbab1acf5f754a24eb9e580909cd2676,4911,141446.04127804935,135135.73373025534,108498.0443694626,111829.1523104346
1,1,1fee2b62,1a26ed94f1116a6a539db075d1641abfbd97cecae12e4a8495b4bb8a31311cba,4641,87847.2967115284,281177.286440645,182540.1517275827,423622.9431310111
1,2,20096916,591b4f7aab5db0230193a16ab4e014defeeee1562f865a52b429884b9f8e2234,5133,129755.37075355928,287322.7759607249,117234.65263944969,224680.35830227437
1,2,200d233d,fd85b14c55d2d7a916366e09ec2fb992e9dc6adfec9795dbc4dcb61981aa1e40,3926,268341.1115012839,222089.17773157737,312685.5834388143,257787.62281117757
1,4,201661b5,eb7ba9e103cc68ad7c6ed3701918b06444b2f42629b61bbaa0f5a61fd447d952,5955,973677.8763422018,1298380.655195873,671564.3352320332,957823.3800194506
1,0,203721ab,05af311b477850659a273b8a0e74ca83e53e735567f38588128cb1f67fc291e0,5730,332191.53298126603,298976.21618346137,360287.69745993975,293584.30739958934
1,1,20402d71,b8dee8a719a576bfc4dfd4c74191961112b1259277c27c13272f1ad1950cc631,6372,724918.7933975797,795759.2215089058,570647.2955775434,641504.5856203081
1,4,2043abc5,44b316722bc73bf54d446b3136e5bca741e365a89a3225263d8e80b252807b97,6958,827670.898313585,835576.3359242448,836441.9658063058,840069.5528742739
1,1,204cc64b,04c66301df928fa0dc0f73bb9a1b3055d972c9e4bcd43ea51a481330c878ba14,4805,97243.49046264085,96576.88866878039,101520.05528779239,103717.95391015109
1,0,206b6193,6b20080b1cde08d1c03f853a217acdd82eedcf1dec6ba30b750a99fb24643745,6535,6418947.569704688,6102153.049213926,5881826.981120521,5631093.686362258
1,3,2075c696,01721017b46d051422fe36ee6b2f089b887d04e6ed4d8f6600e6c66bbd0d9e5e,3188,782386.7037787947,984054.783836927,806304.3540359791,992028.9325355483
1,0,22c5f93f,7ce8898679f22966aad54f69e993c766ae97c596d5334ba667b984e3d57dac21,5172,263723.2756462886,150957.2502087939,268670.71562957985,149629.26123200526
1,1,230eaaa3,204b49634c9cb4687d6f63b5a0d653591ca92ff1e65fefbfe95af70de6743063,4690,2414226.2024296876,2075737.8061604432,2203967.359888891,1942334.730795199
1,1,2364716c,7100d9e2b279b27b1e2016771c8b0eb1ba2262acc7203023688e6b701df18cb4,4316,955217.4211579596,899364.5070235445,860727.1861754067,818386.7804227683
1,1,23b9beb0,b34e333af421ab2fc02a30fa9a0dad2daec7b7fd714c3ccc60179b5f09230566,7340,237619.56550587612,144922.59272777507,110357.40505278052,92630.61975450572
1,1,24d8997e,8c34d2d264da176b019737d16e4d3ba1abf6d65633d178c677a533e19617e093,3442,80166.46390175735,61037.298075391904,55759.416481215136,42092.99816961291
1,2,25050f63,c24dd46139f7c811f19ac93ece6ac35f6c841a11ddd770f4d482fd72b7247848,6124,1051493.1573313768,1498484.2849751543,991348.6639638224,1397184.997528609
1,3,25939962,42acee97968ba87b1f0a7fbec44851bd00f12ac7051e9c38006245ffd4968473,4319,343290.1794622903,303345.0265385126,523212.1078920512,448462.67553687945
1,1,25fd32b3,a1bc64009bd425fc3e086c5c4d60850e17be7f6e854374d0d497ef96e946b014,2885,9985.543476474062,13848.8306202009,11084.741779592121,14730.246799726174
1,4,261785ee,367d5f1cc835c7dbe0aeda120725ac19e9f4397998bbead4334aebe2ab10d488,3646,1150421.4109386154,1341809.4755993022,920110.0419217901,1099041.6285414977
1,0,264feceb,02022142068673fc94e3fa2f370cc4bdeed2bdb54c61c76ec45c6e896aea5048,5665,181097.3521222683,119963.62456633197,101644.9333387842,64248.97289776127
1,2,26623a50,1b716f3da0137152ccf418fd9e2398a24f9a61c15d758b725b229bbe9f713cc4,5735,548724.8881980958,717161.1513546314,572827.1418874592,723863.4180876706
1,3,26d3a96a,67223b1cbd8196df41273d5f3325578db4f9a69c6127b9564778e116bd36429d,4721,139286.24949577794,125447.4403239116,117952.2915473074,111557.60635871127
1,3,272abef3,cadcf5d1f3d1a6421a9fc2a853f76ecba953c1c11393da9820b3084c9c1c2e06,4135,256662.83815392933,197517.82144774546,198680.08836721146,157078.41805761633
1,0,27300fd5,a96b0f17c5ff797f50d4140461370e1d1549ce0cf024f0b4c10f61f20a08343f,5467,906409.8526386147,1493841.1387440083,610786.7123360899,1090994.258312739
1,0,276b012a,13485705d0b8c33b345b7a4a54b96278f33291c555eef91fcf14426eff85323d,4837,580550.737855978,526263.2765880069,457472.4285887406,430709.17547817336
1,0,27c3155b,b9574357084b1544e1720949ef7272bad2627f770825b90f2fd143b744275f0c,4958,1408085.552397016,1195535.6701718713,1193502.1319810536,1021922.973990217
1,2,27ebb9b9,aa04fe5ab06537336d1f6606063469eb3f92b043daf558ab1347707bf12f3829,5766,280187.84673573537,274680.23808058293,306615.0935717964,296092.2863430061
1,0,283269ac,7295d5714e91f3a9336dee65acdc163f79fe3597c927b9a55906d737fc9ac88d,2626,16164.238453459402,18121.129607647792,5987.825649615,38080.214021912325
1,4,28473855,a70c03be6723cc3d46385bc7bc08b498e7a43af49ca387b726f9b4a0c20db2fd,4290,67669.55523469698,150600.84575179068,79513.21591758891,168472.00447576313
1,3,28f4eda9,537b65bb556e3d69523d8df5d5cfdf3e6c7d83482912e24849228b76fc9da913,5266,224746.79021398764,289553.8956380086,244684.17945072212,345560.82514714974
1,2,29b24409,a54562406efddfaa54c61fd53875c41169ce3384b493a23a26ed1fc79f55c5e1,5587,308033.22950785735,422987.0035661836,319884.0237645032,424010.22848788946
1,2,29de15c8,81211caa3480b4e773eea46091e9041c8593f9120af2149d04e533e1ca9246b0,3431,150440.6693805785,188683.190113122,159593.42847385138,192682.5871699927
1,2,2ab29395,8a443edd7da24ab7094dfd13f50d1d8fa955e87b428f6184365956952ec076b0,1852,12001.068872955384,26393.462210345897,10238.929039513157,22352.548740280163
1,4,2ac7cb6b,9c1576186b0a75c78739a3d3aeab9ff78c65d29ee817e5ae543e3154b89a5ed9,4990,1423901.6624491056,1223759.2243344327,990141.7387611121,906271.7063142507
1,2,2acc78d4,a2d95d557eb805646fefe3d3d532407596b85914faecbd85a753520b20b29e07,4266,332868.7571025274,334782.274354097,362492.2046350277,358139.36359885184
1,2,2b034622,edfd3868e856c0bd97a2a873f6cbd336a2e97eacb1703620e9c09ce3c5e65783,5203,214994.31757518317,250932.24944055156,148321.88226366678,183327.19967532833
1,3,2b06ad65,1ce86dcc649f585fa201c531ff4178415115b5f482f9e9b9694a3e1123864291,4256,17050.676699476026,32476.28573736551,23873.40593360463,34024.464536455824
1,2,2b547943,5980208dfbdcc30f275012b706838af89ea80bae28ab29003195363c3f0a83e1,3480,374849.6956834438,373905.66710769676,291173.2545195057,307442.2061151579
1,2,2be5c96a,3b6eb0e756bf17d70b45e893ff91cf36b13abf7a5642432d06fc7fa0281bbb10,4210,117070.81296678868,172127.46456343672,139979.65883607685,189845.1657197302
1,4,2bff06cf,e95e3e9b0d9ce02125f402dfba7dedd35cd4b442bfdd9aa328cb1dfd5e746bfe,7624,4226137.799475109,3160092.9097827766,4559073.736304183,3516019.7568251113
1,1,2c0c4a4e,aeecc0bee110d5f44133a29a4d61d88b3bf9e39c09e044c19a05c3995d39e903,4790,341771.83112659235,175917.88515963755,223278.70622743055,108559.6948036493
1,3,2cee0cba,2e1a04ebd061293aca05d508d1549cd88afe3e753122618876ba43272bea49f6,5500,306244.41846610146,258332.06478045572,227334.14960722803,204705.00401179024
1,0,2d0c268a,d08b9a52710e5173d579a72dcef0e2320173d9aefa226d178110e731c9119ade,4550,391544.6882889495,182286.23169428133,391060.8410624998,189220.4151776408
1,3,2d179ded,4914f69cb146683949eef0baf4cc4fe40253eec536325741040536d913770ab7,7008,516410.02136213006,505864.94199013826,392519.5991964415,394831.43090823654
1,1,2d196986,a688017e0d91165e87a0347e709798ba35415a376ffe7d060028c0de05ae75e5,6474,625591.7235023736,792151.0442590902,423453.2394872414,555790.2350502686
1,3,2d2d0c6b,ffe38f10f0161ce6828e1da86b6409b2b5625b7214f63c71151d408104dd0e29,5045,161960.17495625257,165153.38368752552,55112.623273829944,63925.17932842299
1,4,2d35f86d,4744ca9e84a89295d322aa5b5de94618ba20f6f189fe7bc694e6ddac3afbf430,4896,603355.5748327858,517691.03703613044,504829.5277586185,457137.93750244856
1,4,2d9f6cb9,42a3af865ef0f58fc4c9e4b872c3dce131cf8e43b0404b6ce77b797ccfaebc70,7338,238149.43889125198,204710.1010371276,206844.7658511842,187414.56748433667
1,1,2ddad940,48c0becc55c9a469f898e0e804146721e7d61282e2d9b1f452e41de33c445b22,5331,293901.57808094996,524512.9330832679,284153.3298095106,494198.09219676314
1,2,2e29e833,d289945431da7bd72b2738b01e83530007029682d0ab1424559fe579edbc03f0,5428,97165.76219133989,134100.00759174582,83945.05285415317,119542.86111183645
1,1,2e43c2ea,8aa28f9d14f7d56a4fc12cf36cdafcd6213bac7fff6e2a22d93a8c04cac857f4,5698,101698.34938659983,180582.87575792352,81907.35594441752,152454.79088907226
1,2,2e63d9de,0deb626535eb883fe669abc05260b09a4b7a9dfa409d4b0e896d9025f0d3f55c,4699,1664586.5572425565,1802975.4735508694,1987635.2757385771,2046176.9875137012
1,2,2ee0235b,fd09753b7d2543d9d6b70c795a4dd8258fc521e9249e7ce38fe30e45cc531546,5556,79259.9861290029,92776.42923840396,73536.74841650236,81201.26392783265
1,3,2f19d536,75ca99142ab0041f2617a213e63f339d8dd1ab090bf7c19b28ea62a1ba47e372,3088,16455.633303579278,19773.88320413383,14642.605428939032,15242.41404181856
1,0,2f8e53c3,b4038f88443a76c41318edbe94e62c4071d26fc67da2aace6fbdc276c011aa11,2594,8840.527024046765,18420.63057039665,5543.85684148787,15700.144175814019
1,3,2fa01aa6,f845e55a155fa1a07004dfd9561ccd0acf6c3f6657138927f0f450d9487d439c,2174,867727.7575521097,551391.1155115706,619466.13940375,396261.1973988492
1,2,2fd68f7b,ddcd92dee484e99c50968017fdc9ec9ed293db064f151dc95eec6c20ca9ee68b,4730,15445166.02572526,14072867.313024636,14231505.4760361,13273738.421516139
1,4,2fe023be,5739b602b50448af03a33129e177be6bc615d54b248c8a6e73401a9cdd63a820,4221,406619.27774760046,471903.1944355798,453704.4795440228,512108.8290361287
1,4,30d75030,5ada05c46a68b593eb83ba582635dccf33cf456d23a475a39a2dc2176e377edc,3404,1149692.9794993564,1155991.37660503,703723.6983371337,745104.7320785957
1,2,310c71a5,f7d26a773ffe3b5c3f1b5b81bfd779295f559d2f56c9b8b694e39a5ed9e6b899,5245,141438.0139331384,163183.77620621375,122437.37924638338,145234.2730628242
1,2,32fe84c9,67ebedf8e238c8ecbfa366f8cd14fec95a41c2d56ecb8cbcfd534eee774d8830,6408,2224150.6079786406,1945272.2895326063,1759930.2733044466,1620177.402774178
1,3,33c40295,d85a69a8ed290cb6bfbdbb65c1828809e8339916d6cf7790953b7e0ab13fcaed,4169,285630.83262534236,356431.3959459607,193514.52309855126,336831.90883401514
1,0,3407f5bf,109fc36cd80635a7e588cf109dc887a56a09eb169a703ddc1153ab731c293d56,3638,1314811.4559083069,1340392.2399827875,1461130.25314601,1476868.4310577877
1,2,3417285d,94eb27fdcd1e89991e52679204f459ba6a9cd201237026b9975699fdbb7d8979,5449,4689182.581708018,3416581.680352381,4749006.179979024,3567575.1131551396
1,1,347242c8,f6a8138f9372118a76ec88d7d53fc7555d83a4dc6ab6eba495667e976460d3cd,3595,31447.333531433767,77771.15075740285,26822.000470612315,71124.41264489343
1,1,353e5502,789980a7e432a2fbb1c85f9cd0774c64ca7a96375ed38240837a476456f1580a,6062,84361.44149397465,111179.29268861856,77427.65438558556,89341.03181879583
1,0,357c12f9,792c7e392da72b257386fb2907187d1a1559b0f16e2e85f1a1896646925064da,4079,25788.56579878088,26786.340848720527,35232.20957439203,32685.3985336708
1,2,3584a6eb,4c27b0910684a692cea16f73ad61282220f30a1160fb280937cb58271830d1a4,4494,380232.71447901125,467020.8221506483,348606.66479974193,430425.0939523934
1,1,35b30c7f,7d4cb9db13ef6de69276c748bb6ce5fd296c23edec32a06701eab4015446f7fe,9579,2154101.5580823193,3315520.602676279,1353630.187303414,2317119.8854818433
1,4,35b3ef6a,ab50c5ae5d104155e2f33600ffd0b339fd8194ea6483a1fddd307b8a54564611,3904,2419826.892609789,1989141.5408297533,1747576.170003201,1465256.586884418
1,1,367456ce,ae87f4a99c3655553b6f514cb69255a62a566932a20e12a29f6e11e3d36522af,5569,162480.98152371484,125198.34476448568,133967.6985319208,109966.82981769899
1,3,368131f9,0f71fe4093d88921462163ddedacca9370d1dc37edb7599a939af5ebe32726ef,4991,1688257.1207162982,2352631.6902220086,1138129.3350821962,1738472.3399464444
1,3,368fe682,dddd0e996c03ad9d4ac9f4872fbb6009bcc15c1deaceb3fd83c0f9e2c0c9df12,4936,1785431.6448343745,1876397.4917151006,1726132.1933383308,1816231.3290896378
1,1,3690a146,0217f2e8d02b3f5435bb05f7ecefd8bfa1f7cbae264b667c64f3107510624230,4073,83554.00776508439,111258.7186026651,56260.39977717019,76551.08747112176
1,1,37344c2a,0a5d31f92b6dffa8634d95ba55326c2410b70d22def553767ec7e0594248663b,5197,924294.3204459458,930117.3383243299,1107435.4317779245,1096894.7382036874
1,3,373ef48b,dc63d975e14b3ba2351d2fd94a839881c0fa50514a522e752dcb7fd75c32883a,3509,38369.61438437075,108590.54586878388,38594.2109948661,86937.65704165654
1,3,374be387,cdba940499916f24f9e8d6cd6706ba1cfab227ecadb351e7960b2ce0b1a5e897,9965,216050.7871398089,231386.19305581873,155766.9751188237,167988.00627505817
1,2,37d36812,ac079adb4d82546b4cf28a7ff361fa3eb523da9dd4e37cb834fe5d75910c0643,4367,1055090.9224249632,1048229.3497681539,973466.4298628934,983298.8509461773
1,1,38991fd4,5f0e18ced9057064f59992a624787f685f3caac4a49a5012a180fb39b53ec461,4798,551811.6834865789,346234.5821292082,659815.115386454,443199.49309644423
1,4,389ae58f,f33493637725c205e25508a4c494ef4e6b497239f30072cab97702ff3b8d9aee,6463,17249866.238166913,16308452.291075597,17204438.79359442,16331857.502107088
1,2,3932faa6,2b2bf49e8f51b482283435997aa38deb7c587b33bb335735ff8982cd6da0737c,5452,827733.6896401016,790180.1903385443,884717.8804787566,828326.966172422
1,3,398dce4b,d61a36e9a70f583bdfdd9834d8135454b31bb78a9f16b60f6a771c16f1e88eb0,3166,46978.02340333536,51911.57125027366,35173.29226910176,38946.33881921024
1,4,39b51819,c61a72457cc98d5f11db6bd56188bf43300dc9b37141d36c7d9260591f6c8345,4231,162165.31185900315,189211.84560928028,101760.96486217744,127048.39854374985
1,3,3a0af893,795ceb2877294695b18098c4ff121d52ab9a2090923d65274c9d643652635681,2927,1179670.8516991616,1249112.9737807238,1259732.8938432224,1317114.360279975
1,1,3a223519,d27c347f23099c5dd8a0aa465af09c030f21d014ac52a058dd57dfdc6d430bf9,4583,339250.7928800776,434199.3126976364,289235.6579128905,373859.008040581
1,0,3a7dd95d,fa50bc0cd3651f647f8ee2b5a9b71e4ca658e047cea07009cfba150fc2af4d0c,3072,339655.0141027438,291959.6886700239,309254.1298994642,270957.59351763746
1,3,3a824aa7,a44aa0ec03e244df4616d729337b9656d8f3e89c28232afeb36db311dcc56893,4201,336965.76062464906,501858.0321954073,236700.73716893158,381186.4416308354
1,2,3a86fe8d,a3e4c2698e23bc1997362d1250234a47ea22a65fc044fbd54423e17798d5b6d7,5118,53576.108046712165,58548.88976178662,62037.602940035824,65264.640627340166
1,4,3aaa2b30,e8437e91ec3b65a9458f9f0d9061e9cf2fbd9b14a521e8c23a1df4e88f426c8d,4711,534850.1905938255,342186.9582405494,506489.3669614463,327053.7880999228
1,3,3ac16ad0,581eda3e0400cb8d2155b719eb465aa81fa8f7b974880a1274ff45ca25505a83,5649,123473.63231015131,142535.43655200672,115459.20531254288,108641.55053595087
1,2,3b21ea64,427b3f00779bac2e904948a10e533879d2b687c1f692d61561c1f6ad808558c4,7376,327377.79164536146,244450.28319339955,272534.49035611865,234178.98628781422
1,1,3bbe1f5d,2f6f589a73b2d2096fba67642e238afff83be999c2409ef7c9b1a282a39e8ee3,6918,385455.1681215403,270258.93016877153,619752.874269644,444746.2118506493
1,4,3bfee975,6df85ab3093ae08984fd1d61ac6c3be746e21af2262c4bbea4e9390f686d06c6,3603,146183.85468396038,106880.62716522515,83706.10583674636,67627.18030393057
1,1,3c3dbcbc,cc9dc47c5695b3529a158adeb71c4ff68df19a2d81ba2468fdf8875a2b22ab0f,5069,249076.92845873605,349010.4368114279,316668.0930617092,452481.7096057593
1,3,3d96d897,b2f1082eb07d6d4bb3f6ac21b891904be2da89874486a0afdfd741c7680e5063,5659,113768.86866563561,194864.68840249325,48630.26383389365,108852.75297555077
1,3,3df4b19e,553f657ab4bc1ed999f8fd2b11e927d8afe9b9c5451359786ae0c0eb4ac51209,4988,206181.81432633084,188315.81456899957,144695.08014281277,137121.01915206498
1,3,3e011332,cb056cbad843d5d3b20bba43a76e27522015e1d82f505652280180485c760788,2723,559428.6405311591,548124.4069602608,440360.3361183362,442965.8384301041
1,3,3e678ea7,0a68a746f2e3c6570255bb47075e52fd45665722c0185e0decb420cca57a40af,6858,633321.2440931271,842401.5136871317,1016289.1929047372,1205366.0701000257
1,4,3ef6372a,3ddbd7727923073cec2e3d8d9b4a776fb685ee9c470360bc2b13b12ec4ed1cb8,4727,371805.85792709026,285734.4261988814,366034.153062612,272184.7465132771
1,3,3ef98781,f5564e0c5d240297bef4ef382df94a389b7388042f133c6ddbe9d38488f2e086,3892,339838.4295766485,75470.97963898214,444268.43866264727,122233.88890045497
1,3,3f603129,5e217b40b9c44a4427c54f26a86df69f083572f8c3b1f883b8344c210dd586b2,5051,1133451.6064841314,908059.5888659953,1003990.3233154624,820016.767024009
1,1,404c4384,d39dfd0a2f1ed1c9970cc3edf0c23ccffcc7363ac15bf8c3140cfa2280ec3bdc,911,45708.84794203116,79324.31390636697,49982.7793571486,81053.18129936513
1,3,4121c517,af1b8a5dc6d6a51dbbdf9d887e0bae05efb79680acc0efd997d26e03864b4b9c,3723,289237.1281685914,338315.94656231883,321294.70326579834,367032.1145513349
1,2,41fb0192,a37d455f53c40a0871a0dcde702310757c0e3c65f69e91486c5d80a08a16f623,2973,18612.073660474118,10675.411811036884,26896.343873160713,15382.402496664714
1,0,42669188,d99f97358f4f1c60088213811de05147207d5a84821b8eb7a56ba57ee63e95e5,4282,1800555.7874135077,954219.5981348705,1590144.567486205,859558.410947348
1,0,42c538a1,5543744e998da3b674b9d3f39cf30f6a9da7ff889dca0a0ba6a739424b1d0aac,3279,2888490.312116101,3685624.947068006,2812722.7968866397,3551052.0828185943
1,0,43b06c70,31d0b8b739a834906f0c3d74da1e5bf5a670d3a7c1f00dcf5b76c7bd8dc558e2,4846,336236.80004911625,297556.01647782396,287451.84170090384,261497.27516176034
1,3,43c7f85a,67b6b98723a87535cea9da1e027f5a7504387e69ffca398519f9a0a7f21ff981,5978,314514.8556694716,203371.5468316456,205584.19475545583,147215.04322309617
1,3,43e16325,17dd7047ba15df4b38ece2aeadf3d335e2f94806c84693b83afed9479395a487,3720,8233286.430658402,7222181.637074476,7323939.114326245,6522054.321424214
1,4,44441e54,62e0916bd11482f94d735854f4c3c525ff44226856b1bf079d0793d8e0a6c692,4357,344473.1306384277,88175.57857658922,213676.61281186808,114846.79915609772
1,4,445af6c2,e2b020302102fac5fd07ea8e3d19f0f1d3fa4dc4914f071df7625910f47815ec,6041,5049123.624999848,5176226.167239401,5335237.863308635,5429083.4440782145
1,4,4463446c,66882906104713d41e50f30d1e90f73cbc0987dc97057d57bb8687da08ed2267,3256,467980.7368433222,390551.16647886386,553632.6290954484,470227.944559643
1,4,44a94013,0195ef4d9c138b3f20c996735782e2ddc0d0387dae05fad29887a5b5756abc52,4903,2594962.7239697636,2652594.841330978,1961797.8052938937,2059096.2670114103
1,0,45fb3e21,6474eea2dab7025fc63dce36179ca3a3a7d35898ea203838868d0d6a821d7ca4,3649,2275854.5827970216,1499312.608664359,1879297.789417439,1222147.80776779
1,4,460f859e,de0704db740e92e2145e1353d25327b1328dfef30dde129489ef9fa1d51ac6a1,3336,906914.2406750924,919920.0210380033,1118665.709446859,1079685.8122761082
1,0,4630ab92,db6876c71a5830499d336e9cb651f223c92c1fec5802877197b5cb0d6392b5da,3373,297745.87138339446,270004.1789857929,196192.86839446827,182894.1894920487
1,0,463c38f2,06b6a6456c687c80bd11b30a9ed7821f9106b3fff0a707d0dff0bf2d26fa4efe,4460,198243.45883089904,179070.42337249435,121147.2715021575,116977.67411360168
1,4,4654e7de,fea4a583d5be0c4498a29c95881de056abf35d4cf56c5a0ba2248dd205ad1e6e,5373,94108.65039048964,181371.29789043556,184459.8944486315,284036.2880019427
1,0,466fc788,303475534e0e9c5e56144689086a311b27248841017492872bf70596ad97fade,6197,1414754.2162482487,973499.3217429831,1292598.6820117056,909348.0901690775
1,3,46a301e9,e04e3ee2d71b89720a68cce9eff85aa6fb5d7de1264757b59ac29b6df6c7e242,8226,938496.8043135658,737570.4914732791,932319.3324129262,746592.5332700959
1,0,46a7190b,6c64f388f80b5af1d4738c21e9de8363d8d5d815a7014a8c15c2ae1fc0bfcc96,4215,490522.0443653614,471683.94250800286,315216.22116565297,310944.5148396494
1,2,46d24a09,a8171a88c054ed442de16ce471986795f14e0b21f7ff18e5351423452efdd809,4449,1668059.8495549029,1435784.481158964,1850143.737536876,1591236.397683272
1,0,46d41ff6,88ee70cfea712e4a9ff02b675ac31a918fc2de674334f317280fe1a90266a3d9,7901,287255.93242295785,314362.86473808263,210587.6634801221,234547.3828128415
1,2,46dfcfca,8dd001fecafc4483cac4616fe1cc7b2489d71371fbce8d42b27585a128f08ec1,3606,479380.851508552,363795.24886280077,384611.51215636986,302947.8045912939
1,1,47222616,c77ed8ddd6ba798d7f0b62bfdea3be4d2164553f9b1db7fda793e9c72d4ab1e0,4406,182194.40474670677,191894.11227841926,222963.89224178338,230634.99714464237
1,4,47ee27ab,3ed55031ae74d9cc243adf02c50acf8950544ab4770eaa065588dfd746b8bb3f,6397,271573.2374705256,246707.9254691041,369856.76993260253,289485.5909888423
1,0,481de5fc,9f3b58b1923a259e359d5d6faff42533814868f1177232ec92531e1cea63eb67,5952,1322749.2212567206,1966890.8525626562,1682289.7595664647,2276989.9705529623
1,4,48c1f673,e517fff791239bf218945b6d1f29b69e4ae55ae8f8a78d4b349d612c68255791,2917,636849.6443987127,636514.7780069626,807802.5407069584,790544.7125251064
1,2,4936af16,a4dd7e01731eea960ab5465eb4558fec794912afab590d137274eb36459e3240,3991,55026.72202091399,86681.04393383607,77467.1827235375,100260.60238368249
1,1,493b5b31,476da80165fa60854e32fbc653a0e7df7e8ef5e7dc95c979acc11208e2a59d1e,4671,1556666.8150373641,1952267.572414127,1462987.3897906067,1825280.4676394877
1,3,49dbc14c,bc9bce1ae1c548ed6674663bfd7f8bec97a172594281937a7d28993df482286b,3872,60550.917091886935,62798.47791711421,37735.72128920249,40818.91431120978
1,4,4a035ec2,226fc4c3fcc908b9928bf4dd998ee4539e7c74caa0bb221ca5a3ffafe356d400,2588,419504.3156167662,374899.8927934298,261253.32345376076,243131.440166672
1,1,4a335117,5bb344960a0b15ab7ce8b0ff43e0bf820c3bb0a0987c29eb285f85364b8fe7d2,5015,597564.1555613176,521722.58238749905,661879.2086751041,581256.882523081
1,4,4a8ecc0b,16c046fd402be4cbe4d77a984e2ac554ecfffbc7d70d9e2200eb68afb39b3d9e,5809,267433.85399168346,385921.4064142459,597988.3948260911,779988.7931981132
1,3,4b462989,e3323eed4a1e1c98222eb103ad2f388b7661570c56edcb58c4a297c108283cf8,3106,154952.9033042615,176205.24613139557,175044.0601241384,190663.99523017323
1,1,4b831d20,376bfd0e40206f3dd0c060278bcee733949f91c4933fa9d6765b3fcdaacaabdb,7312,1497150.5360056465,769988.7382055318,1183736.2033147889,600115.5928802772
1,2,4c2208f5,3d543c19e48875b7aa616a06ad64c2217884074b29901e06d7fde862d6a35a03,5384,6274008.398652969,4536805.445711032,6546055.28507873,4863118.092701765
1,3,4c3168cf,65245b1fd3a6118a6895ae813924b4638be001c8d99a68fabec0668977efc611,4334,50473.1434918412,58346.68214809399,53661.951157951866,60101.68570728171
1,1,4c3df468,80cc73d7602e799f998a8a7a6595c9577b6d8d2584ab106db5aecee0c49350e7,5392,388099.5094730011,535484.5934272679,323232.27131680085,463607.38164322654
1,2,4caa7289,c627171855034f4221adec89878ee6d71deda902d021f251a7e4918481e28ad0,5396,195596.81272371273,432886.83960070694,214995.1614717486,312425.0711714474
1,1,4cd1ac61,a13fe8d86c1776ae7a8b41ce362a9ddce3b183e47bda104c7cfa85fa36a4d187,4489,152335.1233708906,234875.66526421093,240669.69827599163,327642.6077266347
1,2,4cecf7b3,e78c3c036010bb9ab78fe65d070c763458b40873eac00914d940278f3e9dfcbf,6019,558825.1304125839,404103.1539104007,609699.8565380792,443619.13551763794
1,0,4ddde4c1,3145747e6c047779f1ecced80bf95895f3471aefc6ea7c349f10b5b961e24beb,4472,168000.6672660474,114758.67506310558,128718.65694552772,98644.20821523626
1,0,4e050c92,452af52b485c005736f176e4cd3fe9205bcd4920369dfb0172bd7607f3734c5f,3705,84556.03832561939,215525.67211610737,54816.38235753224,223172.12771477556
1,2,4ed93db6,1fd7a91a1a89a7bc3d6e6bce9aff00e9ab15dd9d6736dbda4ac1dffb2deb8280,4657,605101.827394842,442832.10757618514,512821.7372808789,397006.7304385018
1,1,4f3eb9e9,7552762b35342624a7c467745ef3e30ec53f17f62696421c2a78d163315a3669,4697,3756978.3284135847,3155974.985572975,3280889.877152407,2791837.491567748
1,3,4f4ac5ce,578d7b97b534c585e2a985c9558fb407ae1c72de9daf8ccb136ab9accb8e0819,5162,264960.5727102694,272969.80758018955,267168.6889457523,273882.29429242207
1,2,4f4afcc6,ee75c511ca68c3127e89a4368ce3298e5799bacbae48ac0a147b5a37ad2cbdfb,5645,502410.58929686516,354530.58320463257,563952.6240303563,377030.12946909445
1,1,4f69febf,322836be834e9f3f01078bd28a5f56afb645642e0d47af27f221ac579c87105d,5460,102460.2626080339,139605.14314191852,69024.4884677299,102764.80834359102
1,0,4fbe9c06,e947a7ae2827f57a4bf6bb8aa7256d89810d1ec8aa8d895142696e59543d3546,6287,1081857.7527527008,1033058.8705070347,993920.8755463744,956843.6492802356
1,0,504c8b08,05b4a20a2d28324c118ccaa903ed7cf96b85e0f5be0c53dfd52c091171a3cb5d,6367,810402.9215236171,1203089.9700644633,491740.0773707368,799383.6891634169
1,4,511e1db0,ee0927c5642e3467cbdb1dd248f1e561f45521d6e64733a6e1c3148f1b4c33c3,3821,91759.68696066846,125934.61089301053,84831.19495122871,136884.0547456266
1,1,512943b2,864bf20bf52e7e624579999dda808c9b4b179842ce038c5b8e791904f2be87a2,5029,111565.80787959434,154741.88788318593,225836.31006983476,280399.0171970585
1,0,5138a660,de6264638745ecfa842e9429a215f98dbf06bf6011ea6d0ac5fe3dcaa5227590,3559,41165.066269301184,147555.13816031642,24942.030350855202,101700.05978670895
1,3,516088b7,0b17e64504058e546386d122e1c7b09217a029667738f6c4b7e6b30fd7ad13ac,6645,99708.76884529451,177839.1581320008,126041.92189627523,209894.21697891713
1,0,521a7819,1de88eeefeb04cae5bb25b51580039af80a8357945f26e56c50c05459677fabb,5200,6492227.555142617,5803261.48117004,6591822.586445889,5930271.128754195
1,4,5254b6db,0b398b947c6cb46a03604db395614d6d22b27f2b861ee6d044dae95e21360df3,3274,76495.60743439969,71670.19364510765,261097.8888653341,230682.6744723662
1,4,529e88ca,ca2a160ccc45b930842ea41ec0c686a44c654d483e62ed6b3331dc182421365d,3417,1321203.5130171247,1202702.1483362573,1147734.1401984168,1061109.6093585382
1,2,52f1e77a,cdce8d40c3142ddc8829a1690d522a3e4618635f2d9ab707315e2cae30b2c4bc,4442,181440.22795283678,106808.55576017647,187402.13034087024,112992.69164338935
1,2,5305524b,acf8f6226c34d88b45934a69ae58f571e042f6064a0b8976e5109a58996766b9,4898,286031.12110229046,278346.06478037627,263395.83107877127,261715.5586305421
1,3,53134831,ba641de62f5ba1dba1989a0d8b5778003e7c86fb51fba3c3e1abef7050170fad,5126,226661.14998359405,398600.2588375277,320530.2812152128,496921.6046297208
1,1,5397ceb1,1d246f9e173d55129cb86625770a218451966ce1d198a2fb0c808b987aab502f,5255,302888.8640236552,223936.0009887155,313043.95551542577,221240.4074480356
1,1,53f23031,2ca40f1a983ef1741241508582aa8ec268705ebc1da9e60cc20a8a6cba234321,8550,739194.0212799322,547090.6530730206,384161.2080862329,292196.7876390547
1,4,543198e8,58e944148d6504362a6edf638db6986681c5376aa60aa5af74649892b5c8976c,6503,1433432.3823860306,1665744.889227719,1066441.2734639496,1319356.6441044875
1,0,54753541,9b4fb77f8d14e13f9528c62900f6268a3e1d7925658d7db4d84d6a63fcd4d070,4026,980698.1377277079,1295103.103831936,1183411.0584119326,1518834.095374279
1,4,54a7e3c2,0bc0ec4591359acfe5aa50eba0006f09cecd9a90074cc473ab23a2c690ee8ce4,6155,279390.01477266813,194172.3306445615,299802.56105541927,206463.97652762715
1,0,5542c301,294803a4efbcf9220bb12a233de062099118cd05cbd4ef721179a740eb429335,3591,50265.67467918676,54014.22748624542,51845.82454937167,55464.55376340901
1,0,5567d551,bcddd424eef3a11aaf2913e933e0964a90a6e1745c019b5e12ee99a875f84d1d,6889,1252576.4746846,980169.3248456367,922630.2906307988,727752.4175161958
1,4,55efee7f,42089868c70bf975c69b09a37f5445ee12df702d57c4f92ce3654470f2fbfab8,4801,983537.1586098657,908923.3283557766,1074046.4527826514,1009762.4921863845
1,2,5663b2b7,d1d3d6b458399f81c2987fee24b7ddc1a4a1a4c4085a24688189ba3c2b70ae53,4972,283601.6912045812,522263.4821205684,243755.93365493097,456544.877233193
1,0,5693dde2,2f34386ac20d523c0a4487e6fa400a6428285af85a9c9aeea434d1fff358558b,3488,179674.595814932,113654.25603004012,98725.5571481603,68214.45998552647
1,1,56b00794,1d0094684112d8cf158641351d5ad2141a6894e93ec6e9c33bbdaac655237954,6065,4901092.759735204,5226442.563503538,4740405.605980281,5050555.193365823
1,0,57796579,3c934094cae557f8eeea6adeec347f2521e966823d552a990e9bc30d75fd4316,5890,1236932.5849487446,784784.6453469296,1132656.913095878,746099.0763739536
1,2,577eec7c,d7832f14648828319589b30f7d483ff7ed9351f89c72a59d8a7f062eaee12551,4539,695318.3716233006,563477.1865727438,666747.2937234354,561865.8314066164
1,2,57f05c51,406c8b4af56742d2482e923bfe3cdc730ccf0a3741b97a0a082541a449bec7bc,4771,7126511.948363881,6226128.262529335,7097199.112473979,6275804.722345439
1,1,58850d2c,9c81690d20d363ea40fb890c42a9f8fcadabb1c71a5a86177eb1ac43fb50259c,4995,464110.3919835489,261321.35276656252,490364.65353355557,287062.0322289999
1,1,58fa8486,40938ec104e50dd01a3df536c4071783c346c7e85dc7aaaeca1b25bbf4352531,4475,685856.3902867221,700864.2255536257,464701.6560878486,493192.955789406
1,3,591cc951,0f3353638106a1f23386cc5270b3c034ed1b60b28e48f4785bdfc6a81cf5d367,4609,236805.32141446063,283240.6873203301,237081.30001453747,280529.12153809966
1,1,593876b6,c7872ee7117c41ba1d99d6e61b4327ec003f5da7a7a342903078f6e207eba52c,4842,276682.5234934911,329579.0261391653,244908.43127162976,284109.3127059846
1,0,59f8b2e8,5ef726972b83b2bd454da755ffcafac8a9de2670324648dfcb7f11427834d5e8,3747,124714.19928907233,117620.23597008607,185775.85415486793,171573.47335546248
1,0,5a1a8fd8,c08e648a23fb1354e2f294d15a816c20a72f11bec5268afb338fcdf4457867ea,5260,381357.1778292812,229133.56550334586,369991.5221759517,234101.05832083998
1,2,5a5269a9,dd9c23b2b59fd5ce4f28e29a5756b3208ab8b2df258045fad934b82f2034b7b9,6513,307822.19919635274,456878.04171055404,342460.3134288151,480106.88073136244
1,0,5a5d1982,d077552d04bfe87d50530e1b6c7518b7d34fdc56aeb36bba668675a0a509fb47,3894,86519.29443690494,73494.64117558821,85868.89242230827,72223.74487631992
1,0,5a63b5d1,43bccbae47dfa6acc16e2750847094b3fe49af0b8db382890058944043a1b5d3,6217,2541233.8578193956,2541233.8578193956,2837934.2230603835,2817297.6299771154
1,3,5aa03df7,2b674c1263ca612844b1c93f1718921848ba7d15b0e73893e905ba85bbe21d35,4871,179656.00396041787,276414.42694832303,185822.59191923478,273006.114753514
1,1,5aa403d0,978856f9f11fb861ee8a3aa774f3d03985b9e9b6afba517dfdfe6fa3dd158098,3118,806434.0912797565,718767.6435163599,640264.1289068722,580009.1004159293
1,2,5aef5c6c,1e5c4b49fdc2b234a1305df7a1a97bbf9d037aed6df740c81e9ca2a34ac5b381,3121,153377.60472777186,233026.69451149687,114392.20301409048,181413.80896756946
1,2,5b7b6324,9371500cede8f72ae96da474db495f63a6e5c5e119a8483123229c49416c2137,6564,1315117.613110575,948640.5850176334,1373843.867908874,991622.1435546281
1,2,5bd25f59,b240dafdc07d7bf95b9333e2b74f6dcfe1a02aa2331eab65082f81b40f1b7741,4210,36953.843242437855,24926.70738962738,23287.027635996958,18131.524002202525
1,0,5beded95,cff7fab7c788ac3aa268266282a5f9fa922c5be5d5a89a7bdde960b4559ede3e,3057,972985.3977497348,894662.809424788,916987.4823076638,849341.2206015044
1,0,5cb483ac,52f96a8f31103cc5436662d7cc79e40e2dcd1dcc061bee7edcc3045abdf7584b,3852,83286.29914777502,94747.4782816389,47137.62955243882,55153.465513484785
1,2,5cdd8dbc,f72bcbd858d7ebcf1e3fccfd1988431517f17dafceadbd32297bacedff4998f3,4010,577666.8366806383,560705.0132545881,556029.8677708411,544979.1549280746
1,0,5d11dfb5,f8c00a5a972dcd9f4bb2281ff9b65ce169223d96e0932ad580d03c43391d4a1e,5895,368342.8316792648,370276.898169202,368930.66774131986,372990.65604363213
1,2,5d7198fd,565183199767efa5006a4c279be023c284be01f033b5757904d452d98bb29063,3368,627855.0712795486,656104.3880018254,634577.7480353415,658563.9500996704
1,1,5def1ce5,11b4cc8e9017762641a0f62a45031201ae551d436b9cbf64756750a01e4e9bec,6443,288593.103037891,300374.5573846828,240053.59477732828,255159.22002347928
1,3,5eae34a8,f52f61ba0e160d1334e5b4bd8f8f98961cf06fbd7fb058c3736d9db2cd3602b9,4904,159529.3827066234,169493.45822145802,139073.3677894036,149517.6732832668
1,2,5f4d2a52,e7e4ed1d80972700160b8833a8a427fa75dddae2e5daf449e66eb24b26a87118,5225,14083919.903747825,15716678.759952229,11162521.245440107,13129409.797186531
1,4,5f6756c5,fafa8acbe6c8ab4934c479bbb3bde1dbfb2ea9d120672cd51e0b0ad10cd951ef,5931,781223.5243771326,807417.914261563,323254.1210489754,372698.62717164785
1,3,5f75f796,44e93140ea811f27646134b7e79e5bd6807cc73e5247e9b81b28e96df917c450,5562,173147.68009743918,202310.483672743,222703.4433558667,236811.95557055945
1,3,5fb1c15f,1457aaa3977a6dfc15fb2ac8c6e83d9220fa30707dce632db18097eeecb67313,2860,734440.1632463029,1004800.0041881262,1209178.6830564868,1457292.2126137621
1,2,5fffa282,f85d78dbbdf0306cc2271037feaafc8a640c0f6591d928048b621469661f3ffa,4201,30106.3559092562,34087.319007697835,59085.11456235009,53980.31806271499
1,3,60e37807,544ccf8ac4a8a8781e69e49811eeb6295f68caa42a8d755d5ccc608095554da6,2699,1235482.4136786002,967625.8673233425,1098442.1973436512,882413.4457258205
1,4,61f27424,34a80cc8c30752823c8b33af284994ee9a8602d3af3658d378fac4d08deb489c,6220,105652.58550381835,67334.53080323384,120463.99943278817,82345.2731853439
1,0,62569ae3,28b9bfecf5f922843b32be052b5b40a54546080bfdf05340801800d9ce762db9,3588,287240.7703307994,169405.31524766027,240661.39386027004,142146.3985817649
1,1,62a6f539,a9841ab3fa8b44cefc05e339669c509592fbae806ac2babab36a8bd8d7574968,3693,49157.37598547651,58636.89888558003,50514.73854769929,59370.01921553035
1,4,633774dc,75bb823a6ee0e62b601b47b8d51cb3010028ffbf35184e13ed8164bf1080adc7,6233,514302.3795004876,822691.9697831539,634904.155993339,927692.4682194297
1,4,63559d57,22d30d57d77699d37420bdcab42e6a7ffe8a8dd2ac061032fa31f34acc1953ce,4069,306160.39701661625,207208.015180436,287339.5688935045,198468.8900944616
1,0,647f2a41,48a4ec8f7acdc964cd291b920487b214f323c82714136526631d0c6185b9bfc4,3881,111203.69995569518,128745.48809541558,114101.08884734481,128651.21462032197
1,3,65156b96,793252a47423d045d8a2d1b85fe72d308912939668487703125eb39711b811dd,3221,159176.89982995833,192054.55663335478,123146.56318767379,152999.11036360014
1,4,653612bc,d711f8e1f3987d246c7e8935c643f234cde0e8dddd68def6c57119026d8fd03b,4605,174109.84872725027,435160.0352190153,122085.61813398876,336435.0778502972
1,0,656a067b,3e85f247247e281f92076996490b13a6415f9bfd670391ca345b405c15d1eadf,3051,384419.415033072,371325.2297725417,298878.03405181726,297171.0586716148
1,4,65a5466a,49cf81c51fdc85e455ac7a9e13f419d0dede50d13da195a23be06ad88d34dc5a,4683,422390.12028773094,566655.7339319595,408753.24913492164,536089.2042843583
1,2,660d9546,9f4a92d5df7e1f8dea1ec0c1538e4e6254b4802333c971d12ddc0b36b682291d,4732,799715.6425608273,585493.2496566506,612798.313024413,479040.2292783825
1,2,6767c111,dadf087b5d255af7c63fa4b4c10c82bf0842e4c9a23b85b719fb9a41567b741e,6783,484091.02012204705,439705.28364293557,447880.4913796835,407083.2424135256
1,0,67847288,838b18d99e86ae0fc3bea66a115ca67810ef11a113d0012ea1f9e5736f6db734,7429,1421025.0781113137,983084.0623831102,1340906.7136062463,956313.3077264822
1,3,67a8da4a,58300c24451bfb238e465b919940d066b00d0d474c67959da6a7aea6d8105d60,4911,363973.9644111282,188133.80403361574,329580.0630938681,170128.6695055751
1,3,684a6fc1,784ce905627f83152a85de346d3be6fb3f94a3c3fd47e35ef16b83efecd33666,9818,866898.7912788081,550590.3612549966,555403.7961161948,362190.4277131485
1,3,698930d1,f3e8270ca3232dc298a231705a45db375c6d1d60a0c8eccd466c8b1f05cef93f,4741,459311.0076863568,518442.61540873273,726969.940881583,760805.8620989623
1,0,699ea575,9491e6a5b9eb2f36ece391079a6b3ca9775fb0c81295a656be9bcf0ddda684af,4120,250880.4111607174,200418.45611189172,154454.33854031746,131175.56652889162
1,3,69c1bdad,abe258c87498fec365585dbf499cc84752e24a4ce3feff14e169ed52c357a924,2714,109202.94126406824,118614.66837511165,112175.96508432258,114298.36204777015
1,0,69e41fa6,eee892e68c99c4f24b45191ccdd6cf62fa36e0725b7e0a87feac0cc20aa5d1e2,5772,278492.39715040434,121366.29097709339,143977.46078243374,67779.55609500148
1,0,6a0ff78e,0f860712db18495692e9f115eff769053bb69e66cb9a52d188b1f6f39f7cfaaf,6465,1249131.317449064,1047675.6378317601,780179.3289380549,671528.5145198544
1,1,6a8fa194,9aba40e12e30e8616c2dab3d55527794c9a17ac34d328e42bbc45bf4bf40a388,3017,30019.761026268945,24792.780398941864,21511.850489345637,19650.30631616774
1,2,6ae68655,94eb27fdcd1e89991e52679204f459ba6a9cd201237026b9975699fdbb7d8979,4204,221446.57593584456,202467.49649646998,181532.676691422,174539.5962973683
1,3,6d1d74e1,a2a772a1288d985d4e4f853cb5eee34911427c599e4e61ef7a5f22e53a053b99,5830,685038.2095443546,631604.1446405388,414562.2300278983,417500.9449992627
1,2,6d590e26,cd556584a54c0f807ee6668f4e14ec4f20af7f4d3df76b0021d72e01b10710ff,6096,323715.5862068767,314111.187904557,301786.9313269401,307181.8198489041
1,1,6d6d93af,258b15e8dab6db2b76e57aa86b7c9b40e112e611303fa540e46f075ee8321295,3595,2951481.3034179825,2360788.9530167985,2424594.391430755,1949528.036121667
1,1,6dbe4b60,b95292cf342ad3d202d33ccac81656a844bcf5528139fe771061fefe42c88c02,4648,116508.80535525485,121952.96211901211,129162.76242802964,118212.99796659045
1,2,6e6d122c,6445a832e0e5792583b8dcf276561230595172897074888a40c0649b815bb826,5632,705559.3807746202,750643.6714186064,984803.2988296594,966866.9538615744
1,4,6e9ccd38,1234cd829f0962ae8af7f71ba0a4b09a49aa8c3d86b96dbb589e094a639e2e26,8282,1789853.3568424468,1989078.690715004,1060760.4520513928,1212822.14433773
1,2,6ea22614,e0a6c9d69eb4a8a4511a6f99b72065914a7c895de8dc3b60c0650f59e8b8ff02,5971,647198.9162148237,934944.18568945,526863.5928531502,792922.5517471933
1,3,6ede926a,aded941f0a831b8964396e7895fd6126fc5e98a924b61f25c7a93af08f53d9ff,4938,56847.28590002424,88579.1205496472,71978.9482868049,146484.92750311148
1,1,708caea9,9d8b5d5e0bfbb77ba1ebf4fb1eeff3cfe320e02e6e8a5cc3431309bfd4da685c,6548,4870893.848820183,5319443.875734635,5210518.675555217,5614738.238634644
1,0,70925e23,0d28b77badd0f0361a5315773c2353de4da2c2d7150bda81debc21b2d6b4817a,5947,436719.1607967485,522468.86017883883,571992.2941269613,579929.6041274432
1,0,70e1788b,a36e41eb729a463822b7c9ed2f2e1ea310eebca04eae009ff9dd6fd440a98f4a,9285,567306.1258967788,321336.2500814526,631432.4214505837,374126.45359385
1,3,71642c7d,26748bd2eda016bc45ed06142dbf0a73fd6ff4974777d27dcdf9767a20ef5b76,4648,186775.3930197106,269247.1349990482,185749.78293473978,211485.79422554272
1,3,71ccf778,b42100f62586b9a333a4155669a600898063413f6dcff114a93342bee1f90acf,2698,160696.69192931312,122561.2301960492,114776.36406813576,90504.27836666125
1,4,7224331b,16c07db20760704e8d919aebdd49bcf6be5378c791c6accfb604917c298fa0d1,6063,65411.3698496616,97822.68670464876,173042.27831074514,259530.96961080682
1,0,722cf0d8,2c91346d319c5e4bf0840b8d6c5d94ac78ebf899d3b12f43fa6a95519f41f4a6,5143,393245.9455203692,414268.9836455741,211865.34247027856,240972.5239038603
1,0,7256229b,2ba8743a9fff40e5120a4dc9e9eea4fc14e9096ab2b2b94548cf7c42624bb084,5415,179816.25288645038,169872.8028538271,228048.39469471975,208162.47954412067
1,0,726f3dc2,249ab5a668873d64e5595853cbc0dac9480003e172fa77af3f7be5b0221e65b3,6723,229159.40174544184,372678.75215750653,244501.32735161408,543914.872802179
1,1,7271dd80,74413f3c603225e248752e4c2779df2cdf044b0ec5841c03592f470e301262a2,4340,108377.52656656576,102244.06115859853,37080.1611709385,102156.10484459106
1,3,727a3a10,81f762e9c55b2da777cb971f2c1484a504c10c7e2674a68b796d0988e99768ca,4397,1712758.8931670072,1097066.7851657313,1719463.1317274463,1133593.1663043057
1,4,729665c0,7aee1cac1bf181e191c9a8ba4c6584f0071f0132db38ad0393705f1de7d59a34,4263,117647.55837432951,93215.03504590172,175129.80755738306,106340.35870134106
1,1,729e9750,3ba669807619bf82ac8bcdb23b795fb2fedf9136756382fd9e0b0cfb248f478f,5919,377083.9798735754,603773.0232483874,358480.01894028846,554867.8645829937
1,1,729f4217,5d71f8e2faa4558303f34563919e777d1efb6cfbe6ab5a7ee73250effc81466e,6195,1230186.4481413784,1567121.4815980657,2537075.5246559447,2840577.152696197
1,1,72dd8501,6d98c2642b8e50232b7ed6e9075f32a1adfebdf112430e8808322d3ef120cdd9,5193,111437.84886636496,299846.3854598328,67339.44451266236,211286.28483092945
1,3,73348914,790b9ad9ec58fc86ccaea8a9b5e571243f707b4f95bb2a81add227a497186bec,4221,146560.63198001543,139834.58646890605,141427.00744919374,139589.729732132
1,3,739a914f,92dd06c665eced0fa718f269e8cd8de1d00dfe67644aa6da13c809b1098219b9,5505,978412.5851485811,671957.4727919314,968782.2936503702,624316.6968029399
1,3,73b1447d,c26329d9ef083440f8c45b1592e28e1176262f7492a807bd0fd05cc2d9c7cdff,5670,720099.5493096109,982784.036028305,692548.1702938437,926768.7570553465
1,4,74b6186b,b5dc5cc465c01298d970402ddfb60af257d440405571535a5de0d441af907546,3405,21137.871391993074,27316.00829954716,27602.59559520201,32620.898917748826
1,2,75c20ec7,12434c86de169f507d1c01108ccb8b64781d1035988c200815c5df92f84a1099,5361,489511.110131106,391827.9514120654,440165.98397232237,367084.31543040456
1,2,75cd5f11,3d649c9ac0a097a340ea3914f72d277e8679a3b97eb025889700efe44a10e73b,4946,234123.1751641445,388857.8823375169,271348.2264022781,412627.07832729875
1,0,75d20a82,bd248c357389a2c0fc5006d7cb820da22f2423a5752835daf50baa9f2da79b91,5067,604295.4953889055,1051407.6784224939,435536.62309356616,833475.1003563304
1,0,76201745,8ce4a341e9bc065638904b8366cc4320b12040658157f87095734879705be08b,4448,126794.72629510803,237818.02832255466,199621.16692907963,242426.39839669052
1,4,764072a5,ff4d30531e5ed08ea61a62c2b64754f61f284107066ef90182f42746142fe9cd,2949,14714.57667376794,34640.92013625993,9428.519727327293,23417.20390860077
1,3,77b0d905,1277629ee6f5cd76f723e97821b2541d25c8d02b2b6735bcbec0cff4bd7f7dbc,4174,99831.92583235895,124473.0977996141,87389.02920308756,108047.58677074319
1,2,77e4821c,2d67165d616951d3c15ac1fddccc1312ab3e3bd050bbf5f3215e764ebd512b8b,5393,1387154.6905707368,1215152.3677925626,1489947.6389244788,1303467.1147254922
1,4,7850c72e,18a98091bdf6333a0cadf0ef8ff479989802507608ce0a65c49bf5b7af26ac0e,5497,521833.08230628964,530553.2225899184,394637.48544605816,422418.76173785125
1,2,78a4a386,d6c23eb0c52d249180cd169a5ea9b905ba83ec9197756dd131a3f5e8713e0378,5119,1357934.6089252802,491212.62868700776,1324883.28026356,534902.8678631993
1,1,79507629,e61ee860fcdfa3becd3d36a96561174253de465fba0c0060713ea62103a9d4e3,5302,359741.1128804275,259571.57729683229,363833.41673313105,250297.47634904203
1,3,796dbd4c,d0fc1807de8e202fd87006312ebb2931d5244afeaf67d570426ebab7ee65e492,6248,168273.75211972755,162027.85052850517,179832.9073099759,172287.8154506915
1,1,7987f2f2,5d6245eda42e7d470ad304918e6daf4ff0bf7c32c7a5c131c11e781abb6d78d3,3705,339983.7423657152,280016.36777111585,390821.8947517127,314849.58029524505
1,2,7993a768,94eb27fdcd1e89991e52679204f459ba6a9cd201237026b9975699fdbb7d8979,5487,813883.353222328,460653.82753060677,663766.678341541,396957.7847455387
1,0,7a5660b0,f3946ed5bc17738ff873ef9b6d0dd1c149c19bcda99788b80c40477ed6088323,4998,1803919.3142317748,1956823.6960624235,1871442.2141552323,2009807.3210185831
1,4,7acda2df,fd15d044a4ba00e6a054f51c7256ce25c6cfbed7d2c36707b87ec473a26786b6,3091,501705.5247561378,491018.63432634634,608222.6840400916,586886.6668746464
1,4,7b2c7b3c,631114c83e77818b207c48a3f3bf972434c9feda677d5321ab6e04c93675c265,2584,53843.69169400392,41328.214997384945,53085.43836942498,40264.84364131678
1,3,7b38844c,65b294a2dc6c19cc037d0eeac3c41de15386a000237179460eb35ead09ac18f7,3749,80878.56399774372,69256.85037776557,81167.23085912969,83930.76902881122
1,3,7bb17b96,ee98002feef9dc02cef792a898af3562160546a074dcb103a36143ea8eb926eb,3922,331876.58047030517,486002.7710291961,320324.8122164923,463761.6317233774
1,0,7c607683,4b7e42f203f1bc5ecaa34415ec5fcdbd47584ed05e0ddefb9f59a855b9aacfea,5328,272220.05972881813,196701.10946946405,257733.59883161105,201992.98376512591
1,2,7cbbd047,5c8826af3817135786e0b2f931f965476d21366cf7ccd4803106e47c4735073e,5121,661001.4960816714,560591.0226545867,778818.0400652466,655018.0657278063
1,4,7cd4bb31,c90dafae0a2766e2701346022c6a4a1868dd190fa1f40c6fb503a3647c833bc2,6439,193705.12419179184,113594.05622676724,247070.65921383217,151274.1708351759
1,1,7d50373e,0b77c09122737b1243afedc61ff2b0ee0b8bde7ce87dc4dde908ecdb280a64d3,5122,395922.52084835223,365902.2289748579,273408.166251794,259201.66409229714
1,4,7d57c75d,fd7160f7fce2c857ad0ffee598f9f3a00f3c56846c00945aef93a6de58f98d23,4405,649218.0448083795,423251.24150994833,517605.6113570961,351104.33680798183
1,1,7e208414,10f2ecd7310fa4b1c3c1f5d603b5c4f88b52c448c9d5f60d578b97cdf64b47e7,4226,146263.65457282937,190688.58678795345,99924.30191806197,135714.97863273736
1,1,7e721392,dddb07a84532904ed5bb79f7af690a396097b0479ee33e29ffb4a69df870908d,6174,11156688.660081599,12312212.09056234,12515585.602045404,13527032.575477352
1,4,7ff89f8f,b2509be662840b3849c99885c5edc5180bfbdc7753d0acb991cc7a900da1b5aa,7337,1318020.254899862,1341513.775832049,1470263.6739735939,1477897.2387676095
1,3,8050c789,42acee97968ba87b1f0a7fbec44851bd00f12ac7051e9c38006245ffd4968473,3077,166170.96826902436,176223.77141664206,207337.6503561495,208419.83067355823
1,3,807f0298,7edb0dcc2fd146c0054a3f634928eefcf52dfb4f606f638c2bf840a438093e52,3747,558177.6536863933,545222.5833066466,722349.4626705666,687911.1261219606
1,0,811f52b3,dc96640bce8bfcbbd21f02c3c19af5946deb8d938aba171eb014fb6e63c204c3,4836,45464.78661336475,118042.7056272625,20983.02187900231,59738.49566309906
1,2,81bf5923,9612bb18431fbb0f4ee1ee81f00093b9d73d902ae1c1387f5009fa5a8ef8a36f,4543,5338393.087681811,5586385.687350364,5489804.352281425,5684622.561251166
1,0,81fc01c6,c5a6256e51925b9ff1c9523a0abf866498f183ead32ceee452c9428e9b27ae6b,5909,972304.2730130014,1304625.8790026295,893515.0062467922,1198357.3252856075
1,2,8255c867,22e43352374d51ab5fb50dfde8e16e81401544c3ebbfe28069fca94a1932c9d0,3589,1191069.3949310028,1040581.6931492854,1117146.9909611577,999643.5465328863
1,4,82aab6d2,680f8bac825b01b8ad269825142ee787cd1db8b1a466ce119ca01d2c8d8f1833,6140,1194856.668498976,625756.676981171,1214164.6593252367,668164.9941033525
1,1,82fcf37c,cdf68c4b7b3dc76340da9ec6addf2e5ebe1b839923a906cb5691042c544b606e,6014,83513.36300198181,82602.60407301574,243310.56702293534,219872.97296271037
1,3,833af382,a3e4d31ac02a44c56a01d74a008419d0a12ceda338eec7cb22d5b907cc99df8f,3628,1191156.292295896,997493.9315111793,1117983.227773552,949836.7451917138
1,4,8382f4b6,8912f8d5d99e5cfc0b7b2aa7802f72dd8436542580fbd621ace58d7293ab6311,4967,2821273.079816445,3581782.160105654,3932507.125669305,4646945.885594519
1,1,84633df4,fb1b15022d82539645682bb1fd1980506eeff2f4d6454fd04bd2091831003755,4972,438320.51527812844,438841.71064885793,435842.7417841693,434252.89385831566
1,4,8478df29,580e5fc97f44f3dcb7a587e42ab84a56ea50dd58e92c8d5e41468cbe22dc1b57,4857,614227.2048557217,285855.54369050567,442224.2763031344,201409.2256329339
1,4,84815d5a,c64a67793a8c26036c4b48c860882434329c07ce7df0fc3ded23ef74d162e314,3647,858478.559573455,567494.1323772887,860448.629248115,597388.586491742
1,2,84c3b497,f06bc774d0fffa96d7ba8509660d7dcbc3e85c7880902aa186268a82bf8e1443,5312,3063869.273601525,2249638.233832663,2270666.400783163,1774563.9990382749
1,2,85380836,f0cb49a385f7869738a27c790053ed2e9c43896399bb66e9395eb0e15191738f,6618,189754.27835774026,506218.6442043001,114073.90649273107,286691.86659001134
1,3,8612b37f,d90b76c5a0733714ce49c8056afdd65d1fab7ea939753f1fd7ef0e88b0066835,5165,990906.0741240191,850459.2306149357,877395.2181123313,758850.4818348107
1,1,861e71df,f9bdc277831468565f7d754f811aadc9df83219218cb3bc7e1b32c8a8ed3cac5,4700,331895.0797630149,133664.69007432426,356198.3767508136,146804.30099314303
1,4,86454a6f,683bede3a9b060f56f7c8d4ee653f50d486f9598c24a1214160f4f131fb53221,7964,30850438.786202207,29367416.509695657,29993571.963886924,28704054.77535831
1,0,8648abae,189fbc94ffedf077f06c9b0a99eac55127e902a826c0cc3f641b65287818b890,4244,64606.99351764502,52449.18101185464,76067.01226282859,57595.939793120095
1,4,865033f8,710a572f4edcc68ae19e15c8c43951f555356257e2a3a54c8b02f113af34dffb,3557,19791.09707555249,21366.576893731737,16402.749121324818,19273.73160370686
1,4,87695469,a97e785bf2176de1dc0cd3ad57527650ad603d5cc28099a693b227b1f69f22e4,7003,333709.40523865155,309258.72661734314,769441.3720073856,857293.954966201
1,1,877ed19c,af302adf042705756420d43e5defcc6d0c2b8bd61fbf8fb7a2716f3e4338e5ab,3708,242906.12638431686,219781.78284599417,241336.7175925061,219706.78946687363
1,2,87aa3730,526943e58523463a641ef338332de4ff71eccb273c9819279931e4d4c4a10b38,5607,370632.616615965,353475.9012657217,316614.5246828152,312832.0384703782
1,2,884ecb5f,f26827f634ec6c46ad2e469e7c4df084a6f0e1b3500808a04a63781d7f98fce8,6724,523813.48344056733,365118.5845744711,649660.0704047299,438318.4408847096
1,4,8902c3f6,4dec6401336e54eb74f875d3aa01a613358ee148a951222a8c0167c1f2f88f7d,4959,196173.07693927246,268773.3379160967,423300.1726685695,482307.55768930144
1,3,896d15b9,dacc65e90a97616fe9d40256bbf96796879da41f633c96cd9d13553949f74c48,4279,3026065.1898035416,2681298.572195261,2338113.95502879,2121597.355894158
1,1,8995c945,3af3da2aba83cd3074d21d485e222925996e7fd4ced2f44bda689ece6b095f11,6724,927340.6091840847,798786.5443508127,763111.9448612335,655429.9005751559
1,2,89969c7a,5dd5db264b3b63b3865e1b01bbb427ba689210c24ab846e3d367fdffb20b55fb,4947,291853.12007644784,212831.94295539934,253622.9454962808,198325.41054962907
1,3,89f1085d,88afad4477dfdde28721024e0694fcaa87b630599c6b4642678b4c96f4ce3913,5994,1413466.983745623,836466.5844927292,1998276.3414258182,1243871.903431016
1,1,89f36adf,4fda334dc83ec4af64a6021ccc157bac3a06065740e20a3fc29cda6672c18810,5292,162597.19510136178,116609.47948245039,176272.33811521798,143402.52353297506
1,4,89fdb2f2,d0d72f464bfb2b48241fe49574e6e3839e3844ad2e9cd175f1e44ea4eea3e70a,2031,10213.494594922064,4449.2422648384445,5758.829785668033,3920.151626572722
1,2,8a3da6d1,229c8f193e198c36aae74c641438ff1f416bb6e0c9a0bf19b0bc537e9b224d36,4593,184853.29481643828,201666.3183585623,63144.369592421885,71536.9365580183
1,2,8a89da23,3e3c87fb0c9b4688c7646e2ef9e8c07d4fb96aa054846a45735957bb0cf10be8,3935,1069363.8424670978,1313612.4305836638,1078586.5400007535,1298742.669053391
1,1,8a9c8932,4440cd3eacb46fe48eca1a82a4b4753603abd1e334bfe564ed283156ea238843,4663,284376.1242648817,293094.36785274284,375783.15850847797,376459.6191689813
1,2,8ac2f237,4326340358eff02a50b844e28b4bacb4ff6d07f577487f65da41a3a1287b64c3,5319,2638635.2496251003,2711095.293175088,2956488.8249506173,2953619.014923907
1,1,8b12bab6,0fec821b2c7fe722bd73d15fac4c886c9d8b5ecba843c8c36ef995e634cf2fbf,5234,393292.1712006573,352512.2583771446,295962.34882618516,271797.91867344186
1,4,8b5be31b,29ea099b3a40dfa3a425d33e77b5cc84754e097d0152679bb15feeb23b973e7d,5672,514234.4137631407,413970.524490913,362622.2039888625,336116.0700551722
1,1,8b95d6d1,78ce54089f11c0bf57f09a1665923f45572229f5ef37733f6f54c41c62e2140e,1731,17099.193661702608,10133.160832183297,17749.580725765478,11155.150043337313
1,4,8b9d8326,5786f708713875a31ed30c3f4ebf0e8719e8f0ef2d1671af3788c51af0901586,6163,222724.05579859033,205840.82615108803,214097.48674332356,199418.37133326923
1,0,8bb9c1e6,bab231c063e9e45695a2e623b34d94fefb4971045eb85a69156c6ba277d24515,4546,37786.57722122477,43366.47289895205,50580.60127682803,55303.401886085085
1,3,8bda1a11,d739cc9d48bcb00383c605819fb844d1ff20c433af6d5aa047a89be278509bed,5981,477035.20541367785,495831.84041456395,350746.64425083535,376651.7321745639
1,3,8bfa881d,51c067ef648d3a0dc2726536acfccea33919e37260d87cbe3d02f63724db0735,4089,1395258.4516294426,1316076.8573064907,981955.029790389,959759.6308840511
1,0,8c167025,f3b413b199ad12af9ceb4e01fdd8edf62c1df66a661703ec4f7747f8db321e4b,5368,543596.1615949924,697819.0867333212,709191.7796680349,893517.0743644485
1,2,8c8348e8,959df0f712d499eda4ddf8a69f97c2aa82b4d280895cf5cd1a6daceba381635f,3888,199583.1199952123,96738.24822581686,150224.14454423919,82175.01690348695
1,1,8cc21f01,b47188bae643502fbb9f205dd4654f0780b4fc2d5aa8df19d48befaea1e3facb,4044,107713.7695077876,126002.31315347429,145931.2079177589,162969.9230008961
1,3,8cc800b3,d06aa132d53bd121d546c29dc0a11dd78988757af7bc3d0e7b95b56bbb309dbe,6576,1750433.2290155962,2690294.3823647243,2598142.517883199,3505362.9878156534
1,3,8d5d46d7,7a0fb475705846f8a404666b698ef2ee0bf308a855cca2441efd65b7c253f4f8,5755,592231.2580596139,635966.9419914514,545156.1455143571,588060.6739048932
1,2,8d92cb49,a65ca9b85cad2e079c0b7d59cb45b625bc388db86f99d6b9ea3b803f8a1d3061,3589,230151.24465425027,229123.10186666733,245260.68752525328,241112.12504791343
1,0,8f201368,65f98f51e14997253e66b5c983449f4b597d9bf2c89284166118b8f150019d2c,6349,3006704.2840478616,2263214.191281315,2656142.681695517,2034931.9598557942
1,4,90386ee4,60f0eed1d6ac8545138648488bd07767dafd3ea31caa2fbdd11af87d3ae06f05,3840,108516.20139473461,214436.23600733158,94662.84200618163,168038.09084520303
1,0,91abc4c7,ed2a3588e70553bf39baf22e515809acc61ee93df4576aa0033e8d00af5116d8,5848,1433068.0557333939,937636.9683428266,1201386.4753826873,809533.502404967
1,0,91b301ce,e384ba9337dc2e882a4a8137a9a7fb7700b5111a9a5942532f83344ec7f648f9,6570,6587844.276511727,6805472.333305955,6637712.3916013725,6843638.571598637
1,0,91db7070,b4038f88443a76c41318edbe94e62c4071d26fc67da2aace6fbdc276c011aa11,4073,6435430.665709508,6494930.535203251,6962940.511526426,6983623.953981172
1,0,925a7cd1,8c814bb6bee2ff235b4f18de0604cebff503c543b354a2732a7cf446c1916bdd,4517,22002.646638283455,37728.1125563885,12840.500029837485,12256.654760590987
1,3,9283ae69,9387ca0fd73786e2172c512af7125ed48aba9df2472471dbfc560af48fa41905,3371,143054.634985884,294227.3448235301,153923.65944724035,294892.84391392424
1,2,9298ad5b,bd20c1e6353eb75dc80e4f07f9cf3a35a52e53fc9b468f3715a83b155a2869ba,3964,613213.671698026,727085.7029306717,631313.8859206943,734943.9549190898
1,0,9314ff13,9ab9e19e99b3b5e09f10270d8882ecaccfd95190709280e8b082530c04989c00,2748,240602.10628516471,275048.7838159916,293910.9571644876,324086.35503009555
1,0,93209a3d,0c49895b3ad4ffae854469c51abcc33636969d653dff81940a65d65126c01ad6,4697,77967.54299181093,151427.06784850237,64991.34609067211,133685.83947195663
1,4,939d9c34,fec0ab621a59df1cef9428d91717385818347a992aca6348f9d883a908fde6af,5101,736381.1617446847,987460.5848911093,772658.7715558204,1031861.8972438538
1,1,93f5d2e6,c3d0969d6efc8760accab8848041e22f3b5415da885be09683412513e0e8c71c,3691,963159.396966018,866706.3418604636,1144996.7567750963,1033938.2859855521
1,2,940a48d9,e0a8013073f9caf841373835341ae6c7b9aa1fd696eebee3e7eebbdd131bbee6,3963,314035.6928540186,345058.2576755077,282018.08888087654,316652.0067787649
1,0,940e709a,f9def5e6aab2c39cdd3334d9264bace61582cf71b9e9fa388c4e3053394d7d3f,3348,151413.6970060508,114925.796752297,204885.61341257137,159760.40193866473
1,3,9426ec1e,b0dea09ba32af39bb796f4b2c7f07660939fe7fddfe02791a53f66804260b6b7,2532,219859.9895899863,139533.61074688152,263424.06630084594,174332.08586649617
1,4,94467f50,4c1c9ab7b490e847e8889086ba1631438298b60f547ca75aacdd3a3d529dc650,3035,122354.25418873166,115098.34525376503,84217.2052888097,86742.0180288959
1,0,944f36b9,1ffdf6ee773add00e0d8f988fa2cbae091a244632f1289cb1940693431c6e714,4630,79461.84567955084,68939.13823334794,114828.73276994914,102609.33571192922
1,1,94d813a4,973720f0ce7b93e4ca13beaf2daebe00d1172aa1dcf6639f6145a4e3922e20d4,4847,4084232.4992629355,3158446.6436258857,4066839.533633524,3196602.4535667486
1,0,95b559e7,fb64fa9f182f6a42d8a3542ddb6ccb419828696ba188e479a1657660a3eeadd7,2887,461054.3907285162,499642.14288088423,232344.08219877456,271988.0523814765
1,2,95c8427f,f39e247ff187314c2ca82d63711da1b3a148eb75802c5675e4027cb9658152dd,6335,2605775.783211183,1882898.6699849877,2108858.4961430784,1602156.232585201
1,1,96936c22,944631a73e6c50387ccb5fb04456782592bf59ee3212245337488bf820878731,3346,41196.94070857477,70277.11125361454,27583.269310218166,48167.96665646433
1,3,96ae5806,eccf09e90835e79a1fdc9aec99e617ad4188505d485139ad7fb1a0ebbf8f0de2,9839,799948.6533083239,1258786.5613216166,521474.60269432876,908291.275120588
1,2,96b7eea1,aacf3cadf4363127dcbca1b3f029942c090d7870dc3391e8d556a118d7cb7d10,4332,880520.0014059355,741689.7130951269,750917.3736132178,660999.2647703267
1,0,9719aa04,53fdc8dfc11f9ae22ae9eae3e568e1a5c7cf98b2ed0b959c7981e33885b7e5ac,4871,168227.5234083755,178675.90792059706,216941.30983665428,251286.6819482888
1,1,974802e7,cc360031d535fee5aa3e49f9e3290721b048862e35616ddc7bbf0a81b0f3a5a9,5843,689478.6243464579,862947.9674961646,767574.9901886535,924646.7245154089
1,2,97cd5bf9,00515fd5f60fd84258cc5851b11607221501a58a5f55a9ef54ed8b0129a5e54f,3449,415753.46949046367,295706.40792605624,220927.4022416186,165719.64874020286
1,3,98177ced,b403525330edce19d58d74c17f4ac595a722c597a5dfde4523a41602cb32a71b,4772,336550.5967420716,199586.72235404537,329102.60945589415,199082.87833715574
1,0,9896fc0b,ff0c807148b00cab4207a4d19c0adb7163615bf0c6536f53d594a17f52ec9fdf,3595,1215755.2380594877,1175675.2143337736,759645.3180679432,756617.5654475292
1,2,98bc6f66,c7f05862e4afe292b0b72ba2ccd759b6fe21fad15b0bd4fb15df4c7114a06d8e,6063,913520.7402554022,1375663.0863651386,841045.1095418067,1258527.1969356136
1,1,992c99e8,9a5cb117ba2fb13e20ccd3e20b9c3be68d871ad9bbc57e8e8325c17cbd70c27f,4904,679598.6303357544,761831.5195652085,571409.5188308577,650706.9121474333
1,2,992ce078,0cb637ad979ceb19cbbbbad2abfa2b2829b1f15ba07529ef9b846ad7be1900cd,2879,373780.93648207985,444863.53934526903,314015.77175844205,387010.51805397857
1,2,99529c45,0f072b090daae1c69a5b681ea651254ef386601581c509525f7ce3ce1936496f,5840,1738810.5700810873,1615918.0617676931,1582537.2691827875,1507437.0083041172
1,2,995ff498,7974b49a291ea95365c2d7678004680d49404e31bdd3fd539c8af6e329abd558,4526,207146.4369096445,248293.3088970951,178565.3817635618,218298.66968500888
1,0,999daf80,5e8645c5100987bd3728e4dd831bde151e61b7a12d2db7d025a6939e62b29599,3564,71989.469853671,55210.38997890169,77928.45370613068,57486.39834524077
1,1,9a6b0392,470a96ef6b1238f0cfcccfcc1bec562d5fe76daa2a58214302ffbbb995b53980,4255,216741.00823809952,249455.16172784698,311531.0905600138,338731.5510341695
1,2,9a8ae0d6,4501b84f0eb414db0baf3d098b4cdae16dbedda7b77136baaeb477c8bdb85d9e,6294,412737.3883264477,577355.7898742623,361800.9002252398,495882.71850199316
1,2,9a95e33f,f52f1fb43dfd56e3284aea4bc9bbdea7db4127f1886afd2d25c8048add2b26c0,6447,4208619.861197266,4283287.400005853,3571515.634289991,3766059.4038235038
1,2,9ab94eeb,687d5b36f791355129faa5ad42bf8d3fa12c1dac439b430b6c503f6638053e6c,4442,97117.1672240585,122147.118126485,92560.26395595685,115437.90199699104
1,4,9ad5410a,41291ca35d8a51fdd8c57df92e076e541fa38078e281d34c8edbae90dfb6cdc2,4205,228363.16152659483,255860.54294696322,215305.7685255236,249126.36626472964
1,4,9ae248be,ad86d65d99486377bc7fa3a3f1f896bde69cb553f8d34a2c3ed2b47bdbde2d1b,5271,243469.83433033046,238947.14324177755,185243.7560042057,186059.44897508566
1,4,9af1ffd0,dcac2ac3be5ac38bc34b51b56ffedea89b258690f59145023301b860680be3c6,3525,1389972.6820255117,1298780.989732726,1571448.3597743555,1464712.0993489567
1,1,9b5b61c1,25b88a41babe644af84cca28db162d144200b69825cf975dc506cc32a4bfba8f,5532,78278.78034172746,58714.47994389051,94548.63231074843,70215.43015289282
1,3,9b9e3b49,c2e9bed713b61b3f9659e99d94e6baea6e0a3335cc14a6a1a9cbfd17dff6483b,5118,377248.3886455545,345362.73120209505,360790.8735702328,334426.75422457047
1,0,9bd2bba3,83a81c26fe17d9f2fa32843020527727b76f2263e548278bb2410358e37d1d68,7439,263856.1449290919,315418.4586324282,358649.55829895736,404990.6609420982
1,3,9c211c53,03f9a88959c3484c99bd67a293240356ad39bfad076ecc94a127f861f502ea5d,7265,205470.7157577159,318947.5974537921,271863.7045628149,384311.3377071405
1,4,9c350a6a,30dc974a5c995269250c4b166b99b1c20e4965c38bd69fa9705eb783b902daf6,6052,1284666.5174002398,1042259.2893099211,905803.5454362266,761012.404420472
1,4,9c8375f7,ac29b9892004bce8124aa917a5f4edf33015dbbc3ac501d6fe88f6b03bc5dfd1,3674,81847.99276318002,81375.38198681307,57255.70160087012,58841.512507619846
1,1,9d072e4c,c18a201ff96d4034c377a6c3c57b0db3780a09ff73c2c7336333d5ca8f3b18e9,5107,626884.5910641381,655793.1316558812,444562.2462336204,481803.30642937706
1,1,9d3ec64c,b6c996e432d69f5b45c70b7805bed23e60119468c0db58d4d698433dc227b9f4,3480,101465.94343527878,33908.64428771438,147773.00924720027,49958.567566878235
1,0,9d4272e3,4850d68cc604a7f70f216e79a2a0aeea58399b34088777c0bb0c115c1d071fef,4030,558295.391610372,349242.9776633532,591368.6593130035,387170.92666053807
1,2,9d5e14d4,2e891be6373cfd51cc427823ac15e778eeeb3ac0346f9d611b1ca2c8c5445f60,5400,2455905.3795005204,2332256.011379307,2377576.7389974613,2283567.949796731
1,3,9da441ba,3808a2ee901c29724ee632bebf87715742f5d9fe2d803e267d503c136803a1af,5783,185963.6341173259,122582.85312918425,129052.81312766486,96315.89819614979
1,3,9dede370,a929ad4f6cded95a04a205e53a71d194f3702d5e2b8f4cf97c97c8d698806be5,6297,1037890.5118962219,1133538.4985034873,666201.3856406112,778261.6333454746
1,4,9def2eb2,3f9bc61d7ff6608e3ddc7b73a5e5a95109d6e16b5c7788ce92c68cdd90e4702d,6003,308234.8454432048,226140.82554864456,375985.1949840945,296411.42239470547
1,1,9df1b1f9,b12e3f3f78d71971dd3aeef2662879302803b7c851567fdfb8406a65509ad4ee,4701,128544.1143377717,70919.92028287673,85104.05990609377,47485.97149545206
1,4,9dfff011,0220c33f01cd93c2610534f0bc569812b39e08ca2628f69957420353ecdcf403,4319,155127.75644809334,92434.67841621207,132431.77590807978,84273.77658542541
1,3,9e3e364d,3c155d2694883440d06c7763bc2d724c8e49d33e1347e3fa6488f8b8a00be19d,4290,209900.02610929462,244083.87966521396,145806.42286736384,179593.88697756315
1,1,9efc812e,3a9771085ad359e914266d205d70ea3fde040a2f4e625a895fb6b3694a9421a7,4450,88460.43579336014,91108.40413330069,78771.41312510525,80825.0934929347
1,3,9f0c7bae,f1d6ae417bbb399edc045952f07eac178d6d01ee33b4aad1e60c041b6b66edc5,2542,107727.95450180495,155007.8569005477,120010.53575326155,163299.94722425198
1,1,9ffce529,9b87e997607641dbd91491e034f8e4bbf95c3613f6d28343af4e4048e2b32c3b,5212,551618.3027007671,579498.7086617334,470144.0887466159,499610.10115752625
1,1,a0383629,99f6edc1899bb80f7a721890a58a27c1493e2fe687512affe78a917aac20a067,5832,449895.8922071642,254791.35605990194,400672.9028927606,228932.58399298805
1,1,a056d01e,f658fe70f63e9ecdf934717963b1eb63b720ea57efabf89e2fab6f5567fbe064,6557,337918.40561607963,315779.00575780304,245983.2098399381,237537.74156589055
1,4,a08d9e63,12941d212402020a043c6a9f0f92eceeea8333713bf47573e3adc5d6186b7bed,3685,680581.1779880025,499296.3407306967,614494.9242253496,457093.93895917875
1,3,a0b83014,90e165bd227ae51a0d83dc9c9a1aaa1d79d182212d6a7eee5956df601f40714d,5035,1447374.7527889588,1609887.044173914,990882.1125869816,1166894.839292133
1,3,a0e92ed6,64c983623df6da7ce326d3535481d8eb2cbb2492a69064968f210a3ae59a98a4,4897,225331.2126559273,409511.55076577363,240962.05123203175,385503.0184582769
1,3,a15bc102,76d02cfb75ef401d2d8470b74279ef92cb27d8cfcfef98d3db2f0ebf21657eff,3236,146591.5835344153,80548.09688719537,112956.17219016724,62833.52970275241
1,0,a247e7cf,b4c87f59c46bde1566cc365abd6dbf329143b0ec30783c70a232105661a549df,5674,162226.3568804534,59360.37064247593,67525.52895133538,19536.63972120965
1,1,a2e8e7f6,78ce54089f11c0bf57f09a1665923f45572229f5ef37733f6f54c41c62e2140e,4760,379249.1663708432,382359.4164593604,313495.2654378122,320811.57960159495
1,0,a3518960,278d1343ac0a079cd3a63e14f85058fe3652cfff125ea6a1980169febfc868d2,4967,160788.01701160942,135035.17125937634,158104.37810464518,130928.95779474721
1,3,a3f71395,0f934ddc11ed02a69430278c1e9b383d6f6609635a9b0d8020f3af2c147f2d59,5543,843090.7986817108,861796.0529109786,837425.9909943475,833157.9206216538
1,4,a4719920,580c951a9759a70bc1a639e99c5ac4ecf63018dbd669c3ff22179bd50d6961ce,5884,172293.229334443,163854.79632119765,354209.9646911013,321114.53284750856
1,2,a48640d9,fb2e687689f5b219681372fda5d5414c6faed145678f4f55ff8d9cdfa3a2735b,4532,54825.816250221964,80771.07441876843,44033.10929915257,67588.76343602789
1,2,a4cdbb0f,a7abb31e9ab50c12dbfd46ae6360653812fc552afe439ffc2ef4f083343c5b4b,5204,503974.83496318036,443218.34087846475,609570.8724864788,512713.02390227513
1,3,a4f989c2,6ba409d6a11775872bb6647dec72c77c3f90b083fe300f4ec6e029a964c60537,5385,369160.33366673667,312389.2006609287,758743.9756748383,622267.7785868321
1,1,a5aa7973,d6d69df42dcca32f96fe315772b0c8d8f36c4f6615fc324b4eef7dff5d613f24,4616,850893.9589029052,788288.6836734576,1559635.1003938427,1409676.1337928942
1,0,a5e6f7dc,3fad78863552c7a02d6a1e41258b387e7459bba48a7f4156de17db62c727ffe7,5649,521153.92702154117,96199.31035908888,358830.75199676765,63573.41059437552
1,3,a612d5a0,84ce733c0f412a82c5875d900270688cc4c2061766e8fadbb39693da15a04ecc,5329,553279.1044019585,354122.72386866534,652548.5253981005,439993.06783929496
1,0,a622ce4d,cfbf0436de45a50c8f17dcdd3dc1c5193162bba60620737a0ff0a24914ec2458,6298,1036963.2957728428,825780.4502519591,1094586.4034929848,891065.1960715797
1,4,a645da9a,e13130ff05d1bad691ada2ab96c15508d83219f7aa595749299bb8669f6a03a4,5153,198982.36758580175,238002.75293950786,1044857.4362181547,844088.9346722115
1,2,a692b17e,3a85f9745826e33a1cccd2012f4f31e13b19d8a90ea3e9ba2ec14ea8d60afc1c,3566,481116.5848599012,335584.45772934944,500502.91571372066,357129.182946426
1,3,a6b8ac67,1f8bb002a4446bbf15d5b811dc3eedaceb7552953cb068295335a1382c2ab237,5453,2590763.5761233727,2989020.150172414,3094351.6900135195,3434872.6989761144
1,4,a6ed2eff,120bb9c680d13a6a18df00b33337635374d18513d8fae157c0c7cb0c229a7247,5275,205376.66881933552,275718.2486203159,196329.63367035447,243603.5979278099
1,2,a6f967fb,9f3982fee9b6ddf8f4fb6ed8a84e774889afd863315863aea7276f3f239ff877,4670,523637.3386566236,276990.9382694759,442667.10081925296,247356.40952785723
1,4,a76db406,f88b28dc1e4de9c96afbd2f070e5d482ec6565f78088ea80f3db67630f3273a3,4672,56651.9834815027,81068.99861928463,130276.33839153434,161502.49343595598
1,4,a7744f5b,fa2d93c62e450d44d3340e1c54c8993f3c879b087b38887ff12f62404da4a3af,4377,367543.8328282421,400337.7017283731,404979.1384426963,434520.58305972494
1,2,a783cc24,5acd4638a54af019bda28c3af038b38febd873de89263b9f751f229d38546719,1889,1166823.015218851,1166823.015218851,1237825.4636629845,1222002.612120236
1,0,a79fd2e7,2e09ac0f9add88d7976bed638cff69be75f4953ed2e0cf4ff78020b08b09bd29,4404,634770.2251058782,357904.3463702353,497868.5034836227,298915.0992190013
1,2,a7fc3e6b,169f7cec3f4e8ad0457b5ec43d21a2872d91f1a7ead2ccc631b29db268a2ac71,4764,1206633.9919171846,801134.1294535624,1164204.97631393,815290.6561470665
1,2,a85bb86f,b57c447844a29bbebb69a477c952397de7c466f45db1733c45c9b0166cc4064e,3099,72346.60829586718,65326.558006520165,80529.52649391502,71014.54220886297
1,1,a85e4bc3,9d5b50f40e6a90a35a80c585af16f63ab7705b5d9d2b63ab4a79bf07dd4c6fd3,4581,237292.91461960797,187516.89969581514,539090.2825969327,342138.44066555356
1,4,a87433c9,1a840ed14a6ee6b3d50dc2eff32346615083100b417f6003c111644436fd93b2,5721,117981.9680400542,77430.12198320306,177457.68602484962,117082.74510303976
1,3,a8ed028a,1c584189e1cd0a4402a01017b272f2a5b8971a38d90f7882ba17419353ccdeb9,5538,2465987.6649070075,2250261.6923235683,2815837.211138297,2558377.3249571766
1,3,a959858c,501872002b497638ffb7c0d64dd458dc2b77200a119cd3e394cbd684ff0c9844,4404,7424023.754896713,5384908.192469649,7240633.599314837,5369389.466928199
1,3,a9c9b150,f16b26bef3c8e17a880717b0ed5764d5999921f5860b1a3eaecb7a884e4ed377,3986,119464.60388741909,98741.52971778635,142534.3847265246,114831.43409068327
1,4,aa95015b,44b01a9512116544fff20896eb75e33144a5e7dea489156365b3061b39fb33e2,4300,86027.60703141936,77863.1132191976,70071.86650949498,69505.92859419515
1,0,aaaf3c03,7ee5f165c61cc617be6e68eedf9eb5b3796f603f28e1e74ff2241e615b55d234,2997,825395.0295963904,996472.171085164,716352.5246685852,897393.6048425208
1,4,aaeffccb,2fee5147534159e599b04e1c89b602b71992d1b4dc8f668b4f9b8543b991141d,2712,89614.14387448167,81328.31124946245,90806.75535452855,83051.94949754681
1,2,ab112491,d0cc9683497530608a76e43f99068feba4d408a2ed6c534d36ac49984af241d2,5185,3080230.707288414,3609753.2917418294,2855761.7878618157,3363008.728259001
1,2,ab18d3fc,c40e607dd2c39943936e1842b3a1120361118091823ac46ffd26c27fa2575598,5694,753247.3055143962,610764.226726878,726197.0390033817,596291.1486535708
1,0,ab3ced07,79b92bc1dc1eb3cebf3a4faeef5aa220b79002ea721b14bf4bfea060faa88128,4250,188891.67111922134,278978.1822348126,160677.85856288593,233190.3474623763
1,3,ab6fe95d,b1df3627d1be5b12d1a638157b3a361efdc270fafee7c17892a7eb4cab021381,5491,137297.0432208088,83366.85570060181,130100.9189773238,89302.36281871324
1,1,ab94878e,ac668763f685e09023d10b769f6e1ccca95c2430689cc05237e7e037cbb64ef2,6004,124042.0027150513,59448.1862268528,160830.95061704452,83919.49022011862
1,0,abf460d2,d7389f5432151af05f1bb4c1ffc928b506aeba0c19b054a22cc306fad3441c15,3217,69565.22425621869,146585.46406958828,173365.1872994428,268793.63454165455
1,0,ac6f01d5,00ca5e55378dfcf65064fcfd40c4c88566fc315edeef11dcda9cf5fc4aa19d64,5004,400042.0097558033,344306.6792989121,310930.8004968157,271771.63515387545
1,2,ad2133a8,8ce5741efeb67c19dbb3aa047940e52b2833935d522b81a0f4fe7040d2d0793b,5729,2913854.0718787154,3271739.7918803305,2677116.9640624654,3037358.130278511
1,2,add9c322,d8d1f3256d28c665ac55a6ab2eb0e3dccd4647dec3c4d7dee080aff6913c6125,3932,240204.23537540087,192153.15350326183,209533.86634646836,174960.69018987947
1,0,ae069086,5bf560245e9d9e3dc2c1a0af1b0b67304c7257cf1970e256ee8db9e8798667ae,4770,587832.6998545096,678978.2860265368,645590.2809905737,733941.1003730258
1,3,ae0784a8,635f2b38e9b0abd4cd2b0fb20fb82ceb3c276dc625939072046c0ce3c412131f,7823,302635.52465595095,323327.91871161805,257338.71326427933,262137.71629438805
1,4,ae35f33a,6fab1564560fad5c6741d112a7a75724e7138fb8415bb268875f24c2bd81ec62,4450,97809.52017113351,72834.07970730135,85602.24513220822,63773.73464287117
1,2,ae8959c3,273c7e9159ab16d804d5f99010ec84ab2d90a4ffcdb4f312f9d2aa59d076b039,4518,2674067.370399411,3231344.7858897885,2203036.6507291147,2770617.804979857
1,3,aed44918,88afad4477dfdde28721024e0694fcaa87b630599c6b4642678b4c96f4ce3913,2719,253504.59538259843,205690.8007442093,244804.12670751353,201790.99805150318
1,3,aee6393a,4c83eb6126b1a22feede0a704edc093336419cf75fc24a813f70c899b437af40,5865,63019.5544599845,116397.58064234548,55277.39984461178,112705.28099188957
1,1,af7a59ce,5629b6ef944bb40379e25d12182a02264c2b87c94ccaf5f0654d505148ce2db7,3024,21280.517480672825,24793.78208130644,17260.697913079846,20350.183674662192
1,4,aff4e561,a1f38a8d268a812e025ee9ec3bfba47fce78c3c366c5e5a9f3cb6d48bfea919d,6026,244782.99410364404,565246.3363694728,427567.54347363865,767075.379010248
1,1,b04b58a3,728c7755852785a28381adb88b96a21c1c4deeb34f94c636b0303aa11110ce72,3402,379037.20515189396,273424.48006606585,322523.6495799447,261836.22142036606
1,1,b0d42b0d,a1c99a20ff26641b67aaaaa4fd5c6653cee9db4758c648a0784ca64b35cc15f7,4971,1053255.2124102814,1331120.436252892,855668.1131103579,1090122.2294243486
1,1,b0f53bf4,cc0038555f67252e0d8e11fa54139c2b1054a1e14158fd667441b7af29ca7720,2755,225839.71509228402,200639.17484381926,303663.7294597324,269485.7354631976
1,4,b19b0395,02f0159a9e9484a1998a6c45121dcb0ea3323b9173fca1d6e48717d812fac136,5813,577400.6867669735,429110.10002638807,621906.402036927,479885.91474474873
1,4,b1efb8a4,5bfd53a0b99223a57e39ea6b98240eac6b348d852871ff8481ada9824c88fd9d,5998,445860.6427249257,381535.52675182227,646548.448921846,549474.298334818
1,1,b32902c0,04bc9fef5773c9a096fd15c93c0dde11f895e0bbbe0a3313c8cf0c90d48977a6,3808,124452.43769945018,245673.83556551635,195336.22602885345,339210.78451617475
1,0,b32e4903,95228b84ee898cb8f01cc56bc513779b63a230d43ee3b0562e122281a5ca6836,5770,202229.40159523356,445611.78114405554,189777.8787278763,400875.474863151
1,3,b3388334,f06e9d325dacc548f0e3eb1469899fb4cd330b304d47cf7695788c9bd6525a77,6080,1492274.8522108519,1553006.8268514462,1367677.6267119958,1432804.3778721264
1,0,b37fd114,771295c0db949db5aaa476c0fda34d2b1ca6c6d89b7ac0847ac95689b6f7ab80,8161,1619211.5382143867,1917095.8674081836,903897.0486884761,1157704.1317599134
1,4,b38e3116,8e0ccdc97bf7715d75ce3d454dda9f2e73040922a74e007103c166fc28ebade8,6211,724030.8183520464,926366.430979007,754929.7404813406,940400.5423894179
1,0,b4d8dd4f,af8dc0c8f847c7ab2808ed8ea9507bc04ee6252f09a78b84deeca5b39d474c17,4259,721876.5651156353,630468.412547996,777334.0616467693,685647.5530212709
1,3,b4f37e6e,cddc6c71d7b89e74abec41853dce065c76c4e21ffbd6928193ad38de59d01dd1,2992,152809.0251153704,151929.2384412083,110858.18128042502,114150.95066226262
1,0,b56bc0aa,938e6f6da6042ace08d9aeb1d072fc9049f150519d26283443484e7d4f262144,5602,208771.59444964275,204475.63218242247,200862.83114987792,197340.2134588802
1,4,b585b4fa,d1f6b9f7f734f107b239bf8375bab08244cf0cf1276f3249334a02cbfda80fc2,4294,247125.7590894509,305410.7276532717,201115.4738815587,231584.8466992999
1,1,b5aa9634,3267580d8d460b55ca4d523323c4f5465ef272d28bcebf9f56d4bd7ee3d4b5eb,7326,1178784.5571128314,916259.652667849,1130625.7415692029,878716.8790109375
1,2,b7974e66,f7f0d8a2b114a9764bc17c2de88f2d9ab0e431869c46d4d9cfe6ad203e1e8fdc,5558,656387.5737996543,942748.9280445161,896247.5010716808,1118556.4717062868
1,0,b7cdcecb,e36fab9d9c34d82bf6deada876717ee0b6fb9295aea184f1f888c5fa96e8b6c5,6168,185002.6940072555,252347.4855606336,74243.40333450782,120720.54096445767
1,0,b7fea9ef,ef2d0223e4144f7d007592d51ef8e80f267d52e8f7b3e4adef15067d4c1db14f,3866,252602.98397625488,230655.57915811817,225645.64235733758,207548.34279208875
1,2,b85f7b06,4189cce0dca1e75d59848635cc0c76d7b72d268d58a284c04a3413b9db07ef08,3803,140469.40379277832,80479.93647766038,157100.09331286323,95458.60896800598
1,0,b881d27e,33c294fdbe0c934a42e1173f481faae77a1468b9bad27426f4f13178bee5e974,4009,377589.74483265134,285819.3498784473,322032.26856449235,245191.24676626362
1,3,b8c49c1a,c96c1182066bee303d33dd0f991b61e854213a970f3e8a9a95b68c1ca4116c44,4319,237468.5224631784,235879.12395776476,173357.08075196942,179977.74991220218
1,0,b95e7121,b6b902e1a1fae46e34794a981ce77a427e1d85b5bf493cc2a1b9190134a07211,6306,5983181.114758169,3085213.9395933393,6683413.949700347,3791068.327866323
1,2,b977be4a,0d2712e8cedd8c6b95a2e3f510b5c03e58fc4027e0ac59c53bb51a601f3d38c1,5917,1331172.176845566,1285106.7516652804,1201551.4646994309,1195465.275019119
1,2,ba48188d,2fb8f1f013244de79f2f8db24d18b10933357e372beef40cf0902b75b3d82c11,4166,11721645.80738012,12116918.983148284,12024653.424199045,12320487.118207382
1,0,bb2cdd83,2d4df2a4164cdfb9b03883c322126baa7c3431b6a149e4ae9d125c0f9412284b,3825,93087.62698114301,146980.0904624476,125870.28883911973,176228.59541966987
1,2,bb337fa0,381347cf674d52de347800bc8fa15ee6485cc158e211ff97092a15116d899452,6873,1915110.6258066786,1316884.9501077204,1778913.411842899,1275982.2324329899
1,2,bb682ebd,d4192221e50a695f5defd197403eb80b097d06b730383597c117de9b49ecb1de,4139,1552012.0788395172,1693019.0887364408,1545180.6787142353,1672975.1742990587
1,2,bc4381e2,94eb27fdcd1e89991e52679204f459ba6a9cd201237026b9975699fdbb7d8979,4955,2048022.7043166184,1922532.4997200146,1984372.6462545048,1883130.1986832526
1,0,bcebcc5f,0ed5522121bc4af1addb964c950056fee7c1255acd2915cc02b370041fd62f72,6258,365430.33830439585,237279.45539324457,236064.2908353305,144623.02240827185
1,2,bd2c2f34,3b14194a7e806ea5ed2f058a05e29a18ad80827a92316b4eae19709d88bd5294,9823,1846460.5332152667,1937806.5128743406,1626359.8382409886,1748165.065007251
1,3,bd4ae5da,2e4683d618857bca3d8dbd5ff075c00e5e7e3b4fe04aebd544f14149b156167d,5006,337813.4477957959,291027.2107756735,474968.67371541815,406033.7496764577
1,4,bd6f0e19,caa23241de2e5d0e7775750bc834bf2f0ded9988ebe53d27f1d2aaed64794513,5140,560041.5414611414,261111.23216921545,326270.5821383703,138212.5153196314
1,3,bd8f847e,970736dfa1ec9d1e3fcf0ecd4a9d30b5e4d5fcaa6bfc8b131537e68a77d26efb,4961,238098.37969781278,252214.44571389764,170035.1664878775,188550.1733064903
1,1,be063506,f0db024f82a74b6bfafacc95db3006bba956b14a84f811b1ddf571b8f16e69ca,4500,55637.611730697296,83957.51397025705,54405.79841492661,80535.69268125755
1,0,be35c8f2,6b2551f90d2aa3b3cbea822fecc63579274db1f610a1d7ec3ad55080ff78567c,4226,94013.73325633066,221729.86742344726,88578.8211887661,168870.3001926223
1,2,be83e781,3d649c9ac0a097a340ea3914f72d277e8679a3b97eb025889700efe44a10e73b,3221,165551.14463367424,161262.92392523176,219517.94761941815,201837.7385127929
1,2,beda8696,e792b33f7bd593e288dc247642f63abd0a85681487a50417e9cde56df082da33,5912,997893.6353440797,929699.1078516125,1023714.1262032873,954994.4796847414
1,0,bf39bc20,87ab030ae733bf90b82c2b4c0c1a82488f25a0182da203e4d2b505c3a5202857,3303,106292.39036490783,105931.81564130011,122820.36856551084,119844.69263172055
1,2,bf70b410,03f237453340a7a43e00cbb22e0d98dca12b2a51ce44e38a59583834c66bae54,6347,2046936.002446279,1936393.035411167,1933559.5396746702,1859861.2106750966
1,1,bffe3082,62865d3db19a3a19abbcc0da867cf692d2157c88e7e913ca19aeec744f3a4638,5723,1706619.5340510958,1484800.2454793046,1376520.746294051,1224133.3559191106
1,2,c03b9305,f5f980c56fa3f89c03488734d51da8bea0f49537206f9bc85c62afc441296f4d,4255,1208973.0751113468,2004178.8979952035,1646918.5916608335,2349379.5403343383
1,1,c03d4aed,c6b2c9d456f6a8ced624a5eec6185fff24fbc7a93c27006f7c45e974acc66667,4641,371984.4049670034,403989.0415046488,236790.77460766688,271352.81175829633
1,0,c03fba65,cad43482fed470fa776f8b9763025280432e4411038c284bcb33e891732341bf,3699,1474988.834586676,1002044.2462126366,1189861.4389512518,806262.4371634196
1,2,c07fd0cd,f49b83358a1473b6e9c4e0eae1402b481a0cee64eb44cc16182501c6c0eec358,4191,125085.99804493386,122608.4979643327,103661.34164083115,103249.29584288664
1,2,c1708b88,b82801c080618236c36096552ae4bde78aecb0a82c5db2f685e800cd5613e92d,6315,1659756.783727329,1389160.295084047,1636930.4338133093,1386403.1965755052
1,4,c1d046f4,1ab52107f0146828fe04a80c1acf63fc96ebf4093127325aa23a599399b915cf,5513,291453.3725102522,201414.97274714155,175391.07791811344,118396.13093545655
1,0,c2717d4f,3825b16d64084cd8d058143c315577e40e4df84d6b3ff484e4e17a499d80f8ef,4721,557637.6345559249,765967.7595210981,674001.4378448278,870254.8205362274
1,2,c2c4db09,ab387e5ad38d17e20321cec14ddd745ea25498fd1272e74d1879ab91910f1e57,6039,440979.37212292186,412635.14945612685,378554.25873609085,359634.1635553759
1,0,c2c6fc71,c680da48245f1da4fd4903cee5540da85c00f02d062db3c83eb4d768ef475383,7119,769004.1964102185,1168184.0657334612,793680.327645558,1189784.97624493
1,0,c36625df,5ddf4ded60d45e40e22ea9b6b3e199cc6b452a532f974414054bcd7c9f037c07,4742,80896.94677786506,68244.20552781489,72062.13482677891,61745.262155900535
1,4,c3957531,33c6abbb3cad79abdeba4182a37542860e5bfb253fc4c1415ccb1db767e13fed,5316,681100.5745139921,655299.8233834731,663954.4857749299,626508.4869961925
1,2,c42fe306,bdd9b88926bb9569a86387161b127a7bcfa7eac177f9f7dfac2af39837c32dde,5095,739535.3468568784,853926.5771750777,820115.8217755544,909136.1515317934
1,3,c43812e2,6b0a52db47eec289ea9cb80488bc1edcef4a47e61dd531ba26b7e61a87256b18,5527,157804.6530424666,140749.04986817937,144806.28014077264,124525.99973990093
1,1,c472c0b5,35772d971b404fefe274fac9e8a5eb07065d323ae5d8c912ce3a62625afb05c1,3054,93772.09456944276,80740.09638129361,64415.094058344184,56866.262845703786
1,2,c47e0767,22d1672e69c769ee2966c3bbc14b6129766d293bb1c54d152a7322fa70b2e870,4356,902474.0518908682,990761.9851037085,826796.3088367308,919846.9335293858
1,3,c50b42f6,90f9b254670aa6036b815ddac550e5215baa493fab24b2d850e7ba8020d2934b,6014,1013156.8262868754,977282.1623711565,1222300.179449858,1159605.6554022166
1,2,c593337f,8870adf3e2c8fd2eb56ddeae319249c78abfed8a8c0065c56af54e9da3306f3f,5208,2244755.4864438064,2345260.681492485,2016312.8069701144,2152152.378632876
1,0,c59b6c4a,ad094b167316292078497d8d5348e22917dddd7700077508d876bb98785bbba1,5499,3872128.712748524,3531727.5876504653,3417370.163845141,3143689.9091729964
1,3,c66be2b8,a15ff44c29a0a4c9c3b1fd7ae08dcba36ec5a5e6461bb2f034513b81b81dcfd3,4154,1725624.2961057238,1338297.313268358,1256021.3146134336,994372.3917610825
1,3,c6797dd7,404e6e727621dab683e2be5060818c25da2d58836709031b84d54131a68d17e4,4664,623023.0044907862,432400.4291562952,578773.5644189008,403087.09053540777
1,4,c6b782a4,e392fc3a79097a8dfd88290f776b45a908c72a7d46c96dfec06cd6b212e4fa71,4877,178695.72970666073,163382.94129830206,153951.2442539732,139589.30615984174
1,0,c6c96179,c03b513e3e68d353594fc51a7728b701a271c31c7ad58d69189333ab7feb2e3e,4004,199661.4793252105,251971.9057648595,287379.48752680566,337034.3767456707
1,4,c70c0e01,67809a1766cb2ab46b34a691ff1a508659110722ecda82b4d440f5a6284ff8f3,4312,291224.55640454724,267289.4254971798,269233.3058792889,248694.6986619864
1,4,c84c65be,c9f91c7eb396a95b6b242a254e6b0355acb167251acd85df68412bfa0cdae8cc,8496,379980.08228503464,346815.74198712857,324520.53662088705,289495.1666437222
1,4,c8d9680c,af1fbbde8eb5682e57e857465a3762dddab72086b2106a091206720dc8d556cd,6281,8071824.884087679,5799331.3626953,8791536.42868102,6504015.30353176
1,2,c908edd0,0d2712e8cedd8c6b95a2e3f510b5c03e58fc4027e0ac59c53bb51a601f3d38c1,5293,1760483.9917224837,2428071.9476432432,1235085.517080836,1875980.5695085996
1,3,c9578d27,bf6c64e0ed39d3b512577ca6a78a24473e0ae75dbf38c03ba7d2c91fc000541a,4487,300421.8341292888,346734.65316131583,199964.36149590492,242408.7823563706
1,4,c96c018a,a892661a225b2ef91682967b419b6e35d21dd35bf07112694d9538292f700a0b,6236,458723.61425884714,269462.7392906608,338187.58177801326,205926.7220215192
1,2,c99f9fae,61a8d6a92148bee21edf1640ceb223ce3f7cd3dac57a1e5ae7f51c82afa9c800,6361,77796.43399630504,70043.28701317303,58082.638753684114,63478.99493218964
1,4,c9e6734f,28324e2fc4ef3aca1081009d968f26f1a0b374fff43a74dc5027563d1b4e5c44,4735,789802.4947220614,645509.6976796951,901151.646754823,735742.4569399974
1,0,c9e980e8,f2cf08e57726a04b1994777470373f030924aeb95ec26a72b493bc6d23dc2931,4359,591512.8242806966,428240.9786259192,257926.21768864704,172655.29698119283
1,3,c9fedcf3,8da228c6909ab660c64937ac85d0bd9256a7780f7f55bd7ecde5293708c6f18b,3517,93511.66537089493,40690.90514940789,94392.75597933156,42477.46632195004
1,3,cad13e8f,788f272b3094a1c26e785e8c1d5e5010c24a44c7b2074754a2302e759c39ae0f,4848,663809.3199845806,574821.5357562065,652720.1028201078,569518.2354499428
1,1,cb34231f,26c98c01460eb8c72cbde7176dac87a7ed061b05044a2b72e7406099200d4252,5609,678027.7688324624,388130.7741249306,418326.13166443014,226999.34446348288
1,4,cb879f40,f5f4a9b0d948f900ca8cfbe7a1402757f88951c7b275ef071fc50817ff76c1e2,6315,407003.9916631826,423540.1361607705,287105.3124764826,302728.31855218986
1,4,cbb406b5,76510153282a1297cc39aacdb7db378bb7971f20dcb8f22bf89a31ba91eac901,6328,840726.2351872907,1009386.7669821987,873531.9357991725,1031480.9264698827
1,3,cbe51de1,fbefb0328f71149d9c55c71c0cdcee0ac42565a1ed70ef694056e797317ee435,3963,177841.16753335609,196286.42477860182,103545.70377755267,118539.685575151
1,2,cbe62450,d8d1f3256d28c665ac55a6ab2eb0e3dccd4647dec3c4d7dee080aff6913c6125,6258,1557122.864700064,949038.9766836578,1528624.603088246,1001445.7764997911
1,2,cc08aa63,72e319cb58dc4c4b1dc52bedf459daf8e3da215b3d9750df3c7f42de7a9242d5,3274,324400.2427739516,359502.7086994414,385759.3277833656,406034.15339651227
1,3,cc8a1d57,1c4069fffaf922d2abe4a4dcefefa9fce84eb621c90c6608f3879c74ddb94029,6638,2264138.0733893253,2563616.3736552643,2162542.145639254,2428080.1375429737
1,1,ccedb12b,7ed87342c6038dff0cf5ccedfef97af067fa265d6cdd749f37643be0c5a40ac0,4401,270242.34029988496,254847.63770030037,172931.21557064622,174484.89575369863
1,4,cd7f1687,2bc5ba2f707603536d7baef0dd4e21ce6873f34f5789fc8a79ba44241cdf7370,4232,114091.77346999041,185196.91325662791,157403.2022478727,245207.45759485467
1,2,cda7eb37,af6c70ae2d84de7f127beacbf94572e107a478e57e3f314920c45156bd073565,5973,678813.7239130253,705646.9633684643,468704.6641223852,531544.2453084915
1,1,cdc31d65,ee3c880ddfd89c5f7ef93dee06e71441dce1f8524531f8d300d51aae962b6a82,4840,93269.63092758204,113865.21062770489,235184.84053656997,189236.87811996115
1,0,cdc60a53,91e35c473ae5780ef29c60f37f2303e6f02fad7b88027c923be16cbebdbd2844,5878,415208.02382208017,439903.95406832895,431393.4800696842,473225.0694844841
1,4,ce55ba43,264f81bd06c4152e9efd70afa15ba00e3dce62df99c8742627122bd61f93d9e2,4104,367999.2123270696,144867.00561051606,293122.05379781267,129818.40513411662
1,1,ce8399b7,1f09a3ca44aeb97357959fd0712d0bd6e9116b7059fe81fb8d7edb502f6d07e8,1615,9693.072535402258,18461.32051928068,8380.973654339925,14775.344266517848
1,4,cf50c9d1,6b2528771fdb1f8d8ba785bcf72f609bb75f9430873020f2e4af4e339acb53dd,4858,2009661.4278650722,1376149.8556624795,1919526.8642703583,1356066.6407660383
1,3,d00e7eb9,47143aecfed87aaf7dc66d8da8e2f8dbabac24f57a46f2c37e3ea5574d400578,5704,312908.58049812505,711787.9571476266,487999.11035185173,891534.4696730126
1,3,d011f41b,6ba409d6a11775872bb6647dec72c77c3f90b083fe300f4ec6e029a964c60537,2267,352980.6510623018,303986.58621912496,337332.3790958366,293518.3984879083
1,4,d07aed8f,95fe21cabbd37b526c8ede533a8342df8e9550f40202d522e7e03c8ed847eddf,2957,208184.15495503493,203938.03693928057,192882.85084453766,190386.44399154373
1,0,d085e611,3e6cf6033e01aa35ebce138990a3be7f734c0182ecb8c331f44ef1f90bed14d2,6191,328621.3651498932,419699.75954676175,442748.86746059905,433255.4186347372
1,0,d0a0e7b5,dcc07c36f2f1c67c56bc36178cdfd03c03b5192c5b7e9e7c7676033e91e080c8,3816,234628.13185728568,219352.06837075675,249184.971492388,233403.16995648737
1,1,d0a43760,11c7b208e224151364dddd193072f0aa4649afe62929396f575faeacdf30c8ee,4041,899923.5757510582,781009.0494578994,633838.571216139,560759.3913592878
1,1,d0cb63ae,9260781d76ffe713f8013c6e98a82ac60e6d6bfe1cbd1b5798327ce27fa2b05d,5223,2438945.212604957,2606446.9382338114,2916571.131647857,3046161.5677687107
1,4,d114d9c2,b775a84a66857dcf1b9918e3d585971eafdb55d92a6c6b2ebb7519220692e632,6206,227278.3604053288,198752.6813949263,191371.6772111939,175053.11376309546
1,3,d1457cc5,971980e08d3be14aa5bd86544a51996f4537f34657312df7c8ff9cd9504a5fb8,6920,3087463.6076497696,2794585.9345155153,2602303.662103247,2385922.6662205136
1,2,d1ecf309,d4447cdf458b6083df90176d127d00012287160377c32422419bb950c2a5c01c,6168,1008413.678803589,800089.2150846928,778258.2394395309,645829.9961330568
1,0,d1ee630d,38ac36220980cf145d4f25ea6383c38d6417d05d9075adfc19e31afb1ba76007,6290,263381.7380982856,320080.9377541621,249713.20635858207,297930.920137281
1,4,d217e0c5,c3a0905e50618acd5fa75024edd3fb07c9496f50c1a1295f8536bfabb52061c2,3838,21363.77015151231,41016.23156453957,66970.59138833528,96712.37353303346
1,4,d24ff243,9c780bc4e48a91e8f06e4cf6cb192cde198b72baa844f9958a0f3aa8c14a6565,5641,68243.49614701033,68764.5280051546,371088.4821775693,280098.89456853416
1,0,d273674e,fb313d69d98a7f6507a5036410530ce7898b54002018c1e7f35c404b1f81886f,3899,46212.19178271007,40268.11105787178,36965.45849195843,31419.727339145116
1,4,d2f3b1ab,0cc2775045b21053b9ae70edb18403a99aa0dc84187d2883d43f46eacdb85cfd,5581,833700.0684497982,915868.5507324251,558949.8824128744,648099.9379017192
1,0,d3df146b,f1eb9059ea316ccdc7d14260f9f10beebbb682fac76938a268e469ee544fa8f5,5787,660201.8534477231,428394.02752537973,262896.2319366052,173119.49798992352
1,3,d40f61d5,b7e77fe30e9a2946004e895d497d426941d5104f8be0277744039f9c26f26e66,4039,33725.62006676657,21760.87730566413,42127.16212299095,29581.50185222191
1,1,d41beaf2,8a238574099b3dd5577bde2fcd3f86b6a12aa963de9aeb62874081002b229767,4753,490366.316688868,201822.52724134846,331829.29859566817,132153.7545774264
1,1,d463e527,dd77ee64cdbd7f916a8f4f6c3628d652c1da4d7094e13f0a429ed7e6eeb3df77,4767,181417.4669894807,203543.82913143796,130173.20218643278,147446.8438209187
1,3,d4f60a28,7b50fce1678de7ccf597236383ab1fa3709930f21a42d6f4eb2421cf4bfbc6e4,4501,185943.45033373134,145465.46637364375,208381.4200154076,172926.65771660075
1,2,d50c649a,44fe52a4d1bf29e0ff7012f43bce2668f70e80d030c0e5df3a3dcbe2ec582d59,4873,116025.7567272418,215642.32199640863,141778.51996878698,235409.7727622325
1,1,d543916f,08a3d7c2e6a0c2fa30e3562354033c1c64ff2628734817a8e17ee4bf6cc44bf6,4799,481561.77410360123,414535.2709932757,400406.4160896341,357120.14189837856
1,3,d5df0ff5,57b466762c6ff8c308df95700e215fb6cfefeafcf87770023af3e8e305e9e2ee,4032,521168.93066682975,163637.75413200073,316810.898596248,83021.66178069092
1,1,d60430e6,9d69b4708cfd3d149a66a1cdd0a7f935f35fedcbe523e0ec0f10e487fb14378c,2511,27949.22924794657,38409.76301081505,66057.53092524415,80166.5835889724
1,4,d63196fe,64c4f7513420bcfd6d7ef0976e984ed199a9004089b0f5cdaef88dc544019445,4510,996268.6480704136,1075734.2534305335,1194557.4601665412,1253936.9633171025
1,2,d6c320d9,7b416baba3c11c3d9602c01d03df2adf1d4039354363ba7edd8d9ced2c5693a8,5452,379977.96887615527,191211.6524617861,548694.2689980092,303482.6410851135
1,0,d6dd7330,775b1ef3091f7b6c38b8758c0acbcf59956b7c5b8f5c7d6f9663fb5bdefb8ad7,6193,614810.7654570123,400885.4643625829,504336.8322264549,347711.4392047063
1,2,d7ba4f9d,b318bbb467c7b8e145d3258523b5689007534716c6e26bd21cfa7688bde820d6,6023,351544.035921399,139935.81833296144,246323.47955932986,112355.8540644304
1,1,d7eb0be8,825ddd438f2fef9e77a1ce78bb50f81fa13ef416264a1b55b6291f20c2fec415,5401,4271527.777335728,4146545.9016001225,3862271.8183561694,3779554.4693667497
1,2,d84b621b,2c29e339e97c18a826e6d088cb6d4b68712bdd35ad65cb41f6ba5837564eb6bf,3994,267421.4903913551,121473.88996218207,280882.12455084233,137262.07682562084
1,4,d90aa14c,56e7cc798494b9f1499347226141f81676c2f6fc048835ef928802d3eb37f325,10018,2497471.411462062,1854546.8000908557,1765187.0907558645,1334476.441022092
1,4,d924e971,5d4e96a9040c5863761282033971609756c86fc7479968ce9c84650ed8885ebd,3184,3776007.6423782166,3797863.2936421144,2528490.829576047,2650188.8996528406
1,2,d9ae59b2,675148ef66b9efa86d403ce30cb177bf57389477c949d135218c6df60a73c17a,3648,409360.75206598337,357636.51207494736,468118.8392004631,405194.2774134396
1,3,d9d6d94d,45fe35f281a0b7bd6a0d8e4fc6d6d7d2467046dbcc0b42814df0a1b85de97474,4919,471352.0310038729,442285.03612156026,378800.1170683163,364412.7560039618
1,3,d9eca87b,d42818d3bb39896e266753100b43551fb9cbd1a2b0522eaffecba262605d11bf,6373,2989363.212126892,2782921.709024145,3034186.945311323,2845720.3074338157
1,0,da2d4d7c,6129a232239899e9f92d0375a7df9a7d96bb4204277b279fc6cd68472e877e84,2114,179455.12231860313,173902.89418714363,115148.89181178284,114497.98736621575
1,3,da3bfe4e,2e69835c358e0dc9f3c9d00732a78d782e9927c3072eb90dc5302de044523a59,5549,4343650.2021821765,2617326.099491753,4544381.124916382,2848385.9603027487
1,1,da3cf798,55e04d438e1eca1772699cda49fedb143cbe478e4b3a387b5919b8eacbdedc82,5844,359149.2973341193,287103.6942798854,383940.0086013427,317157.8785192673
1,4,da940160,bdb0a78ac1cb0456c76de3cf475c1e1ebc6d24fc1c693dff7fd2d8bf5eb3d3e3,5132,232873.20427953577,284173.72464188904,170256.7136740554,217420.0416056523
1,1,dafc88c3,ee9559c3f66844d0a1c510570c33b52fea0d475e8bb174091673a3c1d75aa482,5572,52340.42288676452,68726.52771204426,68570.49203292927,104165.3526263612
1,2,dbee6c86,eaf0a89bb7b724ab045d8b264657ab1c68c07050097e504e8cb4b07bf2179206,7369,109242.79444008747,110829.05208765516,89399.62914453808,95925.44425354677
1,1,dc5fbe29,a3598711536fe310c8971f805b5862980a78ea5f140b016d516a24b0a79a754b,5203,560843.1897869513,488640.7695538968,319795.37012748315,286443.5099243138
1,4,dc7da28f,55a100c4abe6bed88a2a331b5632f53fbb6b5953da75929fa8d4113a656912fc,4774,498356.8098925279,550007.5501588751,511529.5545301832,559568.0703310036
1,0,dc7f9757,8896f2d88885144d17b357b8dcc73829d59c2f44852db4fdfd14d25c22881824,4360,384356.7256043816,237765.50559716136,393350.74243142107,227268.66013724788
1,4,dd168de0,ead450a96ca96fa9352a8c21e35e4285f5fd5d63562ccf76babf57faf6373ed1,3304,11627.254669348364,12255.633348224288,9341.742980568,9815.434804802546
1,0,dd64382d,e96964fa4b6356d1728949e7b6960d81e583c3f45c124b26ef7d1c6defb9c07c,3124,23956.988324988874,32668.385577142923,32037.938105743026,35023.47274832928
1,4,dd6bc5b2,b833ee5a84d08a0c6eea2580614bb6e7787ce160991f7ee7c70895d8e58d90de,3602,12748.405158551443,71817.23913361011,61080.974240940894,155860.48718223048
1,2,dd7d638e,0233e23f69ddd6e1ec13d74bad3c7650667dd5c3a249a427cd5b81c0bd0ad70f,4301,100046.70314108863,31038.484350493593,74423.33505489948,24518.065270852716
1,2,ddc790ff,a82b716f5138f8248cfb9b392ac183898c869c30412b8964ccf2a6698f75ea54,4726,299240.95984980825,364148.4465162233,228410.35322499732,295994.78289579577
1,4,df71d1ff,c5b65501e7d0eaa365219aa35cfd74dec257030bf406f753f48973621301e7e5,6228,1452343.5674105866,1659089.8322298892,2492710.881741737,2619576.2033441067
1,2,df73b8f3,5be7b22cff50650fe569187302a583722758b0d67882c2ac6792e3f7315ba922,5311,1789917.5056192758,1732936.578991639,1731248.6461148292,1692427.3515160955
1,2,df8290be,e9344b01cddd584d4b0a5308ba877ef5bbe405bc7afa54ec210e1eb2f3a32b1d,3972,394091.22103622503,480674.81812710117,493863.19796485244,560497.1204142198
1,3,e0079ed1,2c6ec8962d37d017003c1afae12cc16e44d3fc425fc50dd08cbbfaa4cde4a0fe,3471,92121.13845799558,46725.743016224485,56952.81961844166,34106.35556205022
1,3,e03b45fd,e1523ad94f707f3ebe25a2bee2ec48db7b26f548360dff119bc3620951d85dd2,5342,839648.5624261561,842972.1284165025,720523.811208505,735285.966777957
1,4,e0f36d98,af94a7f500df60313c38c2e7ff827376951ead75cc870d7ff6b427bf094a1355,4976,636494.1963460356,364221.9613659058,566093.4951758015,345948.3128019425
1,3,e149204f,bbd3044e885d1c02847dcd4b8748d8698de89433bf07accc75736c81f4d9332d,6097,92948.23518373357,73218.16150591339,78661.58551497602,68362.92438620016
1,3,e14d641e,4d32b6ae293f1fb78c5d559c386173337c4783fa3aa921a467caad91a20a382c,3184,202598.6163860967,116790.18841037183,213911.27270096677,133651.9092760271
1,1,e161bd0c,ea37b5866ec2e892c469f8fbc0d9785d251914972f80beeab4625b83c018af90,2949,75478.17506730882,95432.2275364338,58799.182050243806,76440.04056518104
1,3,e201fd6d,4c75d784420d0de5f5b8643e68159069854384c288681bd090817b48fc561771,5070,796820.1781009417,715325.0761760189,732910.1714763218,636788.7317603044
1,4,e25f1537,5ae1e7b85261b7a7c60d72c2958ca73328a9c0b34a0ee75963bc4cd28843860e,3177,527221.5129412697,527221.5129412697,336946.37957330217,352557.100600076
1,0,e2fc7745,8cb8514cd1e7ab9ab66d335957380f867631afb8f14e65d3ee321c02c9a64f25,3692,361836.8468496752,496710.75399993116,353291.96575533116,479453.7502772604
1,4,e32da4ec,a7045d6a9539ae89799f421010880bc3b78baa9b525fda23a941736a377a40f4,4689,245345.97932615416,185746.06060682583,169454.2597934301,165630.64186247266
1,1,e3b34f5b,fe0001ba333113a85501b480e7aa5aedfa0e6e076f8756ab9d0d2cfd2ae34ef1,5455,1252768.5610404897,1327955.277748014,757596.4672907155,849908.1291043023
1,1,e45a2a62,d6232f408e1139fc378cf4060931c5fe80115bba42cc8df11f355164f701bd53,5007,521197.11624943384,568640.7286844411,372398.51287310896,419439.1324641461
1,3,e46f4ef4,007c90c0f10491ad6068b34279e5c667bfe2b479c9983118908a0ea929d9abc3,7195,218130.78796335997,124158.23697018783,179966.63127034428,112614.3821753693
1,1,e4726608,f31bd847ecfbc4509ad178abca4d300732bdd3a2f4a5d4c9e63ad58907147f55,4733,78867.58403415277,115837.7528193605,68020.8267499459,105921.10740690587
1,4,e5864244,a9922add79664c407245a03dde392602cf6f6f8b14f804b261dddcfd61fc27e5,4469,653118.9422365301,324626.7299917365,451266.6709930697,210801.3222946665
1,0,e5c92e59,fa53a37474c96c1005ba4c379a2061c0bf1bb16d3933d47434e1b98568de64c4,4295,207479.13465791612,284917.1264862768,177794.30948579882,247079.45885890088
1,1,e5ff9fd2,57aa40fffd56768f85f05d76dbec245c568c76cc6d28164758e574a19180e70b,2354,219679.82779619025,106365.05471151162,206781.72812184202,104964.59596580788
1,2,e6c55748,0ce11f40cdd79b161372ee706d7638d7a7574e8358b0950d09f7b3f882c6a90f,4472,179029.56337787188,179226.36996649037,137211.1354246679,145835.30099153312
1,2,e730c32b,ae3a0422380ed5f4678b33d05c4a308bfa5ab5fd55107b8ac9a668ab24ecc423,4728,199029.28066800232,351819.4715118444,150702.80393427602,281908.2266147127
1,2,e737965a,19c19cc0bfeb6681669d542d90bb9fb134aa033b3e8d7adbd1d09b687c6ae084,5955,777814.8670752982,688235.7561640745,941082.2444551762,814194.5816752625
1,0,e748dd88,5568595aa41cd5319cfabefc4ca216eebede5c23e47d2a0af548c1a1e7105252,4812,59028.48102422074,50495.53222430211,44180.09530164577,42699.8630655521
1,4,e7818f7a,86686cf2bb05e2e71a25c61c5c7a82604ffc69422cedc6c91bb674b402216cd4,5371,182956.12372967252,157875.80686752812,129072.24717913836,114222.69261078323
1,0,e7c36e81,8bb02217a5f0cc3ef27046755ed34283469d1621039e347cdcf640267640de64,3531,431618.47086187254,361369.7011173904,303500.278486289,256218.66463603041
1,4,e7d0c1de,e927bee1954b9365c7e26910c57c11020d9a5466a7bf933b3f637b0fa275bed7,4711,162987.23990198926,80843.4284063341,181852.5910971301,93503.89548243686
1,1,e85074c5,b612a6fde2db865d0d7df6bf0b29a7d8feefc27249e5ecf741f4b958798e3513,5675,980745.1222984908,646028.0816726068,888294.9808929856,601180.303812102
1,4,e97032ad,5e55b7def44b24584e571f6078d4ed24f42e25a2f22d383aaf9d02a65ee13796,3530,233516.08448351186,150267.69860089966,268342.5881891564,180569.72442864988
1,2,e9949a23,7de749ef372e2115dc9f73c8933318cf80b2a8a40b2b6254b3797454ab7e8bab,4559,267504.40643057215,279195.9561715345,236150.19720624652,261698.09118453375
1,2,ea0b99b7,1c17ab899fe4b39b1365d16aacd821f19724262d523e3f0323e87045b3956ed2,9239,432027.503971293,440511.08882035775,438705.2023424538,444803.1371624103
1,1,ea3a0e38,53840bc189dda2c2b9fd4b95cbaa16feda2a3871e582833232a1d0dc4e0b9615,10052,1013749.299660525,617033.635086558,899087.3618130928,559946.4374677344
1,4,ea41324e,90bdc5fbe23130ccc8ebb2480d93f8896952d579f76bfb8a05d59dc40f23ed55,5025,137112.03723375028,96614.77568960785,295479.3931765476,275305.76350792026
1,3,eabc711b,2ca25e9fdb7c43ffba3a03db0284fdc0644c07d7b43bf2d501f67b021453e4bb,5348,892744.3758007601,814413.7894843412,901393.9619520563,819170.6152557372
1,4,eac10e86,32862fffdafd4c9e7a92d2d30c6996a47cb63e2d3097911a35244ee4342e9086,6067,559912.0161462362,331823.29013345257,594091.6337005523,370113.8499333104
1,3,eafb863e,1af39ce37f5009ab26605c1caabb6314e3fa3b051fc906239c614a12a5e3bbc8,3568,127059.92115932886,121315.27188578088,122901.36158636183,118136.1792740002
1,3,eb06a4e7,fbffcf76144893659611fbee18b7c4ffeb8c8b5eb0861272776aea28caed48bb,4535,528451.24009009,390752.8763266975,1041838.7692734698,782294.1865993323
1,2,eb640a35,f98ad8a2353191716cf6f7a6e71f7758920ac667041cc453b36c6d6c6d8dcbdc,6037,960769.9315726068,983033.0822555061,1117966.028899024,1103566.614860153
1,0,eb934281,335a533f7ce7e60254899a49f78b21f7c5768ae016d9a5a723f36d23063d3e6b,5971,168407.71726894882,196708.23435838692,118905.86022833842,144436.28212110707
1,2,eba6605e,5cad47fad5d50f547cf15bb2e2b2e3f21109e1b696d270c032e5e3279159a7a7,4410,893377.2592123488,860741.6244654969,708535.7963656555,718511.7897546449
1,2,ebe69318,41d618cc4149d746479df66b951fe1b8e87739b7dee87829a1f94d89733bbc7c,4976,171019.22046725842,105810.1420957791,158791.09167744144,102716.2175015978
1,1,ec0d597b,21a92c21c6f8d2d1a463d93f63abe4924bbfa16650c6347cfa32cfac225ce51b,4616,535569.0335492318,514563.658422359,483640.725668594,464483.8313622057
1,4,ec13af42,22a9c202bc94e326d71da37715f551f3b4b317a02901ee563114ddb18d5ad410,5462,347644.32093702466,378283.34111163684,277664.18095661094,317529.6010847786
1,2,ecdab904,94eb27fdcd1e89991e52679204f459ba6a9cd201237026b9975699fdbb7d8979,6147,1320829.520145182,855802.5698387356,1417268.5259060035,951869.4954919774
1,1,ecdaf714,0e6e40a774909dd28c3e296f188927e9277c62c29ad9f8f07b773303c2acaa76,6592,1636644.0260984218,1598433.447079088,1629922.9691519914,1594134.1262888657
1,3,ed6436d6,5ad85c76fa37c244121b9cdc7c8cf893140deea91823dd34aa2a92b7b70b2816,2945,12298.503149708784,12298.503149708784,5168.010169638417,5302.976782059533
1,3,ed6e6e54,65b294a2dc6c19cc037d0eeac3c41de15386a000237179460eb35ead09ac18f7,6048,507691.19385272474,460592.6819457362,560417.4387474244,505502.46681294194
1,0,edf885a3,f7bbdcacbc44317370070d9bb44970e32dff2457c15f62594e19034255b0e7c6,3117,532668.6579531843,495322.5763253401,603890.80269898,558640.4121442946
1,0,ee0300f7,227b3e6f6519a6888bd55af087e34190e4eaf8d51cb4e9188e4c1a3862d07d1f,4544,2664682.60931625,2573634.080249742,2787982.330480487,2692229.3542744555
1,2,ee288beb,fbd4a84c7540ea94c01edc030e414ff48d1d5fd4d95770378b27b41ce79bb396,4638,2318990.2619388886,1992288.5851872324,2518067.055401057,2163887.001917504
1,3,ee4aecac,dcf862221d20d324b291bd4a0c4df30eae08ea80cc0aa3d6fb605fe65947fbe0,5265,705228.9318664833,823962.6030615281,531337.8090062125,645182.9323438827
1,0,eeda36f5,76ee0b8e4b0a5b7d539955039f01e7a3c5427618f0c28644f6ccf3a96c4aa493,4797,436799.9461265363,519679.62547575246,278119.1891084455,350289.8671588886
1,1,eeed308d,ebf1f8bcf9e354517a39879db3ac9952df1135540b388b314226a47043a97285,3899,100230.4914156949,97885.57060377748,135145.18975147622,133417.41580097444
1,3,ef04658e,700efdbe0ee29a9cb6ce1d24289113b18f7482e6fb3aefbf26abc66e6b281e3a,4104,938369.1489731828,792696.1497169981,727005.576562012,630418.2181778196
1,0,ef8e3ed0,45bc433cc3885b061551a44a237d8e30934533ec96013eac0ebdea7e440172ae,5224,940301.9046327702,980513.2013617847,1173541.1708380783,1197222.7139484521
1,1,efde6ac3,93d679f43a51802375948ad21baa7241de11a2c609c4bc3c6e33d96ada1f7c0a,4559,613374.2370731217,540333.8461412614,572610.841380309,511734.503956637
1,4,efe96181,b193c76a45a48dc3b44b3f9b05624f99422e59e876e1ab3cb4e62711ee83744a,4012,2667106.1463733623,3610424.481436552,3519622.4764020876,4388566.931218544
1,0,f0188a48,b0e2b77a6ebbe059185a7924a937ce1936a09f620d9c9966aab9c69746631a3e,4170,1384096.476714746,1032261.7935220363,1259917.4908028608,951315.805809125
1,2,f021b650,94eb27fdcd1e89991e52679204f459ba6a9cd201237026b9975699fdbb7d8979,3739,192697.54062554633,195614.02550890378,157136.52020035626,165993.53152254826
1,3,f03f10fe,f26b30c26742f9071687a8d7cc4a2738cc21c87523e1017714cc285a0c538786,4145,299748.207279283,275417.6204333392,238333.8158068126,224178.36973190654
1,4,f053a1b9,88121ea67439affbb6593865b80a776f89e7e9b6a0b81e4af499c1010bb66898,4108,508419.8359998717,472761.84561090206,516328.93556665484,482080.36890836793
1,2,f074d277,ad7579d20ceeb7257c60a6b33d3c7005036962ed003ca9a0347cf5b033d55b30,2453,316122.8988855351,588625.196294599,288514.8466683556,530737.9199152343
1,3,f07d7037,bea8d9de2862871062da84435f547a5c134fa010e5d1b07a03eb2762b1021157,5563,579901.9725491737,568633.5262212006,395482.28553663264,405016.63871139335
1,4,f08774c3,880197806b5c25d02451c746d042e6db6135ba98691a082c74ab4ee9077f8d89,3900,709770.7940546329,749691.4045015977,1128266.5446279268,1134521.526205972
1,4,f140c2fa,aae3b07af45c8f116731f4792c2b94a81760b1ed072e6f5626f0c09b6ae53d35,4082,323456.46613056597,380675.03376219264,260409.93824777834,311099.60260236176
1,0,f16e25e3,86558f84fe079b468bc3559a3d973666d416f5d554a105a60c479e9eb9b9920b,4651,54826.8549079916,42798.169413228774,40771.01313717192,31174.919024468825
1,0,f2d4c8c9,7cf749f84f568d8a2b59a0a51ed3a1e7ef9570bd0023ea88447e92bfddd7d967,6249,182488.25689121295,188251.73878362682,155025.31332734425,160001.87471435894
1,4,f321a31c,946fa9cc6d0dd4615a51d662037b3a9e372d9fbd6399cd7b905951e00f88eff5,5141,1208345.389877962,1096080.9193633953,1086828.4503260464,997466.3625200464
1,2,f40cd091,6ae1faf942d7ac8d1202d00e55666ae44d4d6efc1380908eeff77ed2b331beec,5166,223678.6536366223,495350.9110785618,292794.7081969532,555588.4829768805
1,1,f439a621,9bc811e93a12177931449b8ddb646b0bb9ee10e39ff7407a0b08fe99d923a882,2821,145624.70322705875,111374.5201456222,108152.42584973034,90063.71088716245
1,2,f49fdea3,94eb27fdcd1e89991e52679204f459ba6a9cd201237026b9975699fdbb7d8979,5391,428925.3087091305,216425.04709673504,564637.468384167,295093.1317445041
1,2,f4d12d23,8aa0ba4fc7e9606b0a2df0debb3d70b03dd35a98cf5adab12b8bc0294394bed4,3701,1140862.6710962704,1128434.4727389254,928145.2982092367,961456.1562296724
1,4,f56d3ace,5adb8bfdd927e039d6d5b41272b1b738a0783291f488d2517b0c66c5bd021717,5432,496767.30147354153,233437.33425617858,572774.5114745978,294843.87641764083
1,1,f5859199,6eabe7a69cd63bc4b998aa6c556d75c3496de41a43af0249834dd71125f26fe8,5790,1153570.3687144006,1155843.9933054037,903151.9206653829,923964.4634334422
1,1,f5d8aab6,acd383cea8494cb8e13d6d355c5974c7a94a0401212b7cffdcc2f9984e973c5d,4444,1157970.580328742,1273100.1842521802,1491928.1414857884,1581836.1738406522
1,3,f631da6e,019a54305464195b7280930d3eebe66d99d14b25c923b4ca5962ca27005eaf31,4093,60552.97459356028,209390.6148902243,59066.445589959854,175451.0890582453
1,2,f6824bb0,5b3baf7848a3591b1d52dea81918e62644c804e0ca265e2542da5d1931249fd2,5015,900786.9769343755,788218.52774794,1370036.6582726403,1137212.7265676765
1,3,f6bc699b,c439009fd48cc604c00832150e4328517db9127d844bbd0d7425ae74194acb63,3752,99656.06072554654,100243.37946909035,95775.29555699276,94426.13426250861
1,3,f6d009f4,4116782495e81a1a16cd3d9fc574285497aa41e0ecaf4bb337096d69f20aa82b,6715,9659627.107304255,9913893.544533513,7858795.288679549,8257085.152738494
1,4,f72b268f,b453fb7074fa8c15bcd0b070aced81c33d4b947686e863630db9439d7111c846,6404,1161860.951430793,1148083.14417552,1651171.3779332596,1584960.4277359047
1,3,f8662c22,842d0377de19ae78579b01307ec3a85ce53d9c9c6772208111980e7fb171cc0b,5429,689975.0569202149,519814.833054121,417963.13182888355,326689.5050786099
1,2,f88ddb26,94eb27fdcd1e89991e52679204f459ba6a9cd201237026b9975699fdbb7d8979,4990,8778121.895816404,8058881.413245104,8945222.180968514,8248895.736619534
1,3,f8afa78a,880e4dc3ca7b8b051c9fb6b372f9610c029e850693824f249a315b742f1883ee,6032,1265968.2347399825,1638230.8037658962,1343678.2383447636,1690784.1745914905
1,0,f8f59188,24ebc12aba00ab5be716756adb015eac0a771607d2b6b789cab082d6392675e7,4807,129112.19223012083,121631.2915006367,132988.2207714919,119662.43284521103
1,3,f9fc81aa,ff1f19c68f279653252f2aed600d9cd43a447be7b410c138c27ecf7c4b689bba,5598,365163.13739580975,376086.804333416,305371.8727918649,333832.4135482352
1,0,fa16d114,72afa3ed1605bfd217c8395987536199f62b9bb7c7860ef790a45cd4518ec395,5686,2552720.3667060765,2104740.725187521,2968312.19445663,2486089.1731006047
1,1,fa31da94,d4632de676ee36c9c78d77e83ca04958119d85736c3919c2576e0ff0aa2fc2bc,5027,829767.3317701593,1127229.4049247159,902204.1800220157,1179003.7171003544
1,4,fa667be2,946fa9cc6d0dd4615a51d662037b3a9e372d9fbd6399cd7b905951e00f88eff5,7296,576184.1318271502,395170.4706314831,267585.841157984,171229.5357230044
1,4,fae0c593,2d0babaf8a5f6fed539458d2dcf8491ddf115e2742a79a2d7f5b8146417416ca,4403,347383.22114530986,351708.13891712157,317106.97782153316,328812.8255622167
1,1,fb03ae90,25125c769045612bacdceff1097ba5a1dd9930854f77057f6e8ff644311828e2,6431,21465319.885819398,23386968.9598544,20944572.26376227,22764689.1221537
1,2,fb0904bd,fb9d05c044492df28dbeb4f23ea5ec146bc4eafb80ed138fa689abada7e15b2e,3181,98906.69640972186,167318.09905080404,106187.97945556222,167336.0020928504
1,0,fb3848a1,af252810771e097a997f55690bb1f6d003dcb2fd4d190f4ac06218d0e57b87d4,5919,531612.6873093379,353992.6827698836,283162.4165313775,184889.4767054828
1,0,fb73b13a,8085e0777ffbc2945e118e0fabf273d5e4919321f81732f3f890495c3b72dc84,5640,880734.4130544978,510339.6851022577,776174.7742795111,467464.2025782273
1,1,fba7683c,1d5862ff43d915db7a0c5a524520dee837a19fc77123a417620ecd56c3a15c6c,407,2564.6889705656595,7471.090121641674,2685.7434886767383,8654.074989234343
1,3,fbd68d27,fce69421b9df5106849ad157f2d1cf0ea474424eb9761e95e27c7a398c64b6f0,6829,1528017.4490154427,1788765.1974034314,2593481.467135544,2743925.6747517767
1,1,fc03f21f,7bb9724fc185e24f576bbfd427bdf4127e9130ccdb45b762819a707f84dd5453,4803,388624.5881725624,656441.7372488275,522608.2143014686,859837.6091590673
1,2,fc0d20b2,924fed58b68160cca0c9c6d43c42aee9e8d61f75e9c9e9a8db27e833f3f90f67,3954,334480.3006742374,696192.6309389041,406919.5037437658,727967.8267519649
1,4,fcfcc902,2bc5ba2f707603536d7baef0dd4e21ce6873f34f5789fc8a79ba44241cdf7370,2791,12443.457113236,22800.002089565423,15443.516957249329,20865.327063238183
1,3,fd3b4faa,0369cca040b7469a2357d18164bc48d15b8a7fe7f610e4ec694db7696786ac17,5022,69034.28064571529,51306.55343615763,51541.592937947666,33752.52579273762
1,4,fd710aea,8bdbdaca48f7dca33957d9b3e96b8facc9a22b4d348516cb0e043d040ec482ae,4217,94794.91784201127,54341.663603505105,88171.07645946975,60072.227076065785
1,3,fd8f77fa,19d153d098b4d7e8e0a759dbafdd300c2a93a0800d4d6207e4d70603bc00eb07,5272,2371662.1416112217,2165577.351041218,2463941.5276606274,2256887.302105343
1,0,fde20ecf,93996f60a5c70930429ff72ac9c649a6a952ad8c342cf442b57b4722164a26a7,4667,1076291.0479340195,873891.4020869355,803199.4522199177,653566.9655801367
1,3,fdfd57da,9542f56dc229c8f0eee67922d2458339bdfada6e95b0f18633c0c0b35c9be764,5236,74697.87313192886,46627.70911713282,98006.7019530396,65138.287160254535
1,2,febb4411,2a7ce8dbfbb4412ca88e26d2f224236bfae2ff45047935c85738cdf7911ddea8,4247,1231083.0323365275,662138.3970328072,1079911.0793142177,616614.8286268748
1,1,fef8af96,9a3d5a26cb0935bbe1ae7e3c7f540f417b02f9f7bd4f848b0357ed1b4f47b55a,3826,5210283.143052111,4115950.2253322517,4766711.0241262615,3826635.095523376
1,3,ff0aea78,ba5f1ad0e27ab7f115f9156cb44bce7eb4c5b6be55c789fca9add0ac8c99b2ce,3261,3144970.5620889883,2758162.077430728,3256825.461398056,2876809.991578267
1,0,ff8bb73a,d12b97b012e064bc4f2f429f2a8140dba09c83da462c4695184887c965c0b587,5927,540669.2781594687,571866.4777536273,464143.73188003775,478956.1789257539
1,2,ffefef30,b7de8d046e0a772a79e5336b3ca560d8e966a51ddf17119284a7cfaf0dacc059,4570,551303.5762640495,209323.22300885024,393044.1940948039,157054.66600815256
