well,split,typewell_profile_hash,rows,prefix_rows,suffix_rows,gr_valid_fraction,horizontal_sha256,typewell_sha256,horizontal_file,typewell_file
015fe0d2,holdout,f54c2d8e8b904d19f277c7dc43746043d417bbe85d88e8495189ee58f0a96870,5950,1654,4296,0.7457142857142857,9a6cd851670926733a1137cf87b73a083e76c5a884d2f380d3eaca02051f971c,58c7caa5dd802dc1246e403d0eaf8dbc0882052aec6c72b96bdfe75fab3b3fbd,015fe0d2__horizontal_well.csv,015fe0d2__typewell.csv
01869cd4,holdout,5545624acc233ac19b7e0bd30b19cd6c685b423947e521e482f76ef4f5671afd,6850,1293,5557,0.5229197080291971,6cc30c3a6dab778d07cffa6c124575bddd64945144ca37da2d9eef211fa4331c,4869633f8c4531ae81b6f227395940f717da580fd7aa87f1ce025a69d9a8c624,01869cd4__horizontal_well.csv,01869cd4__typewell.csv
01982c1d,holdout,ff32b6e9074eed00ea1a2f2265e5c3faffa0ffa2775af85533c390088794025e,5587,1646,3941,0.8485770538750671,fbf7e78eb5031217725a9998a73ac5b9ca4099f87cc94d00b4101eaa8379d96e,cf3a23914a4f479040523c93febda43cd2330196621b04e641501118b687f8ae,01982c1d__horizontal_well.csv,01982c1d__typewell.csv
028d7b28,holdout,cf34ef2df48068d83528821f0f8e32dec2db346367954621966ebf60c3298a58,7761,1527,6234,0.7821157067388224,b153aa3db5428946c407a843c118b9893d9e3c078e9f393657672723b1da6a9b,a0b691bf563c26a1c3255247a3174bec7f4ada58cf15ee5835e6d411734ca2b8,028d7b28__horizontal_well.csv,028d7b28__typewell.csv
02e7fe5a,dev,94eb27fdcd1e89991e52679204f459ba6a9cd201237026b9975699fdbb7d8979,6888,1780,5108,0.42015098722415795,6f14418973c50c49bf9d37730606e354c07ac2f097dc232fe953d2ed3634bfea,c72f1bdd05fc6c0d7d28ec2f602a0ae38dbdb8c77524b502bf37431103972ba6,02e7fe5a__horizontal_well.csv,02e7fe5a__typewell.csv
0390d174,dev,80609917007c64645d6f35a47df64ad837e411a8b8fee77e45eb85a3c4a9ebc3,6101,1690,4411,0.5204064907392231,69c2e43de963f1b69970ee525830e2c931384ff9c13aa802a7d1d0a97d49cebf,6bc0904db6d207c2d1cb90c59056cd537740af996cd4e671fd04dbf5ced16e22,0390d174__horizontal_well.csv,0390d174__typewell.csv
03a935ae,dev,026875fc11d291119937b5219e2402265c1ce22bae44f8182ec5cf4d50224315,4430,1644,2786,0.9604966139954854,614b8cc9246aecb8fdc4d8e8fb92616ab9d61da6c53f20fa3c3d0b4eac8e573a,b1a8732e8fedaf2780216922770014d2deeb97e15aa981081a7fefca217611c5,03a935ae__horizontal_well.csv,03a935ae__typewell.csv
044af7d1,dev,ba541cde22ee063e69dd1065fbd972f26edca96e12f8d6f269fb80c8664cd92c,6067,1548,4519,0.39409922531729025,3a3fffa02d58d89ed98dec32964f5141047165c517615d6d3f024f2bf66dd76a,e43714c8ac67d466ea2776416cc41e97a6f89211a3333b1a76e3c34b7cb50902,044af7d1__horizontal_well.csv,044af7d1__typewell.csv
0498acab,dev,cce0c192b09395912b50d5a88c368ff83aa200a37c240468afeefa7961e39ed2,6432,1634,4798,0.5422885572139303,2aaa8f0393021bd7d6ec44e95758b8a4eaf1b27c479b817e152d411bcdd82a18,26ce205d3aa66d91ad7f99c73b166e9385e4116f251627f04e1d11bced50de43,0498acab__horizontal_well.csv,0498acab__typewell.csv
052d64df,dev,ab09959866583a7be49fc05f9f6748b18c0cb713991fe6e685351584deb213ec,4590,2145,2445,0.74640522875817,af22afd5000eff3e61f3a847bae252b7135f88eb81ad98235884c7096167114a,62ab4531adac7947880da14143cb4b4413a3719b1ebb5a919d12f1c0db90e11c,052d64df__horizontal_well.csv,052d64df__typewell.csv
05948241,holdout,5ab4339d7034e454646b998f1b44be942484101835d79b0b12d28289741c4924,5428,1549,3879,0.45228445099484155,cf173885c0da8ed6cc6f4da77a9f1386c79d5036e9a130ad96b34673571dc95c,1eaf2ab959e0ab3371b2e7658e5c7e5fae97e4f97334167671d4c9cd948b9c94,05948241__horizontal_well.csv,05948241__typewell.csv
059c8f24,dev,8ed02769d87c0deec59c520e4785a40d3e7c9fa498437ce706f07233615ebd2b,7998,1740,6258,0.5922730682670667,4f16a8be19d9b07bce5a1fdd303288f673066a6a08097741cb529ac9982ae897,236b0f093358f77189a12e003ce30257c675d9aa8906a53aa4382648b00a3ced,059c8f24__horizontal_well.csv,059c8f24__typewell.csv
05a0ee4d,dev,eb84b25bf25584cdb5330aa08c2af03c3a11371eed7c0956d5c3b65bd1ee18dd,6098,1750,4348,0.6792390947851754,f4596f86511593b62707370de37d8f7d5e0fb53dc64913a16fdbf6a885ca2a0b,7fb37327b29e913222abe45efbb3c34b5d51fb4ef45184a6a9a08b247649b8f4,05a0ee4d__horizontal_well.csv,05a0ee4d__typewell.csv
060ab2b8,dev,4e7ee6788b0538e08794a6b297160742dd061b690d731c7452182d46099926f3,7818,1560,6258,0.43259145561524687,30519338cc81d35eac904bfd3818dc071070a193af48a0d55123891a46a28cf7,7e5791b1438933f0f1bbf49610435499f07b057401e880db6d11c31e0865d552,060ab2b8__horizontal_well.csv,060ab2b8__typewell.csv
06df5958,holdout,604e0de5d34a4749a82df6e58bcb0e11a5764d4a821b82ab712ba463a7d569a4,5039,1530,3509,0.8432228616789046,fd5e51a423f40d6192eae86330d5449a507ab5312c0282ba7d26223a4c1b750f,080489dbff646ca8a484a827f5dd0334a7f2629a11809032c8995f717a66c3e7,06df5958__horizontal_well.csv,06df5958__typewell.csv
071d7b45,holdout,66882906104713d41e50f30d1e90f73cbc0987dc97057d57bb8687da08ed2267,4720,1509,3211,0.8444915254237289,de7b48ef73a62c5242a206b871c132d169a2b4c31694f2fd4e7626b407970027,9dd3f39addcde0b4621b83e370e5d76fc0d661a254f4ea2144e9b7cc17ec737b,071d7b45__horizontal_well.csv,071d7b45__typewell.csv
0849b4e2,holdout,4123d624f00e62d28d01d586c8699199041bff193579fd0a245f3f3fc559ebb6,7436,1899,5537,0.7719203873050027,e08cdaae25dc288099cf03f751cba6cfe027b6b8477b59262537686a90621383,e2244177ba18ad36128c8fd1ec528851c7ae2dc9f9b45fbe2a8ff3c74a679b0e,0849b4e2__horizontal_well.csv,0849b4e2__typewell.csv
084d66f9,dev,9ef5e5b68f794f9a2be192013740f945d85db57aaac1c5715d52aec3de15b388,5632,1747,3885,0.3996803977272727,78a30ce0a9b6ad0bf74ad14b64811ebdf80e6072e0c6f6de76223c524ed5836e,c7e62410e1fe8456368baa2701001b94ebb1985135745ff69fd27f2c68ddf6fa,084d66f9__horizontal_well.csv,084d66f9__typewell.csv
08fecf00,dev,128255392f8afc352ed46b2f185769a4db71de875d36197175cd2dcced3d0718,7405,1831,5574,0.7569209993247805,c32586fdf59fae9266492e83a7ea10e7c806b19c8501b2c58bd421cea16fcecb,b30d860284e8e84e0023fe29043bdb3acbd5241556f0a0f998c8aeffbaaf1f0d,08fecf00__horizontal_well.csv,08fecf00__typewell.csv
09053135,dev,935f98cead6e1f3e4ca36826144f70f78bdea34dda4f01a06f61ef63ab51026e,7715,1808,5907,0.6282566429034349,ca730521382ae0dc6af6d680a93d728f3d3c7870977494871b26e504d483c016,6c9d787ee11d48940b1da8b67d5a2c7c179656d0deccedaa03535086594a43b4,09053135__horizontal_well.csv,09053135__typewell.csv
09441b8d,holdout,6467e73b7ec35cbba2c1db2ff88cc8ddb06c9cf415ddfb93fc3e668010e7129d,7395,1907,5488,0.8674780256930358,8b54097ab7753386552741c1448f3dc8c1471ef15e3610fb2e0ca548a02ad7b1,73232e4a92bd0a108c897e904fcf6406ef9f98ed1010c6f254c7ee15a4541594,09441b8d__horizontal_well.csv,09441b8d__typewell.csv
0955cd6c,dev,d6daaf618570e818b416926dca36939d9e26c60bbd7d99b0f6aa33f55f64f4a5,7125,1930,5195,0.4192280701754386,34b511fd994ac01666407137b6aa96fcf1f0bb34fee250dfb941de26adb97afd,340d58e6d8b98b58243f5164550aabb12b992672c3c32d8319b006ef3357d954,0955cd6c__horizontal_well.csv,0955cd6c__typewell.csv
09ec2ca9,holdout,f63664f5cd191aeace1e0ec3661c81409fc40640c3c1c7584d16b4c03e2fba40,7824,1939,5885,0.486579754601227,1f0c83873a6e2599564c0461cdd3ae050173a0d8a66429fa09bd55938fa3d0a5,8f67c4fb1ff4d87e5fa0459cde904d12c5464454b10252d74fe534185d2ea474,09ec2ca9__horizontal_well.csv,09ec2ca9__typewell.csv
0a57a29c,dev,968954f85660d13f4233de3ad6bd7dee677b11761336c06609b19d1489e8c2cc,7194,1373,5821,0.5038921323324993,9d5761f8f52e09877f73eb6e02dd4b28fe9b7e46b5fdb62fa761f633d9748238,410ddeacfaea96dce345cd21cfd20d9b56ea939805c291371709664d9b50999e,0a57a29c__horizontal_well.csv,0a57a29c__typewell.csv
0bbf5e67,holdout,f9631aca671bc6515cdfc4436d04da06abff84fc5ba4152f19ded8e2f94d282c,6031,1733,4298,0.49991709500911957,7b383776b8de20df9c52f625231e181bdf589273896cbc9dba708c22b20eddae,8b99a043b60469534194d432e8f844d6f0b5894aa88196cab1ea3c519060ba4a,0bbf5e67__horizontal_well.csv,0bbf5e67__typewell.csv
0be01c24,holdout,713dcb8326bf0288331ac5d11c90397b5da461cb92c1b54d80ceb694d334a723,6385,1647,4738,0.961628817541112,ed341649ac781b4a9f3e03e016d1a5c32156782df15e5ef64e30ac25f4a3359b,f09ca8f1a7d7dea12b950989beb2d3fd1cee82fdf75bbc1a0dcd354e95c8ca77,0be01c24__horizontal_well.csv,0be01c24__typewell.csv
0c1b160c,holdout,cf4443772926c4fa3b4b257a97e46535e3e360191e767ab5f36959e7c6e0a932,6714,1660,5054,0.4873398868036938,33ad0f71efd57a686a1996aa2ecd5d9a359db87fd5580aca1e91d5bb4fafa5cc,868440594af0a78840029059df9bd09fd479888e0c06628f59d5ca270a66c248,0c1b160c__horizontal_well.csv,0c1b160c__typewell.csv
0d99f8e4,dev,63447b37f3f927aeda10e652685449742d4349e5e561bf40f13ec766269917f7,7522,1699,5823,0.4941504918904547,3699fb39b3340c17688a345770062b3ade0835c2a544e87e0e5e23f6af9b8dee,21784b00e2208777f880521784d3bfa06e726acf4d096925f644173e017c337a,0d99f8e4__horizontal_well.csv,0d99f8e4__typewell.csv
0dc5e64d,dev,26674ff156aa5368d8000e7d2429509b7d837071164b6281a6871ae88fe9abf1,6191,1312,4879,0.9888547892101438,c8b97704989d35f29ccecdf2bb145615166c2e58ebb45ec2ad3a693fc15e7dc9,ab2c92b7e0737d960614ffd72597496005d4f70e8b541ef7245f9b9708321df3,0dc5e64d__horizontal_well.csv,0dc5e64d__typewell.csv
0dc835f3,holdout,76f26677d5be9bdd295504113b01053170128808c425dbb55e99542ded487ee5,5279,851,4428,0.9640083349119152,eb2f3cce9dee86141a3bc4d1fcd0d0a65cd544c8ad1dfa36c78ff04d70437af5,390581a76d73fa7d0d6dce2cc786ba2ed6fb074edd92fa76d097c77217257e63,0dc835f3__horizontal_well.csv,0dc835f3__typewell.csv
0dd99dc5,dev,2acc6f0e53c607264873cbf98ba184fd285b7919bc79aec71552698ab9984897,9182,1840,7342,0.5291875408407755,bbb5a9df1c062043eb5c37ffde991ae8ed652f6c11c3648812042da40c13100a,e497cf6ca6cb3808ae856cc48ce2c901e44e5310bd15344b36109b8593970dd1,0dd99dc5__horizontal_well.csv,0dd99dc5__typewell.csv
0e5e560d,dev,4176d07e7ee2b09335217163f1998dc24d771382211e3a70fe0ea69cde43407e,4896,1643,3253,0.7534722222222222,ca29a4b4cdca3b73ac164c4f02367e70cb03eea48400bedd18f5829fe7b8a186,d4015a259b5c4bbd36729316b4de6a68643994583f91ced08f7134b2dbfefd4a,0e5e560d__horizontal_well.csv,0e5e560d__typewell.csv
109d9d70,dev,4e974db4a97bde4344d373a4a292cfce86f8287c2b06a123035d85644b129673,5851,1636,4215,0.6282686720218766,5a45628f46030f08092207fc5ddc547ba116f1d285a1b7146d09eb4c56579512,3c589583be6e23894acac0cd1916c80a58ec536e8de7475a9b310e1542e6b668,109d9d70__horizontal_well.csv,109d9d70__typewell.csv
10a1281a,dev,6d2a59cdf50be152ee13263892844ef42b01eaa6f321c5440b0b6e70f44853a0,7353,1744,5609,0.9524003807969537,1577df04ffc69f72b09bffb53369e006a62ad0bdc7aa1b2be4d5d12b5b7d9dc8,b4fb1859f501b8f303691db104f3e08361d5956ad30907b2421fdea4bc1d8088,10a1281a__horizontal_well.csv,10a1281a__typewell.csv
10b89021,dev,94eb27fdcd1e89991e52679204f459ba6a9cd201237026b9975699fdbb7d8979,7166,1752,5414,0.49399944180854033,8afc8a8fe5dfc2898461716ccbf60f2a6329e7efb59a63531ae92e74b1e03c7b,c72f1bdd05fc6c0d7d28ec2f602a0ae38dbdb8c77524b502bf37431103972ba6,10b89021__horizontal_well.csv,10b89021__typewell.csv
10be2420,holdout,f835c3841eb266149a12daab6e915d69d8992fb8c281873b4a2e5b9cd519d3f6,5203,1932,3271,0.5312319815491063,ba1ea2580c184cde61cc29bc88920de55aa63ef3cd3b5704642e3eca47def6e5,29e1f5043300a54a20d56a603c7610838eed9b8109bf336ecd992de6c3c5a18c,10be2420__horizontal_well.csv,10be2420__typewell.csv
113011eb,dev,857035812eb27e9bce844731e42998bc79d541a829eeb06530326b13adb91a48,4561,1289,3272,0.5220346415259811,08d437841fc399016d69d741525d13b5a3fcb9c1d0476fc5bd8b819123174e47,8de36139650388afe547fdaf57fcd52ded002675be9cfde3c95530113a7bc5bb,113011eb__horizontal_well.csv,113011eb__typewell.csv
1131525f,dev,383fba77f4c922d9f641442b860fe915d364a117271ccd6addc4caafe2093bf3,5548,1389,4159,0.6845710165825523,ca254714cce17a2702efee33a466fe3849ceb854b0eca704919070c22b7cd823,8fb0f760ede46a8587d5a9fc4ba84c3f882a9e505083cd4227e83e1f18f8939c,1131525f__horizontal_well.csv,1131525f__typewell.csv
11d0f5ac,dev,25a161826ed24909885a944abb3e3f5409cea6c444c7ed8c281aa0543ae906f3,6378,1495,4883,0.6268422703041706,525b99304afaed5a7b7c21692ee05f7489d33360ef5e227f2153e523700c788f,e8c3f69727ee1c79daac25937ce1511e4ea9cf2f73ff30217f9d0e29fa4aab70,11d0f5ac__horizontal_well.csv,11d0f5ac__typewell.csv
12203f2a,dev,971b03dffb4d1afdc42768537d2204a9080869177f84e9149488b8edb3511cc1,4991,1730,3261,0.7407333199759567,b445fb261f47c89eb23257de4a99f62c320a6c09eaedfd3fc9d8f86797a7d55a,14d8f3739f8852f38e8cba3890cbd1ca5f0d3079e69b041e7604aaf8a3f352e7,12203f2a__horizontal_well.csv,12203f2a__typewell.csv
122bd617,holdout,162a82494f516ee0a3b93c8126912b4a33b4abd9e7a1bb895790ed8c2b0cb9c6,6408,1838,4570,0.7066167290886392,294937b9b6d29112deb1bf8c0bc7698d87470d5ecd9d02d600868eff758769e9,7384c207ec95bd0b5a819b516bcedf23c295657d0cd8617476ee987f28d405c1,122bd617__horizontal_well.csv,122bd617__typewell.csv
125be846,holdout,751f0410a69b2bf766ae5b693e906d1cfa0ab6d27556a8a7060ae715eb7ad724,8033,1523,6510,0.7587451761483879,d134c7f1bbff377fa45b3c26d295dc31c41019c748a9c51fc2dc019eab94d974,108031e6b37229d948e0e8a4354ada7b4a6f7edf004189263c7b0ca5bf483f50,125be846__horizontal_well.csv,125be846__typewell.csv
1285a37b,holdout,aa3b632103d76bb445d41b79602f9c89d3cbeb0524cb4b82125634b7f998f010,7403,1806,5597,0.9616371741186006,ec2baed7194fd01c81b139535a5bd7464afeae8d160ef2d6ba3bd4a07052475f,2ba28a5e362ac6ac9f66eca15272f1c37c165d06e424b407377e6afdf9be48d1,1285a37b__horizontal_well.csv,1285a37b__typewell.csv
1295a25b,dev,ab0c1ed6050411afa49ae85ea0dbf0481485a19ef8caf6e813c27df65b9aa514,7037,1486,5551,0.5897399459997158,71abe94592d1794eaaad9fa0cb81323950d3bc01fea01bb7ce71928ef919c0f1,35049d9e35cfcaabfbe030b58455c3b3cd0f6fcf3caab437889d0f5d64c2acdf,1295a25b__horizontal_well.csv,1295a25b__typewell.csv
12f0cd90,dev,55780ee40d9203724469cc01328566140d87d3e2396a5bbd445c5fc9150c6f6f,7431,1484,5947,0.7400080742834073,261063fd05fd570fd73772919ea100694a477e9e331971904cc079e8ba0788ae,1651d39b721337a4f11ed8032845ca691cf7a8dcc4e41fb19985a2c455a5e123,12f0cd90__horizontal_well.csv,12f0cd90__typewell.csv
137d1e44,dev,4be418e45dae85fad0eff745ab8e2bb72f0c07faf41062e75fc758f56552eec7,6313,1759,4554,0.5634405195628069,da2ab5f70c2200c8ad6f3a028413a406c4924b7fe2b4555c15528507986ef025,e3f464597691ae93d79891ed0b6a737910028da55fda7dd58c86e15ca6d32c61,137d1e44__horizontal_well.csv,137d1e44__typewell.csv
13ce113d,dev,b0c0dc90d5a99209e09e24b1a23b8c2bd08aee6d7b24b0e9d283a5119026895e,4875,1909,2966,0.811076923076923,c02b34cfa3702605ad20707176dab32def06cf0b9c411bb5e7bf3bdba2125a0f,3a67e7f0c38a031cbd63bf2a574b11251703d3540dc05fa616069d4aad963860,13ce113d__horizontal_well.csv,13ce113d__typewell.csv
13f598d9,holdout,5f436200ca5d460892f7acbd1b82d8ed2147bd9b9b7c1189d724bb25e1b76cc3,8934,1628,7306,0.46586075665995075,742fecaa9ebe022906be749644df5cd29b24eff981e660ab7e7456414a720bf4,e034418647381ea5680a1d27c469625925aac4922200b706e7e2299ba7f1f631,13f598d9__horizontal_well.csv,13f598d9__typewell.csv
14a53cb3,dev,44d0aa9be582b81e95101159691e2cd512ecb26ba82d3d5a07c8cdfe2863fe60,8780,1861,6919,0.8706150341685649,73741253ec645ee2a2baab46e8f18199b537c246032a7a4873f7d5b97e979233,3f8c0ebeee3c5204eb7a346273d159fb86077722fc95f3d555ab247597465e6e,14a53cb3__horizontal_well.csv,14a53cb3__typewell.csv
14ab73fb,dev,a1ac6d7d38ea20e49373ca28a73b8317958dddd3f2e02ea62a209256fd239895,5279,1630,3649,0.5995453684409926,af56c2721ceaf214872fb93ec85f2cd9565925fc6c7586d50cad266bf4c46e14,f78fc174e94902275e6dd842ac56d0c9feba573e9c1c6dde8f1d23bbf39ddf3a,14ab73fb__horizontal_well.csv,14ab73fb__typewell.csv
14ad5efb,dev,0b7c50fb9ca772ff0bac6438211b82e160144bd68755e7212e5dc99e6bfcf068,7352,1510,5842,0.8267138193688792,c4e37047ad3172269d75aae0cbc64edacf54321c2fc4bfae497d8d75c7691be3,c90d5ffcf42ad3683fecdc0c1461aa7d1fe89d842b2f487826d1c6fcce18521b,14ad5efb__horizontal_well.csv,14ad5efb__typewell.csv
14fee784,dev,32f92f954e129b864555344e54337eb7d47dbcdb81712f8e880a3772550828db,6406,1496,4910,0.4480174836091165,cc56690a08e270beff071b051077fea18f2e15814919b5f9271c33a21bcbefff,98ad1051a487791e2c5d228c0ab3bc21d52becc73dcc9eba70a2db8d017aef93,14fee784__horizontal_well.csv,14fee784__typewell.csv
153552f5,dev,3404d5570ee582a46acd754c662b2d01cc390f8ce4dc702efd874b861e68a939,6498,1803,4695,0.8124038165589412,f6c5070a1279f911c75a074ff0fd0ca8975222b00ee095d82da2733b4af17f99,0ebea4954f1f131ab3078d245ce87055eb2095eaa8d39d60b73ea1f56b99cb4e,153552f5__horizontal_well.csv,153552f5__typewell.csv
1550491d,dev,726ff9dd17fdd1753bc0bd3e85cc0fd04d9d5b177b62b564fcb85d033c1f6f7a,5929,1366,4563,0.9618822735705853,f566918d12e2e4f2e995179a967e12d6f7587733496d1f1d2a586f505f876884,5aa2fbd60d6c81b5241dfb21aaa6091140072778dbcbc3dcb50c1fd7a8c28a7e,1550491d__horizontal_well.csv,1550491d__typewell.csv
155887bb,dev,6f8fdacb57006c9ca08434b8c64eec7498e407755a50bf1f5957341003e116d1,7062,1477,5585,0.7506372132540357,48458c214cc64fc90623b687d180d83ca2c2c39cd45a0b8c827108719d983c14,c9ac8bb392a22a8d25299a634f20f5feb80a3f398a704819c07d9f1384716954,155887bb__horizontal_well.csv,155887bb__typewell.csv
1590af81,dev,7c9636fc0c192670b5190dd4fbe16954b4e335735510c4533ad0828e68dda9b6,5231,1432,3799,0.8269929267826419,69512c2e166cdcdfe02d34ffb49666147b5637b826c8ebe507f248820a25ae5f,b218e9878a97ebe0b7b4750d8e4bf80900dbb1600fc9f9880262ef6fe452af4f,1590af81__horizontal_well.csv,1590af81__typewell.csv
15e154a1,dev,bdfabe666323e16f930a023d1a2dad9179ea9eb3141f6e9ecf463f3c0610541e,7699,1631,6068,0.5218859592154825,034adeb38001fecfedc41494513bd2120159922ce5556d64f6ff507ad02dc0a9,faf4312b3be6381b037e2ea19d7f60b303e9f8f2fbdd13c255f57df5ef52c680,15e154a1__horizontal_well.csv,15e154a1__typewell.csv
1619e2ca,dev,6b5aae65bf00a2da7b4b2ef958626293cd17cb95af55994df61b7ed11c979b5b,6002,1559,4443,0.6391202932355882,6dc731fc2f322dd61b793d95a5f475bdb2d5eb340f0db50f36b413a08352bb2c,c4fefc83c58c04d90684855024aaa5d489a0d8f520edd12abb7aa53a06cd55ec,1619e2ca__horizontal_well.csv,1619e2ca__typewell.csv
16e4a047,dev,6ac177febe4de6defb565ad3f1ca0145dace0dc147fcbdc974acbda1ffc48ba1,5684,1553,4131,0.4479239971850809,f9563ce0f0be401f24c15ef2902d387d8d953933507dc6048c293ca8bd77cfff,94d35460db99c4b57574e3be9ffa62dd4911ccbab468159175fac4b82a50ea05,16e4a047__horizontal_well.csv,16e4a047__typewell.csv
173ed841,holdout,014c211abc0054c592252d014438d34a0f795152416a5a1df6e3fc43910124d7,6530,1647,4883,0.639509954058193,a364ae96996e22a580f85acce84615228f696d40a997f6d78ab7f101b7622907,7336c7ad529ec0bbd9660609ef42f361996cc197113968b901391b45080e095a,173ed841__horizontal_well.csv,173ed841__typewell.csv
1770d7c6,holdout,4609857f1ecdc5329618ec01f7ac6aee08aea2f83f42dba47db609229f7d4ba9,9121,1881,7240,0.9550487885100318,2f431e5536058acc874a34173940fe0467fba7091a5d84390e2810528992c2ef,42baa434071868a08fd5391c45874aec13fb17386a5bdb8aaa3d546b5c8fa32f,1770d7c6__horizontal_well.csv,1770d7c6__typewell.csv
177622d7,dev,3c8f37fcfb72f23197c07cc40afb5726f3a665ab8e2b30f04f912343d690ab05,4699,1545,3154,0.5267078101723771,04bafead2c5930b613efc88e5dc2968d69c9cf4e0c29bcb63f2850538d6ecc4d,db25ae9ba242584e38b36b49571988853529742cd622be49431ba7e3d8784c5b,177622d7__horizontal_well.csv,177622d7__typewell.csv
18d24f7b,dev,ca750bb91c8ef37fec02c67e4ba531c0d833f0221d96be801b6def492c9aadcf,6260,1702,4558,0.8787539936102237,5e8935c772af69c479fdc8774b2c93df0e879bdf5b7c6394c5c70fdf2e377f57,cc628e7d62829ad2ed8c0d50a5ad28074ed4bfd5b4bc3f3408023b0a9075702b,18d24f7b__horizontal_well.csv,18d24f7b__typewell.csv
19137a89,dev,5c811a492622b071effc12d36fc73079d81d5a87ef96a637f0f0742a423c05db,7958,1691,6267,0.9183211862276954,264a2deb3b76998fb66c07dd7395d98c0503d33d7385218428f923ee5f15a6cc,ba288f88401a5e6b7ebf0749056cd887ec699ed7cd7cac731f83d48be49585e9,19137a89__horizontal_well.csv,19137a89__typewell.csv
1944513c,holdout,7cc18a46da085c918409aa5b1fdca763fddf4a700f6958ad528f16f152e4f495,6599,1877,4722,0.9237763297469314,4cd0adb05b6b9d6f7130ff2a3b52fdbeca8c5f71543a1fd5dba834dbb40e45c0,8fee42f2ed8cdb2171e3c790a10c944cd43c36c84e44954507d2bef8c46b431b,1944513c__horizontal_well.csv,1944513c__typewell.csv
197f8a5a,dev,93aedb0a3d09e955694d76b041d81f545868a0d21aaf271fee33bcda9ca88cb6,8248,1938,6310,0.48205625606207564,d7949ffc2c57b8fb7604c659dd1b1022643ae3fdf7da579724a6e7c6cfeaa309,0ff37a9fc81b76dc6231ff73b90bb55198f8ca476c27cb55f5f2a556a4122a54,197f8a5a__horizontal_well.csv,197f8a5a__typewell.csv
19871e7f,dev,ea636008b0b84229db08ff0c29086c4688b004c624059d75fce6efaa63201a6e,7152,1859,5293,0.858920581655481,5ac6ef71deed7e33ae133683476197ebf5923bb0b5392d934c42f6883cb29967,c47b1c3b81d82704c8f442d658ca7b6e65cd10b7fc978136199150b970b6a40a,19871e7f__horizontal_well.csv,19871e7f__typewell.csv
198a5607,dev,7777dbe446a81a3bbfcb6d9bac2cb0c618c36d56114ffa030232437de456ceed,8094,1843,6251,0.7504324190758587,72dfba086501fd87c373086f344db988f043c98e969e71fdab17903c40afedd4,5dbc97deff9614e23e812ddbf5a1695fb50fe3c487de292c55f125266e6531c7,198a5607__horizontal_well.csv,198a5607__typewell.csv
19fb4f7b,holdout,9a19587ac2155fee3db1817ed2c7521673673752cf11993654aec95bd108a608,7923,2303,5620,0.9621355547141235,68c3074613690de08b089e2a43df9a69ed30996ccdd76a5e651e192e531fc556,9e58ead4f5b5eac85b095927169540756a7bddd7c5b9610bf4e050076527d79a,19fb4f7b__horizontal_well.csv,19fb4f7b__typewell.csv
1a518997,holdout,b730789badf78d960706aa90f19bd20168d36828514521c3b81dbd2d836bbfe3,6544,1938,4606,0.633557457212714,ded918f85b8bfda8327bac1fdf914c93fc202a4fac090d4914cee63dea43f278,8b9cf671e5eb4e67d991022caf10b6355efaa9a5472394bc621c0ea93d1349d7,1a518997__horizontal_well.csv,1a518997__typewell.csv
1a68190b,holdout,a60c07e2bd41cd38138a00d6fce163312f5f358e7da848b29b89c6af29253c31,6502,2028,4474,0.7636111965549062,27c672d26cd33c710025e8782da34f8f80b7558003a97ddb37373d2c2f6f7142,d0f7bd9f4c25c1ad66e0a22aea1cc9545a740c725bbedaa002049dfe0a313c09,1a68190b__horizontal_well.csv,1a68190b__typewell.csv
1a730ac2,dev,73185a6a05e581b465b8d2e2b7432abdc00caf84ab6512dbdb48c82602929f4e,6049,1444,4605,0.7029261034881799,23eee5fba15812aa656dddade5835a3d3d12c1e12f929d1b375c88b23f80adc4,b732a061f32d8999c2251becb6fd4382d875bc26c6201bc9c7905e82ae28180b,1a730ac2__horizontal_well.csv,1a730ac2__typewell.csv
1aaf1da0,dev,f4b657967566c01f022b965c6165c3122df461486485408b3748b6c018e566d0,6321,1517,4804,0.7630121816168328,63325955dd1e04d0c7065c0ccaeedd7944e372981317ba75a117428068887586,7c3dd183193d3c54e24c1ebf8e54cdea335b9f529ea817c1d1e2d6b7d63f8ce2,1aaf1da0__horizontal_well.csv,1aaf1da0__typewell.csv
1b08ed48,dev,8dba6ceef828b0a6cdb64b1e8494d3d65e5c853ac37813ab155991e0d61dc8f8,7175,1557,5618,0.4514285714285714,4b45cc8e2bdac05d797a9892109cbccace3fa5cd9b6dee9353fd4f1a797a4b5c,c092133da066fcb871373a785bb0151ec128474d02099c6f6a0b9669ae4a41d4,1b08ed48__horizontal_well.csv,1b08ed48__typewell.csv
1b1c5372,holdout,8b0fa1fef698e9d3ae02ed20d423d1845407456dc4b5acbe2c4439bc24a73cca,5792,1531,4261,0.742921270718232,b69eceb9677c08e2b52d736a6e029fde0c6027d0c3cf571c6f15447b15b3915a,f9e2d21787ca189e6e24f256dd16ef320c863e6397f6cb34fb1df437f2aca338,1b1c5372__horizontal_well.csv,1b1c5372__typewell.csv
1b1eba53,holdout,e816d75338f5544230706e39f1a607a8d755edc10ec9fe0fb291a51a4c189ab5,6710,2055,4655,0.8597615499254844,6b7d7b9c0bcaab1cf13881c3b951457372e9afc2f133cec775fc951fdc4f4bf4,1568062415b89305cfa1374454962c19e8d44efbafc3b217ec67ff5b4e28420b,1b1eba53__horizontal_well.csv,1b1eba53__typewell.csv
1b6ba517,dev,635dd7193631c6a526f8f0c376a980b7574cee794cc65107161327ea390df16d,8611,2014,6597,0.5798397398676112,82a306e8f2b12a14f1e00f0519324eee5ae83d1a5f158ca3dab9391209ad227d,4546869df0c4cfa0591a487288ac267889b6f02027650cc7f595efdbae5e900b,1b6ba517__horizontal_well.csv,1b6ba517__typewell.csv
1b82b665,holdout,98be4c50a3d406a60b7c31bc52394f020b295f51112646273a7f444556e55896,5364,1558,3806,0.8995152870991797,d9d3650aee0ace51bbc08a10647c539319d59a8d2b88fe0844ed8d6b9f844092,9eb63d90329c85c9fdeb718ef2f127e9d768a9cc27c66a72fadd7be89507e788,1b82b665__horizontal_well.csv,1b82b665__typewell.csv
1bcb2fcf,dev,6450019b44dcab4173396346a26ff63ea82a6e429c20b3be9c341b6bd4b3a411,6202,1678,4524,0.9274427603998711,d1834df44235f74153226591427266d294e3fa4671e814f83ee17c0ae3609670,6ccad369409ec5485f2a15a4ed7fc301a8bcf126ad10d1893b9edec00351316e,1bcb2fcf__horizontal_well.csv,1bcb2fcf__typewell.csv
1beca81d,holdout,ceb26016aedc66367e85583ee635ed3fcef43db8355b5bd2304e59f54087a295,6650,1614,5036,0.5526315789473685,7a6a2bb91d6a4dbee859d53bb3ce3a591da511088bd46a3b2eb1f38900acf1f3,a55cbf70762e6d5382deca748041c47a1be3649e4010de420c960809ed806e06,1beca81d__horizontal_well.csv,1beca81d__typewell.csv
1d3fbf02,dev,6fa4b538950ed657880b43f0204d538534e71d99d24d13fa56f3bc9ee7e741a2,4252,1558,2694,0.6693320790216368,fbd16930f4796326bd4ff3635c1ba458f8e000b1a1df71801af6e8774032e0d7,5e937a06afd9bef204dbf7ac3e38890ef85658661628a1019d823f499d7c42ce,1d3fbf02__horizontal_well.csv,1d3fbf02__typewell.csv
1d78281a,dev,33a82ee23e8d1670350f9e04b054bab683acf322eff757565edf969518420e6a,6810,1861,4949,0.8074889867841409,e95ce3bde6ac61d76286bbb12b5223984fb29921632b6aa84cdaee4dfba68a83,1ec9deab31cd1f7a5e42ec8a482bd4003bce0079701af0a607c3af3c7f677ee2,1d78281a__horizontal_well.csv,1d78281a__typewell.csv
1e30dedf,dev,e9f9bf0b7557514624fce9228b5219836a98273406a7e33373924c12ebe8a590,5474,1403,4071,0.5495067592254294,7c1c7cb6e65b47390b7b736fcf364d5f20eaea7ddbd4c065cbcc9ffc631fc640,9996faefd74d273e5e0004d3dd6729d3423a47cc14ac9886402c526a1ecea66e,1e30dedf__horizontal_well.csv,1e30dedf__typewell.csv
1e5e3573,dev,4c98313e7672cf5884eb9ab92b4e5916aa6905d56bb158ffec2780128f8b0ed8,7126,1646,5480,0.4362896435587988,40a30275f63bf58876c7f3828d5a523819d8da429569a3ab804d430534d73939,8a05a68e21bc34c7a54f2607854bd9424b8e8b5511c4f0a90069cd8d2ec3c698,1e5e3573__horizontal_well.csv,1e5e3573__typewell.csv
1f9afacb,holdout,31ce99ea3d82087d90cd6ae1798abf3f93b0855a5d7c00841dc651a04a37c8fd,7054,1726,5328,0.6114261411964843,6c66048095b18296a0af84621b91d9dc8f0c0052fa2e18ad2f6ae6eec4832b17,5bea0fbfd7fc9ef1e50236ce8dbb51a67a06b15f36d1e944b1bfd4e42cf271f2,1f9afacb__horizontal_well.csv,1f9afacb__typewell.csv
1fdbba44,holdout,d1749ab9fe1c2e29a7f73379c0bcf66cfbab1acf5f754a24eb9e580909cd2676,6333,1422,4911,0.80641086372967,6e336fd58d79fc439968d7cf4b986f22dc11d5a3785d8d58ed10221e695174fa,60bd5af7dbe24602a377dfdb68cd381d37a89fb4992689fabc37edec1f77edf1,1fdbba44__horizontal_well.csv,1fdbba44__typewell.csv
1fee2b62,holdout,1a26ed94f1116a6a539db075d1641abfbd97cecae12e4a8495b4bb8a31311cba,6323,1682,4641,0.44535821603669146,d7148d5a8e386db4dc3ea5687b04190e636d3195b306d085fe9e2fc9f0576ba8,5caf2dcfaf376058df7b25b800baf60b5daa6c30a1ad1eb37944765fd06ae357,1fee2b62__horizontal_well.csv,1fee2b62__typewell.csv
20096916,dev,591b4f7aab5db0230193a16ab4e014defeeee1562f865a52b429884b9f8e2234,6880,1747,5133,0.5162790697674419,fb6b52c1951a9dda515500c1f48305858cf500453226b6c7c0002863b6edfec4,44f19ac42fde5df3ee856180a5e434cce7082a183e1451e56ad4246218676951,20096916__horizontal_well.csv,20096916__typewell.csv
200d233d,holdout,fd85b14c55d2d7a916366e09ec2fb992e9dc6adfec9795dbc4dcb61981aa1e40,5896,1970,3926,0.9341926729986432,8bdfd07ccfbb7a62534199832be6b500b5c21bc82db4557c12422108433c1c0f,a6100859d90028a10257682a5e0dbfb1e3c97fd762604784c7e62cd3c2fded64,200d233d__horizontal_well.csv,200d233d__typewell.csv
201661b5,dev,eb7ba9e103cc68ad7c6ed3701918b06444b2f42629b61bbaa0f5a61fd447d952,8136,2181,5955,0.9412487708947886,4b4282290ec67b2672e9d617bd2c372641bac05e3fac72682004fb14e2d1d24c,d0bd6be5e6189b33649323d29f7dcc3e1b2e15cfab89b2e611d410c72401f336,201661b5__horizontal_well.csv,201661b5__typewell.csv
203721ab,dev,05af311b477850659a273b8a0e74ca83e53e735567f38588128cb1f67fc291e0,7235,1505,5730,0.7997235659986178,8e142d94e57b26d13c93a24a4840381001f05dd6522ce38ebac4d56a635c0739,91dffc00e2227e12ce64016d4d6d85cfd5f4faa74a79f9638eeaae1f77f25a06,203721ab__horizontal_well.csv,203721ab__typewell.csv
20402d71,dev,b8dee8a719a576bfc4dfd4c74191961112b1259277c27c13272f1ad1950cc631,7930,1558,6372,0.9872635561160151,163a3d4c3320ef63dbdcd7124ab124d2e87928acc890c77714eb3c3a1535729d,2f656248a487664611fd4f6e77fbc22dc5b83e8f39e0c8cb45336611917df806,20402d71__horizontal_well.csv,20402d71__typewell.csv
2043abc5,dev,44b316722bc73bf54d446b3136e5bca741e365a89a3225263d8e80b252807b97,8513,1555,6958,0.3408904029131916,38e99687baec0e7d5a30275eb9a24318bf6ad0770e91fe3a227cef35033292f1,2c2ff5f13d900de0b48e6279f08831df6a974068e7899bce6c3a0b012e922d7d,2043abc5__horizontal_well.csv,2043abc5__typewell.csv
204cc64b,dev,04c66301df928fa0dc0f73bb9a1b3055d972c9e4bcd43ea51a481330c878ba14,6454,1649,4805,0.6718314223737217,816967212bc85979be58d80e57257653219510dba1ce30c45b8f1594020f3bae,fc1334610f1016ac114766f79b6d073670ff9c55f789ad20cae8c7956ede79da,204cc64b__horizontal_well.csv,204cc64b__typewell.csv
206b6193,holdout,6b20080b1cde08d1c03f853a217acdd82eedcf1dec6ba30b750a99fb24643745,8568,2033,6535,0.9630018674136321,f61e25146875cf526ac2688c41e47eeeb1000e6f4ba7798d0dbe2711ba193993,247f24e8f16074c54c47240266107a1664eda9e65879d93c271cf989bdafa1b6,206b6193__horizontal_well.csv,206b6193__typewell.csv
2075c696,dev,01721017b46d051422fe36ee6b2f089b887d04e6ed4d8f6600e6c66bbd0d9e5e,5580,2392,3188,0.917741935483871,b47c9f451e034fb81d437359b26c848b7f3318420e5246c99118d3c0bacbe809,cd67e9bbd2166d5f32451b6b7f77e6b68371e6f38d60f004ab3e03d2465d22fc,2075c696__horizontal_well.csv,2075c696__typewell.csv
22c5f93f,dev,7ce8898679f22966aad54f69e993c766ae97c596d5334ba667b984e3d57dac21,6919,1747,5172,0.4500650383003324,53cfcf205526d4007dcf5c9d02caf2fadc0700ddbed76abc0504bcbecda61fcd,735bef5fafca3020e86798642d63f63cdbbda77ad9e151e692bc5bbb3d7d7df3,22c5f93f__horizontal_well.csv,22c5f93f__typewell.csv
230eaaa3,dev,204b49634c9cb4687d6f63b5a0d653591ca92ff1e65fefbfe95af70de6743063,6451,1761,4690,0.8175476670283677,2a60cbce0bed8106ce6b968a39bc9c80c7b848112380c15d3a5784746a1cdb3b,0443dc7761fadc9c527be3a3d1ce93d39b2929bab93d5f78446142fe9dec814b,230eaaa3__horizontal_well.csv,230eaaa3__typewell.csv
2364716c,dev,7100d9e2b279b27b1e2016771c8b0eb1ba2262acc7203023688e6b701df18cb4,6093,1777,4316,0.7226325291317905,6b0d6239488649e99dfab91cdf71c3aa74505d497bf3fa8c2729ce8f5eb2fa52,2f81f07dad21091461b3c33f5991d9c5f7ac2b9a5bfb7132f61a5d6bdc4e6c06,2364716c__horizontal_well.csv,2364716c__typewell.csv
23b9beb0,dev,b34e333af421ab2fc02a30fa9a0dad2daec7b7fd714c3ccc60179b5f09230566,8790,1450,7340,0.7888509670079636,dc61d2d9fd169077d3ce6e39b189087fd9b80ff26fe8ea735994abc1ec87425a,52f41eeceeb06eeb3a2c8578ea4c44c7c5723085a6d5540abb0daad3ae425c94,23b9beb0__horizontal_well.csv,23b9beb0__typewell.csv
24d8997e,dev,8c34d2d264da176b019737d16e4d3ba1abf6d65633d178c677a533e19617e093,5188,1746,3442,0.8774094063222821,e5a80141660ac6afe6564eff873f49685c369ea9caf61ee91277f6d52de11c15,be0adfc5bbc80dc2e6c5455bc4eb93a4d43883fd15e1c91f50f79d2b04ac664b,24d8997e__horizontal_well.csv,24d8997e__typewell.csv
25050f63,dev,c24dd46139f7c811f19ac93ece6ac35f6c841a11ddd770f4d482fd72b7247848,7155,1031,6124,0.9542976939203355,49b2dccd072d5d5856e1b418912262babf529cd2e9ce317aca3530b29ac15510,2bcdc7c226f46a0d731926bdad2e9a1a01e57dfe071b1da5b441df9c9e7c22af,25050f63__horizontal_well.csv,25050f63__typewell.csv
25939962,holdout,42acee97968ba87b1f0a7fbec44851bd00f12ac7051e9c38006245ffd4968473,6071,1752,4319,0.4201943666611761,2a44416ef67c55ebbd7d033351739b96ba42b4698cc89d124c69571a30fbcc03,efd6615e73fba27bcfdd0b1164bdf5338c540962ef2833894ad56a5445422ba9,25939962__horizontal_well.csv,25939962__typewell.csv
25fd32b3,dev,a1bc64009bd425fc3e086c5c4d60850e17be7f6e854374d0d497ef96e946b014,4546,1661,2885,0.7714474263088429,d6226baa05edfbb14e424435f99dcd9aefef35b2206cf0fc2994105bcf666fa8,31d62db86ef47211225d613529777c10453f3edc691841340bc3201678c35150,25fd32b3__horizontal_well.csv,25fd32b3__typewell.csv
261785ee,holdout,367d5f1cc835c7dbe0aeda120725ac19e9f4397998bbead4334aebe2ab10d488,5512,1866,3646,0.6690856313497823,8cab48c0d12733561d9a593c145c20992ab1e64ab852807dab50c98cf4fa7ca4,072e152769d9b19013b085ae12cd1d8bfd14516651f8aaf2c9c6245f6ac7b7ad,261785ee__horizontal_well.csv,261785ee__typewell.csv
264feceb,holdout,02022142068673fc94e3fa2f370cc4bdeed2bdb54c61c76ec45c6e896aea5048,7408,1743,5665,0.9584233261339092,65cdff0d6d61f4b176dbbe25d0cda408030f7650a6c15fe001a12392d248bc3f,e34b04f9959d4ce1a0a517adfdd5da58159a1e555361926751d92acbffa409f7,264feceb__horizontal_well.csv,264feceb__typewell.csv
26623a50,dev,1b716f3da0137152ccf418fd9e2398a24f9a61c15d758b725b229bbe9f713cc4,7479,1744,5735,0.7361946784329456,91caa21a713fd0d68116686bd5cf6eb0dc7980340ede7e90fd5efa4d0a7167c6,ce99cf9e4f20bcd31862625c95c1a1f0d96fcf53b14963caa8e0ba32feeacd34,26623a50__horizontal_well.csv,26623a50__typewell.csv
26d3a96a,holdout,67223b1cbd8196df41273d5f3325578db4f9a69c6127b9564778e116bd36429d,6465,1744,4721,0.6815158546017015,df14d5bbb793304db8f47fd1ab578fb0ea2a264d39f8ea3a131c0220769e72d9,90acd0bb0989e319626a5465cf79d130469dbbd5b4e5d787dc6169109002437d,26d3a96a__horizontal_well.csv,26d3a96a__typewell.csv
272abef3,dev,cadcf5d1f3d1a6421a9fc2a853f76ecba953c1c11393da9820b3084c9c1c2e06,5682,1547,4135,0.9538894755367828,af33d324ec744813f85c358c371d8f19a2d328c1f2c424d2f04006db03c2fe22,d2a731139f85951fa361c7385a964adb2fbaac46a2edb692ff5ad6811d6e4db7,272abef3__horizontal_well.csv,272abef3__typewell.csv
27300fd5,holdout,a96b0f17c5ff797f50d4140461370e1d1549ce0cf024f0b4c10f61f20a08343f,7386,1919,5467,0.9662875710804224,91c34665d65427a828704f8189a6b46c6b03871ceab3990d1e10d90b7edc42af,8be65b179702b5a0a8b3894d15e7e4065cb0cf433d3f2eb663dc77ec49f12502,27300fd5__horizontal_well.csv,27300fd5__typewell.csv
276b012a,dev,13485705d0b8c33b345b7a4a54b96278f33291c555eef91fcf14426eff85323d,6291,1454,4837,0.8524876808138611,538f8f81225122a5f4c5b383bc7fceb745996eebb62bc322e59380d5d8ed37ea,a16ee2c1e1f351d95c99b09b54187aa5e0dfb9f179f0b510859e4c6028afdf0a,276b012a__horizontal_well.csv,276b012a__typewell.csv
27c3155b,holdout,b9574357084b1544e1720949ef7272bad2627f770825b90f2fd143b744275f0c,6941,1983,4958,0.9665754214090189,6614f4337b5454e7b2d3f42d7316d56ae0655890db57a306274ffe32f3196295,08c28d4a629ece4f1d3407daa542caf2b8639bfd4836a6bb53ec4b00766cafa2,27c3155b__horizontal_well.csv,27c3155b__typewell.csv
27ebb9b9,dev,aa04fe5ab06537336d1f6606063469eb3f92b043daf558ab1347707bf12f3829,7651,1885,5766,0.8072147431708273,4fd83ecaa93a4d8974ed1e77a1e516ff9ce873f41046835416e63cda84fb8f7a,75d5988df3ed12672a2081803fdb5de4b06efe2e940cb3220d9df08cb772eb1e,27ebb9b9__horizontal_well.csv,27ebb9b9__typewell.csv
283269ac,holdout,7295d5714e91f3a9336dee65acdc163f79fe3597c927b9a55906d737fc9ac88d,4567,1941,2626,0.41405736807532295,f02bfb1ded4c4e8c2eea6fdf2be6ddcceede570cfbcb32cce8aed2aae885bf01,5ee88b3cf6d3c301586043d107f579d75b840f452f9550c41aa88372f7c541ed,283269ac__horizontal_well.csv,283269ac__typewell.csv
28473855,dev,a70c03be6723cc3d46385bc7bc08b498e7a43af49ca387b726f9b4a0c20db2fd,6620,2330,4290,0.9696374622356495,ac6559ea13f35798c2046c8f52a56b3c63632501ebcf11d71c1744d65fa8967a,aa5d42cc7d24af212930672000ccea761527949c296fc4ac9f599f4ebf3a6034,28473855__horizontal_well.csv,28473855__typewell.csv
28f4eda9,dev,537b65bb556e3d69523d8df5d5cfdf3e6c7d83482912e24849228b76fc9da913,6824,1558,5266,0.7790152403282532,d58b64c7a5075a6f9db056176420b1d4f6078b7d0d500b9456dd84e8e498d0e5,8cde2ba430464f7bebe395de4c791d29ec4d661b3641ad8be5ac0a1bf615d47c,28f4eda9__horizontal_well.csv,28f4eda9__typewell.csv
29b24409,dev,a54562406efddfaa54c61fd53875c41169ce3384b493a23a26ed1fc79f55c5e1,7417,1830,5587,0.4385870297964136,eaacc3d9453b6f4f8b3f980165103cbd0867e84aa422d9f6678875108761f17f,08e787f4f46083015103569ea76e5e29e7e6bf7efa45a712a5d38c7ffd488ed5,29b24409__horizontal_well.csv,29b24409__typewell.csv
29de15c8,dev,81211caa3480b4e773eea46091e9041c8593f9120af2149d04e533e1ca9246b0,5164,1733,3431,0.9587529047250194,c21c50b3c4c94222d2fe0f953e1010a029a6230a765119cec9b33bf113c8c05f,b4a3a41bc219f588b70d0e7ad62e58164b8e6c15aa460990699ee0690a48d529,29de15c8__horizontal_well.csv,29de15c8__typewell.csv
2ab29395,dev,8a443edd7da24ab7094dfd13f50d1d8fa955e87b428f6184365956952ec076b0,3325,1473,1852,0.7016541353383459,c185156e30402b108d97f69741e5c6c265eac7736fe7fe14665ab12d6b4c7781,8df281c2910b6a2ff369c5ed08995a6b8ccf688fa8e0d871315cfd2ec1228fd3,2ab29395__horizontal_well.csv,2ab29395__typewell.csv
2ac7cb6b,dev,9c1576186b0a75c78739a3d3aeab9ff78c65d29ee817e5ae543e3154b89a5ed9,6451,1461,4990,0.9584560533250659,e6f50fe1313fec34ecb43b5d00dcadae31a7d1a897d53b18849e1f06f4ba1c37,9369a32e3c8a33f76d005b76ddf3565d4a67bfda1eeecb7f42ca190f8c0fd3f2,2ac7cb6b__horizontal_well.csv,2ac7cb6b__typewell.csv
2acc78d4,dev,a2d95d557eb805646fefe3d3d532407596b85914faecbd85a753520b20b29e07,6109,1843,4266,0.40170240628580783,54c9fc8f057443aef03ec2d4db99586116d20f7c963d2a1de1283cc36d61d06c,265f4301c08a190a42555ee02467d544e71667b987dd6dde846076b9845df925,2acc78d4__horizontal_well.csv,2acc78d4__typewell.csv
2b034622,dev,edfd3868e856c0bd97a2a873f6cbd336a2e97eacb1703620e9c09ce3c5e65783,6761,1558,5203,0.7269634669427599,3ee0814acac6488a2110a5050a387b87608a5216a4e2040e1a4ccedb10ec7ab1,d8c5f7269f4911f31b1d43a5499f8016b07aa3541f5974e432904181d6def653,2b034622__horizontal_well.csv,2b034622__typewell.csv
2b06ad65,holdout,1ce86dcc649f585fa201c531ff4178415115b5f482f9e9b9694a3e1123864291,5706,1450,4256,0.9589905362776026,e057e9d0444e35554e5cb921530afa8753ffbd2d6970d86880dc170a1f2c5371,fcc913891a23669d6bfde3805741ef451e9fbd24be210254355275546b194daf,2b06ad65__horizontal_well.csv,2b06ad65__typewell.csv
2b547943,dev,5980208dfbdcc30f275012b706838af89ea80bae28ab29003195363c3f0a83e1,5131,1651,3480,0.6827129214578055,f45e0f0dee68878bd012b9671cc3fad30d9ea9e1a174b6d41840f036d64984ec,a5d672d6ecbf5697386d0965a31abae1af5fdf3ca1b305821695afea49b92142,2b547943__horizontal_well.csv,2b547943__typewell.csv
2be5c96a,dev,3b6eb0e756bf17d70b45e893ff91cf36b13abf7a5642432d06fc7fa0281bbb10,5753,1543,4210,0.2702937597775074,34ccdaba9f85620141f26bcc5870e2fa2016a4667c0c63081010ee5792a52fa8,423fe6bd717ede0865493e9eec11cf8f77eda18eccfac7b018b5f9b7a6b05f0f,2be5c96a__horizontal_well.csv,2be5c96a__typewell.csv
2bff06cf,dev,e95e3e9b0d9ce02125f402dfba7dedd35cd4b442bfdd9aa328cb1dfd5e746bfe,9174,1550,7624,0.5243078264660999,2a8a99e1805a61beb197be54fb83267b3313dd99964e239a6463f091ef0e0c7d,af14e004473e88d678905610873c79ab6b912c9ed8ceb865dd9ff270e53a7017,2bff06cf__horizontal_well.csv,2bff06cf__typewell.csv
2c0c4a4e,holdout,aeecc0bee110d5f44133a29a4d61d88b3bf9e39c09e044c19a05c3995d39e903,6719,1929,4790,0.947760083345736,984208951fe2103c4b1f75f427e270c39cf11bfcccfdc04b607c3bb66c314724,87706e547ce068ee6e77bc582bc07db6bcb855bae84d075ee5fcff3c0ae08b22,2c0c4a4e__horizontal_well.csv,2c0c4a4e__typewell.csv
2cee0cba,holdout,2e1a04ebd061293aca05d508d1549cd88afe3e753122618876ba43272bea49f6,7335,1835,5500,0.5725971370143149,6e6c20ebd568c9d24ecd7f15960868b4f656325f64d35fda1e7b3bbdd4b379db,684ceb567bde6328565e99ac279e4be9e35c6d3b3d962c4fc00466f7897252fe,2cee0cba__horizontal_well.csv,2cee0cba__typewell.csv
2d0c268a,dev,d08b9a52710e5173d579a72dcef0e2320173d9aefa226d178110e731c9119ade,6289,1739,4550,0.7393862299252664,1accecc84cc728c16fc0967bd36b8ac88d6dbde456ed190a1a0352ed5c281a4e,38c8e9f3bab0ff69285e7b59efbb4f63b01d873460df789c3c768e2f7c41d220,2d0c268a__horizontal_well.csv,2d0c268a__typewell.csv
2d179ded,holdout,4914f69cb146683949eef0baf4cc4fe40253eec536325741040536d913770ab7,9225,2217,7008,0.5802710027100271,898c4d1c5465719edca5c1fea10053ee33404b993069d4bc10eb9ed5427bfd37,cae0aeeffe891956abdbd3493c4ccbf990fe71c8005c22190e8de9b1c3daae22,2d179ded__horizontal_well.csv,2d179ded__typewell.csv
2d196986,holdout,a688017e0d91165e87a0347e709798ba35415a376ffe7d060028c0de05ae75e5,8316,1842,6474,0.987974987974988,1a6aef8c11c2c9d1f46ef46671349f4518661030f4c98ff24d601376406a6446,7f3eafa134e7e4fd89bf47aedad3813bdc5e9c795f51d16cef9644987c9da1ea,2d196986__horizontal_well.csv,2d196986__typewell.csv
2d2d0c6b,dev,ffe38f10f0161ce6828e1da86b6409b2b5625b7214f63c71151d408104dd0e29,6967,1922,5045,0.3947179560786565,300257c7dfc045b75f5dffa43801ef14c70a2d8c79521d456a9ed1ada8473599,6cdb32e18d3f11d37769c971475a5c88bb9083f2f61a5c7373721550c0db08d4,2d2d0c6b__horizontal_well.csv,2d2d0c6b__typewell.csv
2d35f86d,dev,4744ca9e84a89295d322aa5b5de94618ba20f6f189fe7bc694e6ddac3afbf430,6628,1732,4896,0.7579963789981895,4c1e9198de961c5efd12e623ca70d55463602f81102deb3b8fbead195f8e46a4,1b2fc2e4b6e9de8bc681f022c764b0f0a3c9e27260dfd9c4852ef7ed6b174dbe,2d35f86d__horizontal_well.csv,2d35f86d__typewell.csv
2d9f6cb9,dev,42a3af865ef0f58fc4c9e4b872c3dce131cf8e43b0404b6ce77b797ccfaebc70,8627,1289,7338,0.9616320853135505,35567cb1bf5b5e0a02c2328e217773dd665656a0a944a4c948ddf1f7b2b620ea,3e6888cf49eaae9ac1d05fced495b0cf8c670a3f01de3da3dd7c49e5a9abfafe,2d9f6cb9__horizontal_well.csv,2d9f6cb9__typewell.csv
2ddad940,holdout,48c0becc55c9a469f898e0e804146721e7d61282e2d9b1f452e41de33c445b22,6812,1481,5331,0.8443922489724016,96d32a47d82aaafc6f73a4446cd91ac9f321d1eee304999c35ed1eba7003d5c8,e6460de53fc2de2255003bf9ea72bcba8eb6a7ff25875b8492ead32f8989f815,2ddad940__horizontal_well.csv,2ddad940__typewell.csv
2e29e833,dev,d289945431da7bd72b2738b01e83530007029682d0ab1424559fe579edbc03f0,7254,1826,5428,0.956989247311828,df042f7d50fe0ed4c2bfd76eb9ef56f225e7cb94618c14b132ce6bafee1a0298,b073fc2f8377ff88ecbed7b1e913f9987d336680aaa9fb3b330f5f293ab06a21,2e29e833__horizontal_well.csv,2e29e833__typewell.csv
2e43c2ea,holdout,8aa28f9d14f7d56a4fc12cf36cdafcd6213bac7fff6e2a22d93a8c04cac857f4,7349,1651,5698,0.6656687984759831,86b5fa907fb60a099b17cfe950bdfccd5871425e5dd5f2d67b9268b36304772f,a9c62bee4dde2a0c682df15515cb28c17318a721215b53565a609718fa490e6e,2e43c2ea__horizontal_well.csv,2e43c2ea__typewell.csv
2e63d9de,dev,0deb626535eb883fe669abc05260b09a4b7a9dfa409d4b0e896d9025f0d3f55c,6505,1806,4699,0.8518063028439662,e70785b68936eeb916ba6b5ebd9b2157f58cb124e83b068bb583d968737051d0,36393e72d65df85d778d9615d1be8ef26a5e503d6eb68bccf14445a65c4f119e,2e63d9de__horizontal_well.csv,2e63d9de__typewell.csv
2ee0235b,dev,fd09753b7d2543d9d6b70c795a4dd8258fc521e9249e7ce38fe30e45cc531546,7256,1700,5556,0.8872657111356119,88cdff102335950d5a6a0b1aa9fa900e4cda157c51482f75d3b43e92327ee4bd,fa650285e50abfb90ab35b5a3f76f393e2c18f0b706a6741ad0eef212348f4e3,2ee0235b__horizontal_well.csv,2ee0235b__typewell.csv
2f19d536,holdout,75ca99142ab0041f2617a213e63f339d8dd1ab090bf7c19b28ea62a1ba47e372,4744,1656,3088,0.6935075885328836,519d1503bae2642c44b347b706d9a0b8cb99466337655821c4f34e557dac3b07,7f33a5fb24f581e88423422ea5448986318892b43d423fe19229f761a88e7156,2f19d536__horizontal_well.csv,2f19d536__typewell.csv
2f8e53c3,holdout,b4038f88443a76c41318edbe94e62c4071d26fc67da2aace6fbdc276c011aa11,4133,1539,2594,0.6479554802806679,6fb5265612ccae0ab87348c562f21965ed4c4eeb6190e21e3a48d24b5168063b,22b9eff6dafe037d4c58021349a321e748e81a2686bf12735b3ef0a5f4f2f672,2f8e53c3__horizontal_well.csv,2f8e53c3__typewell.csv
2fa01aa6,dev,f845e55a155fa1a07004dfd9561ccd0acf6c3f6657138927f0f450d9487d439c,3860,1686,2174,0.7329015544041451,155ace0e39d86c8b8212dc50b7df4b9390b93bd67ec69c8d4e7f6f28813ad579,b237a4c1470f21c0e089267c6490f30a9ddeae5adac6b8b158baa816788594bb,2fa01aa6__horizontal_well.csv,2fa01aa6__typewell.csv
2fd68f7b,holdout,ddcd92dee484e99c50968017fdc9ec9ed293db064f151dc95eec6c20ca9ee68b,6381,1651,4730,0.43739225826672934,6d20d11f7a142385cb5d62e28af4252ef0d71eee77778573e6fdb88fe4dfb82a,a972ce23f9a79c11f699a725e3cc5056906480239d07617f850c63a0e56cbb2d,2fd68f7b__horizontal_well.csv,2fd68f7b__typewell.csv
2fe023be,dev,5739b602b50448af03a33129e177be6bc615d54b248c8a6e73401a9cdd63a820,6060,1839,4221,0.5872937293729373,1b1f9d642b734c82f264efe60e8c660723f6ee56d2856c15cfb9295e115fbe23,2bd4a1766ec0d326a44892afb5fe34c727b47f4f041c30c0c70634340a42a3d5,2fe023be__horizontal_well.csv,2fe023be__typewell.csv
30d75030,dev,5ada05c46a68b593eb83ba582635dccf33cf456d23a475a39a2dc2176e377edc,5009,1605,3404,0.8255140746656019,8b90570719fe0095896ac8f4eab0e89308ab400cf16ac258a8ba7258d9e8dad1,9428013360c379cad56bf2db739c443c57ffe5129b35c97a80e140e5eb3ce193,30d75030__horizontal_well.csv,30d75030__typewell.csv
310c71a5,dev,f7d26a773ffe3b5c3f1b5b81bfd779295f559d2f56c9b8b694e39a5ed9e6b899,6988,1743,5245,0.8651974813966801,fb1e207aac3a744a57fab803f5f2586aef6697cd9cb02a7bf553190b26feafde,2102ea71875c164a54aa07f62ad05a13532315091e257ac5f338a4cfc5697728,310c71a5__horizontal_well.csv,310c71a5__typewell.csv
32fe84c9,holdout,67ebedf8e238c8ecbfa366f8cd14fec95a41c2d56ecb8cbcfd534eee774d8830,8163,1755,6408,0.852627710400588,b1c555196c4ab92ed890c26ff16756941a5f2e31dcf6ac12cf35195a135a32f4,93d50cf4f90665ea27373607caceb682307d6761734150615111399b5ae33f4f,32fe84c9__horizontal_well.csv,32fe84c9__typewell.csv
33c40295,dev,d85a69a8ed290cb6bfbdbb65c1828809e8339916d6cf7790953b7e0ab13fcaed,5989,1820,4169,0.9256971113708465,ba0478b55114d34e7ae6147f5d63a9b47a224c0d0899c5389ce4758bb74295bc,1558579d470d72eedda0939a3c1eca7d0aee3ac4bb05fa5188526b7ac2b8f580,33c40295__horizontal_well.csv,33c40295__typewell.csv
3407f5bf,holdout,109fc36cd80635a7e588cf109dc887a56a09eb169a703ddc1153ab731c293d56,5309,1671,3638,0.5927669994349218,f4c99be7ae9d39ff58f63598ca0b575470137943a9502c29894f72d7502e7c7c,a3134a949009ef18fe54531ceda93cfbc9cc29783324474643885c4b23faac42,3407f5bf__horizontal_well.csv,3407f5bf__typewell.csv
3417285d,dev,94eb27fdcd1e89991e52679204f459ba6a9cd201237026b9975699fdbb7d8979,7458,2009,5449,0.9196835612764817,e8fd1850488b06f065c77151ded30c3bc058ea175e7828cc27a66509be85acb4,c72f1bdd05fc6c0d7d28ec2f602a0ae38dbdb8c77524b502bf37431103972ba6,3417285d__horizontal_well.csv,3417285d__typewell.csv
347242c8,dev,f6a8138f9372118a76ec88d7d53fc7555d83a4dc6ab6eba495667e976460d3cd,5437,1842,3595,0.9516277358837594,7040844da3d6ea9b98f22ff845c31bd2ef877f58d384ec9b12e1f1e4eaec0ee2,ca9bb1fef44e6cdef992f4331cd2a1d7efcec06025d97d42ba48976169a6f8e3,347242c8__horizontal_well.csv,347242c8__typewell.csv
353e5502,dev,789980a7e432a2fbb1c85f9cd0774c64ca7a96375ed38240837a476456f1580a,7901,1839,6062,0.845842298443235,39461554a1c43934a2a011599c07403be989404edf222b3f419baae6f0136b61,d89112ecdd9cb41afb5372d9d59d981b5e9134bdcef14030b7b3dff452d20d72,353e5502__horizontal_well.csv,353e5502__typewell.csv
357c12f9,holdout,792c7e392da72b257386fb2907187d1a1559b0f16e2e85f1a1896646925064da,5770,1691,4079,0.8890814558058926,8be63a02e95a86dc315dd0e785e0b11616156a8018a5bb938f2f50537951ad4e,c66c0e17a59c5958b594a4a2a371f0836e97abd0266abe3deb0ed73d717dfb2a,357c12f9__horizontal_well.csv,357c12f9__typewell.csv
3584a6eb,holdout,4c27b0910684a692cea16f73ad61282220f30a1160fb280937cb58271830d1a4,6150,1656,4494,0.824390243902439,d8baf409d172b412f5bbba34611b406c94dd5b326c8991bb0ec89d50ec438757,18a6fa8edd6f7f3d6464ae54cba7550e7622e4db3a62b2c140be040d0d686782,3584a6eb__horizontal_well.csv,3584a6eb__typewell.csv
35b30c7f,holdout,7d4cb9db13ef6de69276c748bb6ce5fd296c23edec32a06701eab4015446f7fe,11270,1691,9579,0.5743566992014197,20b8fa3878e3164ad2a974620b463e3fdaa7e1fd8699d96d46a7166646d54249,ef46edb185634680b44af3ab14234693c744b8dcb0c0f9a8b4d469360a262b1f,35b30c7f__horizontal_well.csv,35b30c7f__typewell.csv
35b3ef6a,holdout,ab50c5ae5d104155e2f33600ffd0b339fd8194ea6483a1fddd307b8a54564611,5736,1832,3904,0.6431311018131102,c7de6343be39dddba3edc87498380ed388dd572de0ce8d7c2d7cc4ff739efdcc,7be940302c0977841b5416885fb4fb9e7c3aab4dc8d94178842d79f5863a1772,35b3ef6a__horizontal_well.csv,35b3ef6a__typewell.csv
367456ce,dev,ae87f4a99c3655553b6f514cb69255a62a566932a20e12a29f6e11e3d36522af,7312,1743,5569,0.6553610503282276,c666d5db398bd58757dfe2621f401fe4e8fca2efdb79e60813d21c71c0b986dd,cc8895cff69792b3ec10d95569a5dd1c9ca747f302c9a63624b499524f99c0da,367456ce__horizontal_well.csv,367456ce__typewell.csv
368131f9,dev,0f71fe4093d88921462163ddedacca9370d1dc37edb7599a939af5ebe32726ef,6568,1577,4991,0.3926613885505481,1c5a802c2b16b51b24dda0c5550706f2936c1e0eef21ddd51f1e4ff0e0315098,2dee51f0ece3cbdb202db9d175e65d1b512d20048bbb64dd9845f485f56b43a3,368131f9__horizontal_well.csv,368131f9__typewell.csv
368fe682,holdout,dddd0e996c03ad9d4ac9f4872fbb6009bcc15c1deaceb3fd83c0f9e2c0c9df12,6416,1480,4936,0.9635286783042394,c7c545587ba5f3de634d8b57752c11564b9d63375a44b2d337faa7bd4ba16cef,27f2d67a7d5ac126973011443ae370326617cc8a3f962b5cadc1b7cd709dbff4,368fe682__horizontal_well.csv,368fe682__typewell.csv
3690a146,dev,0217f2e8d02b3f5435bb05f7ecefd8bfa1f7cbae264b667c64f3107510624230,5761,1688,4073,0.8333622634959208,4dd6d047d1d577cb697283e09d3c5ad600355282190cc4bac5b3957a8fb1ca28,8b37526d81d7764903b342a78e1bb3b8038ab5a4e2db67329b70c2693afb0ec7,3690a146__horizontal_well.csv,3690a146__typewell.csv
37344c2a,holdout,0a5d31f92b6dffa8634d95ba55326c2410b70d22def553767ec7e0594248663b,6943,1746,5197,0.8592827308080081,2096739b3c90df1974c399c76e675183fe242ad86671793dae9e436a3525e16c,ee9e1c11efce2953a6afc654128cbbbeac4b0a322749873b9aaea928bbbba607,37344c2a__horizontal_well.csv,37344c2a__typewell.csv
373ef48b,dev,dc63d975e14b3ba2351d2fd94a839881c0fa50514a522e752dcb7fd75c32883a,4992,1483,3509,0.6095753205128205,c0c7a1085ce06863401bccda4e38f2fce72047a7c31ff464e11442cc05c1c921,823cfc45df5db072e6fd9569bba3b8183522ba32c64b619872026fd0b9cec54c,373ef48b__horizontal_well.csv,373ef48b__typewell.csv
374be387,dev,cdba940499916f24f9e8d6cd6706ba1cfab227ecadb351e7960b2ce0b1a5e897,11802,1837,9965,0.4090832062362311,14c98deb5451ae59a69a9e116c7046d3a2f69abb8ee8dc4a8d42372bea93699e,bf5bf28ab07fc365dd5cc2a9bc3a6c344e46b0bcae336332cd78e16c748af116,374be387__horizontal_well.csv,374be387__typewell.csv
37d36812,dev,ac079adb4d82546b4cf28a7ff361fa3eb523da9dd4e37cb834fe5d75910c0643,6017,1650,4367,0.7726441748379591,3867e16b3acc6b39ec0f35ba404a0af7592fb181d52be989ed61eedc800f1835,8df0d199a5254328f7b41d68d6ecd54e3ffe4bc6776ceea933a6cdd0e58c5b2f,37d36812__horizontal_well.csv,37d36812__typewell.csv
38991fd4,dev,5f0e18ced9057064f59992a624787f685f3caac4a49a5012a180fb39b53ec461,6545,1747,4798,0.7427043544690604,e9702a62f97659b0dbc221da48aa9962ec122ccc664ba7f3afad887ac4b98da7,107a8a4a43542d0269f9e3a8478f5c9f9818a0c0fdabd927ffdb6c56822d956f,38991fd4__horizontal_well.csv,38991fd4__typewell.csv
389ae58f,dev,f33493637725c205e25508a4c494ef4e6b497239f30072cab97702ff3b8d9aee,8201,1738,6463,0.8134373856846726,80e941b8bf492fd3bb8160e94a1a96e24ff0dc1cd0e6f4e7670d72ea8934428e,9835c3c358a38f73f15e7995e6bfdc1e09c0bf6f5572176aa907d1e10770a2ee,389ae58f__horizontal_well.csv,389ae58f__typewell.csv
3932faa6,dev,2b2bf49e8f51b482283435997aa38deb7c587b33bb335735ff8982cd6da0737c,7388,1936,5452,0.7091229020032485,ab0b2c7e57ba34fb069881517a66441ff321c27c850a289c7f0d246f9d033cd9,4af7dda112ff7889378154fea3728f1cfce919752a1bbd2984db7fa60c74c062,3932faa6__horizontal_well.csv,3932faa6__typewell.csv
398dce4b,holdout,d61a36e9a70f583bdfdd9834d8135454b31bb78a9f16b60f6a771c16f1e88eb0,5005,1839,3166,0.5574425574425574,cdd1c89e40a40448a35fe1853cc463d8a98c569e00768741302efeb8be866ba4,1a64ac838f5d00514afbd955dc3499d0396b2845402ae8ae41de7de7eb9b8b0c,398dce4b__horizontal_well.csv,398dce4b__typewell.csv
39b51819,dev,c61a72457cc98d5f11db6bd56188bf43300dc9b37141d36c7d9260591f6c8345,6382,2151,4231,0.4700720777185835,0ca067eaac2bcb21c6e7c090c6a399cb452cbdde4a163a2313a498097913d897,af1eac4e3ce51b740f7df86709297913dbb7d8a7405888abbae65fb78d0bfec0,39b51819__horizontal_well.csv,39b51819__typewell.csv
3a0af893,dev,795ceb2877294695b18098c4ff121d52ab9a2090923d65274c9d643652635681,4580,1653,2927,0.5104803493449782,93ea777819b8825d1ac6b354d424ff9427ebf50958f10cfa9a062f8fe7771c12,c2f9b2c90f43ed819cf490bc3a3bc476cb7110621b6c7ac131ff0931a19fd4ae,3a0af893__horizontal_well.csv,3a0af893__typewell.csv
3a223519,dev,d27c347f23099c5dd8a0aa465af09c030f21d014ac52a058dd57dfdc6d430bf9,6581,1998,4583,0.8773742592311199,2294db0f523421b2c9b10440e9d474f9be1262b6e5b5dae71a514619b3a77197,27cceebbd638a0e18331788161aa6fc70b6319d6c4b392983c8c6960df8332c3,3a223519__horizontal_well.csv,3a223519__typewell.csv
3a7dd95d,holdout,fa50bc0cd3651f647f8ee2b5a9b71e4ca658e047cea07009cfba150fc2af4d0c,4320,1248,3072,0.5710648148148149,ce7fec1d08233630ddd3b80b979362572c97b3f284a8ff7422d83eb839258ef9,193df0f496292072d3d57636a4f0dfb2f42c7d4c6a990d406da957226fbe592d,3a7dd95d__horizontal_well.csv,3a7dd95d__typewell.csv
3a824aa7,dev,a44aa0ec03e244df4616d729337b9656d8f3e89c28232afeb36db311dcc56893,5678,1477,4201,0.5327580133849947,5b39ab05a6d69492ce4f44e7df9f577a89286e0ddec8033329a2f3eecddf57cc,4713131b3ad9294e15106071fa2d631684aa58b267ba2b1736b0ede592bd3301,3a824aa7__horizontal_well.csv,3a824aa7__typewell.csv
3a86fe8d,dev,a3e4c2698e23bc1997362d1250234a47ea22a65fc044fbd54423e17798d5b6d7,6572,1454,5118,0.5494522215459525,243d93819c1d2a8c71af74f24ebefe8ebafbd13e7ce790b1f18536a3e61aa964,546f19cc65ea73a2d52a9fb0b7ce6624b9f07094c9b2a957caaf6caf6dd0994d,3a86fe8d__horizontal_well.csv,3a86fe8d__typewell.csv
3aaa2b30,holdout,e8437e91ec3b65a9458f9f0d9061e9cf2fbd9b14a521e8c23a1df4e88f426c8d,6396,1685,4711,0.7204502814258912,9ac560741062989621b5c0301460bf04a80cc0b0ef8762f5bac2be9880527b81,e4a039de5ee53ebee0bcfb7486b7cea3826f78bfa7d36829fe5fcc615179fd7e,3aaa2b30__horizontal_well.csv,3aaa2b30__typewell.csv
3ac16ad0,dev,581eda3e0400cb8d2155b719eb465aa81fa8f7b974880a1274ff45ca25505a83,7412,1763,5649,0.750809498111171,cd9fb649ea93d69120b40d1fba1b5087d26e42ee10a73662160f818962c9b5b5,ffbe654745da4b052f33b91fa425fe328ffeebd693e615a5a187b14da71a6591,3ac16ad0__horizontal_well.csv,3ac16ad0__typewell.csv
3b21ea64,holdout,427b3f00779bac2e904948a10e533879d2b687c1f692d61561c1f6ad808558c4,9103,1727,7376,0.9451829067340437,e0cf0ac532162c6a02f18e987d3e71dfcfa4a994c3ebea9eada4037e71bada10,20e1a9425967627ee7666eeafe9449dde10530adfee0852eae55da616ef081c9,3b21ea64__horizontal_well.csv,3b21ea64__typewell.csv
3bbe1f5d,holdout,2f6f589a73b2d2096fba67642e238afff83be999c2409ef7c9b1a282a39e8ee3,8184,1266,6918,0.5948191593352884,597ef28d9b17ebb1153ab9c4c7f3a40c12489edba891cd162b685239960fe418,f8282a8ff337aa0e03474761613b0bccc19412d7158dbd1614912c17b1972794,3bbe1f5d__horizontal_well.csv,3bbe1f5d__typewell.csv
3bfee975,dev,6df85ab3093ae08984fd1d61ac6c3be746e21af2262c4bbea4e9390f686d06c6,5088,1485,3603,0.42197327044025157,41655dee32006311ee875bfffb75277a0943fbb33c7320b5c13ee114eeba80b9,a26f20bca2b91cba00fc38de18605bd18bf5264e442b53c24dde16cfa9c71df1,3bfee975__horizontal_well.csv,3bfee975__typewell.csv
3c3dbcbc,holdout,cc9dc47c5695b3529a158adeb71c4ff68df19a2d81ba2468fdf8875a2b22ab0f,6911,1842,5069,0.4675155549124584,7b7167050b059314d4bd6f0fe1f607fa9296ceb6d90456bee3c4f47440e20ed6,6575dae18e20a9f577ae184adcfe3f6ef684820c5dd1b191b71e1a0733c46537,3c3dbcbc__horizontal_well.csv,3c3dbcbc__typewell.csv
3d96d897,holdout,b2f1082eb07d6d4bb3f6ac21b891904be2da89874486a0afdfd741c7680e5063,7147,1488,5659,0.9331187911011614,8ba9543ded0bfbdc28c66b3da4e8f190d2553d58d0be074e53585a10822f85a5,2a93f63c332d294266d5b7280f08e6e82b913dd669b3872ada8909de159740d4,3d96d897__horizontal_well.csv,3d96d897__typewell.csv
3df4b19e,holdout,553f657ab4bc1ed999f8fd2b11e927d8afe9b9c5451359786ae0c0eb4ac51209,6658,1670,4988,0.7194352658455992,8c2995d71a3afd08f987bc7b489e33712e8f806e77c4eab85577f98f47df9fec,27de909a51ac0cf9d45e8d5bc04604c08bced8645ede4512723baeca6aecc2d5,3df4b19e__horizontal_well.csv,3df4b19e__typewell.csv
3e011332,dev,cb056cbad843d5d3b20bba43a76e27522015e1d82f505652280180485c760788,4842,2119,2723,0.9809995869475423,77f159dfc9b137e600b2d0a4c646abe823c7feb252ce7f984ae03d5be03eed5b,0401416aca0f58a6c70f62048567f065eb051b3b6b49be00eac24b40de5667c0,3e011332__horizontal_well.csv,3e011332__typewell.csv
3e678ea7,holdout,0a68a746f2e3c6570255bb47075e52fd45665722c0185e0decb420cca57a40af,8737,1879,6858,0.6141696234405403,239be336c4484d3c265286824a2cd7cc0132d469260a26756ab7d7f23da62171,9dc053e5e7dd0ccb9b1fc690f0c2d4d65e48b18c65b5f5674b29ecfe8928c083,3e678ea7__horizontal_well.csv,3e678ea7__typewell.csv
3ef6372a,holdout,3ddbd7727923073cec2e3d8d9b4a776fb685ee9c470360bc2b13b12ec4ed1cb8,6666,1939,4727,0.9611461146114612,706be524f2a77584d18f3696ccadfd6ae4941a35e12b0752150f342673d52b91,f7836bc2e042505a7efeb79c6f5607d267b4326451458e7e0eceb7b9e09e28fb,3ef6372a__horizontal_well.csv,3ef6372a__typewell.csv
3ef98781,dev,f5564e0c5d240297bef4ef382df94a389b7388042f133c6ddbe9d38488f2e086,5343,1451,3892,0.9606962380685008,4a25e994ba696df922f401274c068abbf4fb75afdd9ad4f2dbc3279ee1e461dd,a1949b206179db5c906c8af59a5a20437b07c9259762370b0fd8935bca65e9c9,3ef98781__horizontal_well.csv,3ef98781__typewell.csv
3f603129,dev,5e217b40b9c44a4427c54f26a86df69f083572f8c3b1f883b8344c210dd586b2,6599,1548,5051,0.6990453098954387,d363c30efd39f2f028d4d4429a06ba03a3170aad04dbeef0c4ad1a1e6d75810f,6b46c5b2af30f1a1cced94306ca23810d223131065ea7d463786248fdce32a81,3f603129__horizontal_well.csv,3f603129__typewell.csv
404c4384,holdout,d39dfd0a2f1ed1c9970cc3edf0c23ccffcc7363ac15bf8c3140cfa2280ec3bdc,2612,1701,911,0.802833078101072,cb107d2317e9f245021c9206564f110273db4f6afc6d5e75a235a7d41b636fe1,5134cd8e2b2247b71ceb2ebb9f6c5bb7b3d14e5ed72f4537a9e9a06889f28843,404c4384__horizontal_well.csv,404c4384__typewell.csv
4121c517,dev,af1b8a5dc6d6a51dbbdf9d887e0bae05efb79680acc0efd997d26e03864b4b9c,5471,1748,3723,0.6720891975872784,1bdfaeadcf86b6e8c24d6a61370211b6c84a78a1c624e2ed87ca395ffbc8c6ad,578b26ff379775361caf35d6e44fe81533b013bce937f9f869551baea69ac678,4121c517__horizontal_well.csv,4121c517__typewell.csv
41fb0192,dev,a37d455f53c40a0871a0dcde702310757c0e3c65f69e91486c5d80a08a16f623,4381,1408,2973,0.9413375941565852,66dd600518e2b60ff3fcc68bd1e99ce71fef1320851f5b1e3fa941d8af49ff62,0a45465b3e5d432b9e0aeda5e6a0c8550fc450032f33376f30dfe3fc5713e027,41fb0192__horizontal_well.csv,41fb0192__typewell.csv
42669188,holdout,d99f97358f4f1c60088213811de05147207d5a84821b8eb7a56ba57ee63e95e5,6080,1798,4282,0.9253289473684211,0fcaea4daa30f4a52ed1d7f0d06162e75a31f13d058c799f5d55d383a0c835be,3d2cdc612a9eae6c20f73130474365efce9ff4cbdb99846dc4ea5b7f712a4858,42669188__horizontal_well.csv,42669188__typewell.csv
42c538a1,dev,5543744e998da3b674b9d3f39cf30f6a9da7ff889dca0a0ba6a739424b1d0aac,4762,1483,3279,0.7748845023099538,9bf91c7b73ca43323c25cd33a7d233cadff6017f0c7bf561fdbfee2163c8b9a4,30fd696556896b0cab12778b690903cc72bce7d3cfa36b6654585b4ddbe5ce61,42c538a1__horizontal_well.csv,42c538a1__typewell.csv
43b06c70,dev,31d0b8b739a834906f0c3d74da1e5bf5a670d3a7c1f00dcf5b76c7bd8dc558e2,6590,1744,4846,0.8464339908952959,e0b1de2192d3e7d5b4daa58f60dadb23c205532d39357521741409f3d41a96f9,a6587ff964681d5fa4576736485960c0e18c30a66104ccb33b5a0925c0e911a8,43b06c70__horizontal_well.csv,43b06c70__typewell.csv
43c7f85a,dev,67b6b98723a87535cea9da1e027f5a7504387e69ffca398519f9a0a7f21ff981,7484,1506,5978,0.5122928915018706,28b87bb8b16623383f2f9dd9131fb91b4a9f3b0afa110957dde69ea01dd114ae,bc20107d6aa96589f33c07d554b9cf9fcf4200a16c6cdac93305e8bc91067131,43c7f85a__horizontal_well.csv,43c7f85a__typewell.csv
43e16325,dev,17dd7047ba15df4b38ece2aeadf3d335e2f94806c84693b83afed9479395a487,5845,2125,3720,0.8230966638152267,c4de830172e668a1943c3989a75422149dbcd6635e622574796e0daa67df6d73,707635599caa3105ca6ec661e370c053bc1f5a538de57a25395c6d812d08f59f,43e16325__horizontal_well.csv,43e16325__typewell.csv
44441e54,dev,62e0916bd11482f94d735854f4c3c525ff44226856b1bf079d0793d8e0a6c692,5568,1211,4357,0.6404454022988506,592c5e08e856b004f91091a3789a57deb6fc4132ebc5af99f136b7bd396f6200,62268a118d7b55ab77e5c8fae764189e4ea882b6ca97503eaf3f54104de56087,44441e54__horizontal_well.csv,44441e54__typewell.csv
445af6c2,dev,e2b020302102fac5fd07ea8e3d19f0f1d3fa4dc4914f071df7625910f47815ec,7998,1957,6041,0.8540885221305327,2e8a1d74e82d4bbde65dc166c4bb258dd016fd31da8e8b8280765549d052d30e,de7997bc2b870d4559502db10fbbf2b89de8a9159d9d8729bc9ca5a7eb4d6c8b,445af6c2__horizontal_well.csv,445af6c2__typewell.csv
4463446c,holdout,66882906104713d41e50f30d1e90f73cbc0987dc97057d57bb8687da08ed2267,4729,1473,3256,0.8115880735884965,8c38f18b6b319ed15aa171a6761449c6ad9828da9ce0f54ff271dec607405d49,9dd3f39addcde0b4621b83e370e5d76fc0d661a254f4ea2144e9b7cc17ec737b,4463446c__horizontal_well.csv,4463446c__typewell.csv
44a94013,dev,0195ef4d9c138b3f20c996735782e2ddc0d0387dae05fad29887a5b5756abc52,6492,1589,4903,0.7577017868145409,4193b529a7655344b6a1150aa7c0baf322f7bdf387e144299ea71322ad3cc10b,4e0bb96909759320464a78fd7765ed542624db23026a0283c5ae9ba49504c6d4,44a94013__horizontal_well.csv,44a94013__typewell.csv
45fb3e21,dev,6474eea2dab7025fc63dce36179ca3a3a7d35898ea203838868d0d6a821d7ca4,5626,1977,3649,0.5227515108425169,14b9620b9366af19bcb6d39e47252b304c4d3394521d034d55aaebb2e7e80a42,2b750161cb5fab9dfadc4bb6dc6df2bdf1c5e3d7b02bcc7a4f358d6c04f9de9f,45fb3e21__horizontal_well.csv,45fb3e21__typewell.csv
460f859e,dev,de0704db740e92e2145e1353d25327b1328dfef30dde129489ef9fa1d51ac6a1,4982,1646,3336,0.42794058610999597,c6d7156d9662cb2a10f0a228ff7e062593dbe3da6e70f53bfdd6ff4f2a05a8f2,4b1cb1d41edbdd968c7f1d38ebd41727a29322c933e59b588d8657486b18b4f2,460f859e__horizontal_well.csv,460f859e__typewell.csv
4630ab92,dev,db6876c71a5830499d336e9cb651f223c92c1fec5802877197b5cb0d6392b5da,5307,1934,3373,0.7542867910307142,224aaf955f1941aa813ab2220bdc78e2916afad5515acfdf93838d2299390e16,76e96d02347b72cce6d9bead37bfa93770e3a53450b1936679b8ab02b02e815d,4630ab92__horizontal_well.csv,4630ab92__typewell.csv
463c38f2,holdout,06b6a6456c687c80bd11b30a9ed7821f9106b3fff0a707d0dff0bf2d26fa4efe,6048,1588,4460,0.7939814814814815,3161704f3cd48dab9b1d4cafb22394697878c5592a88083cb8f9e56bbbe24266,1676e02421c7c9d8e5eac6b5e939b99848bb949397c7bb5bcb79ac5d797ecf12,463c38f2__horizontal_well.csv,463c38f2__typewell.csv
4654e7de,dev,fea4a583d5be0c4498a29c95881de056abf35d4cf56c5a0ba2248dd205ad1e6e,7010,1637,5373,0.950641940085592,0bb5a02a800c38679155bc276c866dcca407767b2d673d6b66a949f7cb9f4ea2,fd72e91952b039ffe0e1a734e315dc0fa637492fabc2baabf8cc8332ffbd7e4e,4654e7de__horizontal_well.csv,4654e7de__typewell.csv
466fc788,dev,303475534e0e9c5e56144689086a311b27248841017492872bf70596ad97fade,7767,1570,6197,0.5448693189133513,00083b3ee9fad9e3cb363d3b27cf8ac9270609b407af7ccf23eb5c6e62f193b3,11e1abd321ce69e5f61dc0ca6cb5f00c2fc4bed35c04bb28e08ee7e0c00de5d6,466fc788__horizontal_well.csv,466fc788__typewell.csv
46a301e9,dev,e04e3ee2d71b89720a68cce9eff85aa6fb5d7de1264757b59ac29b6df6c7e242,9962,1736,8226,0.5602288697048785,8b0ad9400b5b1292872ebf9deef8116de0d1d0979a4c61d14173c9d671e50287,aab4a992949008ba7b7c88449d82eeb20c0529f63b60e4bb4a6aeb62db1014c7,46a301e9__horizontal_well.csv,46a301e9__typewell.csv
46a7190b,dev,6c64f388f80b5af1d4738c21e9de8363d8d5d815a7014a8c15c2ae1fc0bfcc96,5646,1431,4215,0.6452355650017711,8fa64e2c7420de26e8a690514526f18b30b6744588b4c6787359220180d36e5b,4b5fbccf3a3643ec305dce0bc348847b91f970c4efac0ab23dd8ee0a82885f76,46a7190b__horizontal_well.csv,46a7190b__typewell.csv
46d24a09,holdout,a8171a88c054ed442de16ce471986795f14e0b21f7ff18e5351423452efdd809,6123,1674,4449,0.7991180793728564,9408d819b957216409aebe36521711b929d6082601833e5c3d350bf661f361d9,19d0a4c61a9c2b0d595c8ac744ad0757ad8a9bd9d38cd926c5393470aca5ce6e,46d24a09__horizontal_well.csv,46d24a09__typewell.csv
46d41ff6,holdout,88ee70cfea712e4a9ff02b675ac31a918fc2de674334f317280fe1a90266a3d9,9226,1325,7901,0.692824626056796,a8fe1ca3e901e3a5c68e54e9eefe51c060d7cd1bb32443c6bd3d15d173dbc27b,70556580f867405042994ccb539dc14790ee43e0656a28605293e5a45720a796,46d41ff6__horizontal_well.csv,46d41ff6__typewell.csv
46dfcfca,dev,8dd001fecafc4483cac4616fe1cc7b2489d71371fbce8d42b27585a128f08ec1,4921,1315,3606,0.539524486892908,5edff264032e464b243917e4305438812a992715faf7cfa0886685af62e6dae5,a470efc01fded0c27987df7eec02e19547dc396bef37edb8994f2dce4e23d470,46dfcfca__horizontal_well.csv,46dfcfca__typewell.csv
47222616,dev,c77ed8ddd6ba798d7f0b62bfdea3be4d2164553f9b1db7fda793e9c72d4ab1e0,5835,1429,4406,0.8339331619537275,3a773a7adb67171c0a965f7c13a227f7cce98c181957af1e5901c75ed72c6331,014eebf50234115a985e36a773c9a4fffa7e940859d434bec07cef30c41d7e6d,47222616__horizontal_well.csv,47222616__typewell.csv
47ee27ab,dev,3ed55031ae74d9cc243adf02c50acf8950544ab4770eaa065588dfd746b8bb3f,8274,1877,6397,0.8247522359197486,88f157fd30fe8060e7eecc179fd960b6c0b8e802b371217994142a8ad0536cc9,775068c911601211996a71cb2f918f80bc50b0bef2fca5c570f8dc86d0b794da,47ee27ab__horizontal_well.csv,47ee27ab__typewell.csv
481de5fc,dev,9f3b58b1923a259e359d5d6faff42533814868f1177232ec92531e1cea63eb67,7694,1742,5952,0.656745515986483,82aa87bfc2173c5134cbbf0ddd7d5deed419a5e8fdfd9d7e461ce5de6c95c51d,dc7bc47fddf555c93bd2505c58dc83dea1963baf4e87891432c1f52a19779fef,481de5fc__horizontal_well.csv,481de5fc__typewell.csv
48c1f673,holdout,e517fff791239bf218945b6d1f29b69e4ae55ae8f8a78d4b349d612c68255791,4666,1749,2917,0.921988855550793,deeff91ad1a78f286b49525b4623f52c14a1b330194d61327dd87a2f2b38ea07,70420656f3662577b7a122a377d48fa8f6e4647392450a80513809b85635799d,48c1f673__horizontal_well.csv,48c1f673__typewell.csv
4936af16,dev,a4dd7e01731eea960ab5465eb4558fec794912afab590d137274eb36459e3240,5559,1568,3991,0.48623853211009177,70b5fead3ac9d5ff7f111405ab44c4fb6e42aae97eec46982d500c2a31123b65,a8365135e698be7d9d2efdba93ce52115ccfe694ee94f656d91401f1af5cf962,4936af16__horizontal_well.csv,4936af16__typewell.csv
493b5b31,dev,476da80165fa60854e32fbc653a0e7df7e8ef5e7dc95c979acc11208e2a59d1e,6884,2213,4671,0.9578733294596165,73bb583c7574e7a1238bb74694eaed9cf4c1a9c14ef38c70ed7c91898e0cd157,5adbacd14133f8bff4055090a26d81a7b2be45296495c5737422d06aab0a3730,493b5b31__horizontal_well.csv,493b5b31__typewell.csv
49dbc14c,dev,bc9bce1ae1c548ed6674663bfd7f8bec97a172594281937a7d28993df482286b,5198,1326,3872,0.39015005771450556,a7a75fd3f104be45d2e6e680e2386912e7be32d41d3cbc34d4160b3dc6879ab5,df1b10a4c348d5ee439f1dd121ab3296ae24ac2c41c0a2db298360afde527ec8,49dbc14c__horizontal_well.csv,49dbc14c__typewell.csv
4a035ec2,holdout,226fc4c3fcc908b9928bf4dd998ee4539e7c74caa0bb221ca5a3ffafe356d400,4522,1934,2588,0.9113224237063247,ffbc2de42462753d647fd6b3fc662c8f71f9f90ba7308c819e4f1b8cd37359af,b84a01fb4c7eb355e35bc378f655772035a2a02cb3f037d6f450f92d89425c09,4a035ec2__horizontal_well.csv,4a035ec2__typewell.csv
4a335117,dev,5bb344960a0b15ab7ce8b0ff43e0bf820c3bb0a0987c29eb285f85364b8fe7d2,6727,1712,5015,0.732272929983648,bc12dc070ac9ef74042d5abc5ccd0d4450a17d592f054999295e710feefbe7c6,93ba8701a444addae23c42ce2f887f479fb348aa68ce57a3fb956264ba51ceaf,4a335117__horizontal_well.csv,4a335117__typewell.csv
4a8ecc0b,dev,16c046fd402be4cbe4d77a984e2ac554ecfffbc7d70d9e2200eb68afb39b3d9e,7374,1565,5809,0.9816924328722538,a626211444e82be308c2af7aa9ed4989d9fadf4d7b63a19e1455dc65068a091b,dd600c81edfc368ebe3f0b0c287e26fa57d69f7d85b0a32f9ee2a5d1e4c9a112,4a8ecc0b__horizontal_well.csv,4a8ecc0b__typewell.csv
4b462989,dev,e3323eed4a1e1c98222eb103ad2f388b7661570c56edcb58c4a297c108283cf8,4738,1632,3106,0.6323343182777543,7cf3eca3c1a147db2f274feb3fb3c90770a7ba37cd3ef539ef1f6459405ff49a,33206f5aaebe433ae65a4b5a45fbeb4de3a794f66c275f5248b8de1fd141b9ec,4b462989__horizontal_well.csv,4b462989__typewell.csv
4b831d20,holdout,376bfd0e40206f3dd0c060278bcee733949f91c4933fa9d6765b3fcdaacaabdb,9433,2121,7312,0.9630022262270752,8c5475b9405eedb1ab0c0cbd0210309e78204fb587d1d2b9dfb279a5ef375663,a6e7852f7543199888e508108701b08fe061fa9dc8e0461ee170c88180aa094c,4b831d20__horizontal_well.csv,4b831d20__typewell.csv
4c2208f5,dev,3d543c19e48875b7aa616a06ad64c2217884074b29901e06d7fde862d6a35a03,7248,1864,5384,0.96219646799117,5b19a062021c2dc184358167ee3c9917cb05387fa10f808c53b3baf4e28d15ce,972caa6cb68e784d9cec6cb637775da5b3d4a5c3ed81cd4256ac84563fee5670,4c2208f5__horizontal_well.csv,4c2208f5__typewell.csv
4c3168cf,dev,65245b1fd3a6118a6895ae813924b4638be001c8d99a68fabec0668977efc611,5959,1625,4334,0.7878838731330761,fd15c18332d3ed6736053f176e78fc5744d33ff307bbbf733e1d98a2f4334580,a057fe29d2fff28c9d6db6a683dc66e13d4f68ea8323629be2bfefcf24c033f9,4c3168cf__horizontal_well.csv,4c3168cf__typewell.csv
4c3df468,dev,80cc73d7602e799f998a8a7a6595c9577b6d8d2584ab106db5aecee0c49350e7,6903,1511,5392,0.5155729393017529,4a0e19f567aa208cb9f7be1d63d6164c3c858143c2684b5c45ff1563e5ea6918,66953b3195312ee28d575e3ae9fad32b2261d40823134b92403660864a31097b,4c3df468__horizontal_well.csv,4c3df468__typewell.csv
4caa7289,dev,c627171855034f4221adec89878ee6d71deda902d021f251a7e4918481e28ad0,6854,1458,5396,0.4378465129851182,94649dac1395dc5d06fb0ff97f092da3d6249e815d8d3d7d13fad83324656dd7,ff073366a72f574db7004a276bbb1362d8c3c1245c9f09ee40c024ac1a9b3127,4caa7289__horizontal_well.csv,4caa7289__typewell.csv
4cd1ac61,dev,a13fe8d86c1776ae7a8b41ce362a9ddce3b183e47bda104c7cfa85fa36a4d187,6709,2220,4489,0.8913399910567894,32595285ac31e5b1b83f6cfa053c67a3dd9b70bea0ba5ce117fffe0d5ec54051,c81f3239ee2dfef60b2f3f812d6c28a3d34eead9b14ceb6df6768eebb5faaf9b,4cd1ac61__horizontal_well.csv,4cd1ac61__typewell.csv
4cecf7b3,dev,e78c3c036010bb9ab78fe65d070c763458b40873eac00914d940278f3e9dfcbf,7676,1657,6019,0.5445544554455446,a25d1db00c569f15ed99b8a051c1cb57cc4c749e51a7639a52af27d34f7863de,b06fbbfa386c03ee411d5b24c42e6aa5e02ff592548c074f32922e7bbe8c3d51,4cecf7b3__horizontal_well.csv,4cecf7b3__typewell.csv
4ddde4c1,dev,3145747e6c047779f1ecced80bf95895f3471aefc6ea7c349f10b5b961e24beb,6417,1945,4472,0.931120461274739,8c911244c40dc4e0b165cf1631abad09ae427dba373637c132739ee9b1fead1b,bd140d3ec3ef76663b7433939f46e9af04073e60e37c233354cf6893338b30e7,4ddde4c1__horizontal_well.csv,4ddde4c1__typewell.csv
4e050c92,dev,452af52b485c005736f176e4cd3fe9205bcd4920369dfb0172bd7607f3734c5f,5236,1531,3705,0.8269671504965622,1274ce3c2338bd046a4431dc03efa0c3ac614455ff653ac055786d44ae525acd,690633f0d46e8e9b1a2502a789583e1e839f2bddc53985d1195ca534753c40bb,4e050c92__horizontal_well.csv,4e050c92__typewell.csv
4ed93db6,holdout,1fd7a91a1a89a7bc3d6e6bce9aff00e9ab15dd9d6736dbda4ac1dffb2deb8280,6496,1839,4657,0.9605911330049262,280b641902db8b7875ed31ab586c4586a657e54d41723eb981372e0bafc592c6,8524315559d9d7b1f74b395b91365bed808a62c363287f52eafe184a12bacf59,4ed93db6__horizontal_well.csv,4ed93db6__typewell.csv
4f3eb9e9,dev,7552762b35342624a7c467745ef3e30ec53f17f62696421c2a78d163315a3669,5911,1214,4697,0.9440027068177973,c2082b1dc6ea24c9cdf6216bf9a94e90fcb83d173ea988fa5cada0bcb7f57359,e0ce169a0fff252a50b224b8e0681716036eef6638b5a37844912f22f94c2424,4f3eb9e9__horizontal_well.csv,4f3eb9e9__typewell.csv
4f4ac5ce,holdout,578d7b97b534c585e2a985c9558fb407ae1c72de9daf8ccb136ab9accb8e0819,6899,1737,5162,0.4383243948398319,b14922e098fcbe36220e728e977a5ccb1bbb7822ebf7d28a79255ba4e6345f96,c6d5ab58087e3f14dfc60ee82dfc8cc906744f7dcdf55a981e8fb67d39af7fc4,4f4ac5ce__horizontal_well.csv,4f4ac5ce__typewell.csv
4f4afcc6,dev,ee75c511ca68c3127e89a4368ce3298e5799bacbae48ac0a147b5a37ad2cbdfb,7184,1539,5645,0.933184855233853,af500020741ca78e9a3243c0804ef96d581e6eb8b2f0dcdd08a73a3b71baa200,1bfbeb2b2fb29cd91c302b96b62f1a199336272b49c68d151099c513ce78eb85,4f4afcc6__horizontal_well.csv,4f4afcc6__typewell.csv
4f69febf,dev,322836be834e9f3f01078bd28a5f56afb645642e0d47af27f221ac579c87105d,7599,2139,5460,0.9676273193841295,f1df642b0e03dee339030d3c089e4a585d61682e8b8ed7812b34da6ed604f35b,d224d1fd61e6ca73153d29a9bac9a336851a91b0b9db2c281359d671d1f2516f,4f69febf__horizontal_well.csv,4f69febf__typewell.csv
4fbe9c06,holdout,e947a7ae2827f57a4bf6bb8aa7256d89810d1ec8aa8d895142696e59543d3546,7938,1651,6287,0.4017384731670446,d67675bdfb826e58b97bad036dace383bbfdc4a8081e0e303e5112af87791841,fee9985968c331ee90460ed3aadc57b53dc805fa6c8dedd3a51145bdda6f8022,4fbe9c06__horizontal_well.csv,4fbe9c06__typewell.csv
504c8b08,dev,05b4a20a2d28324c118ccaa903ed7cf96b85e0f5be0c53dfd52c091171a3cb5d,8012,1645,6367,0.8154018971542686,4eafe61224f126e4d2f78703e889025b32d85ffe5996bd95ce1b88807d94e2a4,0d9e8ec3a0cd18fdddda54d3f43b4015a3ed5bffcb0e1086e2858ee4dd6111c6,504c8b08__horizontal_well.csv,504c8b08__typewell.csv
511e1db0,holdout,ee0927c5642e3467cbdb1dd248f1e561f45521d6e64733a6e1c3148f1b4c33c3,5645,1824,3821,0.9365810451727192,f847d7fd53d40333535c68a7def1379cac04ca667a3792083820a3db1e6b1a2d,a253b8dcdd7ec201f260ce03c474d83901c1c3ad023cebfcd2fee615ac343b6e,511e1db0__horizontal_well.csv,511e1db0__typewell.csv
512943b2,holdout,864bf20bf52e7e624579999dda808c9b4b179842ce038c5b8e791904f2be87a2,6681,1652,5029,0.2715162400838198,5ff0b2d56b3631229de7574586b620f5d3a305114881440322558df5851d839b,f22ad2bda98c8356df98394abf543deaf685ee4780e16a9033de0d89fda8ab43,512943b2__horizontal_well.csv,512943b2__typewell.csv
5138a660,dev,de6264638745ecfa842e9429a215f98dbf06bf6011ea6d0ac5fe3dcaa5227590,4829,1270,3559,0.6150341685649203,e143a24e713f89a9cf7163c8afaa0cb885f11035c8e6294a004d1a85c688866b,fab5a5de1ff7a2c546bf733e96da3b5a4a84a54a8e483fe19dbb5143d018a7f5,5138a660__horizontal_well.csv,5138a660__typewell.csv
516088b7,dev,0b17e64504058e546386d122e1c7b09217a029667738f6c4b7e6b30fd7ad13ac,8300,1655,6645,0.4542168674698795,093a3c93796a912722ac3cd50f1f49ccfbdb7fed6ae5e022ba26f516ddfecb6a,1420cf232d245db27755919a12229ad8f23c8e45f3cc8ed6f7b3db74641e0255,516088b7__horizontal_well.csv,516088b7__typewell.csv
521a7819,holdout,1de88eeefeb04cae5bb25b51580039af80a8357945f26e56c50c05459677fabb,7224,2024,5200,0.85437430786268,808dce1f31c54243bc2b374641735c156f30b5974878f7f1ac64b9d07f17dfa0,fea4ed91f9d3b27ecb0600b0f33bb4e5a9392b2df654b15f5e6bb33474930cfd,521a7819__horizontal_well.csv,521a7819__typewell.csv
5254b6db,dev,0b398b947c6cb46a03604db395614d6d22b27f2b861ee6d044dae95e21360df3,5115,1841,3274,0.7870967741935484,a59a97720010e857c3ee722c56304ddbc16d46114276694f0d0a0da8ac1fcd5e,7dfba6f355ad1767eb5050db9aa4138126ea426248983a2680bbe8a38ccbdfaf,5254b6db__horizontal_well.csv,5254b6db__typewell.csv
529e88ca,dev,ca2a160ccc45b930842ea41ec0c686a44c654d483e62ed6b3331dc182421365d,5253,1836,3417,0.4999048162954502,f9fdfdde536c6bab78d97c70d0aefb0b69c8e474a82ea6bdde2c2ccb8d1655f5,37137b8731b9fa5bb1e40bb2b74b9cf99a2ff7e20bd540ec2a26431a00988a0f,529e88ca__horizontal_well.csv,529e88ca__typewell.csv
52f1e77a,dev,cdce8d40c3142ddc8829a1690d522a3e4618635f2d9ab707315e2cae30b2c4bc,6053,1611,4442,0.9393689079795143,9179d022f21388e7ba5938d08c0904d1ad1656c41e6e176747277243ce355e9c,b364097337f8fda3fffa05c690bd0087e7fe32111c7b88e6f76346095fa3ad78,52f1e77a__horizontal_well.csv,52f1e77a__typewell.csv
5305524b,dev,acf8f6226c34d88b45934a69ae58f571e042f6064a0b8976e5109a58996766b9,6457,1559,4898,0.6743069536936658,a5efacaa83075aa55e93088f7c3888d1a004390070838474488289fde862a838,71ccba406e555e8513008acc35b84d0675bf90a9527a32587ebfa66b28160196,5305524b__horizontal_well.csv,5305524b__typewell.csv
53134831,holdout,ba641de62f5ba1dba1989a0d8b5778003e7c86fb51fba3c3e1abef7050170fad,7214,2088,5126,0.4642362073745495,0b23d41f4e93c8cf94c02798abc74c6e459352ab192b084974fdcb12c4124e71,6f29462fb5822ebdfa870a86aacee5681b0ce7e2cdd49532e16c550ad5e977d2,53134831__horizontal_well.csv,53134831__typewell.csv
5397ceb1,holdout,1d246f9e173d55129cb86625770a218451966ce1d198a2fb0c808b987aab502f,6811,1556,5255,0.9204228453971517,84f2c204ebd07206a8b2f86fbd5da864b56111d95298598c0f2b4a44edb10481,8e8e303e3d010c58a6c1034105d98fa750d832d611e36016c379482361250c93,5397ceb1__horizontal_well.csv,5397ceb1__typewell.csv
53f23031,dev,2ca40f1a983ef1741241508582aa8ec268705ebc1da9e60cc20a8a6cba234321,10200,1650,8550,0.965,daaea8f8e70b2b4bd6d02e47829356f455259fcbd1d7c69a57c1369ce7f83dac,34a2a78f9df378cd600fd0da25a9322f562b5e1bf2043c7d7622063d88a3af4b,53f23031__horizontal_well.csv,53f23031__typewell.csv
543198e8,holdout,58e944148d6504362a6edf638db6986681c5376aa60aa5af74649892b5c8976c,8311,1808,6503,0.7301167127902779,16819056b28a19f6cfde2501b540cd6bf1c67817140a713ab055835ff45b224a,88b340f334ebeb478317950247b92bcfba43e47842b93cca720759ab9532543d,543198e8__horizontal_well.csv,543198e8__typewell.csv
54753541,dev,9b4fb77f8d14e13f9528c62900f6268a3e1d7925658d7db4d84d6a63fcd4d070,5679,1653,4026,0.73252333157246,1f15be7694b01f71acf58595ee136f2d55e39ff6be7bdadafa53b50e170aaa17,1d2e860aa24d06558c74776499f447ab7d1775a7d7996970e871543e559f4966,54753541__horizontal_well.csv,54753541__typewell.csv
54a7e3c2,dev,0bc0ec4591359acfe5aa50eba0006f09cecd9a90074cc473ab23a2c690ee8ce4,7893,1738,6155,0.690358545546687,4ce91c61cd78b5fd1b80a196b1af85104268e0d1c646122a3cecd3d2db5ae40d,0fc27f7597da80bcb41940d554359bc086d972dc86c4ab66cb8eb0a5bec6b3e0,54a7e3c2__horizontal_well.csv,54a7e3c2__typewell.csv
5542c301,dev,294803a4efbcf9220bb12a233de062099118cd05cbd4ef721179a740eb429335,5433,1842,3591,0.5422418553285477,d5f80b069815d1d12554703b74a2ec4d7990a15d8db8b55212f8c8f04348a521,59a56168de10e1a61e0bd44c2bf9fc933a9fb2e06f52a9df502ee63722c58e7e,5542c301__horizontal_well.csv,5542c301__typewell.csv
5567d551,dev,bcddd424eef3a11aaf2913e933e0964a90a6e1745c019b5e12ee99a875f84d1d,8390,1501,6889,0.36138259833134684,49332fc41d34a6e57cda13ac1157a2180e3a0101d3f04884bdf18dcb472132ce,0d2ec9212bd9a970948013276164e0f7ce9f81aeaa10e8c7546905b6246eb17f,5567d551__horizontal_well.csv,5567d551__typewell.csv
55efee7f,dev,42089868c70bf975c69b09a37f5445ee12df702d57c4f92ce3654470f2fbfab8,6577,1776,4801,0.9426790329937662,142da84383bbc5178547635a85fc64a9d02458a61141fc20c4265dedc8f0fa10,22a0b7e9fb5b7c5007cea6491a82da1ba61502ea2baa1070d9391de439cce6b9,55efee7f__horizontal_well.csv,55efee7f__typewell.csv
5663b2b7,holdout,d1d3d6b458399f81c2987fee24b7ddc1a4a1a4c4085a24688189ba3c2b70ae53,6907,1935,4972,0.8542058780946865,5bafdf41f0b6be85fda977fae0ae7a8df8aaabed0a72cf6df5701c4f6272d2dc,14d48adc61f4301f834c5b29ee10da09ecf8565af0347f2704edf04a1cb7bd03,5663b2b7__horizontal_well.csv,5663b2b7__typewell.csv
5693dde2,dev,2f34386ac20d523c0a4487e6fa400a6428285af85a9c9aeea434d1fff358558b,4846,1358,3488,0.47915806851011145,b6f2961c126d01860b74b005c52ed61cc46b405db75aee7d0b95e6683f0a4a1c,499b8a0eddca9a1c047a151ee3abf4f8c43a8fd62979718794ebd6008b81f58a,5693dde2__horizontal_well.csv,5693dde2__typewell.csv
56b00794,dev,1d0094684112d8cf158641351d5ad2141a6894e93ec6e9c33bbdaac655237954,7293,1228,6065,0.5572466748937337,e62a7e8dc8ecdbaf5f9c5e59bb17905118d9c49aa9663dd3feb512cbad68c6bf,b332bb03a3220f75567eabb8e1a30f3e60f9630f10a3205fbefac6bdad871933,56b00794__horizontal_well.csv,56b00794__typewell.csv
57796579,dev,3c934094cae557f8eeea6adeec347f2521e966823d552a990e9bc30d75fd4316,7622,1732,5890,0.9353188139595907,a303556ced1e23fab97e6319f7436be4bf29c9aa35d8f29c2220d8decae3de94,59846eae872035bdd4f59c5612346df7928dd77473c60a1796422a435b29f464,57796579__horizontal_well.csv,57796579__typewell.csv
577eec7c,holdout,d7832f14648828319589b30f7d483ff7ed9351f89c72a59d8a7f062eaee12551,6085,1546,4539,0.6917009038619556,9848fa043dd346d3fd9fd8899c1b4038968d4938cc7e6a798e80be7b262e5474,26f7f0883c730f7aca76b951a7eae2f05097ae2d890ddd550e097741550f1b67,577eec7c__horizontal_well.csv,577eec7c__typewell.csv
57f05c51,dev,406c8b4af56742d2482e923bfe3cdc730ccf0a3741b97a0a082541a449bec7bc,6478,1707,4771,0.9410311824637234,1ca76124f0a110f493c8c1d8250cb8ce2b7b728f3525b38f7327365becdb872c,3c92f6b332104da59c7ea176571b6402ad910fd5ec698e2fe8fcfcbcca4f6e32,57f05c51__horizontal_well.csv,57f05c51__typewell.csv
58850d2c,holdout,9c81690d20d363ea40fb890c42a9f8fcadabb1c71a5a86177eb1ac43fb50259c,6918,1923,4995,0.9797629372651055,6728b1e5ced2411f3de38415417d94bb7d2f4cd4428fee3ba98aa1d80023fe61,1fd33ffba0eb38707eeca923c52860a8e55d079706c4fcd46c6044cd286b79c7,58850d2c__horizontal_well.csv,58850d2c__typewell.csv
58fa8486,dev,40938ec104e50dd01a3df536c4071783c346c7e85dc7aaaeca1b25bbf4352531,6126,1651,4475,0.7339209924910218,005e8661496ccb795e895162377ea8114d08032dec2c14a7716235ceeb02e63c,4418ebe5c695152fe9963ad6f5eafb6f7a4e7f2308e2344649f8b7ad8ff297c7,58fa8486__horizontal_well.csv,58fa8486__typewell.csv
591cc951,holdout,0f3353638106a1f23386cc5270b3c034ed1b60b28e48f4785bdfc6a81cf5d367,6669,2060,4609,0.9617633828160144,f375c28ad1165769afe7136236665c750e680829eec53a6eaf5bca6cc7e689fc,4f3e0bdc3909e5153f3c814f9ca7a3d17c1fca7a6e6705c3b18d9ed5a8770382,591cc951__horizontal_well.csv,591cc951__typewell.csv
593876b6,dev,c7872ee7117c41ba1d99d6e61b4327ec003f5da7a7a342903078f6e207eba52c,6366,1524,4842,0.9593151115300032,47e4be48d2b23bf3ec975a9041949f039647a8a628c03e4b721744b03b7224ad,9c83bc8f6988acb3256176ef02360696dd77b3dfeef2cd000122a0ecc8ca5e2c,593876b6__horizontal_well.csv,593876b6__typewell.csv
59f8b2e8,dev,5ef726972b83b2bd454da755ffcafac8a9de2670324648dfcb7f11427834d5e8,5668,1921,3747,0.6760762173606211,e5fbf02b6ec2b2ed680a5ac6203305e089b716471bf711718deaab21745cafc4,762dc8914a6eb746da20fc2e60096a57093bd9095d6f6b6da1a08474054f484f,59f8b2e8__horizontal_well.csv,59f8b2e8__typewell.csv
5a1a8fd8,holdout,c08e648a23fb1354e2f294d15a816c20a72f11bec5268afb338fcdf4457867ea,6814,1554,5260,0.5086586439683005,4531827887613594831f3cddfe062af4b1a6fc98e4a780aed40bc1fa4cea2da9,4fde81ba327b33d681f23dfe005406289127ccdfc1895727022211644f82a7f2,5a1a8fd8__horizontal_well.csv,5a1a8fd8__typewell.csv
5a5269a9,dev,dd9c23b2b59fd5ce4f28e29a5756b3208ab8b2df258045fad934b82f2034b7b9,8053,1540,6513,0.5514715013038619,d42be217d2649516e6e896588ab648c9dce6a10e798e2943fb8d4867a1d03597,9a6a3e4e39fc717c5de4dac986f465b5f6510bf4e0034985945523d150c70670,5a5269a9__horizontal_well.csv,5a5269a9__typewell.csv
5a5d1982,holdout,d077552d04bfe87d50530e1b6c7518b7d34fdc56aeb36bba668675a0a509fb47,5446,1552,3894,0.7144693352919574,cceac62015e7a96614ed1c270a41aa89fb7d4c205403e9e9456f7c64cdfefb6f,88f7061934b29b1fd85e10b915444de1dcf4faa743fead7ebfeb399e5f3a721e,5a5d1982__horizontal_well.csv,5a5d1982__typewell.csv
5a63b5d1,dev,43bccbae47dfa6acc16e2750847094b3fe49af0b8db382890058944043a1b5d3,8052,1835,6217,0.4672131147540984,4bd6950425d6be637135b3372d7b941b31a41758d091b629cec3b0c5f54346da,0c4120c4f1f588f22357466046c136ede59ad4d82f48d7b4952277025713fb25,5a63b5d1__horizontal_well.csv,5a63b5d1__typewell.csv
5aa03df7,dev,2b674c1263ca612844b1c93f1718921848ba7d15b0e73893e905ba85bbe21d35,6752,1881,4871,0.71875,529337a5809c149ba400af55c556709e23d9ccdb7a9ae129d5cc683642887895,2f96ff3e98e4f2a41c02118087530a6816935f03270eadcbadb044f214efc04e,5aa03df7__horizontal_well.csv,5aa03df7__typewell.csv
5aa403d0,dev,978856f9f11fb861ee8a3aa774f3d03985b9e9b6afba517dfdfe6fa3dd158098,4702,1584,3118,0.4629944704381114,e1c98deeaabffbac7db1d1b7892a94e4450ea8a0d17d5e92dc05b0a17ea7d5b7,4c7e4229ecca2c42ac2ab4e1475e7c3a178f54b196881b16dd9a184167a5a56b,5aa403d0__horizontal_well.csv,5aa403d0__typewell.csv
5aef5c6c,dev,1e5c4b49fdc2b234a1305df7a1a97bbf9d037aed6df740c81e9ca2a34ac5b381,4853,1732,3121,0.38182567484030494,5fb3ba956ee71399e71ef25de4f121659e43c263fa23546e42803827bc0e2f02,91e45f3168f7796e01632cad7c6486778de3aeb9537ccae83540bcb125555d31,5aef5c6c__horizontal_well.csv,5aef5c6c__typewell.csv
5b7b6324,holdout,9371500cede8f72ae96da474db495f63a6e5c5e119a8483123229c49416c2137,8197,1633,6564,0.470781993412224,d1de19b8251a79cd6a428e169f15b4e1753c7e9a00136da3a5607488490adc0a,786d7c59e069590d7318325680a9fcded996ce89941895a1fc1450d4044ec3b8,5b7b6324__horizontal_well.csv,5b7b6324__typewell.csv
5bd25f59,holdout,b240dafdc07d7bf95b9333e2b74f6dcfe1a02aa2331eab65082f81b40f1b7741,6120,1910,4210,0.972875816993464,9556b734a7cb53ef2812f37bae42d310fb48b5ed185aa04d159921b60f364338,85a6806aeb872a312f94eaa6b569513380d7aa18c97d5a46f5b7911a1f7f21d8,5bd25f59__horizontal_well.csv,5bd25f59__typewell.csv
5beded95,dev,cff7fab7c788ac3aa268266282a5f9fa922c5be5d5a89a7bdde960b4559ede3e,4779,1722,3057,0.4563716258631513,0307a65953458f6c21648ea44b99d6758e72a0ed39178fc289a943708250e2d4,dd39a184f2f18e5d29dc63456265583654fa4a95836d8befbe9a9c520aa1dbe6,5beded95__horizontal_well.csv,5beded95__typewell.csv
5cb483ac,dev,52f96a8f31103cc5436662d7cc79e40e2dcd1dcc061bee7edcc3045abdf7584b,5206,1354,3852,0.8908951210142144,f00becb36711dc18c3691e3f8c438362985f3d84d7718951da010eee0f02a612,b3108d7ad5c1f4ed736dd52262ba94dc5535194840bc5453f635f95457e0931e,5cb483ac__horizontal_well.csv,5cb483ac__typewell.csv
5cdd8dbc,dev,f72bcbd858d7ebcf1e3fccfd1988431517f17dafceadbd32297bacedff4998f3,5751,1741,4010,0.6273691531907495,8dbf0a35fa1d24b518a107ce574a2a0552ed667b2d28ab39a3fb97a840c8c26f,bb662a2bbc4800f47519513f2216a2403f48bd6c1857662cfdd5dfa1791875f9,5cdd8dbc__horizontal_well.csv,5cdd8dbc__typewell.csv
5d11dfb5,holdout,f8c00a5a972dcd9f4bb2281ff9b65ce169223d96e0932ad580d03c43391d4a1e,7643,1748,5895,0.5662697893497318,f617a8a5304ed83f3589f758d230ce1449947231403ebbeaff12e5e836137baf,0c095f6c73e845ac14b7eadf73e9e0113479c85f4e43ccac95edcfc062b8deb0,5d11dfb5__horizontal_well.csv,5d11dfb5__typewell.csv
5d7198fd,dev,565183199767efa5006a4c279be023c284be01f033b5757904d452d98bb29063,4797,1429,3368,0.9578903481342506,4447c6edf8373a3b7dc49536b86c9df7c630700a257962fe9d39c397d0387ae1,2766f3bb226ebb0e5454f7aff8ae7b54f7d6e4ee80a35f02575f6607d61bff6e,5d7198fd__horizontal_well.csv,5d7198fd__typewell.csv
5def1ce5,holdout,11b4cc8e9017762641a0f62a45031201ae551d436b9cbf64756750a01e4e9bec,7997,1554,6443,0.9719894960610229,eb824a381a24627cdfd4273fc87cb3bfbe8e84e7bbaa61c9191505d7bef56a1f,05b3bdd2fbe6b308556c544dbfdb413a7cce948eb20b8123b03648ce7d7df0c5,5def1ce5__horizontal_well.csv,5def1ce5__typewell.csv
5eae34a8,holdout,f52f61ba0e160d1334e5b4bd8f8f98961cf06fbd7fb058c3736d9db2cd3602b9,6652,1748,4904,0.5444978953698136,a8f02ced261a67cd3fa0e20337c8a5d129d42c9f9a9a46eac2eda1bd281fad81,844d28ddaa6b3310120707eea1dbefdc2bb7a06ddd400742ba0812afaacd4e9c,5eae34a8__horizontal_well.csv,5eae34a8__typewell.csv
5f4d2a52,holdout,e7e4ed1d80972700160b8833a8a427fa75dddae2e5daf449e66eb24b26a87118,7112,1887,5225,0.8174915635545557,22eae595668c6ca0abe2f368b22ed26ca7ca30586891f8614fb4b5bc2b4dbfb9,cdf2383d2233565abcc8f25471bd165d8caa9310a5ce1002849597c006395ac2,5f4d2a52__horizontal_well.csv,5f4d2a52__typewell.csv
5f6756c5,holdout,fafa8acbe6c8ab4934c479bbb3bde1dbfb2ea9d120672cd51e0b0ad10cd951ef,8064,2133,5931,0.9660218253968254,a9e2bf4f8f445d5b92af5206be62aca57ea855475ce5c299013d747fd7a0bf83,a4b90bb3bfa5224c2f40d1f421e43b2a55f13a5646db112382cae598b33599ea,5f6756c5__horizontal_well.csv,5f6756c5__typewell.csv
5f75f796,dev,44e93140ea811f27646134b7e79e5bd6807cc73e5247e9b81b28e96df917c450,7324,1762,5562,0.559393773894047,821847a92260a322808c1073d647c010e21e5670aeec7eb5146a2298e5218727,e5ba9c65fd31e4a0405cc04914c756c0579e8c438b8df94c916fd214fd6c701d,5f75f796__horizontal_well.csv,5f75f796__typewell.csv
5fb1c15f,dev,1457aaa3977a6dfc15fb2ac8c6e83d9220fa30707dce632db18097eeecb67313,4857,1997,2860,0.5301626518427013,545f4681e6eda8cfc9c05a806640cb4d392a8705caa29ebe80a5799b564113d4,70b1a85ba4b74c30e3b87171a08b257130e93ad7f3608e23d08cedc361842576,5fb1c15f__horizontal_well.csv,5fb1c15f__typewell.csv
5fffa282,dev,f85d78dbbdf0306cc2271037feaafc8a640c0f6591d928048b621469661f3ffa,6223,2022,4201,0.9087256950024104,a59e297608313d9e273d0c433cc270d049665a62bcd82099639ba99c0149a6fc,4fc542803f716fa6dc4e7ac2fcd9299dd032cbe10afa98807769ff3b2623d317,5fffa282__horizontal_well.csv,5fffa282__typewell.csv
60e37807,holdout,544ccf8ac4a8a8781e69e49811eeb6295f68caa42a8d755d5ccc608095554da6,4641,1942,2699,0.9767291531997414,c8295ae2ce107b1ff7e79a4ce04912e8fadcc58c2208b12e2a74018d57c7356a,5de72acbd6562d7301fbe42a118cd80f2fa15482bfb409a9a8f139db899b9382,60e37807__horizontal_well.csv,60e37807__typewell.csv
61f27424,dev,34a80cc8c30752823c8b33af284994ee9a8602d3af3658d378fac4d08deb489c,8341,2121,6220,0.9175158853854454,f0bc2d0362bbfefeddb3c9ecebf8445446e3aa553e89782212886ab925b0c4c5,3d74488cfd664749d88359b90b41ac277e18172e483f4ceded9d85ce5fe54b02,61f27424__horizontal_well.csv,61f27424__typewell.csv
62569ae3,holdout,28b9bfecf5f922843b32be052b5b40a54546080bfdf05340801800d9ce762db9,5242,1654,3588,0.7306371613887829,23c98af06ed7225b24ac0c29d8952b2b5e12249664b56346f2e38e4bbb8dc9de,1e9e1082805ef29b5df8863fef63523956f5e36197dce40d1c4c95d85a4e0b14,62569ae3__horizontal_well.csv,62569ae3__typewell.csv
62a6f539,dev,a9841ab3fa8b44cefc05e339669c509592fbae806ac2babab36a8bd8d7574968,5253,1560,3693,0.3755948981534361,d22eedd98f42ae642f904b243b90391c88ce678a55836b05016a99d4771782c7,5dc7e55c7e11444d59817623db21caa7b43c8468cba14020368438f23bd1cb8d,62a6f539__horizontal_well.csv,62a6f539__typewell.csv
633774dc,dev,75bb823a6ee0e62b601b47b8d51cb3010028ffbf35184e13ed8164bf1080adc7,7972,1739,6233,0.6654540893125941,ccbdcfaecd6b276373f3b77380941580751acbfb4696bd8b371c1d64e9ce8753,946b4565c1783fc0e35de417c478ac02cba636a84542cdcebe99fea36348b3ff,633774dc__horizontal_well.csv,633774dc__typewell.csv
63559d57,dev,22d30d57d77699d37420bdcab42e6a7ffe8a8dd2ac061032fa31f34acc1953ce,5810,1741,4069,0.42839931153184163,85681cf8282131c3f39fbeff501385c85c1f04e2080f50aac9384e60406f6a6c,ca2e0f5e17e703eb32b1ebf46331f3ed404b0f1942db0bf8f26818880760dfcb,63559d57__horizontal_well.csv,63559d57__typewell.csv
647f2a41,holdout,48a4ec8f7acdc964cd291b920487b214f323c82714136526631d0c6185b9bfc4,5836,1955,3881,0.6905414667580535,df6fcfa7e448906e2d2558eb0e075f18924825e217137db3932ef586aa6d1740,d6dc3c836f82fcdc977bca5d64ff0672838b3f7494eb953f3702e3097440110b,647f2a41__horizontal_well.csv,647f2a41__typewell.csv
65156b96,dev,793252a47423d045d8a2d1b85fe72d308912939668487703125eb39711b811dd,5046,1825,3221,0.9514466904478796,5271c170638919e7da818d35046176ccbc7f521c26b20e683d02c2214e1e6978,fe05007d912bd203e6805eb7a989504af2770d42d0249e77eeae7fb32497463f,65156b96__horizontal_well.csv,65156b96__typewell.csv
653612bc,dev,d711f8e1f3987d246c7e8935c643f234cde0e8dddd68def6c57119026d8fd03b,5946,1341,4605,0.9613185334678775,0eb11346f936be774b3b142079a54a7bc16ab19664684561d05dad17cf1b6811,14f1d373285efe347c3942f7781669998335e6ec68195e9cee1d0b6f2b91ea00,653612bc__horizontal_well.csv,653612bc__typewell.csv
656a067b,holdout,3e85f247247e281f92076996490b13a6415f9bfd670391ca345b405c15d1eadf,4896,1845,3051,0.8082107843137255,c1be898c82f78ed3f46d20033da2f59276ae7909c2c8b6f1ed08811ce3ecf524,13dbd1a73ebb0eaf100e49366c512fa92a9f13aff3a01274cf82b6cddd2e6905,656a067b__horizontal_well.csv,656a067b__typewell.csv
65a5466a,dev,49cf81c51fdc85e455ac7a9e13f419d0dede50d13da195a23be06ad88d34dc5a,6117,1434,4683,0.7529834886382214,f3975ef46b4dbae57031f48c506a7e53b103dce57a938b22708ce63ed5eb550e,f6b16dbe2a8c269afe852c4ac2dac229bcae928ddfc9c92a4ddb26f0d039d5a8,65a5466a__horizontal_well.csv,65a5466a__typewell.csv
660d9546,dev,9f4a92d5df7e1f8dea1ec0c1538e4e6254b4802333c971d12ddc0b36b682291d,6140,1408,4732,0.8130293159609121,318202c7a52d58fbf6e974239987cbf14f72105f9368befc2366bcde1ee83de1,5d9b669277c8ca72217a40a1db717976bd4da766e87ae3cfc69798e1bdcf9f56,660d9546__horizontal_well.csv,660d9546__typewell.csv
6767c111,dev,dadf087b5d255af7c63fa4b4c10c82bf0842e4c9a23b85b719fb9a41567b741e,8354,1571,6783,0.5138855638017716,086b6e4a3a978edbf2c705071e5675f7db7889306119f13b6ef9d5d1e38cc731,62b477e9afcef045c4f75886cd18d2590de992e78bc1968e2ee3d46d2b2679a2,6767c111__horizontal_well.csv,6767c111__typewell.csv
67847288,dev,838b18d99e86ae0fc3bea66a115ca67810ef11a113d0012ea1f9e5736f6db734,9174,1745,7429,0.5345541748419447,bed83b751d54b0c0038b746b8537b5801050820eb15b2f425238cb2c1adb0c04,11d3f2bbb3ce863b824229d3a79b00ecd2a9e64b0acfcf4acfdad72ff717273d,67847288__horizontal_well.csv,67847288__typewell.csv
67a8da4a,dev,58300c24451bfb238e465b919940d066b00d0d474c67959da6a7aea6d8105d60,6645,1734,4911,0.8264860797592175,414672784e2c88ccd2ab2894a8c951c6783e3e8c8794c424e82c2cde02eb42e6,1a19766ba113d2c77bf16a1907a3604c58e9e3e98bf1ffad34d5cd7bc7123e59,67a8da4a__horizontal_well.csv,67a8da4a__typewell.csv
684a6fc1,holdout,784ce905627f83152a85de346d3be6fb3f94a3c3fd47e35ef16b83efecd33666,11449,1631,9818,0.5053716481788803,bc4c82d1472d7b47c446359f54efac36aa907645605561eb4e85473d4ede636e,baafc43fea15f3ad77e903d32e7694f243b135a3597d01c3c90d0151745c3e24,684a6fc1__horizontal_well.csv,684a6fc1__typewell.csv
698930d1,dev,f3e8270ca3232dc298a231705a45db375c6d1d60a0c8eccd466c8b1f05cef93f,6498,1757,4741,0.8819636811326562,b74002a8e97e7d29640e047b2efa0dbe79ebcd9624a09c15b1a357f7951d91c6,113a170540f59da9c28097e12e7d008bbea0b66abbe2f1bf2ae4815748c39f8e,698930d1__horizontal_well.csv,698930d1__typewell.csv
699ea575,holdout,9491e6a5b9eb2f36ece391079a6b3ca9775fb0c81295a656be9bcf0ddda684af,5474,1354,4120,0.5761782974059189,4aa1f2df57622c6e9c35086c15d523eaeb1cec61c3458c0f30702a1cabc64764,0024f58b24501c149e04b0f631270355a166e967b09b444c12eab7b0efb74af0,699ea575__horizontal_well.csv,699ea575__typewell.csv
69c1bdad,holdout,abe258c87498fec365585dbf499cc84752e24a4ce3feff14e169ed52c357a924,4645,1931,2714,0.6299246501614639,bea2b98f88f4755094bdf143c8765391cbf189f966716cd7a5074e5fc7604744,c142101fb14becd781a841f14bd1b4e9d4fb9061721a0d24263ee1e4afb079e6,69c1bdad__horizontal_well.csv,69c1bdad__typewell.csv
69e41fa6,dev,eee892e68c99c4f24b45191ccdd6cf62fa36e0725b7e0a87feac0cc20aa5d1e2,7167,1395,5772,0.5955071857122924,df49a497b9c24866e5d856a61c95595d5721e8daedc8f97f6f67fd069ed6c36d,741bd0e33d2eb0f63780078570015bac30854751427b9f4231d2962c4cf3a581,69e41fa6__horizontal_well.csv,69e41fa6__typewell.csv
6a0ff78e,dev,0f860712db18495692e9f115eff769053bb69e66cb9a52d188b1f6f39f7cfaaf,7890,1425,6465,0.9581749049429658,0f00e8887488c56aae85f483c875d918820fef951b217f089894de30af473806,cd237dedcbbdb8f55901d946293eb5977e03b79f877cbd63afc77bba4c90c9f3,6a0ff78e__horizontal_well.csv,6a0ff78e__typewell.csv
6a8fa194,dev,9aba40e12e30e8616c2dab3d55527794c9a17ac34d328e42bbc45bf4bf40a388,4657,1640,3017,0.9392312647627228,28fab17eb8425d4050ead15cff1cc294f7d50b3b3c073cc26702752edefa16dc,d863dc353f5dcd69edde79bfdc84a24c7c0cc45967ab46cc827235dbbda918aa,6a8fa194__horizontal_well.csv,6a8fa194__typewell.csv
6ae68655,dev,94eb27fdcd1e89991e52679204f459ba6a9cd201237026b9975699fdbb7d8979,5948,1744,4204,0.8113651647612643,bc2354a62dd8c0b7b0692b00d6ca98fcc5845458c85d5952174c0a12bda6ee61,c72f1bdd05fc6c0d7d28ec2f602a0ae38dbdb8c77524b502bf37431103972ba6,6ae68655__horizontal_well.csv,6ae68655__typewell.csv
6d1d74e1,dev,a2a772a1288d985d4e4f853cb5eee34911427c599e4e61ef7a5f22e53a053b99,7316,1486,5830,0.7065336249316566,8ef930e943ee1706d8ff06a18d8e9a4cd7c3957aa96814950cec8fe9606a00c1,8c05cb4e1282bdcb51cebd4d7021f2607fb3ba9f13dd42fdce5e7b1126c6584e,6d1d74e1__horizontal_well.csv,6d1d74e1__typewell.csv
6d590e26,holdout,cd556584a54c0f807ee6668f4e14ec4f20af7f4d3df76b0021d72e01b10710ff,7842,1746,6096,0.698928844682479,393a8ff26bc7ba021e6ce53ce369ab6ace07f2375de8ac5c07fd5bcd2f898392,7c2913f409ce9593fb364803aad9cff1dbdc2c16a8ecf44b04253acfe1824ddb,6d590e26__horizontal_well.csv,6d590e26__typewell.csv
6d6d93af,holdout,258b15e8dab6db2b76e57aa86b7c9b40e112e611303fa540e46f075ee8321295,5305,1710,3595,0.5960414703110274,edb83cb4c34f74c039524abb0993595e1520a97db6af0dac92d27b3149529070,dd8f6e5d42ac937d8788506c88be185c10ecef25450d959ce0cc5a1b9cffe3ad,6d6d93af__horizontal_well.csv,6d6d93af__typewell.csv
6dbe4b60,dev,b95292cf342ad3d202d33ccac81656a844bcf5528139fe771061fefe42c88c02,6673,2025,4648,0.5312453169488985,1e27543111f0758949e12f37ae3d16627695af32c92507cc87b98ef1900c29ea,6eb441ab73aab76826b22ff41a5088e5bda07a5904efbce2ae701679408df7cf,6dbe4b60__horizontal_well.csv,6dbe4b60__typewell.csv
6e6d122c,dev,6445a832e0e5792583b8dcf276561230595172897074888a40c0649b815bb826,7083,1451,5632,0.7419172666949033,6fedbd9c050fe9707ec95a58cc59f6f1e4a1bea12b966afc8b1845fe2deef606,820ec239b5961054866d62812155263130da915858cb459c9c1df4df31bc8d94,6e6d122c__horizontal_well.csv,6e6d122c__typewell.csv
6e9ccd38,dev,1234cd829f0962ae8af7f71ba0a4b09a49aa8c3d86b96dbb589e094a639e2e26,9619,1337,8282,0.9607027757563156,ae2b39ed8ceeb26041056dfaf63419f42045ce20fb1afec6e8b77ab519152f3d,5ee2d197adac475ef51c3210720437d431f543a3a3add3c6cfbb7fadc41a415f,6e9ccd38__horizontal_well.csv,6e9ccd38__typewell.csv
6ea22614,holdout,e0a6c9d69eb4a8a4511a6f99b72065914a7c895de8dc3b60c0650f59e8b8ff02,7894,1923,5971,0.570433240435774,ee3b606bb196954886a1da3bdfacc6811ba6c93564fbe1aa6b72d8094c06f981,f1a23d9fae9d8eb09870270d74a18a36bcf6ac28b452a55903d2dc21697289e3,6ea22614__horizontal_well.csv,6ea22614__typewell.csv
6ede926a,holdout,aded941f0a831b8964396e7895fd6126fc5e98a924b61f25c7a93af08f53d9ff,6621,1683,4938,0.6532245884307506,34393bb3b5a969928329d487def88d6bc469486373cdf41fe4f5a60f3afd83ee,2003c1ec44070ae2ff98b2fa703cd77fa7e2ed6af661ad4f135917c99143d779,6ede926a__horizontal_well.csv,6ede926a__typewell.csv
708caea9,holdout,9d8b5d5e0bfbb77ba1ebf4fb1eeff3cfe320e02e6e8a5cc3431309bfd4da685c,8482,1934,6548,0.8022871964159396,16f4c3fd8234df0a04941d9fec01f46c50f250fb3b0db025344597ac112427f2,096c8022ade842107bf561a302b232360dfec9fbb34b60b6c24f333a781e214f,708caea9__horizontal_well.csv,708caea9__typewell.csv
70925e23,holdout,0d28b77badd0f0361a5315773c2353de4da2c2d7150bda81debc21b2d6b4817a,8072,2125,5947,0.8950693756194251,4fa340d3cbadaa9f09327d5852188f4f9b9e9bbbc3ee243d47903a87c0554199,ce0f7c919ebb73246516fb12c4c75e4f821053f037861c317b12dd701aaac7a1,70925e23__horizontal_well.csv,70925e23__typewell.csv
70e1788b,dev,a36e41eb729a463822b7c9ed2f2e1ea310eebca04eae009ff9dd6fd440a98f4a,11338,2053,9285,0.9594284706297407,984158d0a54d2ee5ca79610e6481e0153d7c36c9be8e547c5464f3c301fe0292,7c46404c94f2a3c7c5da017a8896cd88ff96b850a5c956db554f83e675801a94,70e1788b__horizontal_well.csv,70e1788b__typewell.csv
71642c7d,dev,26748bd2eda016bc45ed06142dbf0a73fd6ff4974777d27dcdf9767a20ef5b76,6657,2009,4648,0.775875018777227,6cdca979765be3e65b8de720baff12b39703f275710e66cd15234ea9ffdcbe90,55a134710082235b55b0abc8a5c64b2a438cd139c43973a69316ff0476dc80ca,71642c7d__horizontal_well.csv,71642c7d__typewell.csv
71ccf778,holdout,b42100f62586b9a333a4155669a600898063413f6dcff114a93342bee1f90acf,4623,1925,2698,0.954791261085875,d32f7e9d2a0c10e80729b0ec8f747c3031a28754836760f1b16f2546ce0a5f58,fd74e94957e7f808a5aea7c91f4958c7034ce6073467202f15467f3711d40ba4,71ccf778__horizontal_well.csv,71ccf778__typewell.csv
7224331b,dev,16c07db20760704e8d919aebdd49bcf6be5378c791c6accfb604917c298fa0d1,7566,1503,6063,0.31020354216230506,e049caa6e5e03cc95ce0508ba539272f6f46db30e67a5d85cab4fac292ddaa21,1b6ba00e7f9d8ed2579745e5f616508a39f4d208e2be12915d6c0df86618b4a6,7224331b__horizontal_well.csv,7224331b__typewell.csv
722cf0d8,dev,2c91346d319c5e4bf0840b8d6c5d94ac78ebf899d3b12f43fa6a95519f41f4a6,7275,2132,5143,0.9612371134020619,5547b15f5099b13f280b00df45f1268a6c726e8f700be37f592181ad6b27b52c,eddf31535f3b7fdfb05a6eac63cc8f964d54e36e8fd32ead140f8d71dfa67681,722cf0d8__horizontal_well.csv,722cf0d8__typewell.csv
7256229b,dev,2ba8743a9fff40e5120a4dc9e9eea4fc14e9096ab2b2b94548cf7c42624bb084,6972,1557,5415,0.35370051635111877,1ecbcc930b16c1f49c751e37203e3fe15bc78f284dd6c3954aa59540b183080d,38845475ddd93c69395514a1afbb52f784f38d73cff87887184deb7baae90593,7256229b__horizontal_well.csv,7256229b__typewell.csv
726f3dc2,holdout,249ab5a668873d64e5595853cbc0dac9480003e172fa77af3f7be5b0221e65b3,8619,1896,6723,0.6443903004988978,ce1293a1a9e2646e75df803d3e5a3477e029128a138c64ab59639e37babadd49,56ceefb1d9da98279a1dc6cf3bdac82a04d3f5d318f5fa6d5b06c2c94b2b6b75,726f3dc2__horizontal_well.csv,726f3dc2__typewell.csv
7271dd80,dev,74413f3c603225e248752e4c2779df2cdf044b0ec5841c03592f470e301262a2,5765,1425,4340,0.9561144839549003,196666a91264df91e0c3b9f764becd5791d75c864fe6263f228925247bd95aa9,98c196145c6417e0bc64a7db5ba7664a1f7468d737d6bbfd63c073d5e751f62c,7271dd80__horizontal_well.csv,7271dd80__typewell.csv
727a3a10,dev,81f762e9c55b2da777cb971f2c1484a504c10c7e2674a68b796d0988e99768ca,6342,1945,4397,0.7264269946389151,f720726dae413dbe7f675f5462926606ec16b2d30ea72d228fecbb7fd22e94b4,864f33f2aee41aaac724412d86569b6289bdffc526d8c356f7c9180aeb438a59,727a3a10__horizontal_well.csv,727a3a10__typewell.csv
729665c0,dev,7aee1cac1bf181e191c9a8ba4c6584f0071f0132db38ad0393705f1de7d59a34,5775,1512,4263,0.5807792207792207,cd47ccf41e76deb89f27c673a454a3f339b6a37ec56dee68af965023d10a4820,c70698ea4a7bce452873caf7babdbc0ae020716f2cf3be1d882c29e530f1b90f,729665c0__horizontal_well.csv,729665c0__typewell.csv
729e9750,holdout,3ba669807619bf82ac8bcdb23b795fb2fedf9136756382fd9e0b0cfb248f478f,7427,1508,5919,0.43920829406220546,23ccb52c3915623b8506fd5875e5c07bf48d94cf4a38d1bc4961d74315b55459,447e163aa78659102d6d5953b38906abbc59f2163862830f7783af4976a433dc,729e9750__horizontal_well.csv,729e9750__typewell.csv
729f4217,dev,5d71f8e2faa4558303f34563919e777d1efb6cfbe6ab5a7ee73250effc81466e,7592,1397,6195,0.5,a4aacf9dc29af493e3b66d6779e09c5cb985c8fb3a203e4cbb70decbfd99eb13,be6893c00517d3851b7fb16ed1a59a974498503712705ee4c4a6acae68b1d73f,729f4217__horizontal_well.csv,729f4217__typewell.csv
72dd8501,dev,6d98c2642b8e50232b7ed6e9075f32a1adfebdf112430e8808322d3ef120cdd9,6928,1735,5193,0.5142898383371824,1f3c446922c3210dfdf04059496c3e49b1b7a60150ebae0ea14f05dadd0911b5,1dd47ffbe05aa03964fb713e052f9fab334114b10a1e6f20ee1af3d19126a7cb,72dd8501__horizontal_well.csv,72dd8501__typewell.csv
73348914,dev,790b9ad9ec58fc86ccaea8a9b5e571243f707b4f95bb2a81add227a497186bec,5686,1465,4221,0.7982764685191699,19377bf52f0b9befab29d5e1e5058a3de20b65f914f83450acf870e5709f1d66,11a03c71f19844b864ec95be2eba09ebab1238bcc7e94533fa0c3ee437340bfc,73348914__horizontal_well.csv,73348914__typewell.csv
739a914f,holdout,92dd06c665eced0fa718f269e8cd8de1d00dfe67644aa6da13c809b1098219b9,7319,1814,5505,0.5950266429840142,c7b2032a7951856ac27cc6256c219cdb3947f6ca63ea06c6975d9e2154aae754,85e412dd71a2b1cef02a9e4354599d782735571aa2af2c5feb6278f4fc82f83f,739a914f__horizontal_well.csv,739a914f__typewell.csv
73b1447d,dev,c26329d9ef083440f8c45b1592e28e1176262f7492a807bd0fd05cc2d9c7cdff,7522,1852,5670,0.6542143047061951,9535dc2020699fa398830f22721777c91740a75c083387eb4907677474387900,4cfbed52133ec58142f4aa4aa7b3140255e83e0ff3058596ee4e579d48b4085a,73b1447d__horizontal_well.csv,73b1447d__typewell.csv
74b6186b,dev,b5dc5cc465c01298d970402ddfb60af257d440405571535a5de0d441af907546,5148,1743,3405,0.38578088578088576,4e8c85283052f72e8b89dcd0c6742abcf094991bf5a256c01b861cfd0116002b,ef3b711a56d30aa590b2fcc94fa98d5c3fc04b3fc0d76ab8f879845b56141ee2,74b6186b__horizontal_well.csv,74b6186b__typewell.csv
75c20ec7,dev,12434c86de169f507d1c01108ccb8b64781d1035988c200815c5df92f84a1099,7205,1844,5361,0.37168632893823733,e5d84592ddeb68c744a9f077ba829298ef708b150278413c5487e601dcca8d9b,eedc439d029a462b731944c6d14647671819ca90f605ec76a6aaf3f94659af35,75c20ec7__horizontal_well.csv,75c20ec7__typewell.csv
75cd5f11,dev,3d649c9ac0a097a340ea3914f72d277e8679a3b97eb025889700efe44a10e73b,6410,1464,4946,0.7482059282371295,13e7c8219d48a2fa66c3c9508d55ce75ef527a7237db5c2a4cbee0470d9ea639,cca212b2a36f299e9e326dacc3eb0b010c1b738e72f7f9be2e24f31a44b791af,75cd5f11__horizontal_well.csv,75cd5f11__typewell.csv
75d20a82,holdout,bd248c357389a2c0fc5006d7cb820da22f2423a5752835daf50baa9f2da79b91,7002,1935,5067,0.8580405598400457,ae4c602d8f9bc1c69745b868374599635f0052f4ffc57c4eca18be73f06edd6c,b3dbf769c88fbc2063c44eabfb24f0f1fb0b60f662ee027efdb6ed5a8234474e,75d20a82__horizontal_well.csv,75d20a82__typewell.csv
76201745,dev,8ce4a341e9bc065638904b8366cc4320b12040658157f87095734879705be08b,5858,1410,4448,0.5286787299419597,cb288f7c3c478bc73b1dd27444022d9a56687f9bfd3beed91d626b178020a9fc,f27f214509531a783404b030587c9222fb2801047373faf19d425d4a9058348a,76201745__horizontal_well.csv,76201745__typewell.csv
764072a5,holdout,ff4d30531e5ed08ea61a62c2b64754f61f284107066ef90182f42746142fe9cd,4594,1645,2949,0.43099695254680015,c0b842a6ec3358d47a4eae6274569390d7969d0e1557a772e6576ab436e5366c,fb1cacb3eacafe6733267e0cd21175068631195c9fd139ec783394eb983aa7ac,764072a5__horizontal_well.csv,764072a5__typewell.csv
77b0d905,holdout,1277629ee6f5cd76f723e97821b2541d25c8d02b2b6735bcbec0cff4bd7f7dbc,5923,1749,4174,0.7722437953739659,df4797ff39b56ad9cf40f96547a693fcbe3516dcc954b3880461c895490bf403,7be308a640230ca69999aceb705f65df608ce2f1bcba26b305da4f44cad04802,77b0d905__horizontal_well.csv,77b0d905__typewell.csv
77e4821c,dev,2d67165d616951d3c15ac1fddccc1312ab3e3bd050bbf5f3215e764ebd512b8b,6540,1147,5393,0.4129969418960245,21d341e41793e3ad96a382347d7af52dff9f565cfeb17f4a7cb15f589a4bb36f,0200681b4e7e43c28a9437b1efa525f6fab9cebf4f9aa9666dc79eea87c66cb0,77e4821c__horizontal_well.csv,77e4821c__typewell.csv
7850c72e,dev,18a98091bdf6333a0cadf0ef8ff479989802507608ce0a65c49bf5b7af26ac0e,7712,2215,5497,0.9553941908713693,01a9ff63911965d63b4e184b533ea592e9c45858e9c55734581f5704d0274dbc,bd0cdbc5f6515565366dfbd8ac3105fd9aa32f7af4a4c1271ec4c0bc6683a034,7850c72e__horizontal_well.csv,7850c72e__typewell.csv
78a4a386,dev,d6c23eb0c52d249180cd169a5ea9b905ba83ec9197756dd131a3f5e8713e0378,6246,1127,5119,0.7923471021453731,cc8f2ee423f93edb3dec7da420b10f8158840e67195e5753540a27138caca614,2bcb45a8b033a402654a84fba18b5363ad234f6a71074059d238300279fb4c40,78a4a386__horizontal_well.csv,78a4a386__typewell.csv
79507629,dev,e61ee860fcdfa3becd3d36a96561174253de465fba0c0060713ea62103a9d4e3,7320,2018,5302,0.8719945355191256,8db50ecb416e0c5d6daf9fc54151bb43b7fc107a053050521d80ce56744d10c4,7a384d5b99131fdcc5aca8d4ad1646467b56d3b884465dcc3c8c15221e81bea9,79507629__horizontal_well.csv,79507629__typewell.csv
796dbd4c,dev,d0fc1807de8e202fd87006312ebb2931d5244afeaf67d570426ebab7ee65e492,8069,1821,6248,0.6280827859710001,5864c0165b567b0ca1634b182314a7b33110c080979f767daa714d6d2b8cf017,d284948669a3ec0bb4dadd919f7e887b2347a9e839bf33732e0137482506147f,796dbd4c__horizontal_well.csv,796dbd4c__typewell.csv
7987f2f2,holdout,5d6245eda42e7d470ad304918e6daf4ff0bf7c32c7a5c131c11e781abb6d78d3,5714,2009,3705,0.5512775638781939,c2741d421c9c7b95bee85a994c1f769b76fccdc5eda62a5e7bc75b30ba0c75e1,f3cc165afa9aeb94b79fe825f7406b317b9142c02ff1082b6970d21780e15941,7987f2f2__horizontal_well.csv,7987f2f2__typewell.csv
7993a768,dev,94eb27fdcd1e89991e52679204f459ba6a9cd201237026b9975699fdbb7d8979,7047,1560,5487,0.8282957286788705,1f3f86eee972cfed45665174c100d8845d69b49603f83c9213b1af9eca25417c,c72f1bdd05fc6c0d7d28ec2f602a0ae38dbdb8c77524b502bf37431103972ba6,7993a768__horizontal_well.csv,7993a768__typewell.csv
7a5660b0,dev,f3946ed5bc17738ff873ef9b6d0dd1c149c19bcda99788b80c40477ed6088323,6936,1938,4998,0.96280276816609,1d0c7a4ac6263c4803d43dd3b800d91a253eab7972e58b892461e52aa0c90dc4,739116805742904333d13ca864ac3df2cddd30da55e6ff42503528e4a1ffe00d,7a5660b0__horizontal_well.csv,7a5660b0__typewell.csv
7acda2df,holdout,fd15d044a4ba00e6a054f51c7256ce25c6cfbed7d2c36707b87ec473a26786b6,4552,1461,3091,0.8811511423550088,d874b9d8302f78177616139853940eb2d335769fd8a969d8684619b545bbdac5,932673118d888842aa1bbb01a2accd75354f988e3b3dd15cba14320bca0f43cd,7acda2df__horizontal_well.csv,7acda2df__typewell.csv
7b2c7b3c,holdout,631114c83e77818b207c48a3f3bf972434c9feda677d5321ab6e04c93675c265,4231,1647,2584,0.9638383360907586,763352071e042d9c4090624437c5dd2794396e2ef4714f99066631fd0048c2a9,033dd46505cf25fbd249bfca3d62bfdce7e4c3b4c22a9d598a8f9be6ed123c4e,7b2c7b3c__horizontal_well.csv,7b2c7b3c__typewell.csv
7b38844c,dev,65b294a2dc6c19cc037d0eeac3c41de15386a000237179460eb35ead09ac18f7,5197,1448,3749,0.8810852414854724,175fa5b0964c2cbab4714512a408ea199be70fbf176fa929f2473717aad08ca1,9631b56da8df3a22012c86313e903c7d54db7e6a45faeba56bb69522c37609be,7b38844c__horizontal_well.csv,7b38844c__typewell.csv
7bb17b96,holdout,ee98002feef9dc02cef792a898af3562160546a074dcb103a36143ea8eb926eb,5295,1373,3922,0.5801699716713881,59b9cb2344fd0b918da66acc8f8237e6761168a6687eb79af73041cdaf8d1af5,626d08fbb874d112731fc5d0d4b37c6c8a4a5c419e8fc9d127380016dedce6c1,7bb17b96__horizontal_well.csv,7bb17b96__typewell.csv
7c607683,dev,4b7e42f203f1bc5ecaa34415ec5fcdbd47584ed05e0ddefb9f59a855b9aacfea,7001,1673,5328,0.6651906870447079,5e22c40a93663adbbf73e28bf3d24e4d3f941f7ed186f87b353f0dac60ec0476,134993b82527e7826791b08c669859830be92862e5596185bd3639b69162c77e,7c607683__horizontal_well.csv,7c607683__typewell.csv
7cbbd047,dev,5c8826af3817135786e0b2f931f965476d21366cf7ccd4803106e47c4735073e,6790,1669,5121,0.8483063328424153,9645df3247ac53e785a0b5a0a5b69c9ca00cd2c131526ad149c69a5bd6c22de4,bfac33acd40ff72a3f109ff712b081a2252bc5427a50eba77f067bd6d0a85d2b,7cbbd047__horizontal_well.csv,7cbbd047__typewell.csv
7cd4bb31,dev,c90dafae0a2766e2701346022c6a4a1868dd190fa1f40c6fb503a3647c833bc2,7959,1520,6439,0.6887799974871215,e9f359ea54b23e6d0e7f80fb857121424e9f8f7985dbfba3c31b411a08ff3ded,d58d95bdbaa7c969f7b632689a78d356f7e3aa6b4a29775bb609cbb64208e5c2,7cd4bb31__horizontal_well.csv,7cd4bb31__typewell.csv
7d50373e,dev,0b77c09122737b1243afedc61ff2b0ee0b8bde7ce87dc4dde908ecdb280a64d3,6494,1372,5122,0.746997228210656,81193643155c0c776640fb25c7f6166936b725615f29055f88ee5ebc25542d20,f995cf5124d2649da12b15df4522c4174d08e925849a1669b58774aef0c986ff,7d50373e__horizontal_well.csv,7d50373e__typewell.csv
7d57c75d,dev,fd7160f7fce2c857ad0ffee598f9f3a00f3c56846c00945aef93a6de58f98d23,6147,1742,4405,0.9134537172604522,aa540a4d914a830195dadcf991bb3aea47b8f46eafe40b204b3495a31d06eaee,5ed58fed39b32b82148cd2dee4928a26fc41e0ce653316fc81e9635f49331d32,7d57c75d__horizontal_well.csv,7d57c75d__typewell.csv
7e208414,dev,10f2ecd7310fa4b1c3c1f5d603b5c4f88b52c448c9d5f60d578b97cdf64b47e7,5732,1506,4226,0.9166085136078158,060fe88d10aab892989411504dbd032891384428f17ef21e4e35e01f9a29579b,d094b46dcd36b4bedb0ed6ef48828cc37c918cf67593c6514391094570dad695,7e208414__horizontal_well.csv,7e208414__typewell.csv
7e721392,dev,dddb07a84532904ed5bb79f7af690a396097b0479ee33e29ffb4a69df870908d,8301,2127,6174,0.46295627032887604,0dcf413c9735a5c6ce41d43f6b3f7e4111b4a7f84363efb9cb0de95f7ea899dd,7fe76cf66500c1c17cf6237412ac586eac93dab1e63ecce1d336d90980ff2bde,7e721392__horizontal_well.csv,7e721392__typewell.csv
7ff89f8f,dev,b2509be662840b3849c99885c5edc5180bfbdc7753d0acb991cc7a900da1b5aa,9539,2202,7337,0.7965195513156516,a219c448fc262aeea81a385d1ea4dc53045d2872d7754655cc9385b643a77ccd,01e979a034ab8537e2a2db6b23482cf1b8b8a0a480aed87efa79762b9dcdb089,7ff89f8f__horizontal_well.csv,7ff89f8f__typewell.csv
8050c789,holdout,42acee97968ba87b1f0a7fbec44851bd00f12ac7051e9c38006245ffd4968473,4940,1863,3077,0.7487854251012146,9e431861bc34659deaff59c39ba522875e3b4b088016b1e6aff7a52da72bbf4d,efd6615e73fba27bcfdd0b1164bdf5338c540962ef2833894ad56a5445422ba9,8050c789__horizontal_well.csv,8050c789__typewell.csv
807f0298,holdout,7edb0dcc2fd146c0054a3f634928eefcf52dfb4f606f638c2bf840a438093e52,5499,1752,3747,0.6170212765957447,5e2a4afadb1e1e0fbeb7009f0f15d6b522c63a75003675de21adc61a4c7528c7,20346b34b2df07e9bd4478e71aa1278cd6cb9b4b2f58f4fe1f4cb480de1eafb0,807f0298__horizontal_well.csv,807f0298__typewell.csv
811f52b3,holdout,dc96640bce8bfcbbd21f02c3c19af5946deb8d938aba171eb014fb6e63c204c3,6674,1838,4836,0.9376685645789632,aca573796f7f2654b38551873547e0b2f85e24af52b07f71576f74d3972100ef,7839fbf3a935681f68ca4456e665378b6629ced2f1ed4f5915e724fae748d2d4,811f52b3__horizontal_well.csv,811f52b3__typewell.csv
81bf5923,dev,9612bb18431fbb0f4ee1ee81f00093b9d73d902ae1c1387f5009fa5a8ef8a36f,6386,1843,4543,0.9242092076417162,92fa0f8b299c7e448fb4fb94f835a1fd01a92c78824666c78151ce1a95d1f8a6,6cf0220415b13385308842c48d65829ca197a69e3b3fee042d8733d0b54647ea,81bf5923__horizontal_well.csv,81bf5923__typewell.csv
81fc01c6,holdout,c5a6256e51925b9ff1c9523a0abf866498f183ead32ceee452c9428e9b27ae6b,7655,1746,5909,0.835532331809275,f057d3e5f7c243022b9a30c2c150638e822e3f492483b60a0aef458b2ffd2d66,e97808bc2e2c18ee9057f2c5af5929f3ddf79d4a7a03124cd71c70feab5b4600,81fc01c6__horizontal_well.csv,81fc01c6__typewell.csv
8255c867,dev,22e43352374d51ab5fb50dfde8e16e81401544c3ebbfe28069fca94a1932c9d0,5338,1749,3589,0.781566129636568,0240071a1de5dad922c44b2d817f36ec30e6680df78260499b40e0d386af13f5,504fd1e0adf7b3e6b107bd843fa8ff7c1cf89d9cc66bd9efd87d4d7774610d48,8255c867__horizontal_well.csv,8255c867__typewell.csv
82aab6d2,dev,680f8bac825b01b8ad269825142ee787cd1db8b1a466ce119ca01d2c8d8f1833,7889,1749,6140,0.6454556978070731,0b0067f098378042e459e88ac89d906c6e4eabdeed3e75c73fcc5ccd863dfd0a,cf1aebee60b249092236edf9598e55c9b94589e3c42cd75302ba5bacd543804f,82aab6d2__horizontal_well.csv,82aab6d2__typewell.csv
82fcf37c,dev,cdf68c4b7b3dc76340da9ec6addf2e5ebe1b839923a906cb5691042c544b606e,7397,1383,6014,0.4781668243882655,43348e677d1e7d3276ae6c06a097d6c2df280205da761a5a5d9fecb76a65fd68,6f3fc6b21a19d7c977db2369c51e155a41f04803505bd46307176b9e583d9a39,82fcf37c__horizontal_well.csv,82fcf37c__typewell.csv
833af382,dev,a3e4d31ac02a44c56a01d74a008419d0a12ceda338eec7cb22d5b907cc99df8f,5377,1749,3628,0.7312627859401153,e3f4e7e2fafaa90e30350d1778dc349bdb09634bf3134b4652c36cd28dfdcafb,a060bf27185831409acaaec2259ee8460fc2a44edbdd0a8ed9ab0d655d63fe8c,833af382__horizontal_well.csv,833af382__typewell.csv
8382f4b6,dev,8912f8d5d99e5cfc0b7b2aa7802f72dd8436542580fbd621ace58d7293ab6311,6680,1713,4967,0.39805389221556886,21fc1e71034f512321658876946f558684fa908f151c7aa170546f9ab2ed95ce,2c904ec12f38384f9339170eb2b92ca2e3ba10476f104bafb7f3c67abcda92ad,8382f4b6__horizontal_well.csv,8382f4b6__typewell.csv
84633df4,dev,fb1b15022d82539645682bb1fd1980506eeff2f4d6454fd04bd2091831003755,6719,1747,4972,0.47432653668700697,99dd97eb1067ecc0d97ee57ae0cb750d1a540073039d9880462fb82f9df5fa2d,dcfb1ae8cc429d79c492623902e63d903e458c77db3cae669e16dd194a0c8f1f,84633df4__horizontal_well.csv,84633df4__typewell.csv
8478df29,holdout,580e5fc97f44f3dcb7a587e42ab84a56ea50dd58e92c8d5e41468cbe22dc1b57,6698,1841,4857,0.3892206628844431,75d8e7c5f37f115ba274e8f8b115ecbe8d2d59381b6ded500f9e09f09bc39466,19b3e76f0d1b56d9ff5eb0d0e6678a9d38e6c60088099d698f876002e14bf6d6,8478df29__horizontal_well.csv,8478df29__typewell.csv
84815d5a,holdout,c64a67793a8c26036c4b48c860882434329c07ce7df0fc3ded23ef74d162e314,5286,1639,3647,0.7557699583806281,3f7ee7ad6c2cf5d03dd6add9e900e377a8964a68ba79c186840bf7e9003f864d,f186b77309276832c0bf9da7a07f073460cb35e8322e22022d9c0de4a6fa302b,84815d5a__horizontal_well.csv,84815d5a__typewell.csv
84c3b497,dev,f06bc774d0fffa96d7ba8509660d7dcbc3e85c7880902aa186268a82bf8e1443,6887,1575,5312,0.8263394801800493,79ea390e5023749c73bb82ba05be54bed357739936dbc42aa7e27fef2c5fc4df,c6d0e958453703ca51a5e98d792401619a0a2b9a1cc6ad62f78346affd67f15a,84c3b497__horizontal_well.csv,84c3b497__typewell.csv
85380836,dev,f0cb49a385f7869738a27c790053ed2e9c43896399bb66e9395eb0e15191738f,8175,1557,6618,0.5840978593272171,2bbf8b8fcd5d2564993d6b2e3a4dd5de991b2d1d49353e5297e020fe0bb734e0,c877a88e4d7c6741e256fa8c3db2da765deecf8b319c9044fd226752ee566869,85380836__horizontal_well.csv,85380836__typewell.csv
8612b37f,dev,d90b76c5a0733714ce49c8056afdd65d1fab7ea939753f1fd7ef0e88b0066835,6807,1642,5165,0.43381812839723816,6a5bfd03ad1eca3ad3500889442ac657c14a88de32e693d4a5d4fd27ec1fc85a,027e20f1db54d50797fabe9def34196166086ecee398ab8cfd279cd0190873f0,8612b37f__horizontal_well.csv,8612b37f__typewell.csv
861e71df,dev,f9bdc277831468565f7d754f811aadc9df83219218cb3bc7e1b32c8a8ed3cac5,6284,1584,4700,0.8680776575429663,71f13a212f0c515760d42a634075e2b59b33e23c6054bef8c8f0d24432170b72,317a4b99e3740fe1bc660ec0682776b72e432cd4a5f3ca3e869d034f73537787,861e71df__horizontal_well.csv,861e71df__typewell.csv
86454a6f,dev,683bede3a9b060f56f7c8d4ee653f50d486f9598c24a1214160f4f131fb53221,9100,1136,7964,0.19901098901098901,a9fad74cb6cd6594bea2094f4b2596cece5793c0df9cc95749b363ceeb9f45ae,be0393f1175fa7590aae6117ca4a990bb8180c218e9b070a4b955e116a72993c,86454a6f__horizontal_well.csv,86454a6f__typewell.csv
8648abae,dev,189fbc94ffedf077f06c9b0a99eac55127e902a826c0cc3f641b65287818b890,6086,1842,4244,0.9528425895497864,38384a2a6b9440ad0992fb75210f47b5c24386d161e6a858f9d6a670b18b2705,53645417c478c0fa45fe168e88eefdd6347e4426606e8cf07b5e5a4e8ef5ee1b,8648abae__horizontal_well.csv,8648abae__typewell.csv
865033f8,dev,710a572f4edcc68ae19e15c8c43951f555356257e2a3a54c8b02f113af34dffb,5303,1746,3557,0.42749387139355083,d1eb5df1e98914b05eca66ba850bf5cf5ea302f66943785647a62d01d5a01444,d706982d5417ad001c29b76d577c0fc107b8a2d614f12b0c8a3f1773c454725a,865033f8__horizontal_well.csv,865033f8__typewell.csv
87695469,dev,a97e785bf2176de1dc0cd3ad57527650ad603d5cc28099a693b227b1f69f22e4,8654,1651,7003,0.5723364917957015,ad6f63bf866becb0cc171c2cf42d23eebfb6e8a40dc00754ebba21b43255d7c2,878d3a591b11c8ee75c8baabfd6c97f63d517bb9a85b68409db7209ddd0b2ad3,87695469__horizontal_well.csv,87695469__typewell.csv
877ed19c,holdout,af302adf042705756420d43e5defcc6d0c2b8bd61fbf8fb7a2716f3e4338e5ab,5631,1923,3708,0.7229621736814065,2c053ce915a41061cd7f13569665e84ae554644a2a85fa98bbaa89daabce932a,ddc2ed986f7e70e92e52bc03e02cdad8d44251ebb9bbe8ca8756f19a4175fc33,877ed19c__horizontal_well.csv,877ed19c__typewell.csv
87aa3730,dev,526943e58523463a641ef338332de4ff71eccb273c9819279931e4d4c4a10b38,7293,1686,5607,0.7844508432743726,1c1634cf400c1b00cc24fec22089f786d6f9fd1ede9b8b42c0d4aa1dbff29091,98d468f1c96c376a93b4c481aa52a1faee2f569d4df17644971440a32b7f7fe7,87aa3730__horizontal_well.csv,87aa3730__typewell.csv
884ecb5f,dev,f26827f634ec6c46ad2e469e7c4df084a6f0e1b3500808a04a63781d7f98fce8,8054,1330,6724,0.9587782468338714,be501b90286a0d45ed5b1586f6c4dd3e5a7922f25ce30f4b6c85e8e6b1c71f7a,fc2824eb7933def09bed3a944a626a1a3f35ce5dd2a8b049869700a9327a0790,884ecb5f__horizontal_well.csv,884ecb5f__typewell.csv
8902c3f6,holdout,4dec6401336e54eb74f875d3aa01a613358ee148a951222a8c0167c1f2f88f7d,6533,1574,4959,0.5389560691872034,9ee75943240900666909276b6f7468052f3e4c64865753ea539a923d8f81eeba,f4764acf5ca80f7ff293dc5747d44126564ce9ac2c3153a47c8584744fbe8db2,8902c3f6__horizontal_well.csv,8902c3f6__typewell.csv
896d15b9,holdout,dacc65e90a97616fe9d40256bbf96796879da41f633c96cd9d13553949f74c48,5698,1419,4279,0.3938223938223938,b1960176f259fdc7ad53e1193bbb991504a41999725c902e8718e6494972485d,f4679296df010787b0510e86e53d5586064cb7678ea8ce0c60158a12c06d7103,896d15b9__horizontal_well.csv,896d15b9__typewell.csv
8995c945,holdout,3af3da2aba83cd3074d21d485e222925996e7fd4ced2f44bda689ece6b095f11,8198,1474,6724,0.8892412783605758,7e04f3758f3c41ab9a6cb6610614931e1fcaa4736858139b9987f2a05f736443,a2366ca64decbef5c1f9c86e5d51f3388cafb34890747492f021f5228f1fc202,8995c945__horizontal_well.csv,8995c945__typewell.csv
89969c7a,dev,5dd5db264b3b63b3865e1b01bbb427ba689210c24ab846e3d367fdffb20b55fb,6317,1370,4947,0.640810511318664,783cca6657dea68dea9c7d0f89a4e29b27b45fcfe819014c03b4d42962be5532,555f8a33681faa8015f6b6b8904812a1c1e0f474d6a560c6602fefd82e03efac,89969c7a__horizontal_well.csv,89969c7a__typewell.csv
89f1085d,holdout,88afad4477dfdde28721024e0694fcaa87b630599c6b4642678b4c96f4ce3913,7497,1503,5994,0.6822729091636655,a3e7fc49d00652ac3467abdfe8623c7d1cf9704e428f531da53e524bd873d456,9862b36b68f33d47b66d67de89e1a2e8c5a233522ccdb3429f66491b34bfece7,89f1085d__horizontal_well.csv,89f1085d__typewell.csv
89f36adf,dev,4fda334dc83ec4af64a6021ccc157bac3a06065740e20a3fc29cda6672c18810,7041,1749,5292,0.4442550774037779,e4e65bb0f1acf5417d240da86510dfc77392d835b857c7305c6dc8c1fd3ec73c,cc5c9a91e0d8932fe28443e56aef91ccbefb547e85984de3478dd9ac24cbe203,89f36adf__horizontal_well.csv,89f36adf__typewell.csv
89fdb2f2,dev,d0d72f464bfb2b48241fe49574e6e3839e3844ad2e9cd175f1e44ea4eea3e70a,3570,1539,2031,0.5579831932773109,de3e38d418fb744838de90446045b1317541b4251fe163ca087d3b7e901d0515,7ade7782c9c95d7c838a7faa37af6e1ed47754dfa642d7255718f802f9855af3,89fdb2f2__horizontal_well.csv,89fdb2f2__typewell.csv
8a3da6d1,dev,229c8f193e198c36aae74c641438ff1f416bb6e0c9a0bf19b0bc537e9b224d36,6334,1741,4593,0.5936217240290496,25d413af3a3e928fdac36c09e2a151768e73847f3ee03b4c276bfe399ec509db,a05ace833f13206928628e5b3a30e6643a63e9ef91191ca6a01009a873474dd4,8a3da6d1__horizontal_well.csv,8a3da6d1__typewell.csv
8a89da23,dev,3e3c87fb0c9b4688c7646e2ef9e8c07d4fb96aa054846a45735957bb0cf10be8,5575,1640,3935,0.8496860986547086,3b670d140eae6f611b795444aca69f90bbc603d3148e61cd94f24fee99d62b1f,c06b0cce59c7dca3ca32cfe6b98dbacf33dd10aaa867a139a0292f1cf439e794,8a89da23__horizontal_well.csv,8a89da23__typewell.csv
8a9c8932,holdout,4440cd3eacb46fe48eca1a82a4b4753603abd1e334bfe564ed283156ea238843,6344,1681,4663,0.9555485498108449,3280ee26a69cff60ee0e84e27d6f038775a7674bb278e7bbe4c4996c3c70e46e,0e6d1d280ba6a9f924641dbbd8227ed6a17169e4bab2d2136b2c7d0853b93a6f,8a9c8932__horizontal_well.csv,8a9c8932__typewell.csv
8ac2f237,dev,4326340358eff02a50b844e28b4bacb4ff6d07f577487f65da41a3a1287b64c3,6775,1456,5319,0.9546863468634686,cea1dda67665df171f37a46f0855b97c236d5e9b6bff4127259b5ab95067d70f,32d8083f7c4e04d34dddf4dc6c6ac1382e69241c18f63b28834ef28ce5139ded,8ac2f237__horizontal_well.csv,8ac2f237__typewell.csv
8b12bab6,dev,0fec821b2c7fe722bd73d15fac4c886c9d8b5ecba843c8c36ef995e634cf2fbf,6980,1746,5234,0.4492836676217765,aa77f98940285a387dc99722b94a017c7b7400b54dfe4b1414d097a3c3fe94dd,c4d34304e92684fed8adafb77e6ba977a46fe8aeb7b09880cacd794012677832,8b12bab6__horizontal_well.csv,8b12bab6__typewell.csv
8b5be31b,dev,29ea099b3a40dfa3a425d33e77b5cc84754e097d0152679bb15feeb23b973e7d,7439,1767,5672,0.43056862481516334,6db09cd592f3652c073cc0c3d96929ebabc1888b018f3358941e588c72acd205,96ae2f816f4db887f13db9b0218783eee7fc60b7ac4a062fb2f934703ffd7d6a,8b5be31b__horizontal_well.csv,8b5be31b__typewell.csv
8b95d6d1,dev,78ce54089f11c0bf57f09a1665923f45572229f5ef37733f6f54c41c62e2140e,2783,1052,1731,0.5975565936040245,212ee1c915040e4136ffae60ae55365924a13072ee1fb8fc9e25feadd9343d1b,50046792c4f9051e3c3b6f9c04fa38beeb3ef6d730b77dac7d2cd33f42304c12,8b95d6d1__horizontal_well.csv,8b95d6d1__typewell.csv
8b9d8326,dev,5786f708713875a31ed30c3f4ebf0e8719e8f0ef2d1671af3788c51af0901586,7832,1669,6163,0.3933861082737487,4574b14c12a59b517aecb8dd22c9a35c519f71409e6ea9b33f3f4e0eab77d4fa,ee5d488e624f7e937bbb713f4f38c5ab77a51dda3523951b3e0f7811cf952bb6,8b9d8326__horizontal_well.csv,8b9d8326__typewell.csv
8bb9c1e6,holdout,bab231c063e9e45695a2e623b34d94fefb4971045eb85a69156c6ba277d24515,6382,1836,4546,0.8821685991852084,925eda3b12d94eee3a66f23943ee792b57a6093a456060086d6e657ca9fcd6b7,d2ceafd4d22d964ebc2dc00747363c7143b5ba4bda8ff8a76b9dd86418acf176,8bb9c1e6__horizontal_well.csv,8bb9c1e6__typewell.csv
8bda1a11,dev,d739cc9d48bcb00383c605819fb844d1ff20c433af6d5aa047a89be278509bed,7438,1457,5981,0.47257327238504976,50d92b00e4977ca35dabf9fcb8cf61c20737161e9900c692921e07fbcc0f31c8,b6c017ceeb66efecac7b8268821f8d2d58a74a49e0142f007b71823a433a505f,8bda1a11__horizontal_well.csv,8bda1a11__typewell.csv
8bfa881d,holdout,51c067ef648d3a0dc2726536acfccea33919e37260d87cbe3d02f63724db0735,5843,1754,4089,0.5779565291802157,4c77a149bf9ae2fa2f2273ccd365dec6ea3eccc193d4fc91c55765ad59db0a4d,285257b9db961eb7cac336aabf3161d9e96c2778611b056bc24f63fc56b00342,8bfa881d__horizontal_well.csv,8bfa881d__typewell.csv
8c167025,holdout,f3b413b199ad12af9ceb4e01fdd8edf62c1df66a661703ec4f7747f8db321e4b,7113,1745,5368,0.8671446646984394,d61b9bcbf9171542fd45b1c1f004af769895cc738633602f28980b0610dc1fcc,cf59cfa44b6f3186c1bc9e15e29c6d8f9b79f1144e62d1a7a3f19eb3cef0ac32,8c167025__horizontal_well.csv,8c167025__typewell.csv
8c8348e8,holdout,959df0f712d499eda4ddf8a69f97c2aa82b4d280895cf5cd1a6daceba381635f,5581,1693,3888,0.7358896255151407,e927f60f7cd52bc9a970ff1684d430ec18f50f6582e0d702f7065e06025c6857,3137b53d845d095f928619d7a47cb68fe76bd6ffc8578d4bfa2b433bb1fb0b65,8c8348e8__horizontal_well.csv,8c8348e8__typewell.csv
8cc21f01,dev,b47188bae643502fbb9f205dd4654f0780b4fc2d5aa8df19d48befaea1e3facb,5806,1762,4044,0.6787805718222528,8dc9e55d49bb5cd3f0a232a16f1318a1776df95eb994aa2282c856a9345318b0,398f527daf95ad972440bac02ba0237be0d4ff9cf5ec3d313257776550bd9cb2,8cc21f01__horizontal_well.csv,8cc21f01__typewell.csv
8cc800b3,holdout,d06aa132d53bd121d546c29dc0a11dd78988757af7bc3d0e7b95b56bbb309dbe,8091,1515,6576,0.9584723767148684,7a5de7160aec03533c63e724e3571c98beb6fe879f70cad5ff90a7ac9be62287,fd6feabd043c275e0302dfce84bdc83257bde226fee7d541c9cf68a79421e6aa,8cc800b3__horizontal_well.csv,8cc800b3__typewell.csv
8d5d46d7,dev,7a0fb475705846f8a404666b698ef2ee0bf308a855cca2441efd65b7c253f4f8,7282,1527,5755,0.7578961823674815,fbaa34e98cac8eb98c025cbade4994605893a52572b13e98bd86effe1d8c5588,961cc54a154f90b96fdecb12c1b6369cfc9789764eb431d4ed1386164ffe38ea,8d5d46d7__horizontal_well.csv,8d5d46d7__typewell.csv
8d92cb49,holdout,a65ca9b85cad2e079c0b7d59cb45b625bc388db86f99d6b9ea3b803f8a1d3061,4839,1250,3589,0.8040917544947304,6d657460502358e8a33b3e3d3116e359bc5a150415e84eeff4b7699ba822c9df,aac8ad7ff59987a2d9b374bc7ea863e22f3148870f958aee929a73a7a57af461,8d92cb49__horizontal_well.csv,8d92cb49__typewell.csv
8f201368,dev,65f98f51e14997253e66b5c983449f4b597d9bf2c89284166118b8f150019d2c,8151,1802,6349,0.5140473561526193,8e803cdfc9648d2a59f7be1f27efb00bfa1fa33500ec4fe24ce86445c2efef04,70b49f42186288e085df67fd9533ba6935c589753636554506624db778e1f0ed,8f201368__horizontal_well.csv,8f201368__typewell.csv
90386ee4,holdout,60f0eed1d6ac8545138648488bd07767dafd3ea31caa2fbdd11af87d3ae06f05,5304,1464,3840,0.5544871794871795,1336c2500f2619370f89ad5d3944a3a751bf71f1f6ab8026b7c5a0242fb274c1,c81d3b3500c5cf887dea5c1d4feeaf2576108d974568f4f690c007a97f8018b1,90386ee4__horizontal_well.csv,90386ee4__typewell.csv
91abc4c7,holdout,ed2a3588e70553bf39baf22e515809acc61ee93df4576aa0033e8d00af5116d8,7787,1939,5848,0.4323873121869783,61484c0779feaafafd71a9d26d18c51218672f20acdf76aaf2ba275438043403,da2631ee09668735dec84a8b86c6b627b38bad5165b194e181aefa21a8a0e1ae,91abc4c7__horizontal_well.csv,91abc4c7__typewell.csv
91b301ce,dev,e384ba9337dc2e882a4a8137a9a7fb7700b5111a9a5942532f83344ec7f648f9,8512,1942,6570,0.8600798872180451,deb7a3521d6307ef132b683ace4c0efe3c7e5f058660d4f7c2a88816ae4d1ef3,7101de02b3c763a4a32670717f028bff51d04bedc6829fcd70ee8a34c010521d,91b301ce__horizontal_well.csv,91b301ce__typewell.csv
91db7070,holdout,b4038f88443a76c41318edbe94e62c4071d26fc67da2aace6fbdc276c011aa11,5646,1573,4073,0.7052780729720156,8f19342ba95f6fc0df6d9ce96ad3c0c4c50a823cf88c91cce27bd85929329c96,22b9eff6dafe037d4c58021349a321e748e81a2686bf12735b3ef0a5f4f2f672,91db7070__horizontal_well.csv,91db7070__typewell.csv
925a7cd1,dev,8c814bb6bee2ff235b4f18de0604cebff503c543b354a2732a7cf446c1916bdd,6501,1984,4517,0.8398707891093677,84c70ea9a377cd73c306b49b0fa06e4cef6bcc0bd03af62264ba9bbb80c5cbe0,e89fc3bd4cceedfba1d4d5f151f88b6d8106bbfb6a1e2f9429fca273c9dcdfb1,925a7cd1__horizontal_well.csv,925a7cd1__typewell.csv
9283ae69,dev,9387ca0fd73786e2172c512af7125ed48aba9df2472471dbfc560af48fa41905,5118,1747,3371,0.6486908948808128,95fe719ed7f9dbf0a273421cfde647eda7c3e8eb07dc92c8383f1269430623ca,aa024e94fe4f02ffabd99a14e485a0eb9dd14287626888155e56ba7ca905ad48,9283ae69__horizontal_well.csv,9283ae69__typewell.csv
9298ad5b,holdout,bd20c1e6353eb75dc80e4f07f9cf3a35a52e53fc9b468f3715a83b155a2869ba,5807,1843,3964,0.5467539176855519,3cc23fa377ba1ffa75c5f284184ff6d3e7f641b21847f87079fa43a6867724eb,d97e087f3a432793f18fc9664fedb03479b368d1ea5e1da62aafcfc15ed3a4b2,9298ad5b__horizontal_well.csv,9298ad5b__typewell.csv
9314ff13,dev,9ab9e19e99b3b5e09f10270d8882ecaccfd95190709280e8b082530c04989c00,4494,1746,2748,0.9601691143747219,5a3c90ffda70b12182d8ada867dde323fc9d776d25847a4629eeffffcbafb464,4abcd9932bf1936034933aa3c4d3f357f9ac66ace4a07f939bd86b4f34ff660c,9314ff13__horizontal_well.csv,9314ff13__typewell.csv
93209a3d,dev,0c49895b3ad4ffae854469c51abcc33636969d653dff81940a65d65126c01ad6,6300,1603,4697,0.4653968253968254,ce703de6bc738ff2f989a82bedb46bceb33049e2b1e8f9ae8e902ec27e5e87b2,d4576b85f0673c4c4e42270b9e28bf9dd1608c153320f933bade38497dd403a2,93209a3d__horizontal_well.csv,93209a3d__typewell.csv
939d9c34,dev,fec0ab621a59df1cef9428d91717385818347a992aca6348f9d883a908fde6af,6627,1526,5101,0.5750716764750264,70cf921543a4735d89fe5d4daabe237748ef1c76731ce274237a56d4e526beb6,4ade494ba4d044245841cd228c66a050afcfd57ac8a0a742c3b7a2cd09ac86b0,939d9c34__horizontal_well.csv,939d9c34__typewell.csv
93f5d2e6,dev,c3d0969d6efc8760accab8848041e22f3b5415da885be09683412513e0e8c71c,5171,1480,3691,0.7050860568555405,a002faf3db24833d9a24e3c5ae2d701104157d0b66fe356a44acd230cf3fe234,2bcb91879d4b35f6f337b208a89bf9dea33cc868e103a5d9006f9da2841350e7,93f5d2e6__horizontal_well.csv,93f5d2e6__typewell.csv
940a48d9,dev,e0a8013073f9caf841373835341ae6c7b9aa1fd696eebee3e7eebbdd131bbee6,5627,1664,3963,0.8142882530655767,d290f2dc48591ede17c82e10bce49aad7cc734070b04be7eb7e5a38ec61b3be9,76cd9678a3d8b94a5e5894539cd5054a602eadb7a407fda5930c0126e5eac9ea,940a48d9__horizontal_well.csv,940a48d9__typewell.csv
940e709a,holdout,f9def5e6aab2c39cdd3334d9264bace61582cf71b9e9fa388c4e3053394d7d3f,4989,1641,3348,0.6566446181599519,fb4912fd684b6f75e40122546b7d55684986a427dfa21ea8ac20d05cf10c8d21,e5ff730e2f1aaa9baaffd3ee46c28dc3cc026f97a43939bd14045a939fc69ef3,940e709a__horizontal_well.csv,940e709a__typewell.csv
9426ec1e,holdout,b0dea09ba32af39bb796f4b2c7f07660939fe7fddfe02791a53f66804260b6b7,3923,1391,2532,0.8636247769564109,6ed4833f94e225d508ab357bec4f1bc78680b89d929e3273a9b4565d02dd8996,759e9d6e919e174bb5244c756f2d812717aec69674a788413379d1758184e105,9426ec1e__horizontal_well.csv,9426ec1e__typewell.csv
94467f50,holdout,4c1c9ab7b490e847e8889086ba1631438298b60f547ca75aacdd3a3d529dc650,5116,2081,3035,0.7455043002345583,d2120a052a136d3340ecf34187c602d14a4b327cd5178ee8ef63e7c3df17603a,5ba5f7e455b4a04d68f9c37d72c82905779a39a42a99ec07d8637bd486d701c1,94467f50__horizontal_well.csv,94467f50__typewell.csv
944f36b9,holdout,1ffdf6ee773add00e0d8f988fa2cbae091a244632f1289cb1940693431c6e714,6035,1405,4630,0.8424192212096107,1be4a1e9a93aee4bfef02bd22a477d47fabb41f62aae5ced9d247848f8b5125f,69aca0b4242cdbff17b4a22a5e479a7bbd6a7848b8e82e19e2b98a3b36bf9587,944f36b9__horizontal_well.csv,944f36b9__typewell.csv
94d813a4,holdout,973720f0ce7b93e4ca13beaf2daebe00d1172aa1dcf6639f6145a4e3922e20d4,6591,1744,4847,0.7338795326961007,5b54fd8ba080cd1186a54fd2f55c60c14ac5c7b4b9b68286027de987e7715db9,b6dadabf025ad3ffb38c4ea72036aa097625d598e15e3871694507e7adc1d545,94d813a4__horizontal_well.csv,94d813a4__typewell.csv
95b559e7,dev,fb64fa9f182f6a42d8a3542ddb6ccb419828696ba188e479a1657660a3eeadd7,4638,1751,2887,0.7701595515308323,09331a9b995f905e79b15d7c2a956361fa1d811c3f1f19b488d585c88ebc06de,5a85d08ae58d072808139bd8cc28d59f25c77d7314343029f307110490c005bb,95b559e7__horizontal_well.csv,95b559e7__typewell.csv
95c8427f,holdout,f39e247ff187314c2ca82d63711da1b3a148eb75802c5675e4027cb9658152dd,8051,1716,6335,0.8146814060365172,d61d1d94a3c9f759807c42771978e3d33f170626d8fa6fad4ff721b800e5c615,eb72d38ae4878f5904440af609021c7e49d7106f235c79f1dd221052a8778463,95c8427f__horizontal_well.csv,95c8427f__typewell.csv
96936c22,dev,944631a73e6c50387ccb5fb04456782592bf59ee3212245337488bf820878731,4997,1651,3346,0.8262957774664799,b858fd04a99db89091a540fb2abd41f98be61b630b203914c2fcdad45d5c6149,6ab294042cc94c7b50d674a8ef654fd3deb5a099f0570911a7050321a74081ba,96936c22__horizontal_well.csv,96936c22__typewell.csv
96ae5806,dev,eccf09e90835e79a1fdc9aec99e617ad4188505d485139ad7fb1a0ebbf8f0de2,11527,1688,9839,0.44781816604493796,b1d990731ca54e8b980245cde72519a818e93cba7aeab923cea567badefc8fbf,c18bf0de4838a6bbd3161679c0ecc89a3e925a820eb2378d8c2640d0c6b8209d,96ae5806__horizontal_well.csv,96ae5806__typewell.csv
96b7eea1,holdout,aacf3cadf4363127dcbca1b3f029942c090d7870dc3391e8d556a118d7cb7d10,6078,1746,4332,0.6238894373149062,aa741535003c3b4deff412d95f1252e1e9fc005b65ee0b6d089a8bb9a9f951a7,144899c11464ebafb6e93b27ff72445879c444808161b3fd64340518e5a282ee,96b7eea1__horizontal_well.csv,96b7eea1__typewell.csv
9719aa04,dev,53fdc8dfc11f9ae22ae9eae3e568e1a5c7cf98b2ed0b959c7981e33885b7e5ac,6665,1794,4871,0.959039759939985,fb6739b58536591f6ee571a12afddd6ba3f2e53198e772282e2e1fd9dfc08a22,d3d6d0f2a6893d62e060b92b3a76308bb0287a4204843b48f4972ea619c3fbd3,9719aa04__horizontal_well.csv,9719aa04__typewell.csv
974802e7,dev,cc360031d535fee5aa3e49f9e3290721b048862e35616ddc7bbf0a81b0f3a5a9,7537,1694,5843,0.4363805227544116,9a488cfba1882c11c14b6d11e482401783788242493a04c8815a04b66b6524ab,d321a3408540118a867f036e53c1cf995367d228bf09ee93ad1f6c7aa0be3b59,974802e7__horizontal_well.csv,974802e7__typewell.csv
97cd5bf9,dev,00515fd5f60fd84258cc5851b11607221501a58a5f55a9ef54ed8b0129a5e54f,5099,1650,3449,0.393998823298686,b8e14b35fe0bdb3dbd1c659a08ac8d58c1079e6b9f93cb1c9465ed145693011b,526f811e4f1e0e26566ad115df7bb47ec3288e15766b53e7abe5fb0465f6176b,97cd5bf9__horizontal_well.csv,97cd5bf9__typewell.csv
98177ced,dev,b403525330edce19d58d74c17f4ac595a722c597a5dfde4523a41602cb32a71b,6789,2017,4772,0.958904109589041,6200f21ea7b7f68f8ba3d0053d71533bfaa83b190f29360c00f73f53a610bb47,2689371699d4ee32bf9b3373d7a00780cba7228235537a5a20c98fea3b760490,98177ced__horizontal_well.csv,98177ced__typewell.csv
9896fc0b,dev,ff0c807148b00cab4207a4d19c0adb7163615bf0c6536f53d594a17f52ec9fdf,5109,1514,3595,0.6212566059894304,d0868f72e57c64fe79785b4a4af2564aa4e2e8db84821f3a007bde511ad95b37,25466375a5b7c8686c2acc7cfb0b52d3fe1d81d8f66ee746182cd88c64b372ea,9896fc0b__horizontal_well.csv,9896fc0b__typewell.csv
98bc6f66,dev,c7f05862e4afe292b0b72ba2ccd759b6fe21fad15b0bd4fb15df4c7114a06d8e,7720,1657,6063,0.5772020725388601,f68ac5be494984b73c521dd7159fe530fd39042713ae44fa5fcb46d75e181add,44b9604bfe9bc74e8153fa9be6d1b27d73f3989ee3961918ef64e607f2046313,98bc6f66__horizontal_well.csv,98bc6f66__typewell.csv
992c99e8,holdout,9a5cb117ba2fb13e20ccd3e20b9c3be68d871ad9bbc57e8e8325c17cbd70c27f,6740,1836,4904,0.6502967359050446,060d78e5f3534995fe294b8ebf65b85834e361b9799c1e674ae3941d3113d430,1b0bf570e8483a10ecba62969fa2be03746cc959ace51771bd24ab82ce3f06ab,992c99e8__horizontal_well.csv,992c99e8__typewell.csv
992ce078,dev,0cb637ad979ceb19cbbbbad2abfa2b2829b1f15ba07529ef9b846ad7be1900cd,4661,1782,2879,0.9588071229349925,ff49a539c225f972a1b05cf8bac74a47d27d03c0addb40269160f92d98540815,0fbecaa6c3a20a6c0ed9450467f36919976ba3cfb5e46544944fa2c2e0506a5e,992ce078__horizontal_well.csv,992ce078__typewell.csv
99529c45,holdout,0f072b090daae1c69a5b681ea651254ef386601581c509525f7ce3ce1936496f,7591,1751,5840,0.46318008167566854,5e5952e4bffdd5ef077581e136b867ffb45f3c06f5fdc7a021d5c1a66daa60f1,51a5d4938ab1b2c330c7d81aea5c286ea52ac0810b3a091229836d1733a68fca,99529c45__horizontal_well.csv,99529c45__typewell.csv
995ff498,dev,7974b49a291ea95365c2d7678004680d49404e31bdd3fd539c8af6e329abd558,6127,1601,4526,0.4765790762200098,4edab5a85dabdebc56eca9d49bfb9d85eda67ceadd6bea2cb42a9e5a80a5f9f2,3ef8660deaa030ac4e73be0ab8c3718b50ff284bf801f8b0f37e8121f3f47880,995ff498__horizontal_well.csv,995ff498__typewell.csv
999daf80,dev,5e8645c5100987bd3728e4dd831bde151e61b7a12d2db7d025a6939e62b29599,5439,1875,3564,0.9168964883250598,b2c717c3d39f537edaa8333ed5b9af4251ef61f1bc306483116f921772389868,22de17ef2ce1deee055e045e0a6d7f90ec4a7b3660f39ab965100c73c0492d61,999daf80__horizontal_well.csv,999daf80__typewell.csv
9a6b0392,dev,470a96ef6b1238f0cfcccfcc1bec562d5fe76daa2a58214302ffbbb995b53980,5802,1547,4255,0.516546018614271,80d4a73a0e28a9ea629f294455b29196675a03d95a0b7f6d05cb386d11fbf6f3,274fe1617758627d644e7d065de8d252094f7fdf4302d2dc9b49723cf799eb0e,9a6b0392__horizontal_well.csv,9a6b0392__typewell.csv
9a8ae0d6,holdout,4501b84f0eb414db0baf3d098b4cdae16dbedda7b77136baaeb477c8bdb85d9e,7835,1541,6294,0.5027440970006382,70aac842f5aba6c7797d5ae14dac9138b4f7deb1162fd0d740ac8480b2774790,3c05937953037ef2e32b5b5f606b671c820bb5728614e5a1400d8e09fd2474b3,9a8ae0d6__horizontal_well.csv,9a8ae0d6__typewell.csv
9a95e33f,holdout,f52f1fb43dfd56e3284aea4bc9bbdea7db4127f1886afd2d25c8048add2b26c0,8156,1709,6447,0.866233447768514,3d7ca311735548376cc7121f6d473464335ce9da523e7d289743add50f0ca618,2085d3ce9b8e7acff457d959933498436d26d3f1c32d250dbf627ed3243ebd4d,9a95e33f__horizontal_well.csv,9a95e33f__typewell.csv
9ab94eeb,holdout,687d5b36f791355129faa5ad42bf8d3fa12c1dac439b430b6c503f6638053e6c,6372,1930,4442,0.4952919020715631,68f69a6de1cb1fa834c284f79e2b8371f0b675ba63388e35034dbfd120bf8980,62e2d427d6a9ff27290e71d05717c3cfc7fcb7576b9e54ef0633fc31ef0a39c8,9ab94eeb__horizontal_well.csv,9ab94eeb__typewell.csv
9ad5410a,dev,41291ca35d8a51fdd8c57df92e076e541fa38078e281d34c8edbae90dfb6cdc2,5749,1544,4205,0.9194642546529831,8d6aabafd9439b3bf0fcac78a3a1414a71ce8b1d4fb945afa4a98f366414b6f7,fa2e6b56cc10c793e51b058d7677dc0731f72742f54acff616c5197001ad695f,9ad5410a__horizontal_well.csv,9ad5410a__typewell.csv
9ae248be,dev,ad86d65d99486377bc7fa3a3f1f896bde69cb553f8d34a2c3ed2b47bdbde2d1b,6655,1384,5271,0.7015777610818933,44ff5ef0f58466378a18a69c51c4505aac48c49c3f415c9f238af140e13d2d72,af21f9ccc83abd9ffcf09a1916c17d36b1853a890debffdbea27b703dc5ebfcf,9ae248be__horizontal_well.csv,9ae248be__typewell.csv
9af1ffd0,dev,dcac2ac3be5ac38bc34b51b56ffedea89b258690f59145023301b860680be3c6,5454,1929,3525,0.9378437843784379,9cd4d0aec5037a29e06a8829e82e520a94bae8c2b58cbb95419769cfb8d0f8a7,07baea7e2749a56ddb265d20ea3666ef9664ffd1f5d76971c0fe20ecdb861e43,9af1ffd0__horizontal_well.csv,9af1ffd0__typewell.csv
9b5b61c1,holdout,25b88a41babe644af84cca28db162d144200b69825cf975dc506cc32a4bfba8f,7215,1683,5532,0.8885654885654886,18bf7b8a16f76c283950d583cba2e29d012afbe65735b191ce2a330443541e8d,04b085dd663368f3bf8a77b6529ac2b3a80e787b7af81cc11b44f8aa2d314088,9b5b61c1__horizontal_well.csv,9b5b61c1__typewell.csv
9b9e3b49,dev,c2e9bed713b61b3f9659e99d94e6baea6e0a3335cc14a6a1a9cbfd17dff6483b,6875,1757,5118,0.47301818181818184,37f505a6f632faaf1c97d3713e8d6489bd4900747a386801c522c9fe2ca8c559,3297947b880e2a91068e27be4dba98ecaa68551f93be5b6c0fb1fc713b08c6ba,9b9e3b49__horizontal_well.csv,9b9e3b49__typewell.csv
9bd2bba3,dev,83a81c26fe17d9f2fa32843020527727b76f2263e548278bb2410358e37d1d68,9092,1653,7439,0.9621645402551694,5fbd3762ec4f047e80a31100b28663eddd8605fb36d3d50b55efb80a91db1f15,e8d2d305a57fc6c9be5e90d68cbe2bc793599fee480cbf6fbda7edb8a780cb53,9bd2bba3__horizontal_well.csv,9bd2bba3__typewell.csv
9c211c53,dev,03f9a88959c3484c99bd67a293240356ad39bfad076ecc94a127f861f502ea5d,8842,1577,7265,0.5223931237276634,43c429690383670f6fb4d955741c0cd8468efacec9b900fb9c665cb89d7376ac,d467d954b18304cc3a369ca459b00eb063a116b1b5a5491822639b7aff981b37,9c211c53__horizontal_well.csv,9c211c53__typewell.csv
9c350a6a,holdout,30dc974a5c995269250c4b166b99b1c20e4965c38bd69fa9705eb783b902daf6,7794,1742,6052,0.5687708493713113,1cd666708fbf78850f7b750fe6f31c9b42f8dc3856c28edae033cf8cfafdc1e1,228e59d2d23d809094c2be34348acc5cd9e8892ab5c51eb092190c7f4265e37d,9c350a6a__horizontal_well.csv,9c350a6a__typewell.csv
9c8375f7,holdout,ac29b9892004bce8124aa917a5f4edf33015dbbc3ac501d6fe88f6b03bc5dfd1,5432,1758,3674,0.7444771723122239,e2408d77d8b449035d827dc8741722b5571ecaffab222f00526cbb8fa3c98135,4584b53c05c25790cfc530b0fabfbcfef83a6bd331cb78bbb00cc0af0a6b7643,9c8375f7__horizontal_well.csv,9c8375f7__typewell.csv
9d072e4c,dev,c18a201ff96d4034c377a6c3c57b0db3780a09ff73c2c7336333d5ca8f3b18e9,6798,1691,5107,0.8595175051485731,e60b05ac6080310fc7cb122044c8a78320eb90a49ad50f05ac48b09c2f21d18a,aea5d5da08f13abdcf1e1048d264a8a21bef6b2f6b6be1ad18227ad82221aed8,9d072e4c__horizontal_well.csv,9d072e4c__typewell.csv
9d3ec64c,dev,b6c996e432d69f5b45c70b7805bed23e60119468c0db58d4d698433dc227b9f4,4937,1457,3480,0.8156775369657687,9110e1cb3625b26ed8b30a6f686c2a86a00799b42073997634d3e8b8b3e0930b,2cbf4b72eec9ff3becca8297b6c9b044e58152b53448c2788b44e1a8712b35be,9d3ec64c__horizontal_well.csv,9d3ec64c__typewell.csv
9d4272e3,dev,4850d68cc604a7f70f216e79a2a0aeea58399b34088777c0bb0c115c1d071fef,5771,1741,4030,0.48154565933113846,7b1d879f1b57e334a88d5a04ce1bdc16d236ef72148b21c261c395b1004d2906,1673ea9ebed76e623c5fefc08b3a389847c82e34278bece065148712f18dcf85,9d4272e3__horizontal_well.csv,9d4272e3__typewell.csv
9d5e14d4,holdout,2e891be6373cfd51cc427823ac15e778eeeb3ac0346f9d611b1ca2c8c5445f60,6565,1165,5400,0.47265803503427267,d42b017446082d46bd020e8fdc6b5af0c99e9f2fb96e01fd209aa130fdb3fc9b,15f0cde89e7613826bd1502082060ab8474b7f1bf538ca820bc24b6010499572,9d5e14d4__horizontal_well.csv,9d5e14d4__typewell.csv
9da441ba,dev,3808a2ee901c29724ee632bebf87715742f5d9fe2d803e267d503c136803a1af,7283,1500,5783,0.7877248386653851,8633a3d961e7c341481de75eacb010933601fddc9fc0fb16923a4eb86064674c,a0e75d045a950eacc442ff2baf58f37798a27bc13331092ec9af788ae8f7362a,9da441ba__horizontal_well.csv,9da441ba__typewell.csv
9dede370,dev,a929ad4f6cded95a04a205e53a71d194f3702d5e2b8f4cf97c97c8d698806be5,8057,1760,6297,0.629018245004344,0dc43804307daeb32711f239f6b80e01dab7bb7c44d2e39dce59efe84776cb74,fb043f90a9c3aa91b92db742cbe8f5fd45cfd08c6dfb08bdbc066582923f8c02,9dede370__horizontal_well.csv,9dede370__typewell.csv
9def2eb2,holdout,3f9bc61d7ff6608e3ddc7b73a5e5a95109d6e16b5c7788ce92c68cdd90e4702d,7750,1747,6003,0.8811612903225806,3c2f689f6e10ca7fa0dab36b40a4ab5c9d750dd7eab7a7952698ea590452d9a5,879457a49aa5ea65e4d61bd2be4b12765c555de74c30c1e0492ed20e93021d72,9def2eb2__horizontal_well.csv,9def2eb2__typewell.csv
9df1b1f9,dev,b12e3f3f78d71971dd3aeef2662879302803b7c851567fdfb8406a65509ad4ee,6444,1743,4701,0.3479205462445686,4d92da3c521eb1ce9894fcde921815facf968e0e1f66bd5ff8ca4426d4f99c88,dc04d860086e6cff12b82f35fa636f53da93bd885bd2b24d8825d8e9bdd85062,9df1b1f9__horizontal_well.csv,9df1b1f9__typewell.csv
9dfff011,dev,0220c33f01cd93c2610534f0bc569812b39e08ca2628f69957420353ecdcf403,6067,1748,4319,0.6513927806164497,46acfd768b2e8b752f2bb35edd35b4ebd24a624a70291d90918c515fa7f0b259,b39f7aa89f39807a538dbdc40964b11bdd9f5d55b412ddcfa7be76b831e73901,9dfff011__horizontal_well.csv,9dfff011__typewell.csv
9e3e364d,dev,3c155d2694883440d06c7763bc2d724c8e49d33e1347e3fa6488f8b8a00be19d,5809,1519,4290,0.4832156997762093,b77be07cb1216a4d71bb69544eeecf1eccac1ec57ef89fdfb1c75aedff77e1ed,4ceef9e25fe24d932dba73b6585648360397089bc95f28b411dd4200bff540fd,9e3e364d__horizontal_well.csv,9e3e364d__typewell.csv
9efc812e,holdout,3a9771085ad359e914266d205d70ea3fde040a2f4e625a895fb6b3694a9421a7,6100,1650,4450,0.9785245901639344,f5ba70cb4904172b10c460d777239ff205b578fb47d5d024855c110c60b60dbf,d9b8098882c6117fb21484eda1112628b90569907532c4fed5bb3bf55d239ab6,9efc812e__horizontal_well.csv,9efc812e__typewell.csv
9f0c7bae,dev,f1d6ae417bbb399edc045952f07eac178d6d01ee33b4aad1e60c041b6b66edc5,4040,1498,2542,0.7232673267326732,2389864ae454f830c67936acf9505cff675ceca8e717a6721c0780f84813d52d,67392c0b749f27ac30d39a2f223b06cf9155d4cf7ba61fcaaa35c804e6c61250,9f0c7bae__horizontal_well.csv,9f0c7bae__typewell.csv
9ffce529,dev,9b87e997607641dbd91491e034f8e4bbf95c3613f6d28343af4e4048e2b32c3b,6675,1463,5212,0.6382022471910113,5c517a307f20be7779ba20ecfb01e2ecef54329e2a27b122bfe082eab4345949,19ae10998d0058ea6d9d0f2a16746c0985f6109244a33de7caccbb5f792be1ca,9ffce529__horizontal_well.csv,9ffce529__typewell.csv
a0383629,dev,99f6edc1899bb80f7a721890a58a27c1493e2fe687512affe78a917aac20a067,7687,1855,5832,0.47625861844672823,1bc8524c0ee6e93d9d7b34ce19cce2b8c9635fdd54831ca7160cd3b20d966447,29c71ee940216e61084439657a647c44ae601dfae1d13e04b2b2fb7b08836c72,a0383629__horizontal_well.csv,a0383629__typewell.csv
a056d01e,dev,f658fe70f63e9ecdf934717963b1eb63b720ea57efabf89e2fab6f5567fbe064,8292,1735,6557,0.7550651230101303,a7a95e388732e64eabc6acc6ae84ed7a63f1535ec45fbe46b71ca4cc72b4ad30,66dff7f86e5acc824283f9c3aeaf8932208c04e0e7d7d2c0abc3de3358e4ff87,a056d01e__horizontal_well.csv,a056d01e__typewell.csv
a08d9e63,dev,12941d212402020a043c6a9f0f92eceeea8333713bf47573e3adc5d6186b7bed,5199,1514,3685,0.7770725139449894,95e6389be3c9191aeaa6c44e78a34d7346ae67d5b83f1cd9023f3727692ea9ed,a8171f41142e615c8aba12347dc3fecf58952323cd9869eb2bfa0b060ca12023,a08d9e63__horizontal_well.csv,a08d9e63__typewell.csv
a0b83014,dev,90e165bd227ae51a0d83dc9c9a1aaa1d79d182212d6a7eee5956df601f40714d,6873,1838,5035,0.46689946166157426,8b8eec0077be3da3d9e3d0f64a40f7d405dd0c1a450990f23b4e049ccbab288d,e1b035560d83812e4fda406d3d1358640bfea8331d29a0fe82e524094c070ca7,a0b83014__horizontal_well.csv,a0b83014__typewell.csv
a0e92ed6,dev,64c983623df6da7ce326d3535481d8eb2cbb2492a69064968f210a3ae59a98a4,6446,1549,4897,0.5499534595097735,90e9b36ba770d8fa90a526f240cee91a137ef466ca32d102370cf7b083a28293,d866b54f394cd3eddeb956c415338dca8130a04470358b0f288b44d32a52205c,a0e92ed6__horizontal_well.csv,a0e92ed6__typewell.csv
a15bc102,dev,76d02cfb75ef401d2d8470b74279ef92cb27d8cfcfef98d3db2f0ebf21657eff,5124,1888,3236,0.4648711943793911,f4d580a49d9d119babe580790fb9b98352be0c1c9ad946a4b3e0ede11260d6d6,e66dec256ac5134eec79e1644d123a45c9afec16d85e64cd7ba21a07fa3e12c5,a15bc102__horizontal_well.csv,a15bc102__typewell.csv
a247e7cf,dev,b4c87f59c46bde1566cc365abd6dbf329143b0ec30783c70a232105661a549df,7237,1563,5674,0.44161945557551474,04c5fc7a4dcf58f3b226fa663f3b7a8d1b3e862d2f71e59d8bc9bc5943b5bc18,640ec95a1c17fb257789defe7f5b6cd2299e7d48a1f05314ff310769cd236388,a247e7cf__horizontal_well.csv,a247e7cf__typewell.csv
a2e8e7f6,dev,78ce54089f11c0bf57f09a1665923f45572229f5ef37733f6f54c41c62e2140e,5812,1052,4760,0.5734686854783207,cbda62ef17aa299972f44dbc1a9fb41e927bd6517a86937178519f9fd60d201c,50046792c4f9051e3c3b6f9c04fa38beeb3ef6d730b77dac7d2cd33f42304c12,a2e8e7f6__horizontal_well.csv,a2e8e7f6__typewell.csv
a3518960,holdout,278d1343ac0a079cd3a63e14f85058fe3652cfff125ea6a1980169febfc868d2,6992,2025,4967,0.9643878718535469,41e8637664d86542623adac41dc5dbd685498922527e644a0173db73d268ffc8,0a642c1d6b956f00ffb9ef4256d1dc459ad9b64a1e516abc12515492c5958bb6,a3518960__horizontal_well.csv,a3518960__typewell.csv
a3f71395,dev,0f934ddc11ed02a69430278c1e9b383d6f6609635a9b0d8020f3af2c147f2d59,7040,1497,5543,0.9086647727272728,ca9124edcdf0e23a06479c6369d94c60978bf6f5febff383f7e6d40252be6466,cc0a3179f0ccae47c391168df0553eec35ceba45a695d5d9504de40f95fcbb66,a3f71395__horizontal_well.csv,a3f71395__typewell.csv
a4719920,holdout,580c951a9759a70bc1a639e99c5ac4ecf63018dbd669c3ff22179bd50d6961ce,7495,1611,5884,0.36891260840560375,b7f73bce9c254c0a74d4af5c188f04ee068476bed357ca3e9a8da38a8ef8a637,c7b17313973845dbf8d64bfef42d99d1f5acbfd74a670ce7206508efc1ddcfdd,a4719920__horizontal_well.csv,a4719920__typewell.csv
a48640d9,holdout,fb2e687689f5b219681372fda5d5414c6faed145678f4f55ff8d9cdfa3a2735b,6586,2054,4532,0.8741269359246887,4d675733b15aa1051fd5c0aaba0cc8b3ce4c18cd8bfef6f3ec2108b68e8caf65,93812ded8435f8988740bb926fe7dda37c8cbbef764bb22d169a9ccb43f78c9e,a48640d9__horizontal_well.csv,a48640d9__typewell.csv
a4cdbb0f,dev,a7abb31e9ab50c12dbfd46ae6360653812fc552afe439ffc2ef4f083343c5b4b,6759,1555,5204,0.9587217043941412,06578e5a1c15242d365c9d7c3821b207fcca625f29e4a5825125eb5f5bf853d7,8c2ce75ea9653e54f8a4c441594a59dde204312d46fc23fd088c5c3f422167bb,a4cdbb0f__horizontal_well.csv,a4cdbb0f__typewell.csv
a4f989c2,holdout,6ba409d6a11775872bb6647dec72c77c3f90b083fe300f4ec6e029a964c60537,7024,1639,5385,0.9527334851936219,5133d98a2b12355283a22d2736de8978c96141bf4a462ed6803270f4d8d51e74,a713155c161c30a6e6f7b79031964a00cacb18aec97dcbcdd62ae42f91a590d8,a4f989c2__horizontal_well.csv,a4f989c2__typewell.csv
a5aa7973,dev,d6d69df42dcca32f96fe315772b0c8d8f36c4f6615fc324b4eef7dff5d613f24,6449,1833,4616,0.6463017522096449,e4781beb5f5c2762f0762e8199a8370aef621cdfdeb2ef6c18e05260052d8912,140f71b6d12deeb6d4c4a6d59ef8692d337728d3fab37e40015ddb7f9d844f02,a5aa7973__horizontal_well.csv,a5aa7973__typewell.csv
a5e6f7dc,dev,3fad78863552c7a02d6a1e41258b387e7459bba48a7f4156de17db62c727ffe7,7331,1682,5649,0.48779157004501433,7fe444ac7760e3474a61a2ef1f22484cac1ab5e48f4d34cb51dc355d762a9cfe,6e06c6fb453a9c958a31aa2aee4f255c72f250e8ad8bd3ea2ddcb490df14d7d5,a5e6f7dc__horizontal_well.csv,a5e6f7dc__typewell.csv
a612d5a0,holdout,84ce733c0f412a82c5875d900270688cc4c2061766e8fadbb39693da15a04ecc,7160,1831,5329,0.9541899441340782,c0a405d74574aae06af3e6b837cf6a32a697dd376c83c176ae480be7cbeca7f7,944c54783398c77c8b25809f2c921758ff3afb8660ccd305372d598b564eaa52,a612d5a0__horizontal_well.csv,a612d5a0__typewell.csv
a622ce4d,dev,cfbf0436de45a50c8f17dcdd3dc1c5193162bba60620737a0ff0a24914ec2458,8047,1749,6298,0.566049459425873,0179c1a5f44f7438ed153c098f7610a02516d000a2907ff9ee00b3368fd76747,b3147b8c0923ba1456524b42b37582cc650d6df592b30160b36aa4991c7e633b,a622ce4d__horizontal_well.csv,a622ce4d__typewell.csv
a645da9a,holdout,e13130ff05d1bad691ada2ab96c15508d83219f7aa595749299bb8669f6a03a4,6766,1613,5153,0.8236772095772983,0bd9e7be0fbc4b58d7c5d2c78fccdac287743a0dd4ba9cf2be0e16a326b88f80,2d16f2e103e93d0f5a57fc64a6987e9fa891ae77678eda6d171adeca8350879b,a645da9a__horizontal_well.csv,a645da9a__typewell.csv
a692b17e,dev,3a85f9745826e33a1cccd2012f4f31e13b19d8a90ea3e9ba2ec14ea8d60afc1c,5409,1843,3566,0.403031983730819,3e14c09109f510470fc4f5d789ffd5ba2d51672dbc3f57106ade5b2e01ebc5db,7914f751148d2d5a524f04d14fe2994e80cf64580966a6cc17bfc45d2ad66052,a692b17e__horizontal_well.csv,a692b17e__typewell.csv
a6b8ac67,dev,1f8bb002a4446bbf15d5b811dc3eedaceb7552953cb068295335a1382c2ab237,7017,1564,5453,0.9284594556078096,4d9e37a5ed81acc0b2422928b628837eff70d50d31df228d6c938ea55da3f308,6eece47e4c68d4c68296f372fbcfdcf49abbe1ffc3d3fba1d7184118f8e07f5c,a6b8ac67__horizontal_well.csv,a6b8ac67__typewell.csv
a6ed2eff,dev,120bb9c680d13a6a18df00b33337635374d18513d8fae157c0c7cb0c229a7247,7054,1779,5275,0.4784519421604763,5c102fe247055adee55542573784dc96a5f7edef293bed45cf30a1a0060b02e2,04eedbb7d7522c5ada44ff1da993fad4ef886c6d4d7905e00d504dc6df76c839,a6ed2eff__horizontal_well.csv,a6ed2eff__typewell.csv
a6f967fb,holdout,9f3982fee9b6ddf8f4fb6ed8a84e774889afd863315863aea7276f3f239ff877,7032,2362,4670,0.9600398179749715,942425f3aeee86afcd75f6061a68797f2c134c17143826fd86eda48c7cd2f36d,7269aca82d688c1812c4486036d11457fb64c95c3dcc673ebc12ed9a05cf0d38,a6f967fb__horizontal_well.csv,a6f967fb__typewell.csv
a76db406,holdout,f88b28dc1e4de9c96afbd2f070e5d482ec6565f78088ea80f3db67630f3273a3,6451,1779,4672,0.9883738955200744,f97432e6b5d08c7f165deebdc628c1309b2b1bf4d4b3de4f6e243c2e8b45f546,9be01ee32f2b222c734c3f24e51f1dcb7e2bf0c3169f851f17fb89b04ee60915,a76db406__horizontal_well.csv,a76db406__typewell.csv
a7744f5b,dev,fa2d93c62e450d44d3340e1c54c8993f3c879b087b38887ff12f62404da4a3af,6017,1640,4377,0.8424464018613927,43362759fda104a2dfa5c0d43ee17217c70f5ab04ef439851f18ccb90d1926af,9b8608d84cb69a0b913ae918bf05a6bc096bb4c2356715d7bf82292aadc4d24c,a7744f5b__horizontal_well.csv,a7744f5b__typewell.csv
a783cc24,dev,5acd4638a54af019bda28c3af038b38febd873de89263b9f751f229d38546719,3275,1386,1889,0.8964885496183206,345fa497c1abf7fc8fd003d1db3fd5fc5457ce045aaadc737c97cd9073d48549,ab1fd64e1b6263bfeaa917a00db92f8b20cd5e2187d84729ef82d0fef27236f1,a783cc24__horizontal_well.csv,a783cc24__typewell.csv
a79fd2e7,holdout,2e09ac0f9add88d7976bed638cff69be75f4953ed2e0cf4ff78020b08b09bd29,6327,1923,4404,0.5465465465465466,a59e971bc57349f17989c5eccf7180d408518ea5663d6bda4afb0896aa348e7a,722027d5b8bb0b446d1b5eb3ba279ef9840708bcb4893fc839e8aa3fc55415ad,a79fd2e7__horizontal_well.csv,a79fd2e7__typewell.csv
a7fc3e6b,dev,169f7cec3f4e8ad0457b5ec43d21a2872d91f1a7ead2ccc631b29db268a2ac71,6378,1614,4764,0.39306992787707745,e3740a51b36de01f5492197d21c238ec7c3aaf9e04ccc81e117e004a14e65ddb,0d692bf2790ff1bbb49f3dd52fa949bfcb83c7473b630b59388b096a7a84494f,a7fc3e6b__horizontal_well.csv,a7fc3e6b__typewell.csv
a85bb86f,dev,b57c447844a29bbebb69a477c952397de7c466f45db1733c45c9b0166cc4064e,5100,2001,3099,0.8496078431372549,a4166de078de511d2c68da5f72ca4cadcce17acc270b94c3827a8ed42f0b0634,34433ad2279f87b175a7fdced93fe67458180b79ad35a64d927b16deb4f169ce,a85bb86f__horizontal_well.csv,a85bb86f__typewell.csv
a85e4bc3,holdout,9d5b50f40e6a90a35a80c585af16f63ab7705b5d9d2b63ab4a79bf07dd4c6fd3,5993,1412,4581,0.5117637243450692,0a0da9e57f7753ced77b37e6537ebeedb0e1620d86154abc9f243e82cf3d69e0,430af179d378ef36d133504399fdf9ab66f1266d32909e8e8d6ca5a0988508b4,a85e4bc3__horizontal_well.csv,a85e4bc3__typewell.csv
a87433c9,dev,1a840ed14a6ee6b3d50dc2eff32346615083100b417f6003c111644436fd93b2,7460,1739,5721,0.4581769436997319,8c2eaa164400580fcae3202673262b4e366ca49cfd6b005ecc10f24b50e7bf00,28245343f83d83f48a20ee644c93a06cf6d297cd0cd4a6384d4964076d73470e,a87433c9__horizontal_well.csv,a87433c9__typewell.csv
a8ed028a,dev,1c584189e1cd0a4402a01017b272f2a5b8971a38d90f7882ba17419353ccdeb9,7310,1772,5538,0.9544459644322846,47ba4c92ba1e931079faa57feb30f0aeb06acc8a116d75335cd9ade90e1986de,d7b16f1dc06d002c74e0a4f1b546737bc7e464b965a03fdaf990fcd967515e4a,a8ed028a__horizontal_well.csv,a8ed028a__typewell.csv
a959858c,holdout,501872002b497638ffb7c0d64dd458dc2b77200a119cd3e394cbd684ff0c9844,5770,1366,4404,0.43743500866551127,96bc36ebbe6834a2a8560c0967de56415119f717d3b4908f39c92bb9eeaba50e,c7d9a90a9511017b6814f92ffbb2a9795d76d63368c36d4c106290daf25eb414,a959858c__horizontal_well.csv,a959858c__typewell.csv
a9c9b150,holdout,f16b26bef3c8e17a880717b0ed5764d5999921f5860b1a3eaecb7a884e4ed377,5826,1840,3986,0.4979402677651905,2e7d7f4b19afd4e67292f92e90154c602168dec6920e30bbd72a3f65bc0188ac,326f0a5d44e0eaaed654068429c367e5fd5fbb67bc8f160be57cfb1226ddbc54,a9c9b150__horizontal_well.csv,a9c9b150__typewell.csv
aa95015b,holdout,44b01a9512116544fff20896eb75e33144a5e7dea489156365b3061b39fb33e2,5761,1461,4300,0.6672452699184169,9715edc27163057c39b68ef5634d97b6b88246719c73cefed6a799460d7fce73,6c8d4e520d520dd1977b9d56e39cc2fa5ffa0d2b596d2fcf3aa88f1e02a536af,aa95015b__horizontal_well.csv,aa95015b__typewell.csv
aaaf3c03,dev,7ee5f165c61cc617be6e68eedf9eb5b3796f603f28e1e74ff2241e615b55d234,4728,1731,2997,0.939932318104907,0adad54555900e1dc0b70a097a6ecead1bedc6de550c755ca3abb7f900a00f02,6c01875e046e50c3ed84eac6e583f41b5671be99da6337a8ce920b8bc3b3f993,aaaf3c03__horizontal_well.csv,aaaf3c03__typewell.csv
aaeffccb,holdout,2fee5147534159e599b04e1c89b602b71992d1b4dc8f668b4f9b8543b991141d,4586,1874,2712,0.45660706498037507,4e8d10ee649d977efec58e7a660e6f4bc90b18a1844bce67c23272d039c22d15,cd0f68eecd8f7696bb9be872f240967a66966680b3d32b32825b25b071a24ad5,aaeffccb__horizontal_well.csv,aaeffccb__typewell.csv
ab112491,holdout,d0cc9683497530608a76e43f99068feba4d408a2ed6c534d36ac49984af241d2,7178,1993,5185,0.9541655057118975,4f5f5c8d41566740dcd87eb6b1b4a49d94d1b7d40967e4f606352e3ff9c65fab,150601590444fd0907249fc7e5232fb708c58c4d104e1c7c065f197c066dc44c,ab112491__horizontal_well.csv,ab112491__typewell.csv
ab18d3fc,dev,c40e607dd2c39943936e1842b3a1120361118091823ac46ffd26c27fa2575598,7337,1643,5694,0.705465449093635,2ee8526bcd935b4299c5c06a4fde0f7fc5e18a2799754b8e8c62ce7b46aaa0ac,a4742ff20ec541ea454a38d06eb2e733eb5e2690f79a5dbe8feb42a2ae93d021,ab18d3fc__horizontal_well.csv,ab18d3fc__typewell.csv
ab3ced07,dev,79b92bc1dc1eb3cebf3a4faeef5aa220b79002ea721b14bf4bfea060faa88128,6008,1758,4250,0.5635818908122503,528a30f9c9f3d6adea82a362b4bc5684c56034428f820e7947f84420854eb77c,a8199fa581c20c365fdd679602ba76f0589acd7cb76a4ff725aac2924ce2495c,ab3ced07__horizontal_well.csv,ab3ced07__typewell.csv
ab6fe95d,holdout,b1df3627d1be5b12d1a638157b3a361efdc270fafee7c17892a7eb4cab021381,7424,1933,5491,0.763739224137931,cee09f52369f89eb8c46e1412dcceebb38df52e00fa52e1f813dcc2ddde66998,cad32c7e68fc8cb732dedd4423cc984a9596e9cc814e31e9c293f1dc5ce49988,ab6fe95d__horizontal_well.csv,ab6fe95d__typewell.csv
ab94878e,dev,ac668763f685e09023d10b769f6e1ccca95c2430689cc05237e7e037cbb64ef2,7652,1648,6004,0.9555671719811814,ec90a99eccf6a2d3d58fc31f31707d80ca7ab673ec7b366a91002100e1eb8ace,d21f20cd5810f76957f6a70b5c2b24334b5d99bf1bbd1fc7693326ec333f32ed,ab94878e__horizontal_well.csv,ab94878e__typewell.csv
abf460d2,dev,d7389f5432151af05f1bb4c1ffc928b506aeba0c19b054a22cc306fad3441c15,4763,1546,3217,0.48792777661137937,6a0b317c71d2ff08c28c856ef3e835c6c257ea3f6fc0e9f3d7d8e5a59b711047,948d83faf6efbb70a68dc95c4991c88b4b8d7434404804919588f040c872e560,abf460d2__horizontal_well.csv,abf460d2__typewell.csv
ac6f01d5,holdout,00ca5e55378dfcf65064fcfd40c4c88566fc315edeef11dcda9cf5fc4aa19d64,6729,1725,5004,0.975925100312082,0b475bb5c3cad948df7ff4080aee5c2375546a33a766613c4850e5c681346eb3,46355a0947e835884e4514405515a077ae131787a0819320b061bb282cc5f91d,ac6f01d5__horizontal_well.csv,ac6f01d5__typewell.csv
ad2133a8,holdout,8ce5741efeb67c19dbb3aa047940e52b2833935d522b81a0f4fe7040d2d0793b,7187,1458,5729,0.7232503130652567,4c2158113161cfea14e8898d8b10148a9fb524a128aef1cd8c466aed186bff7d,e3253535ba2e2599b3d7a9e34f124c3551fe35e9b1a84fb819b1fe1dbb918596,ad2133a8__horizontal_well.csv,ad2133a8__typewell.csv
add9c322,holdout,d8d1f3256d28c665ac55a6ab2eb0e3dccd4647dec3c4d7dee080aff6913c6125,5519,1587,3932,0.44971915202029356,448b608fd0fc6cde90fa4d71ccccdf9ef60015c6a0afd6618e19ddf88336ea9e,a95e7bb1eae00fd5f40f93fda508dc92da81210537425b202adc7b94368738a2,add9c322__horizontal_well.csv,add9c322__typewell.csv
ae069086,dev,5bf560245e9d9e3dc2c1a0af1b0b67304c7257cf1970e256ee8db9e8798667ae,6741,1971,4770,0.9934727785195074,6a56ce26b7ed59f67cd09ae3b651e5e92eda4da534e5c7f2ab305e29de0d6783,049ae77447a7054dc36fda63aeb0ed6f4fdfb8b0fd947cac89733ca6e4c0fcce,ae069086__horizontal_well.csv,ae069086__typewell.csv
ae0784a8,dev,635f2b38e9b0abd4cd2b0fb20fb82ceb3c276dc625939072046c0ce3c412131f,9171,1348,7823,0.4649438447279468,8aca977bcd32f04285f03fcb7e382d24010e847e56b17759aa7cd24135eb406a,c078b2c873ba23211153551191e9e691d09a3e91cc8c704c992a00ea40d8dad3,ae0784a8__horizontal_well.csv,ae0784a8__typewell.csv
ae35f33a,holdout,6fab1564560fad5c6741d112a7a75724e7138fb8415bb268875f24c2bd81ec62,6469,2019,4450,0.69809862420776,462ef33cbbf2877a361848350a39f78909ef537766bbc8ab85cf997e17cceafd,49686f7bb546fb34fc8394c1bb63bc52e58c27f54a15a70ce7629bda5fb2df50,ae35f33a__horizontal_well.csv,ae35f33a__typewell.csv
ae8959c3,dev,273c7e9159ab16d804d5f99010ec84ab2d90a4ffcdb4f312f9d2aa59d076b039,6645,2127,4518,0.9226486079759217,de7ad1a06d6643dc3aa8970fabc6e407ff7286ac4b03945f91ab639dd8f42c89,11448b761031976e0d37cd2b3c626a46d96e2053c544bd087b9e9828177d8f34,ae8959c3__horizontal_well.csv,ae8959c3__typewell.csv
aed44918,holdout,88afad4477dfdde28721024e0694fcaa87b630599c6b4642678b4c96f4ce3913,4020,1301,2719,0.34253731343283583,09e7c9dd9ea7e85dbc07b42d349fb9e393822cd08311c4a82d9273295f6d55ab,9862b36b68f33d47b66d67de89e1a2e8c5a233522ccdb3429f66491b34bfece7,aed44918__horizontal_well.csv,aed44918__typewell.csv
aee6393a,dev,4c83eb6126b1a22feede0a704edc093336419cf75fc24a813f70c899b437af40,7146,1281,5865,0.5113350125944585,8fdf5a9711bdd249742b3d318ac9c751d109e766c9fb88c4c816937048381a4a,6de832e8251d9bd423da008acd6e88dad5d7d0db13126c9c8e8a5c5e0359f54a,aee6393a__horizontal_well.csv,aee6393a__typewell.csv
af7a59ce,dev,5629b6ef944bb40379e25d12182a02264c2b87c94ccaf5f0654d505148ce2db7,4330,1306,3024,0.7424942263279446,0f50b0210ca1581d9ea43070727a63fc4af18c805dbb4e145bea95ee187ae814,bce56472034287804a232570f7a733598b6fc9291772c0a41ac91a97e5d991e5,af7a59ce__horizontal_well.csv,af7a59ce__typewell.csv
aff4e561,dev,a1f38a8d268a812e025ee9ec3bfba47fce78c3c366c5e5a9f3cb6d48bfea919d,7723,1697,6026,0.6558332254305321,fd03d2315f5202afacaf4341d20909915eea8c0acf057b12a67a9107c7a245fb,802c5c42166bc2bb5b85f51f326852cedaab02037d52e48abe687a53a4bb1598,aff4e561__horizontal_well.csv,aff4e561__typewell.csv
b04b58a3,holdout,728c7755852785a28381adb88b96a21c1c4deeb34f94c636b0303aa11110ce72,5229,1827,3402,0.9451137884872824,9a73e6c6a1ea8c6e198c2ec8e2bf65c7b3633084bc681bac0b3691db5fea375b,c3044099efa6793656387a2da8f0fefb81605d08165a0a3994509c9fa42284b5,b04b58a3__horizontal_well.csv,b04b58a3__typewell.csv
b0d42b0d,dev,a1c99a20ff26641b67aaaaa4fd5c6653cee9db4758c648a0784ca64b35cc15f7,6357,1386,4971,0.46610036180588327,326bd9b7501d792fe4728336928d29ad9385a891533db63ec2c8c20980134391,7e1d8a3f108ad0e3a43b83db489c0a37ee57183115bc75815c238d81c7a0362f,b0d42b0d__horizontal_well.csv,b0d42b0d__typewell.csv
b0f53bf4,dev,cc0038555f67252e0d8e11fa54139c2b1054a1e14158fd667441b7af29ca7720,4202,1447,2755,0.7256068538791052,8f824afda393c6c0fa6240427bf112074715c8d4959d6aa0bee006804088ea8c,dfdc003ac88dac9d0b5b912637b60b815738b01dcf5daa613c4c3a8e2d4bde3c,b0f53bf4__horizontal_well.csv,b0f53bf4__typewell.csv
b19b0395,holdout,02f0159a9e9484a1998a6c45121dcb0ea3323b9173fca1d6e48717d812fac136,7196,1383,5813,0.9602556976097832,52b2044de540b578928e305bc7a4810b0caf0786a5d89d7854604c439d2b4bb0,af395f62d7c164bddb685c1aa7f33058a5f156468c63dbe6135feca4e4b8306c,b19b0395__horizontal_well.csv,b19b0395__typewell.csv
b1efb8a4,dev,5bfd53a0b99223a57e39ea6b98240eac6b348d852871ff8481ada9824c88fd9d,7562,1564,5998,0.9502777043110289,6fa483b6e7a3ecab605d9a8e1d1fba5441cef67038e66d4c2963473d0590d062,cd2d61d342880179839249f0eac4c1ad4be07e7d48f2a3083c3861149f1322f3,b1efb8a4__horizontal_well.csv,b1efb8a4__typewell.csv
b32902c0,dev,04bc9fef5773c9a096fd15c93c0dde11f895e0bbbe0a3313c8cf0c90d48977a6,5737,1929,3808,0.5157747951891233,7881c27ea9bb13c8ce1234cc7f5995749d68a3b64eed0eb957fc321fe89b6618,96b1ab98dac9efde73ca21a258212f5cf09afa27c730bb7ea5cd9f3206739cd9,b32902c0__horizontal_well.csv,b32902c0__typewell.csv
b32e4903,holdout,95228b84ee898cb8f01cc56bc513779b63a230d43ee3b0562e122281a5ca6836,7420,1650,5770,0.9378706199460917,4285d3b403df8b4a2bfe10df8fbc6ffc42d9b25824ac2fe9fee8f24184d1370e,f77d4e6fae4a454ae4c297da51d894c7a781c5a9b5644d6eeb4a5bace318b417,b32e4903__horizontal_well.csv,b32e4903__typewell.csv
b3388334,dev,f06e9d325dacc548f0e3eb1469899fb4cd330b304d47cf7695788c9bd6525a77,7807,1727,6080,0.770334315358012,86e590ba0de20050fc9cc0767c71e1e938bd2f59a95ca68c56616c8b9f0baa5d,10fded9ecce1476b744cee27fbf00ed7c2c545e01a281f1959e5ce7f33d03d83,b3388334__horizontal_well.csv,b3388334__typewell.csv
b37fd114,dev,771295c0db949db5aaa476c0fda34d2b1ca6c6d89b7ac0847ac95689b6f7ab80,9786,1625,8161,0.9145718373186185,4d11f0ea02f1eb9d544bd6adc74599a5c6f9af408dd11bfb09a899497693c2dd,e43bd42d9935886fb378edd215acd5964b081541ee9cad0703b119002bef96f3,b37fd114__horizontal_well.csv,b37fd114__typewell.csv
b38e3116,dev,8e0ccdc97bf7715d75ce3d454dda9f2e73040922a74e007103c166fc28ebade8,7954,1743,6211,0.9471963791802867,7db71ad20b7bac17a1b84fb54f8531c4e359861cad28eea8b1a9102c0ce9dcf1,9b2eb9ea4caef0fe55a4e778f1242db7f622e548fc83cede29294cb33e781f0a,b38e3116__horizontal_well.csv,b38e3116__typewell.csv
b4d8dd4f,holdout,af8dc0c8f847c7ab2808ed8ea9507bc04ee6252f09a78b84deeca5b39d474c17,5909,1650,4259,0.8876290404467762,ca79c58dc78d8c5f68e95732f8b7362de816b04aef0b426c02e857edd5ff6e48,2f815e4111a3d38d2bf134ff44748809f335316b2535ce313b947c035a5bf017,b4d8dd4f__horizontal_well.csv,b4d8dd4f__typewell.csv
b4f37e6e,dev,cddc6c71d7b89e74abec41853dce065c76c4e21ffbd6928193ad38de59d01dd1,4499,1507,2992,0.6841520337852857,06de649a8f91ab17ca12c727741dac63aab1d22399a44f902ce3bf3c07fcdc6f,c935bc6e94381bd6ae6a2fbfe187612e1e0fe3cf97562f3f6fe8074291aa984d,b4f37e6e__horizontal_well.csv,b4f37e6e__typewell.csv
b56bc0aa,dev,938e6f6da6042ace08d9aeb1d072fc9049f150519d26283443484e7d4f262144,7431,1829,5602,0.7943749158928812,d00961bc817ce63526d8099f4bf15b84d23f4db853c3c3ab422c17479cc5c793,fa50ab5022c4ac18b357c8e7c92503651107b5d570a7ddf123aa52c9b5f01395,b56bc0aa__horizontal_well.csv,b56bc0aa__typewell.csv
b585b4fa,holdout,d1f6b9f7f734f107b239bf8375bab08244cf0cf1276f3249334a02cbfda80fc2,5999,1705,4294,0.8789798299716619,6c050d85a528dca68c1e88714de2474f19b7b1914c345bf3cd4b88a1d1ddf066,329506e7395f6b640efa46e8a0077d72a88a9fd2c3619f0dde73ea94987a80b3,b585b4fa__horizontal_well.csv,b585b4fa__typewell.csv
b5aa9634,dev,3267580d8d460b55ca4d523323c4f5465ef272d28bcebf9f56d4bd7ee3d4b5eb,8747,1421,7326,0.959871956099234,b421b5f4bd71a78eb0ca291e6c7569ba7dd84d9c8bd5a7b4cb7bcd04b24cd1a5,d22f86c514a05032c7bef8d6c4ff7c6a716e692faa88656ff534011d98c53488,b5aa9634__horizontal_well.csv,b5aa9634__typewell.csv
b7974e66,dev,f7f0d8a2b114a9764bc17c2de88f2d9ab0e431869c46d4d9cfe6ad203e1e8fdc,7170,1612,5558,0.502649930264993,b840430d88f9ad0bacecd2345032fdb01c12c5f4d80a1a3b021e1aa440d38e38,cff986e678bb6a9f19a9aeb10e3a84b002062db0066edc6559df2097e67af158,b7974e66__horizontal_well.csv,b7974e66__typewell.csv
b7cdcecb,dev,e36fab9d9c34d82bf6deada876717ee0b6fb9295aea184f1f888c5fa96e8b6c5,7620,1452,6168,0.5825459317585302,2df2614321bae31737a6f097e80d735f364c90fb85c47aa55d38ec0b16f184aa,01a931afefe15c463cb32760711a5f63c1b8e3030a660cfc8042d5b9b060558e,b7cdcecb__horizontal_well.csv,b7cdcecb__typewell.csv
b7fea9ef,dev,ef2d0223e4144f7d007592d51ef8e80f267d52e8f7b3e4adef15067d4c1db14f,5575,1709,3866,0.8491479820627803,4428f900045aa1adda53ce25317fb204d4f1f344fdf67465348cd23ded8faec7,48ec9a50668e4f28c6a1f11a108c7d09a4b4c53606c1f5cdf902ed172b243bef,b7fea9ef__horizontal_well.csv,b7fea9ef__typewell.csv
b85f7b06,holdout,4189cce0dca1e75d59848635cc0c76d7b72d268d58a284c04a3413b9db07ef08,5453,1650,3803,0.8067119017054832,722c66eb48a792d1269f6549988ea2bf880c23d576bb58d6ac56f482bfe4d873,5d9234336e780f565b56bb5338003d1207e836b7b4caf5d0dc6e3e6ab08234b4,b85f7b06__horizontal_well.csv,b85f7b06__typewell.csv
b881d27e,dev,33c294fdbe0c934a42e1173f481faae77a1468b9bad27426f4f13178bee5e974,5442,1433,4009,0.5644983461962514,40042259c884bc28af58ca48ed3dbf15b75adc9f7ff9e1e8f37445becf9bcfc6,f157db040d4cac2a2e9251e86628b7c807809a6a63e4ad5ff1c36e63aa9c4342,b881d27e__horizontal_well.csv,b881d27e__typewell.csv
b8c49c1a,dev,c96c1182066bee303d33dd0f991b61e854213a970f3e8a9a95b68c1ca4116c44,6254,1935,4319,0.788135593220339,0aee6ba4a3c573a5abfd197e30882b3dfd8120297fdba8b0fc3a7db3ef3c00c8,463f2ca9423bb19c6ccfad7575424ef05ef10897551bbfef4fe9894b5fa42a56,b8c49c1a__horizontal_well.csv,b8c49c1a__typewell.csv
b95e7121,holdout,b6b902e1a1fae46e34794a981ce77a427e1d85b5bf493cc2a1b9190134a07211,7492,1186,6306,0.9355312333155366,75cdb3aee154889c62743dedb6a6cbd196657fc62610d22c69a1c9c66198b1f9,55111250676f37ea8984df1168fec78a029191b371266095ebf576a9be318e3c,b95e7121__horizontal_well.csv,b95e7121__typewell.csv
b977be4a,dev,0d2712e8cedd8c6b95a2e3f510b5c03e58fc4027e0ac59c53bb51a601f3d38c1,7495,1578,5917,0.7685123415610406,a5a024e6ca8935cb5b75f0c17f7b6df18accc387b1b6d2cb3a6bcd0929924902,f14ef1e62710447037c6bd3dc185272801826be75f795ca642b9d76cba287f88,b977be4a__horizontal_well.csv,b977be4a__typewell.csv
ba48188d,holdout,2fb8f1f013244de79f2f8db24d18b10933357e372beef40cf0902b75b3d82c11,5534,1368,4166,0.8330321647994218,916ddbcbbf6a49a9b672c59854e8bbe7348a300919b6d0895481e6cf4454eb77,2196933435b1c54ac40c3ee2f0e9ff14bee64acc617dda17ce0181527c1b5a03,ba48188d__horizontal_well.csv,ba48188d__typewell.csv
bb2cdd83,holdout,2d4df2a4164cdfb9b03883c322126baa7c3431b6a149e4ae9d125c0f9412284b,5665,1840,3825,0.8540158870255957,5a4d58efbd65ada2e1c89c977adf55c99b144d357f8c2a83cfa62eb191f66ae3,13806acaaeb9d0955981af240ce740fdee8469a4340355cda60fb335633f6a97,bb2cdd83__horizontal_well.csv,bb2cdd83__typewell.csv
bb337fa0,dev,381347cf674d52de347800bc8fa15ee6485cc158e211ff97092a15116d899452,8216,1343,6873,0.34250243427458615,84f779872e9ec021d5a63f9e275d491cafd8295b1c44732b0cbaa8415b34cfaa,6d6af7da945ff59648f8224f95027defa47540433c94bb5cd79d844fdf0beb10,bb337fa0__horizontal_well.csv,bb337fa0__typewell.csv
bb682ebd,holdout,d4192221e50a695f5defd197403eb80b097d06b730383597c117de9b49ecb1de,5931,1792,4139,0.7433822289664475,d466aabeaac637b6da9cd5d9a629f4c09247fbb622f65bdcdb9894b55e4657d7,68ca5b7b797edb7495738644206972f43a72861eccd31320d6aacbdecba52b10,bb682ebd__horizontal_well.csv,bb682ebd__typewell.csv
bc4381e2,dev,94eb27fdcd1e89991e52679204f459ba6a9cd201237026b9975699fdbb7d8979,6885,1930,4955,0.47116920842411036,6638387f9c12768b2e8b1ea6bbff43c7d05aadb7a1ca158494eb6e0b9acc4c12,c72f1bdd05fc6c0d7d28ec2f602a0ae38dbdb8c77524b502bf37431103972ba6,bc4381e2__horizontal_well.csv,bc4381e2__typewell.csv
bcebcc5f,holdout,0ed5522121bc4af1addb964c950056fee7c1255acd2915cc02b370041fd62f72,7889,1631,6258,0.5222461655469641,0080fe2f9a41f1c1eff7447187578c8e149f42ff58476a3d244eeb04376fd9ce,af305611d2720bb514274de5b8f2f6c74f95aee3dc4f3c089a303f03aa5e79a5,bcebcc5f__horizontal_well.csv,bcebcc5f__typewell.csv
bd2c2f34,dev,3b14194a7e806ea5ed2f058a05e29a18ad80827a92316b4eae19709d88bd5294,11621,1798,9823,0.38886498580156614,6364e8b031916d3c74f2d09557868b3701cda41f09c4f95d3720bc5b2510988d,42b5b303525d300f88187ebd404a2fd0f839adf3a464745b5338eac06e380c31,bd2c2f34__horizontal_well.csv,bd2c2f34__typewell.csv
bd4ae5da,holdout,2e4683d618857bca3d8dbd5ff075c00e5e7e3b4fe04aebd544f14149b156167d,6905,1899,5006,0.36915278783490224,b159e7c65e207c05a4951c414a6020b40debef5ca988ee3d4a06dfbf817a103b,7e5af153455b4e455754b85538d4c5d496e87c8dfd55da322b90799080910892,bd4ae5da__horizontal_well.csv,bd4ae5da__typewell.csv
bd6f0e19,holdout,caa23241de2e5d0e7775750bc834bf2f0ded9988ebe53d27f1d2aaed64794513,6979,1839,5140,0.8130104599512824,c2c9e370c34590c6bb5e98bafc59d4343496b128fd36c18ef915434646722dc2,fa48792a4570569c6d746ed48af78ed26f139a3cfc8e52ba90fc64d03d94dac5,bd6f0e19__horizontal_well.csv,bd6f0e19__typewell.csv
bd8f847e,holdout,970736dfa1ec9d1e3fcf0ecd4a9d30b5e4d5fcaa6bfc8b131537e68a77d26efb,6161,1200,4961,0.8232429800357085,ac52df3980e9da6f86e58986adf020ff8ab0f5e5319324bf83dbdc435bbc4715,c1ef8b1edf175664a425b021775b671a1a4d45aa13df95db1d0d32fc24ec0714,bd8f847e__horizontal_well.csv,bd8f847e__typewell.csv
be063506,holdout,f0db024f82a74b6bfafacc95db3006bba956b14a84f811b1ddf571b8f16e69ca,6539,2039,4500,0.7465973390426671,f12a35c280de61ae4f789001be4f552de24417ca76c14cf262d5a525cbbb5bdc,fa3cc9eca8a6c6f4c68a07db190e45d9ce532d693844879517f3738eb05b6085,be063506__horizontal_well.csv,be063506__typewell.csv
be35c8f2,holdout,6b2551f90d2aa3b3cbea822fecc63579274db1f610a1d7ec3ad55080ff78567c,5898,1672,4226,0.6848084096303831,4a21739e787fb21d00a6f0b91ea80b3338272e1a0c7d3e6255e78f7f49a613b0,e8984e32c727461174da3072c7439f749f6aaaa4469ca02918688bb38b733836,be35c8f2__horizontal_well.csv,be35c8f2__typewell.csv
be83e781,dev,3d649c9ac0a097a340ea3914f72d277e8679a3b97eb025889700efe44a10e73b,4776,1555,3221,0.5510887772194305,7e5c0588fff1e0a233f869bf1081f65021689873b994e3265a73618db637daf3,cca212b2a36f299e9e326dacc3eb0b010c1b738e72f7f9be2e24f31a44b791af,be83e781__horizontal_well.csv,be83e781__typewell.csv
beda8696,dev,e792b33f7bd593e288dc247642f63abd0a85681487a50417e9cde56df082da33,7868,1956,5912,0.4814438230808338,03235bb738e84d031c29c0af6e347577c6effca06838df2509f0adc244705413,ede30598813dc43b2b846d4c1afa29c736dcd132c668446f55e3d8a65eca4364,beda8696__horizontal_well.csv,beda8696__typewell.csv
bf39bc20,dev,87ab030ae733bf90b82c2b4c0c1a82488f25a0182da203e4d2b505c3a5202857,5047,1744,3303,0.46284921735684564,bcb27399bf9db2322edf8693a4e862d22a19fe1ded4be01df31b30d20cc531df,a5bb9f0a9ab28437b51c1fecbc2f3d954d0de34e4430bc6d7cc59109c7a05a81,bf39bc20__horizontal_well.csv,bf39bc20__typewell.csv
bf70b410,holdout,03f237453340a7a43e00cbb22e0d98dca12b2a51ce44e38a59583834c66bae54,8000,1653,6347,0.619875,7efc2f11383f3c1c3b560620859a9cda9528e940caf2830d0177d167996990d9,7e899cad8c76aed62f6bff85e22f3230e12c0dd5c638136e9391faebc9e7007d,bf70b410__horizontal_well.csv,bf70b410__typewell.csv
bffe3082,dev,62865d3db19a3a19abbcc0da867cf692d2157c88e7e913ca19aeec744f3a4638,7186,1463,5723,0.6938491511271918,8b1ce1068654785be23dce9280d6627f601878a296675d1a53a41a4e00e63ac1,e9d88dde2b1ce7278c16687e3ca575710abd5e5cbd34885b4f001a6486bbf74e,bffe3082__horizontal_well.csv,bffe3082__typewell.csv
c03b9305,dev,f5f980c56fa3f89c03488734d51da8bea0f49537206f9bc85c62afc441296f4d,6067,1812,4255,0.5256304598648426,c72f9c549a9e59e8535c321b69d7c007ef83105b9b9fb5a9144f971d01c190eb,da2e73e1d492c983266d6a147542af58eea4e5956d8c9ea2c2d674da0329edf8,c03b9305__horizontal_well.csv,c03b9305__typewell.csv
c03d4aed,dev,c6b2c9d456f6a8ced624a5eec6185fff24fbc7a93c27006f7c45e974acc66667,6375,1734,4641,0.8404705882352941,9106b15afc766fc47980acc59d3bf10da1ad0e851b9479f75efc63bd055dac0a,0a4e1979b45504efde5ce9aea46e08424fc4a67d67a182461fbe27c054f4a6d1,c03d4aed__horizontal_well.csv,c03d4aed__typewell.csv
c03fba65,holdout,cad43482fed470fa776f8b9763025280432e4411038c284bcb33e891732341bf,5669,1970,3699,0.5530075851120128,a2e66dddcb8ab0113c8d96dbdee5e0369de41a84c73dad8bbe0925322b9b2003,acaed5034027bdcc28f489cdbfbbb1a8a247ce79a440eab1d889c3aef49121c1,c03fba65__horizontal_well.csv,c03fba65__typewell.csv
c07fd0cd,dev,f49b83358a1473b6e9c4e0eae1402b481a0cee64eb44cc16182501c6c0eec358,6035,1844,4191,0.5663628831814416,969e140809d5e5e52f6ab4cd4d43abfcaa831b415d50ca9adf8eb34ef990ceaf,b7bd7bc535ccf3f4311c03ea1be46b6bf69fa99c9d77749412af8154d9476c96,c07fd0cd__horizontal_well.csv,c07fd0cd__typewell.csv
c1708b88,holdout,b82801c080618236c36096552ae4bde78aecb0a82c5db2f685e800cd5613e92d,7960,1645,6315,0.37713567839195977,e02e3a7899984ce515234b44b77297d832ab81c77a82afe2f61db24de36d20a5,36f00891e1f89ab9b456ac530c4e64fdd95a05d9f7d1a712682c1a10cb8dc2d2,c1708b88__horizontal_well.csv,c1708b88__typewell.csv
c1d046f4,dev,1ab52107f0146828fe04a80c1acf63fc96ebf4093127325aa23a599399b915cf,6917,1404,5513,0.9865548648257916,49bd3598611c52d0f90594caaf641d48bc645fc868791de1bc59d3a841527863,7fe8d24c92d7077257877568599a7c7af619e6dd06a5d1f9f406e8ef43429711,c1d046f4__horizontal_well.csv,c1d046f4__typewell.csv
c2717d4f,dev,3825b16d64084cd8d058143c315577e40e4df84d6b3ff484e4e17a499d80f8ef,6682,1961,4721,0.9329542053277462,6631490bac59d28762cc739d3ca623e7e469fe39c34f814c6e2c61a8c8af941e,35cd32cd3f9422052e856c387e1742af7a757c6a9021fda65a79bfcd7cad6ce7,c2717d4f__horizontal_well.csv,c2717d4f__typewell.csv
c2c4db09,dev,ab387e5ad38d17e20321cec14ddd745ea25498fd1272e74d1879ab91910f1e57,7851,1812,6039,0.7734046618265189,e49c5818600cfd33baaacdca50e5aade0c1e6589e518a7fb02f67e2ccfda361a,935ff80517b841a3e419d51e3918cd633e85f8f5ca043180233cfac8f7cb08d6,c2c4db09__horizontal_well.csv,c2c4db09__typewell.csv
c2c6fc71,dev,c680da48245f1da4fd4903cee5540da85c00f02d062db3c83eb4d768ef475383,8840,1721,7119,0.6323529411764706,4a42468ac527264e3d57a9408979ee57ff331ba777554617acaafc4318905ac7,3dcb2d20ef01687802d9834c2e597ebbb62c86569774d4669193114af36c86ed,c2c6fc71__horizontal_well.csv,c2c6fc71__typewell.csv
c36625df,dev,5ddf4ded60d45e40e22ea9b6b3e199cc6b452a532f974414054bcd7c9f037c07,6386,1644,4742,0.2530535546507986,72c65c801f8256c56ba6823672219dede98d6873705d8412e335a9ed5a584ec8,bee30faa7a654f389542ab7029c643a7ded9ba4dff45ad704b1baa371fc42496,c36625df__horizontal_well.csv,c36625df__typewell.csv
c3957531,holdout,33c6abbb3cad79abdeba4182a37542860e5bfb253fc4c1415ccb1db767e13fed,7254,1938,5316,0.9616763165150262,96beb831e048c1c0d69f8e92e8fffedcd3c573a9ebfdc2c7620f00f44402fe74,8eca1b01693b7224a1bacbc8a619d105d283af5aee46e372c1533fd70cb40e6e,c3957531__horizontal_well.csv,c3957531__typewell.csv
c42fe306,dev,bdd9b88926bb9569a86387161b127a7bcfa7eac177f9f7dfac2af39837c32dde,7023,1928,5095,0.4451089278086288,04da0561780f01175205c9ac2e1dc1bad5389041361c442332f52d2dd28d5f5c,9d7b7eeb8d41a3ac1fec3a4f2bb053425b7ff80c5e8ed4cdf689de289183b890,c42fe306__horizontal_well.csv,c42fe306__typewell.csv
c43812e2,dev,6b0a52db47eec289ea9cb80488bc1edcef4a47e61dd531ba26b7e61a87256b18,7293,1766,5527,0.38530097353626763,a0361055361f8e881560f820b5b869d591e3ecc3d7d8645d4f52fd8a497923de,70aa8f3926d34a1fe22f190e9916e7fb6274531bee0f16529f5042f699f70efe,c43812e2__horizontal_well.csv,c43812e2__typewell.csv
c472c0b5,holdout,35772d971b404fefe274fac9e8a5eb07065d323ae5d8c912ce3a62625afb05c1,4867,1813,3054,0.9204848982946373,e0b85475ad1bb52c40ec012c44e6485db6b2a7ac0768e2efef6c343369b49bd9,8966b0f4f4fab004818ddd4e6f92fcc4793a2d8d54e107209d8c547b4127f7bf,c472c0b5__horizontal_well.csv,c472c0b5__typewell.csv
c47e0767,dev,22d1672e69c769ee2966c3bbc14b6129766d293bb1c54d152a7322fa70b2e870,6099,1743,4356,0.8819478603049681,d1aa4c1fda086990e91f507b49a8331ac83781d7bfb992e087fbbb875ea54d01,9a7ae7392e275dd2faf98681cd47397b85f0e1ec4759c56fdb5dee335481a8bd,c47e0767__horizontal_well.csv,c47e0767__typewell.csv
c50b42f6,holdout,90f9b254670aa6036b815ddac550e5215baa493fab24b2d850e7ba8020d2934b,7920,1906,6014,0.8122474747474747,71088c1f3b118e4d707f2c85b3330556922ffa39ccbbb766a98d479f1935a23e,b064559b1987795c80082048e56e48f6bd305b5a0d5b0763d8789b33de4e90e1,c50b42f6__horizontal_well.csv,c50b42f6__typewell.csv
c593337f,dev,8870adf3e2c8fd2eb56ddeae319249c78abfed8a8c0065c56af54e9da3306f3f,7118,1910,5208,0.6868502388311324,bbeeeb4b3ebc2998dcbe688906cb5c7aa5ed85ab4b7d3304752061bd9b55664c,0479838d780f323a08d22d93194b0a5a580a168789d25af609613128d711f2ac,c593337f__horizontal_well.csv,c593337f__typewell.csv
c59b6c4a,holdout,ad094b167316292078497d8d5348e22917dddd7700077508d876bb98785bbba1,7460,1961,5499,0.8520107238605898,6ea9bdaa0b9f006509f3314b387a9f1f99aa02fd22448fc68fd4de8c73b56792,4c495808fac22b9b04df89b065047e182f4a163ba3d12c4740826f9dbcb758dc,c59b6c4a__horizontal_well.csv,c59b6c4a__typewell.csv
c66be2b8,dev,a15ff44c29a0a4c9c3b1fd7ae08dcba36ec5a5e6461bb2f034513b81b81dcfd3,6207,2053,4154,0.7372321572418238,b314e576fd850ef188c967e636ca5941a7e0ce1027c5e09d1fc5a0241c55e65b,2c7dd3d6b6ce48f4178353a195f86d383ab1bbd5f5c00ed17af9bf689c650261,c66be2b8__horizontal_well.csv,c66be2b8__typewell.csv
c6797dd7,holdout,404e6e727621dab683e2be5060818c25da2d58836709031b84d54131a68d17e4,6281,1617,4664,0.8200923419837606,392b5ad7f776bbb9b52619e3ee1cd3c25f2b7ea3c29fa6250169147e36913ddc,30ca5ae02f0840b2ae3ce40798930605724d4caeb438c3b83bf2f67e2705349d,c6797dd7__horizontal_well.csv,c6797dd7__typewell.csv
c6b782a4,dev,e392fc3a79097a8dfd88290f776b45a908c72a7d46c96dfec06cd6b212e4fa71,6675,1798,4877,0.7262921348314607,2aac0323cb8134ffbf94583101d827588dcdb43ab85c66e39b2375b5fb045f9d,02c1cf8bc3c40fece07c9cec002e43c314c112e91fc56c0efc141d007002e1be,c6b782a4__horizontal_well.csv,c6b782a4__typewell.csv
c6c96179,dev,c03b513e3e68d353594fc51a7728b701a271c31c7ad58d69189333ab7feb2e3e,5813,1809,4004,0.6726303113710649,2db046c0f931058b951e544930cd029cea2e01c2c317604caffa94322910ce78,f2854471c6f372b83077ad7db20803e8cd2d310c32ae76bfb32c2188f6381136,c6c96179__horizontal_well.csv,c6c96179__typewell.csv
c70c0e01,holdout,67809a1766cb2ab46b34a691ff1a508659110722ecda82b4d440f5a6284ff8f3,6057,1745,4312,0.3161631170546475,8f6aa703629fa84354dd2b829df22744ba02b14855e2f9834f063ab9f403cf8a,4d08ad739f4aae04beb7d4bce8a7704ce2b9b0f1e1305affd7ee0436b8ef96be,c70c0e01__horizontal_well.csv,c70c0e01__typewell.csv
c84c65be,dev,c9f91c7eb396a95b6b242a254e6b0355acb167251acd85df68412bfa0cdae8cc,10243,1747,8496,0.5675095186956947,cdf5a074ed8661a31d280fcbbfa67ac5d5e0ed778d0536587cfff4831a97f9ab,4dc52133e3eb171ff0376089957adf366781ee3b95a40a4e689fd44c0157eac7,c84c65be__horizontal_well.csv,c84c65be__typewell.csv
c8d9680c,holdout,af1fbbde8eb5682e57e857465a3762dddab72086b2106a091206720dc8d556cd,7741,1460,6281,0.6446195581966154,65da0dfce4fba71b5a63d505cb63f5774c6970d39133472099b3daf7be6bbda4,4870f7f6ae0a391893fbd80a0f0b7b7e95f934b3a9642e93dad285852143adf7,c8d9680c__horizontal_well.csv,c8d9680c__typewell.csv
c908edd0,dev,0d2712e8cedd8c6b95a2e3f510b5c03e58fc4027e0ac59c53bb51a601f3d38c1,6751,1458,5293,0.9524514886683454,af02b2dc455b837421abad78cf9de0aa2ea6754c08ba3a8fce67decbe4ef0d52,f14ef1e62710447037c6bd3dc185272801826be75f795ca642b9d76cba287f88,c908edd0__horizontal_well.csv,c908edd0__typewell.csv
c9578d27,dev,bf6c64e0ed39d3b512577ca6a78a24473e0ae75dbf38c03ba7d2c91fc000541a,6202,1715,4487,0.500322476620445,3413e03aabe051699cab1010782a1fc3b2f12b59a9f64ddc47fd044f56855e85,8f3071a791a94f68c37efee14f185ba51fbf52f59559ecb5ad61b9d772fb8562,c9578d27__horizontal_well.csv,c9578d27__typewell.csv
c96c018a,dev,a892661a225b2ef91682967b419b6e35d21dd35bf07112694d9538292f700a0b,7679,1443,6236,0.9257715848417762,b55723a55aa986a4dcf471f7481348c450e02a64b5d7df235ec66466a53774ad,7af236adc696b76689c64e9facebdcb0cab5288d14dba7b46665222439c3c919,c96c018a__horizontal_well.csv,c96c018a__typewell.csv
c99f9fae,dev,61a8d6a92148bee21edf1640ceb223ce3f7cd3dac57a1e5ae7f51c82afa9c800,8394,2033,6361,0.9627114605670717,0c00e483746c6652ffd4d61423024fe403b854e89affebcdcd68c52d7466fb3c,705f435dd4373a18d9b68ab0863d929e9725de16d450ce87bfb1734cbafbfaae,c99f9fae__horizontal_well.csv,c99f9fae__typewell.csv
c9e6734f,dev,28324e2fc4ef3aca1081009d968f26f1a0b374fff43a74dc5027563d1b4e5c44,6388,1653,4735,0.9510018785222292,ab9b6643c8ed850904bd9760b5723551159f8407d2f8cd2172bcebb7964c83d5,b6cbd9b6683dc60dc9fbd7d04c5ce26b4875f206a7f9a60c49992aa7da7d5b14,c9e6734f__horizontal_well.csv,c9e6734f__typewell.csv
c9e980e8,holdout,f2cf08e57726a04b1994777470373f030924aeb95ec26a72b493bc6d23dc2931,6262,1903,4359,0.8471734270201213,75f6f263feea660942bf5afc9fd300190546006213b3595194bcb01f78ba48d1,f63c4ea05aa2f52ed419b36412911b88077998808df4a8b4f30240c81c578bdb,c9e980e8__horizontal_well.csv,c9e980e8__typewell.csv
c9fedcf3,holdout,8da228c6909ab660c64937ac85d0bd9256a7780f7f55bd7ecde5293708c6f18b,5210,1693,3517,0.9431861804222649,697081db42d29a4c0399d87aa61e4443b1198ec58edadc5b3b00b1543655e16e,cdb73da47d5caed233c57498c635265ed82022c910b4d50d5e7a4d6e2d884acf,c9fedcf3__horizontal_well.csv,c9fedcf3__typewell.csv
cad13e8f,dev,788f272b3094a1c26e785e8c1d5e5010c24a44c7b2074754a2302e759c39ae0f,6866,2018,4848,0.9580541800174774,6bafc02f98fcb2bd7a8b6633779bcf07c0250cd6812b80a9dd501bb946417a61,7074c25520a41239801d9f6debbf6b1ad6b2f67de001aba409de49699a88e374,cad13e8f__horizontal_well.csv,cad13e8f__typewell.csv
cb34231f,dev,26c98c01460eb8c72cbde7176dac87a7ed061b05044a2b72e7406099200d4252,7510,1901,5609,0.9115845539280959,ef7c97c5e4e3195287ad8f21c0afd43bc6e16dda24e9702872933868d2fdf6f4,e4db9d4d42d2bdd27fb662b473df226af8735340460f7de590e45c5155544584,cb34231f__horizontal_well.csv,cb34231f__typewell.csv
cb879f40,dev,f5f4a9b0d948f900ca8cfbe7a1402757f88951c7b275ef071fc50817ff76c1e2,7904,1589,6315,0.6467611336032388,1d48c746a5608dca0b8df084fdcd7bd3ffc1a98212a2fec8e5b89f986be14f5e,0d28fb5510671fbfd6ec6706cfd69332196a6500cbc7fc969b73d37f30d65fd6,cb879f40__horizontal_well.csv,cb879f40__typewell.csv
cbb406b5,dev,76510153282a1297cc39aacdb7db378bb7971f20dcb8f22bf89a31ba91eac901,8135,1807,6328,0.511739397664413,30d9e5c68fa21e95f0dc3e979ebdaf2103bef6a3aff298668d179267f521d1b3,3730409da6236118324bc908b38941de99d5b6162ea92c4c3dd0427c1bb3ac74,cbb406b5__horizontal_well.csv,cbb406b5__typewell.csv
cbe51de1,holdout,fbefb0328f71149d9c55c71c0cdcee0ac42565a1ed70ef694056e797317ee435,5362,1399,3963,0.9328608728086535,208f3615cb60d88558231799198ba1a52205cc028738e72e1aa9da10f8e3bed5,1ed5e5bb482ceb665d2b40e9309c5dbe950672baa70cba8dd3d56d48cd441b77,cbe51de1__horizontal_well.csv,cbe51de1__typewell.csv
cbe62450,holdout,d8d1f3256d28c665ac55a6ab2eb0e3dccd4647dec3c4d7dee080aff6913c6125,7858,1600,6258,0.6737083227284296,4c1d0439557f58e8bc86a62295e28f3207fdfb59146619556b8d4777e1bb639e,a95e7bb1eae00fd5f40f93fda508dc92da81210537425b202adc7b94368738a2,cbe62450__horizontal_well.csv,cbe62450__typewell.csv
cc08aa63,dev,72e319cb58dc4c4b1dc52bedf459daf8e3da215b3d9750df3c7f42de7a9242d5,5018,1744,3274,0.59386209645277,40aeef4b54ffeff5c9b6b35c7686e35a0cd278e4eb375115205e9baf32090d39,553122f28433947735af3fb3c10253f8fe02dac8b7b0ddfcd3274dce6d40fcaf,cc08aa63__horizontal_well.csv,cc08aa63__typewell.csv
cc8a1d57,dev,1c4069fffaf922d2abe4a4dcefefa9fce84eb621c90c6608f3879c74ddb94029,8321,1683,6638,0.8416055762528543,9fe949912768c7b9fe032f6366fb9dbc3197a69f7a29c95f23ab21ae56ee443b,fd73e361303553c4089fe6aa040862b86f4b0ae0aa31b8c1f75b5304056e2aa0,cc8a1d57__horizontal_well.csv,cc8a1d57__typewell.csv
ccedb12b,dev,7ed87342c6038dff0cf5ccedfef97af067fa265d6cdd749f37643be0c5a40ac0,6427,2026,4401,0.5742959390073129,72b6efd5053acbe1bf75e9b53ee52db070a4caddc41c559c4f9ebaddf13a32f3,bccaf30b5d0426f71636ce4ba2b356f7e9cb21218d913ee8866e190de6a5c0d0,ccedb12b__horizontal_well.csv,ccedb12b__typewell.csv
cd7f1687,dev,2bc5ba2f707603536d7baef0dd4e21ce6873f34f5789fc8a79ba44241cdf7370,5981,1749,4232,0.36264838655743187,002acdcefe2a9f3985dd4622aaa730ebc25b44257119c1d1399f0dad3c4bcb97,d6f824471c5f9962b696c5013cdae8dd3322d3d3534b7b6913c7f7656d03c964,cd7f1687__horizontal_well.csv,cd7f1687__typewell.csv
cda7eb37,holdout,af6c70ae2d84de7f127beacbf94572e107a478e57e3f314920c45156bd073565,7620,1647,5973,0.8482939632545932,71624da4f31e2cbd99a8aaa67298e3c7611872123968a299730b0fc368e247ed,f98a54f3527ff608a92022c30a4f2f280ba10c5fb55b27bc27b5e05f6531450f,cda7eb37__horizontal_well.csv,cda7eb37__typewell.csv
cdc31d65,dev,ee3c880ddfd89c5f7ef93dee06e71441dce1f8524531f8d300d51aae962b6a82,6608,1768,4840,0.5543280871670703,925e6e92d6ff0d9e77ed007e9bdd15109c72864fe02e96fc8efc4db85cf4cc60,bf782baad43ac9eb4c207001cb684737f56df5e0246eeb743801c80cebdb8e27,cdc31d65__horizontal_well.csv,cdc31d65__typewell.csv
cdc60a53,holdout,91e35c473ae5780ef29c60f37f2303e6f02fad7b88027c923be16cbebdbd2844,7631,1753,5878,0.4637662167474774,e0c2b7b7a0035037eaaa42f2ff05853179378eabda2c127f55191010de769af0,5224339c3aeab2c284f017fceae8dfba89299bd0608695c70c8aecb9d1cafa19,cdc60a53__horizontal_well.csv,cdc60a53__typewell.csv
ce55ba43,dev,264f81bd06c4152e9efd70afa15ba00e3dce62df99c8742627122bd61f93d9e2,5658,1554,4104,0.3647932131495228,982782144eab742429302414b1297353d55ca5cac24a0f265b8abe2d34a1e50b,1386d8d536e74d1eb96c7c1af04bcf5c579e7a6d232357c69e93607aaa6dba75,ce55ba43__horizontal_well.csv,ce55ba43__typewell.csv
ce8399b7,dev,1f09a3ca44aeb97357959fd0712d0bd6e9116b7059fe81fb8d7edb502f6d07e8,3548,1933,1615,0.9410935738444194,acf5d25ad37270adf57c7bb702465c6317c1b6d0c7d382229f5d4ef265183993,cfa23db47023340db566f604c58a7854568f2a6e9391d9d690445d0417cf3a26,ce8399b7__horizontal_well.csv,ce8399b7__typewell.csv
cf50c9d1,holdout,6b2528771fdb1f8d8ba785bcf72f609bb75f9430873020f2e4af4e339acb53dd,6634,1776,4858,0.8289116671691288,b54542339c4ba94045e57ffd63d278a9cd13c2e2466c12656317ed89afd5a240,3cf4eeb573c8e018b5a1ca5a32a464ffd83bdd0ec33ec136b9cc8dd2ef3213f6,cf50c9d1__horizontal_well.csv,cf50c9d1__typewell.csv
d00e7eb9,dev,47143aecfed87aaf7dc66d8da8e2f8dbabac24f57a46f2c37e3ea5574d400578,7321,1617,5704,0.5310749897554978,b2dec20fc1c45b731d07b36b5e046ffa07ea0f0ba59c9c8981ad1ad635758db9,9bbf1c51d3a9b8a334faae3f10e632ebaa9b90cf14f804a4e3874b08a2f2b100,d00e7eb9__horizontal_well.csv,d00e7eb9__typewell.csv
d011f41b,holdout,6ba409d6a11775872bb6647dec72c77c3f90b083fe300f4ec6e029a964c60537,3906,1639,2267,0.9549411162314388,c9205f982b530ad70bbc6714c8917868877b847f236f59b052d263fed14d9d73,a713155c161c30a6e6f7b79031964a00cacb18aec97dcbcdd62ae42f91a590d8,d011f41b__horizontal_well.csv,d011f41b__typewell.csv
d07aed8f,dev,95fe21cabbd37b526c8ede533a8342df8e9550f40202d522e7e03c8ed847eddf,4709,1752,2957,0.7050329156933531,5a3edea948d3efc7b07ccd21b07fdb863675ce56592181cd41e5ebed2e0a2d42,4979b2be0dbd6ab3f1a5af2ea3cc9292da16448fe1a0368baea82387e19d1691,d07aed8f__horizontal_well.csv,d07aed8f__typewell.csv
d085e611,dev,3e6cf6033e01aa35ebce138990a3be7f734c0182ecb8c331f44ef1f90bed14d2,7852,1661,6191,0.5289098318899643,4eff0b397c2cf5f3c96b7409e317ef8111efdb46582301b3a760c2f24ff8c334,f57b9dfd4f383fd42b1233ab9e2db53d841ad6eb93f970207a45968e7c59b1be,d085e611__horizontal_well.csv,d085e611__typewell.csv
d0a0e7b5,holdout,dcc07c36f2f1c67c56bc36178cdfd03c03b5192c5b7e9e7c7676033e91e080c8,5423,1607,3816,0.8668633597639683,d536033c9ae6533e66d396830565973a7008fc01607732b021d0f4bccb5a08bf,3c57411ccb91be5215a1d06bba7107e5fb246e4dab4c0ebbe566eefc7e07c91d,d0a0e7b5__horizontal_well.csv,d0a0e7b5__typewell.csv
d0a43760,holdout,11c7b208e224151364dddd193072f0aa4649afe62929396f575faeacdf30c8ee,5502,1461,4041,0.985278080697928,3419392ca9fc03ba44a8ab08ea8939ed6efa68ff01cf446f46350e9e63b53cce,808e0e8c4421d365b3d3344bcdfaa4b62f27b2ae9616e2cd45a8eba4f6f6348c,d0a43760__horizontal_well.csv,d0a43760__typewell.csv
d0cb63ae,dev,9260781d76ffe713f8013c6e98a82ac60e6d6bfe1cbd1b5798327ce27fa2b05d,6859,1636,5223,0.667590027700831,bcca13e8cbec4bd16704fe8dde0fd8769edfa3b5a63293ce4f3a52ca032dbba7,cd6172c129787d19c1968918dab0277540ec9486872e2dc03b3c1ca9f15f1e88,d0cb63ae__horizontal_well.csv,d0cb63ae__typewell.csv
d114d9c2,holdout,b775a84a66857dcf1b9918e3d585971eafdb55d92a6c6b2ebb7519220692e632,7543,1337,6206,0.5569402094657299,ed518aa841d10bdc64d4a0d855df886a90226a2902901e0f96503678b3caf009,8e6f06e78d23daff9a580a93df6215d8b8185b9c2b70ebf03e55746991eff6c0,d114d9c2__horizontal_well.csv,d114d9c2__typewell.csv
d1457cc5,holdout,971980e08d3be14aa5bd86544a51996f4537f34657312df7c8ff9cd9504a5fb8,8443,1523,6920,0.7047258083619566,94e0f7ab5655d5b41c8094852c4f4122d322d88144b22779002440ff1eab3c7d,1b8c8b55b6668c51ffae06c77c75132bc21a6db962b19fda859f4b18da70603b,d1457cc5__horizontal_well.csv,d1457cc5__typewell.csv
d1ecf309,holdout,d4447cdf458b6083df90176d127d00012287160377c32422419bb950c2a5c01c,7864,1696,6168,0.5188199389623601,13e4457932ea61279bb4556e385e303a38f901fc13865ff0aceaed8e4a71bd9e,f92afa92675ec5c32cc1ce8e1a99f1c0cb88078ff212b12179d348f56bf706f7,d1ecf309__horizontal_well.csv,d1ecf309__typewell.csv
d1ee630d,dev,38ac36220980cf145d4f25ea6383c38d6417d05d9075adfc19e31afb1ba76007,7879,1589,6290,0.5937301688031477,9be0dd6303c134888bd577fb044453ccd42ded15ec2eaf51d0cd83aa2ce00316,3cf31827c37c69fe142ed03f0ac503e1a2a387a9567fde0111620680f6b60a1c,d1ee630d__horizontal_well.csv,d1ee630d__typewell.csv
d217e0c5,dev,c3a0905e50618acd5fa75024edd3fb07c9496f50c1a1295f8536bfabb52061c2,5713,1875,3838,0.8688955014878348,2cab77f2c7fff508caab95d819bc2a2968f034f8aeb18d6e5410deaa66aea652,68be777c5c0c47eaa0dbfc904acbb9602899516c4004eb89b478fd4c8febe304,d217e0c5__horizontal_well.csv,d217e0c5__typewell.csv
d24ff243,holdout,9c780bc4e48a91e8f06e4cf6cb192cde198b72baa844f9958a0f3aa8c14a6565,7116,1475,5641,0.7609612141652614,0620697dab4b3647047c6843a45208ae0daf42ccbabf1d891624d646d1a59d8c,c3974e85856aa5beafbe15c2712e33a9ce6bb0e0e81039b8171e6564de6a975d,d24ff243__horizontal_well.csv,d24ff243__typewell.csv
d273674e,holdout,fb313d69d98a7f6507a5036410530ce7898b54002018c1e7f35c404b1f81886f,5738,1839,3899,0.8021958870686651,9a50b5d5dd8fbf9ca1e9de55e49a8ef7d97f455b9cc58fd6453742c7cce8628e,34ded9550a1f38ada7260496c14fc1997e90a14ddef68b81fd85aa8b24608f2e,d273674e__horizontal_well.csv,d273674e__typewell.csv
d2f3b1ab,holdout,0cc2775045b21053b9ae70edb18403a99aa0dc84187d2883d43f46eacdb85cfd,7018,1437,5581,0.7787118837275577,fa10b15e2a56ff4db65362c23553b588dcdbb65f3990f7083fb595675b54956d,b65c1d67a67d2c3ca5a2474289bc24f6a2c6591c25bb96600cd6a9d25b87e8b5,d2f3b1ab__horizontal_well.csv,d2f3b1ab__typewell.csv
d3df146b,dev,f1eb9059ea316ccdc7d14260f9f10beebbb682fac76938a268e469ee544fa8f5,7252,1465,5787,0.722007722007722,1b2b83e872dc8320c32cdab3a593eb6524b34cfc2a4728c1ae806424e697a1e4,abf003fa028e9de3e1d55f2285761e7b36e788f02d9998dfa273975a11722b36,d3df146b__horizontal_well.csv,d3df146b__typewell.csv
d40f61d5,dev,b7e77fe30e9a2946004e895d497d426941d5104f8be0277744039f9c26f26e66,5880,1841,4039,0.8454081632653061,0b05e9a4b3282939bcbd67ca89cd10649d3ebd07804b639740e19beb7801a8cb,f4ef920601bba44aafc972e75cf3e72067593a090a3c050224ce6c8275e7bf77,d40f61d5__horizontal_well.csv,d40f61d5__typewell.csv
d41beaf2,holdout,8a238574099b3dd5577bde2fcd3f86b6a12aa963de9aeb62874081002b229767,6592,1839,4753,0.7305825242718447,0f2ad0584d36d11b985ebdf6b15ec766ca0d88c2cede642209721d4468a385a1,7fb4f50a242f1ac58aa3b29faa4587ba729625e436a150b71e3f6a4f4175952f,d41beaf2__horizontal_well.csv,d41beaf2__typewell.csv
d463e527,dev,dd77ee64cdbd7f916a8f4f6c3628d652c1da4d7094e13f0a429ed7e6eeb3df77,6991,2224,4767,0.9490773852095551,bb4f04c1d00e932537ccdc6829a8c415fdd66c1c2f09a30b4dfbea0a4b2642db,6c78386a7d0bd5d3667dcd9797b1915dfd7e3da6c35ee9cd7bfaede8e69e3405,d463e527__horizontal_well.csv,d463e527__typewell.csv
d4f60a28,dev,7b50fce1678de7ccf597236383ab1fa3709930f21a42d6f4eb2421cf4bfbc6e4,6435,1934,4501,0.6399378399378399,8ebf1ea9c4cbff16d62f7b9013a9485854c857952fa3f19e25cc23c3e71a0930,1333ee93000a06d2c0f4f33d9598787422188cd9c97e1a26db0dfe2c921c4311,d4f60a28__horizontal_well.csv,d4f60a28__typewell.csv
d50c649a,dev,44fe52a4d1bf29e0ff7012f43bce2668f70e80d030c0e5df3a3dcbe2ec582d59,6548,1675,4873,0.7000610873549176,92d3f8cfd0d1f16ff687371a88486237793fb7d94b02843f6eaecffdbfc9a727,62665987cfe5b01ed3ad16a1e51b297dbba71d49a89ef131ec38c796323355f5,d50c649a__horizontal_well.csv,d50c649a__typewell.csv
d543916f,holdout,08a3d7c2e6a0c2fa30e3562354033c1c64ff2628734817a8e17ee4bf6cc44bf6,6281,1482,4799,0.5115427479700685,fc7aaea281a419f7a0223b128dff07683f58abee86c22c6a70fe10f9a206649f,274b53ca8fda98fca415424598ecb47ca70cf4c75532495ccc39e800b0f4661a,d543916f__horizontal_well.csv,d543916f__typewell.csv
d5df0ff5,holdout,57b466762c6ff8c308df95700e215fb6cfefeafcf87770023af3e8e305e9e2ee,5490,1458,4032,0.970856102003643,535defa196be1ca03d3cccf85e50ff785e864a1f43ae95854b4623434c816dc5,c25f199c0d68bda338c9bc7e5cd2c5032207aec56bd752ec82c1291e0f11160e,d5df0ff5__horizontal_well.csv,d5df0ff5__typewell.csv
d60430e6,dev,9d69b4708cfd3d149a66a1cdd0a7f935f35fedcbe523e0ec0f10e487fb14378c,4176,1665,2511,0.6628352490421456,f264e9e358162024f16e2bc393f74dcf06813c32129694f230aebaea0c3b620c,04925060233c0a7c50f7c021ec9f2273e7690b4ea9c4f4489c790002a18d42c7,d60430e6__horizontal_well.csv,d60430e6__typewell.csv
d63196fe,dev,64c4f7513420bcfd6d7ef0976e984ed199a9004089b0f5cdaef88dc544019445,5881,1371,4510,0.8365924162557388,79092e46165b68244db51be8e811c5923e4d813e7d28659bd5471288a16a782e,620e5329e2746f6223ba0dbb43e05f72c03ef44f7a595fe3ed1cf914b73299a8,d63196fe__horizontal_well.csv,d63196fe__typewell.csv
d6c320d9,dev,7b416baba3c11c3d9602c01d03df2adf1d4039354363ba7edd8d9ced2c5693a8,6946,1494,5452,0.9637201266916211,d2185bdd30dad4d6a266846bef9983c223dfb0c1708236f8b193c6ef4d2e679f,d139c8a99aef9228eaee1108cda011acf847b79f7537cc86019a8f7c8d4d3258,d6c320d9__horizontal_well.csv,d6c320d9__typewell.csv
d6dd7330,holdout,775b1ef3091f7b6c38b8758c0acbcf59956b7c5b8f5c7d6f9663fb5bdefb8ad7,7660,1467,6193,0.9369451697127937,f97b7dac83f17bb382f654eb05552018bd5d44208ce040a9db4b31ba69277753,cce0123542d1d24839d29f7af0dd0cd7b3d81f5cbb15c8de2a4b2779d4407b18,d6dd7330__horizontal_well.csv,d6dd7330__typewell.csv
d7ba4f9d,dev,b318bbb467c7b8e145d3258523b5689007534716c6e26bd21cfa7688bde820d6,7771,1748,6023,0.6866555140908506,26aad65ac8b72bacddda92437393acd0060a8ee6f8b7bf4f58482c5c5b081273,3c79f249dc3e612c153856de1ceb00fb60a8ca64c5f1bd515660ffc582affc95,d7ba4f9d__horizontal_well.csv,d7ba4f9d__typewell.csv
d7eb0be8,dev,825ddd438f2fef9e77a1ce78bb50f81fa13ef416264a1b55b6291f20c2fec415,7208,1807,5401,0.9533851276359601,3e819c5012e92a2a109228552558180d6ca7654f40a00a5a0c6b391b12151858,b3dba2b9710e98f912ba074dd70f338b8894abba2aff440c676effeafce8fc87,d7eb0be8__horizontal_well.csv,d7eb0be8__typewell.csv
d84b621b,dev,2c29e339e97c18a826e6d088cb6d4b68712bdd35ad65cb41f6ba5837564eb6bf,5746,1752,3994,0.7297250261051166,453daebfc62a2acaec8fdf478143539fa8d8be71eda8eec5d488d230d02a01ea,6e98ba8d8adb6ef01826bd8e0e1d6ebff76ff67fcb6b34ad3abc318a2a8e65b5,d84b621b__horizontal_well.csv,d84b621b__typewell.csv
d90aa14c,dev,56e7cc798494b9f1499347226141f81676c2f6fc048835ef928802d3eb37f325,12141,2123,10018,0.5965735936084342,4d5aa31b97f33f88eb9e31cb7d1b606683e3da062a329f02594f02a0ee8dbf21,cf77a300d4edaf792217f9beeef8b45aabb57ecd113213c532e00d123c9286c5,d90aa14c__horizontal_well.csv,d90aa14c__typewell.csv
d924e971,dev,5d4e96a9040c5863761282033971609756c86fc7479968ce9c84650ed8885ebd,5308,2124,3184,0.8918613413715147,85f2381ec497ad085d02840f477cd97116f15a0ff11f09d260c6d6ac21c612a4,023864a68f263d29a1cdf425ed216f261af05581c4a33cfe86d0202052e98d3f,d924e971__horizontal_well.csv,d924e971__typewell.csv
d9ae59b2,dev,675148ef66b9efa86d403ce30cb177bf57389477c949d135218c6df60a73c17a,5150,1502,3648,0.5790291262135923,dc0d6795eabd2238c13efd23e6cb3969b5be979252db5fb28e0ee63a058f11a1,5cff132c5c8ebd48293c8965c85ef3de4d6b8ac9dfea99fc65aa9e3b02af0b48,d9ae59b2__horizontal_well.csv,d9ae59b2__typewell.csv
d9d6d94d,dev,45fe35f281a0b7bd6a0d8e4fc6d6d7d2467046dbcc0b42814df0a1b85de97474,6660,1741,4919,0.8343843843843843,9707e9ec052c7cc7301a9d835fb39413f42a64bf00843c8e254c1bde1e64e8ea,8f50f4ef1b0bb2c46a14d18d10dca37cab78fd7bcfee5bdefe1628cef0708b94,d9d6d94d__horizontal_well.csv,d9d6d94d__typewell.csv
d9eca87b,dev,d42818d3bb39896e266753100b43551fb9cbd1a2b0522eaffecba262605d11bf,7932,1559,6373,0.4336863338376198,0c5964a643c045c02b96a883e95e0889f697ba8a9067333b59d5c6625813aecb,da74edd6d272c140f4747d8f6ed957592c58b273fbe61d9b21d0f44833f92cc4,d9eca87b__horizontal_well.csv,d9eca87b__typewell.csv
da2d4d7c,dev,6129a232239899e9f92d0375a7df9a7d96bb4204277b279fc6cd68472e877e84,3567,1453,2114,0.7544154751892347,558c0704cbd222e2db2c581e779104bfbcfaf48f036932af9072d878de51bc60,e3f1ca69c4bd9c0a0f81f8d535baeadc0cf947f554cf4eb03b22be45ceea359c,da2d4d7c__horizontal_well.csv,da2d4d7c__typewell.csv
da3bfe4e,dev,2e69835c358e0dc9f3c9d00732a78d782e9927c3072eb90dc5302de044523a59,7107,1558,5549,0.46137610806247364,78afb4e9ad3c6fb95e9c71b65da97988368bdcb3298edcf17a13b83bc8133028,6e49f507366c889d27370cf61870943839ffb992927eedebfdd0a657da0b5050,da3bfe4e__horizontal_well.csv,da3bfe4e__typewell.csv
da3cf798,holdout,55e04d438e1eca1772699cda49fedb143cbe478e4b3a387b5919b8eacbdedc82,7591,1747,5844,0.5067843498880253,6cebca789f881af918afe379f4c682d4daf70165e8e296c541457942dbb88455,652df7e8efa0e6b5579dbac2a09d3c4d963ef2742f36f15ffb1bccd92227741b,da3cf798__horizontal_well.csv,da3cf798__typewell.csv
da940160,dev,bdb0a78ac1cb0456c76de3cf475c1e1ebc6d24fc1c693dff7fd2d8bf5eb3d3e3,6792,1660,5132,0.6610718492343934,2bc7ec72a191db9f9c8b01f6f150e997bfe55e99b7080e8937977b7765b46ff2,12beb50c2005ea9cf361e0feca7c2f579290a2065779a8345f05e85362e0d1dc,da940160__horizontal_well.csv,da940160__typewell.csv
dafc88c3,dev,ee9559c3f66844d0a1c510570c33b52fea0d475e8bb174091673a3c1d75aa482,7187,1615,5572,0.9515792402949771,2a740282c5e50e18489a3ceb1cf176e19e3e341dd15043bbbb62659b1c8538b7,4da39e408e273abd39f486f25051f9dc229ac5293909a22c76485d89bae6a628,dafc88c3__horizontal_well.csv,dafc88c3__typewell.csv
dbee6c86,dev,eaf0a89bb7b724ab045d8b264657ab1c68c07050097e504e8cb4b07bf2179206,9114,1745,7369,0.9489795918367347,15eeb645ff1c573f1dbdfd473533702982f0ab8396e6a5753fb15c129e2f8df1,6f597aabb5d15f5390903cf5401da10630bbe8fc7d2ad57efc664ea701593910,dbee6c86__horizontal_well.csv,dbee6c86__typewell.csv
dc5fbe29,dev,a3598711536fe310c8971f805b5862980a78ea5f140b016d516a24b0a79a754b,6555,1352,5203,0.6660564454614798,b575680c928972c9a2e50047814bbd7acbdf2b9d8913bd29a7083a0cfa9ffe93,edb75b8ad52eb715967d1886857adef1512984d8d05b06a9a0f0c5fc0df8e9ca,dc5fbe29__horizontal_well.csv,dc5fbe29__typewell.csv
dc7da28f,dev,55a100c4abe6bed88a2a331b5632f53fbb6b5953da75929fa8d4113a656912fc,6672,1898,4774,0.9262589928057554,2437e3dd7317a09c54b9ca0df0c0844f12f1cf793451d1325ae290938f88476b,791275de8ca8c81116606af12dba7311adf278156375314ccc62fad4682b9ae3,dc7da28f__horizontal_well.csv,dc7da28f__typewell.csv
dc7f9757,dev,8896f2d88885144d17b357b8dcc73829d59c2f44852db4fdfd14d25c22881824,6203,1843,4360,0.46284056101886184,7bde1f17051fa8d4ef6960a740f9e6406add65db16f49f45d51ab5044ab4e672,874e854d2b5250d2d91060336d05ac31cab6dfe03873b1a0661f048142b5e1c0,dc7f9757__horizontal_well.csv,dc7f9757__typewell.csv
dd168de0,holdout,ead450a96ca96fa9352a8c21e35e4285f5fd5d63562ccf76babf57faf6373ed1,5095,1791,3304,0.9322865554465162,1a007c99a91c1c018818d23bfa4a36f733870ebe094abac87e90bc26b53c96f2,bcdbfa5fabab60219df0129f00f8f56216fcb7f6b6cf1776d36b6c9af8fd2cdf,dd168de0__horizontal_well.csv,dd168de0__typewell.csv
dd64382d,dev,e96964fa4b6356d1728949e7b6960d81e583c3f45c124b26ef7d1c6defb9c07c,5058,1934,3124,0.420719652036378,d4732bd6d2a1f6441cbcbf712ee972f76785dad976838cc7fe530f3b222c950f,5d72587c573602d8aed99090a0f3b6e19f82c7e6e06d2056676b0bde8acb863a,dd64382d__horizontal_well.csv,dd64382d__typewell.csv
dd6bc5b2,dev,b833ee5a84d08a0c6eea2580614bb6e7787ce160991f7ee7c70895d8e58d90de,5764,2162,3602,0.9066620402498266,a7d78ca73233db50b1e45859b97ba402cba521f4c7d5bb3033dfc582cae73426,1177b78728d8fab1246cee8760b3b8b4553414d64b289274784798e34da9a814,dd6bc5b2__horizontal_well.csv,dd6bc5b2__typewell.csv
dd7d638e,dev,0233e23f69ddd6e1ec13d74bad3c7650667dd5c3a249a427cd5b81c0bd0ad70f,6046,1745,4301,0.6644062189877605,1f0d018d862d99161f1985b2e2f02603849ae05ea36f866f3ef4d52df3b5a12b,47facd57560f7c6add39687a4e664b953c1da080530c280be519eb3f8a346fcb,dd7d638e__horizontal_well.csv,dd7d638e__typewell.csv
ddc790ff,dev,a82b716f5138f8248cfb9b392ac183898c869c30412b8964ccf2a6698f75ea54,6468,1742,4726,0.5853432282003711,190c2752f0532cc0fdfd837b2498eb2c5901d2a78fa8bd109a86d4d876b545b9,6ecd933b43cf50cd8b185a65ca4fcaae8fd86cce53fc294e18f4680fb2ef29c5,ddc790ff__horizontal_well.csv,ddc790ff__typewell.csv
df71d1ff,dev,c5b65501e7d0eaa365219aa35cfd74dec257030bf406f753f48973621301e7e5,7879,1651,6228,0.46693742860769133,3c52906d8b8f4a4ed33af5ea9ca665fe54d330970db92c280ae01933483bbf62,4206f9c51dcd473dcf1bceca20b3250f9298709167d290b7e6e82cff3d5736fa,df71d1ff__horizontal_well.csv,df71d1ff__typewell.csv
df73b8f3,dev,5be7b22cff50650fe569187302a583722758b0d67882c2ac6792e3f7315ba922,7150,1839,5311,0.3702097902097902,95ba3b80c7a0052552e314e372e3ca1a1f798178545ed9f73d89369061b44d89,1297dc27398d0f19545d75b728751a2f5ca907944b8400c585dd041f5dac7f61,df73b8f3__horizontal_well.csv,df73b8f3__typewell.csv
df8290be,holdout,e9344b01cddd584d4b0a5308ba877ef5bbe405bc7afa54ec210e1eb2f3a32b1d,5675,1703,3972,0.40105726872246694,2c0d89d33c82e8723eeee19846e2b518fdca4a24fd6f191cac35c284b2f46c1b,031cdc6af530afb07b194f4592fbcba39b836b625e382493bc4f4ced2758a384,df8290be__horizontal_well.csv,df8290be__typewell.csv
e0079ed1,holdout,2c6ec8962d37d017003c1afae12cc16e44d3fc425fc50dd08cbbfaa4cde4a0fe,5257,1786,3471,0.7154270496480882,ac85b8581b531ca1ab89400f46ac0d98012c5f77de100294c5a7a8c77dca93a0,0ce3f6c53adb3df926f0ef623a2ab31788b3532487aa47c6842d6a5e1c61001d,e0079ed1__horizontal_well.csv,e0079ed1__typewell.csv
e03b45fd,holdout,e1523ad94f707f3ebe25a2bee2ec48db7b26f548360dff119bc3620951d85dd2,7083,1741,5342,0.6107581533248624,ed9b3165fc93a02d2cb8559bc764699df60a59065c4ad4ff234d85432fab2814,9dab4424b1ffd2519d57539006fca19d688b43b14620eb660ff207a175204126,e03b45fd__horizontal_well.csv,e03b45fd__typewell.csv
e0f36d98,holdout,af94a7f500df60313c38c2e7ff827376951ead75cc870d7ff6b427bf094a1355,6714,1738,4976,0.5406613047363718,5d687343bb2e661768965046c2f68148f98d6e3a1b3d6503dd23b4ecf209ad1a,ab17b51f8a9c08504dbc06af6fe9408f437457f5396ba3f19d3ce6a094bc7f74,e0f36d98__horizontal_well.csv,e0f36d98__typewell.csv
e149204f,dev,bbd3044e885d1c02847dcd4b8748d8698de89433bf07accc75736c81f4d9332d,7549,1452,6097,0.4384686713471983,46d78a7673ee0be999813de97b254a956d2e17999f8a13e846cbaf91af55c8e1,9fc53fa286071f2001f7032dda3c4052f7224b6feae3c4c40392f112d7664694,e149204f__horizontal_well.csv,e149204f__typewell.csv
e14d641e,dev,4d32b6ae293f1fb78c5d559c386173337c4783fa3aa921a467caad91a20a382c,4978,1794,3184,0.3782643631980715,2719fccbbcd069eeff2f38d06f7ae36556d1ad41e5774049c8fa9c5f29660f55,0b1aa2d8ac82f1805af47e3ec31f6dfb23f654d9f5f59c25cf10be9ec4522abd,e14d641e__horizontal_well.csv,e14d641e__typewell.csv
e161bd0c,dev,ea37b5866ec2e892c469f8fbc0d9785d251914972f80beeab4625b83c018af90,4813,1864,2949,0.5360482027841263,e1a6ef74b4637cfbb2f624bf6b93c8942f3bbeb473b5a8d555b8634187d63617,02969116e68655941a79a5c6fb13f29ccd8472ef5c2c4978f2c5f9e30e374ce4,e161bd0c__horizontal_well.csv,e161bd0c__typewell.csv
e201fd6d,holdout,4c75d784420d0de5f5b8643e68159069854384c288681bd090817b48fc561771,6912,1842,5070,0.7173032407407407,8e565d1c59fc0325c85a18f2031ff6f3e7353783c9113c8c2ab2261247072e02,5218a07a088e8554d5515c0beac92fd14970d71166f55535dc8deb0791a05148,e201fd6d__horizontal_well.csv,e201fd6d__typewell.csv
e25f1537,dev,5ae1e7b85261b7a7c60d72c2958ca73328a9c0b34a0ee75963bc4cd28843860e,5018,1841,3177,0.7628537265842965,e898751d932819aa46c18532fd23059d3b11f6e4ecf0f81c279c9300b00be6fb,a60a1f5bd9fe768bd21e4785259fccc6dcebab60798cd3179af24a79d1bf7986,e25f1537__horizontal_well.csv,e25f1537__typewell.csv
e2fc7745,dev,8cb8514cd1e7ab9ab66d335957380f867631afb8f14e65d3ee321c02c9a64f25,5343,1651,3692,0.9271944600411753,db25cc8b8ae5107ef3d18fe783e5c0cfeeb97e4f6178b84cbbeba2c8166b78df,1eb6a21757f7b54f75a280ae668356ea781e83ab91c235da548fde596ff41be3,e2fc7745__horizontal_well.csv,e2fc7745__typewell.csv
e32da4ec,holdout,a7045d6a9539ae89799f421010880bc3b78baa9b525fda23a941736a377a40f4,6148,1459,4689,0.680871828236825,cb30f6fbba53c1c61d90e9b88a7d7266cfbcfd4d9f474d8660cc2b20305d1806,1ab478ddb7a6adf1dddb2abefcaecf3609ec0ebc6c426ae52451657a6d10c1c3,e32da4ec__horizontal_well.csv,e32da4ec__typewell.csv
e3b34f5b,holdout,fe0001ba333113a85501b480e7aa5aedfa0e6e076f8756ab9d0d2cfd2ae34ef1,7293,1838,5455,0.7131495955025366,35a02b2207ac3c28046fb87910dc30ebe32c890f737563f47e348dafd1a36125,75f23005553425c340e50929ef951edc13b130d5405c2e686d30f3dbc23fb632,e3b34f5b__horizontal_well.csv,e3b34f5b__typewell.csv
e45a2a62,dev,d6232f408e1139fc378cf4060931c5fe80115bba42cc8df11f355164f701bd53,6697,1690,5007,0.3900253845005226,8f005cf438ce6e11c691563b2eb5c501941cbc76e29e8023f90781cfc35582a4,df8168801cb0ca4bba7029cd7f7327c125221eabe720ab8d7a890fa37ffd9b6a,e45a2a62__horizontal_well.csv,e45a2a62__typewell.csv
e46f4ef4,holdout,007c90c0f10491ad6068b34279e5c667bfe2b479c9983118908a0ea929d9abc3,8930,1735,7195,0.6182530795072788,5bc8e5be01ad06bce3f6433e4b444f9ff81e5bc4fe268f317cf75640df5acea5,159c82fd2cb882d44d708d2e801122470987289280e8242c8615b988f990fc74,e46f4ef4__horizontal_well.csv,e46f4ef4__typewell.csv
e4726608,holdout,f31bd847ecfbc4509ad178abca4d300732bdd3a2f4a5d4c9e63ad58907147f55,6268,1535,4733,0.6785258455647735,bb0e4396955af24a427f27e0aa63fd43a1184d6859454f1b1f7e5880e5c2a62d,7f163d6f23f8a18358e26e8f3e5b5c24c44cf46b4a35b3f0a602d5428671e10b,e4726608__horizontal_well.csv,e4726608__typewell.csv
e5864244,holdout,a9922add79664c407245a03dde392602cf6f6f8b14f804b261dddcfd61fc27e5,6037,1568,4469,0.6672188172933576,32a669d9a9da5533f6a3aeed2dd90daaad31431b80b1fda9667ef12722100bea,e8c954cff1751119d85a668be8366c7e02ab5c1bae1ce0d75bc15a36cb6c4987,e5864244__horizontal_well.csv,e5864244__typewell.csv
e5c92e59,holdout,fa53a37474c96c1005ba4c379a2061c0bf1bb16d3933d47434e1b98568de64c4,5927,1632,4295,0.6460266576682976,2d9b99abe2d9ff8ecb9fcc83acdd76655610e98af863f57aaccd494d28cd8047,390de9c81cdeec8b6962d4c18481d0409fbfbec1f7fb60c32a781f40d57b7eb6,e5c92e59__horizontal_well.csv,e5c92e59__typewell.csv
e5ff9fd2,dev,57aa40fffd56768f85f05d76dbec245c568c76cc6d28164758e574a19180e70b,4198,1844,2354,0.4878513577894235,3174ef2e0585c914b3e1a9b9c72805ca17505e364041c2978cb283d272dd7001,b9e2d0b681e1bff720db410639152c4fff2316d2b8bc6e53a275f97e3ef99e3e,e5ff9fd2__horizontal_well.csv,e5ff9fd2__typewell.csv
e6c55748,dev,0ce11f40cdd79b161372ee706d7638d7a7574e8358b0950d09f7b3f882c6a90f,5959,1487,4472,0.8847122000335627,f0f99252d9ce042eee71ce83c072e0102899d9e336437a259301703e51f82d1a,77e455cfdac01231b350313dd62adbb5201d21354e236cd75fa66d435503493c,e6c55748__horizontal_well.csv,e6c55748__typewell.csv
e730c32b,holdout,ae3a0422380ed5f4678b33d05c4a308bfa5ab5fd55107b8ac9a668ab24ecc423,6469,1741,4728,0.41907559128149635,e4b06a009ce9533d05f41147ea5455acaa88a108b15de5076a89468732ecc8df,450a6b5bc28190fd2ee3c8f37043ca5d936275a71b9d0d21640e5b64cb017703,e730c32b__horizontal_well.csv,e730c32b__typewell.csv
e737965a,dev,19c19cc0bfeb6681669d542d90bb9fb134aa033b3e8d7adbd1d09b687c6ae084,7694,1739,5955,0.4013517026254224,9d386c039e065fbbdd52c3ff7aa66d5d005774045f058a91b17f7808cd4077a7,8f728e2449f7b3779b2da922d8d9b0ea84cedd3975f37ba10efb55233cb2263d,e737965a__horizontal_well.csv,e737965a__typewell.csv
e748dd88,dev,5568595aa41cd5319cfabefc4ca216eebede5c23e47d2a0af548c1a1e7105252,6264,1452,4812,0.9663154533844189,f92c935b016eaf883c6d14017b18dd025c5e96d00ab8af8a8143fa00e2e09760,15422db2f5e26112ca1544e817230a3e967f63cf8153408c3a6e91f9fd9d4791,e748dd88__horizontal_well.csv,e748dd88__typewell.csv
e7818f7a,dev,86686cf2bb05e2e71a25c61c5c7a82604ffc69422cedc6c91bb674b402216cd4,6829,1458,5371,0.7576511934397423,695cce3eda1a5397311a65337ec38ca9e8cf18544e1fa1cc2faf31d85db49e98,331f51e459fa93a5201666ac52a7aacc0a10e9b5158f396048ebce848641b1d3,e7818f7a__horizontal_well.csv,e7818f7a__typewell.csv
e7c36e81,dev,8bb02217a5f0cc3ef27046755ed34283469d1621039e347cdcf640267640de64,5655,2124,3531,0.45941644562334216,88ae3a5773ce930a8910b4a17c1bb4f92081050517dd72ec6ae92d21532d3259,53fb008a419a47111c1b13e0ce7d636da7beed2172ff7931f5404c4ee4f7d17a,e7c36e81__horizontal_well.csv,e7c36e81__typewell.csv
e7d0c1de,dev,e927bee1954b9365c7e26910c57c11020d9a5466a7bf933b3f637b0fa275bed7,6455,1744,4711,0.9634391944229279,aebd8b4773f9232d2fddbfe377528599eafd40ac426852c1fc191d4cb0c2d57f,4fb5c50740ff5e69b08bdc15f77dfee49463b38a599d8885ba2715b54a90c965,e7d0c1de__horizontal_well.csv,e7d0c1de__typewell.csv
e85074c5,holdout,b612a6fde2db865d0d7df6bf0b29a7d8feefc27249e5ecf741f4b958798e3513,7236,1561,5675,0.5581813156440022,c9fd013262d7cce998b38aebda87cb88f8f94873623e1d368fe29e19e396cba2,71fc2c1536f92761eecf17194072cd52a84be29a9f3e7afb7584380808dde476,e85074c5__horizontal_well.csv,e85074c5__typewell.csv
e97032ad,holdout,5e55b7def44b24584e571f6078d4ed24f42e25a2f22d383aaf9d02a65ee13796,5654,2124,3530,0.5162716660771135,9ef2ae177c4c5966fed8febaed4aeaba89bc3a03ec82b34c028bd99efd047bb5,65bdabd78e7146bb9244854eb8508f55d2ffd5867a01a6d6445c278eab611810,e97032ad__horizontal_well.csv,e97032ad__typewell.csv
e9949a23,dev,7de749ef372e2115dc9f73c8933318cf80b2a8a40b2b6254b3797454ab7e8bab,6407,1848,4559,0.6260340252848448,163faea90a73f26bed1fa81fd643f80ac8cd24c8df31b76bcc318f7a000fc228,39a09c372a51ecbda29d5dc9abb3e1b1bf4d928a8ea1543cf68b0c18ce0a9e66,e9949a23__horizontal_well.csv,e9949a23__typewell.csv
ea0b99b7,dev,1c17ab899fe4b39b1365d16aacd821f19724262d523e3f0323e87045b3956ed2,10939,1700,9239,0.48770454337690833,254ae2408cd643581d7120acea3a6a940231c4374ce1a18accbfa755d10108b1,0ba2899c60ed93ebbe1be806c4cb119d6c9bbc05b3fe6c6648c257fba63a11ef,ea0b99b7__horizontal_well.csv,ea0b99b7__typewell.csv
ea3a0e38,dev,53840bc189dda2c2b9fd4b95cbaa16feda2a3871e582833232a1d0dc4e0b9615,11794,1742,10052,0.45819908428014244,124c752ad643a3b2a4a81ed46cd91405c6be2df45a10755109f55dc3b3da555d,af1ce90a640b172e7c14d737cd03ca896945afdefe917032890df0dbbfd73597,ea3a0e38__horizontal_well.csv,ea3a0e38__typewell.csv
ea41324e,dev,90bdc5fbe23130ccc8ebb2480d93f8896952d579f76bfb8a05d59dc40f23ed55,6839,1814,5025,0.6876736364965639,8e9e24d96d32201b786095af626cf804bf414e26ea90684bf04c73763f0138f2,051e70256565abd5cd0283adfb727c11907199104da16caba007e9f848b98874,ea41324e__horizontal_well.csv,ea41324e__typewell.csv
eabc711b,dev,2ca25e9fdb7c43ffba3a03db0284fdc0644c07d7b43bf2d501f67b021453e4bb,7314,1966,5348,0.5888706590101176,8ef3ae8b64f1666b202b5ad90a3681209b64d134307d27ff18fad297f63e9294,274d78b462dff7edaf46f5ada827d867b378573de860f0badd558cdd3edfa232,eabc711b__horizontal_well.csv,eabc711b__typewell.csv
eac10e86,holdout,32862fffdafd4c9e7a92d2d30c6996a47cb63e2d3097911a35244ee4342e9086,7501,1434,6067,0.7577656312491667,3b2c04cd7d480ca36cc3e09037cb4fc511d9e3f4190a3f3a2022ebfe9290efaf,ef9286c699ce5bba565b3b18bf9147a4b1fdc6af628215d7f3d3789aa0b9a07d,eac10e86__horizontal_well.csv,eac10e86__typewell.csv
eafb863e,holdout,1af39ce37f5009ab26605c1caabb6314e3fa3b051fc906239c614a12a5e3bbc8,5317,1749,3568,0.6851608049652059,66a6e454d6d157b92945411af54fb697e298e6679d7d37f78c993bc26789439c,dd99a20b9d79ff0e97873ef16ec6e1995b37e899baf3eb46254a7c8c13e6765b,eafb863e__horizontal_well.csv,eafb863e__typewell.csv
eb06a4e7,holdout,fbffcf76144893659611fbee18b7c4ffeb8c8b5eb0861272776aea28caed48bb,6379,1844,4535,0.9637874274964728,989937b2b927fe6a35ae27c2d7f44ee3428da432ed18b782c869a3b5053411a9,03e0659747583d9653b89ef195230a8bf411f6e6e5eaed9df3f0a36e380d6aeb,eb06a4e7__horizontal_well.csv,eb06a4e7__typewell.csv
eb640a35,holdout,f98ad8a2353191716cf6f7a6e71f7758920ac667041cc453b36c6d6c6d8dcbdc,7782,1745,6037,0.5240298123875611,d0b34cf42f41ef6dbdd2521cae9be9a3b606a71ceb86f315aacbc0a10e9041ba,d556e04708dbfa95d5adf6626c28e17a8a3c3fff635dd3932b0c59f3c2718842,eb640a35__horizontal_well.csv,eb640a35__typewell.csv
eb934281,dev,335a533f7ce7e60254899a49f78b21f7c5768ae016d9a5a723f36d23063d3e6b,7812,1841,5971,0.8433179723502304,710800760139d6c1f381223e25be7bb27b4a6f1705040725a993abd41f08e9b1,fbbd5dcaeda1b1b378a24a1a813d8cdf18c7a2e1d5fca49500949736aa6129e5,eb934281__horizontal_well.csv,eb934281__typewell.csv
eba6605e,holdout,5cad47fad5d50f547cf15bb2e2b2e3f21109e1b696d270c032e5e3279159a7a7,5719,1309,4410,0.7922713761147053,3d06b05cf2c7c3982bea1369b2a5233afca183fd853ae936dd526990d821404e,ca126ea4b8d6ad64c9881630219bc5ed5a6c87c8f98dc358bdfd93173798d1f9,eba6605e__horizontal_well.csv,eba6605e__typewell.csv
ebe69318,dev,41d618cc4149d746479df66b951fe1b8e87739b7dee87829a1f94d89733bbc7c,6718,1742,4976,0.7908603751116404,72c3ea6dc223a8c2a9b85732b184a8e177c42cb44a06033bffb902336c3ffbd3,64f931680d3604598628d2e9f9cb6b3c727cc54405f58ed50464606c6153110c,ebe69318__horizontal_well.csv,ebe69318__typewell.csv
ec0d597b,holdout,21a92c21c6f8d2d1a463d93f63abe4924bbfa16650c6347cfa32cfac225ce51b,6452,1836,4616,0.9282393056416615,df382ecbe115fcf8c4b91ea091fd04ab4d499331a39b3752280c222ae252c918,5daaeadc664d5c2adcebb1b3720ea4314da20ef9d5c510a49dbe9440c5aa470c,ec0d597b__horizontal_well.csv,ec0d597b__typewell.csv
ec13af42,dev,22a9c202bc94e326d71da37715f551f3b4b317a02901ee563114ddb18d5ad410,7362,1900,5462,0.4837000814995925,c24476fd6a899308530eb8f7ada3eb4da268597445473c6e6d35399b2c5227c8,0b5ce3de22ebf3de491fe72383586a0406219c392a9b70398f1c0366350e6cb7,ec13af42__horizontal_well.csv,ec13af42__typewell.csv
ecdab904,dev,94eb27fdcd1e89991e52679204f459ba6a9cd201237026b9975699fdbb7d8979,8176,2029,6147,0.9311399217221135,f3701ff91e5fe8597e8c27c826aec07d18925e3fcc215900f8b89678618b22f7,c72f1bdd05fc6c0d7d28ec2f602a0ae38dbdb8c77524b502bf37431103972ba6,ecdab904__horizontal_well.csv,ecdab904__typewell.csv
ecdaf714,dev,0e6e40a774909dd28c3e296f188927e9277c62c29ad9f8f07b773303c2acaa76,8240,1648,6592,0.9564320388349514,656a88a7fd8f213536d88ab3315c35c32dc61fcf160f28165ca7a0629d1d5a85,2951d6a34a5af9e2a376b5cec3cd243c4d6c3d41a6f9d912c25cb785dfec8e5f,ecdaf714__horizontal_well.csv,ecdaf714__typewell.csv
ed6436d6,dev,5ad85c76fa37c244121b9cdc7c8cf893140deea91823dd34aa2a92b7b70b2816,5027,2082,2945,0.9635965784762284,10800d94661fb4ded455074282ec66cc4e8f420b945127056ae1c4ae621bde79,6416e133c66bdf1ca5dd82f2b945cfab7fc98b323029696ba574bd1e3781a30b,ed6436d6__horizontal_well.csv,ed6436d6__typewell.csv
ed6e6e54,dev,65b294a2dc6c19cc037d0eeac3c41de15386a000237179460eb35ead09ac18f7,7385,1337,6048,0.9244414353419093,a257c519e4ec01387ee1c01b0b4469a8dea361301e549078d3efdb946ed18e60,9631b56da8df3a22012c86313e903c7d54db7e6a45faeba56bb69522c37609be,ed6e6e54__horizontal_well.csv,ed6e6e54__typewell.csv
edf885a3,dev,f7bbdcacbc44317370070d9bb44970e32dff2457c15f62594e19034255b0e7c6,4863,1746,3117,0.895332099527041,1cfa8c589a7038520e5ba190bbbfeab85b870c82b01416970acf6eac21dd2534,a45d9f6099d6045bbef6ce5ae97a93ddb80bc20054b9624acff4450c68c47832,edf885a3__horizontal_well.csv,edf885a3__typewell.csv
ee0300f7,dev,227b3e6f6519a6888bd55af087e34190e4eaf8d51cb4e9188e4c1a3862d07d1f,6161,1617,4544,0.6946924200616783,10b38d067b2a6d62646b6c5967a0b6d6a67f9544e0030a898fea49b01a381f8f,8103c432f9e40b86a2edae0a59c097d2250c3285aa03cdfbf27b59c485c64d0b,ee0300f7__horizontal_well.csv,ee0300f7__typewell.csv
ee288beb,holdout,fbd4a84c7540ea94c01edc030e414ff48d1d5fd4d95770378b27b41ce79bb396,6190,1552,4638,0.6991922455573506,e6f3de4db4ddeee6e4656329228fc98b7b34a84698d16e31c6916dcf5d077d0e,bbfedcf5320e88f9c317fbb257dedf79affbc7eb3e21a50048822dfdb35dc763,ee288beb__horizontal_well.csv,ee288beb__typewell.csv
ee4aecac,dev,dcf862221d20d324b291bd4a0c4df30eae08ea80cc0aa3d6fb605fe65947fbe0,6596,1331,5265,0.8327774408732566,7d914049ae0dcddf35f476d224c08817117cde095ed21f156001916e6cd48ff1,0c934a2ebf8f3500264d50b0876a0643998b3d16ba0e26f1227ad146bc608a98,ee4aecac__horizontal_well.csv,ee4aecac__typewell.csv
eeda36f5,holdout,76ee0b8e4b0a5b7d539955039f01e7a3c5427618f0c28644f6ccf3a96c4aa493,6198,1401,4797,0.9590190383994837,89b56f2034131a58434e5bae3357907d40ba07501b8f9e28c57d4684e0af5bb4,7a85c676cb4fd81410810974dcef984d310e9710da596ab1c991ce97dff5788c,eeda36f5__horizontal_well.csv,eeda36f5__typewell.csv
eeed308d,holdout,ebf1f8bcf9e354517a39879db3ac9952df1135540b388b314226a47043a97285,5503,1604,3899,0.46320188987824823,5800dcf8c01fbb99d7614db1114873a06e06ab316501c1f2c923086194888cbb,3706a79a3c75fc175a11e6de47e1a91f20f9cc2f803383a192f0a3caba22de15,eeed308d__horizontal_well.csv,eeed308d__typewell.csv
ef04658e,dev,700efdbe0ee29a9cb6ce1d24289113b18f7482e6fb3aefbf26abc66e6b281e3a,5664,1560,4104,0.8524011299435028,6b206372b5548458975d2c4926f9b52afa85e90ffd9d7213c9070ca918f022f2,582a3203860c153bcfe9968489d1ff99869f8c993b99ed8b43ac4abe58a55e0d,ef04658e__horizontal_well.csv,ef04658e__typewell.csv
ef8e3ed0,dev,45bc433cc3885b061551a44a237d8e30934533ec96013eac0ebdea7e440172ae,6637,1413,5224,0.5288533976194063,befb01022c2dfc497ac6349e1a547101ba2a9ce4dd1087415b34ac5150803d1b,cc49b9030721323003e5051e2f78ecfa3aaca90ee688e6693925385f1a2ea28f,ef8e3ed0__horizontal_well.csv,ef8e3ed0__typewell.csv
efde6ac3,dev,93d679f43a51802375948ad21baa7241de11a2c609c4bc3c6e33d96ada1f7c0a,6220,1661,4559,0.5856913183279743,207db8b366849dc1bd7737183eb544ba908a082bcfc92f5feb08a49011191546,5ac233d6b098622d618603ba7f2ea84f18a5231773c0c525e706f7a9a0366402,efde6ac3__horizontal_well.csv,efde6ac3__typewell.csv
efe96181,dev,b193c76a45a48dc3b44b3f9b05624f99422e59e876e1ab3cb4e62711ee83744a,5464,1452,4012,0.8166178623718887,94322eeb34a97f37fa1b4be136a48f67dcca65d9b9c616cd59d2f8cea20db639,93785d225a028e7cb7b3e4bb066eb190e89a9c8a59ea98d1b74ae9abd7479979,efe96181__horizontal_well.csv,efe96181__typewell.csv
f0188a48,holdout,b0e2b77a6ebbe059185a7924a937ce1936a09f620d9c9966aab9c69746631a3e,6139,1969,4170,0.9508063202475974,6ef72ec989b3b86b6cb8989e5a17716df7bc5d7891cab0d8c73a5e476a21a924,268e390cbae14ba7f6d52f4863eb57175b76fd003189d5c7f307cf26f1ba007a,f0188a48__horizontal_well.csv,f0188a48__typewell.csv
f021b650,dev,94eb27fdcd1e89991e52679204f459ba6a9cd201237026b9975699fdbb7d8979,5610,1871,3739,0.6461675579322638,9d6ab6f2fb4466ad3f707ef930c4041cba85db25c417c8d7a3cb299b42976e34,c72f1bdd05fc6c0d7d28ec2f602a0ae38dbdb8c77524b502bf37431103972ba6,f021b650__horizontal_well.csv,f021b650__typewell.csv
f03f10fe,holdout,f26b30c26742f9071687a8d7cc4a2738cc21c87523e1017714cc285a0c538786,5823,1678,4145,0.7925467971835823,d07e47eefe56d633b4f37afa8df735fcc6508eccbb72795a0f426c46a972c253,5a6a275d2564d88fd66718adf1a3011abc91319e93ed565f6a9d0449b18e0682,f03f10fe__horizontal_well.csv,f03f10fe__typewell.csv
f053a1b9,dev,88121ea67439affbb6593865b80a776f89e7e9b6a0b81e4af499c1010bb66898,5952,1844,4108,0.8012432795698925,24319b3b998cb6e1fbbb39c9eb8b5e00b85ddf1a298919fd714e49ecc423a075,a9338d6a8909b686ea5c8c8f40d4bd4733a7530f09e136fac9b7e5061630290d,f053a1b9__horizontal_well.csv,f053a1b9__typewell.csv
f074d277,dev,ad7579d20ceeb7257c60a6b33d3c7005036962ed003ca9a0347cf5b033d55b30,3868,1415,2453,0.7735263702171665,4c93a33e314f7335d1df169793ab790f669bc1ccb1c276b38a9e9100e48e0f2b,c0ed600a8899ba18bc3e5df5aca639a784fb00c61437d98112ce7b6f4f74ba6e,f074d277__horizontal_well.csv,f074d277__typewell.csv
f07d7037,dev,bea8d9de2862871062da84435f547a5c134fa010e5d1b07a03eb2762b1021157,7688,2125,5563,0.9588969823100937,bbd3b19e066b88a19169de116a4e82871b29a5a85066cc7cc76a166c3437ece6,65b92d12d5acf8333791503dd0e0cbb4c32fb57d5bd470463a58a3cab88a79b3,f07d7037__horizontal_well.csv,f07d7037__typewell.csv
f08774c3,dev,880197806b5c25d02451c746d042e6db6135ba98691a082c74ab4ee9077f8d89,5645,1745,3900,0.9248892825509301,d7d9aef8ce34aee75a10322e62c1ed0c2b4c8a7d0056d331d062731ae70eb4b8,aae365d3464accd43666444dd4e3fe366b3fda860df6abe9965a18499aea65e7,f08774c3__horizontal_well.csv,f08774c3__typewell.csv
f140c2fa,dev,aae3b07af45c8f116731f4792c2b94a81760b1ed072e6f5626f0c09b6ae53d35,6024,1942,4082,0.7848605577689243,e1097d1cea7c331e36ea285494ccdf9e1c9ce519c2508ecf2051babce8f310f8,47eb410d1f24a14fc5eaed16201b40c02c5eaa20190d4674a62e788cbd45962a,f140c2fa__horizontal_well.csv,f140c2fa__typewell.csv
f16e25e3,dev,86558f84fe079b468bc3559a3d973666d416f5d554a105a60c479e9eb9b9920b,6585,1934,4651,0.5993925588458618,4fa98ab2fe9255c30889772861015ed2260efa62e360b52985c900687547d432,b4c599ea372f1b275b3fc12b38fb283ac8a4f267893283d09b287784d38d8172,f16e25e3__horizontal_well.csv,f16e25e3__typewell.csv
f2d4c8c9,holdout,7cf749f84f568d8a2b59a0a51ed3a1e7ef9570bd0023ea88447e92bfddd7d967,7908,1659,6249,0.48065250379362673,fe275defd68eccb0e57e20cb703b2e8b512fb65935466cb51bb288824258fbee,2d7abc859febd0e614a6dc062489886bb7cff3c8756a11388121ed5818a35419,f2d4c8c9__horizontal_well.csv,f2d4c8c9__typewell.csv
f321a31c,holdout,946fa9cc6d0dd4615a51d662037b3a9e372d9fbd6399cd7b905951e00f88eff5,6555,1414,5141,0.9606407322654462,e568e0c49ee20f41de95f1af97eb892dd0692ab28ba957de8f618e6b56af4fc9,4b9b9c3c2e5f0d32b210e9ea45dd91f716da52dd5ae07841ee10880e0adb414b,f321a31c__horizontal_well.csv,f321a31c__typewell.csv
f40cd091,dev,6ae1faf942d7ac8d1202d00e55666ae44d4d6efc1380908eeff77ed2b331beec,6776,1610,5166,0.3605371900826446,72cd565cced76f8a269a2a40c396fe3eee2f0115eba131f616f00bcbcf23b4f9,c88cbf2efdf994765185c25b17764b03ed612d0ed004b969e45c8fed1575aff3,f40cd091__horizontal_well.csv,f40cd091__typewell.csv
f439a621,dev,9bc811e93a12177931449b8ddb646b0bb9ee10e39ff7407a0b08fe99d923a882,4695,1874,2821,0.5650692225772098,4ba9bf03cbbb66fdc5f973f783cf41be89ac14c632e07c80d4e7de374c03b663,92b01c0bec9bd38c853fc26cbadb320d486a1851b37d07050c7d821f066ac5b6,f439a621__horizontal_well.csv,f439a621__typewell.csv
f49fdea3,dev,94eb27fdcd1e89991e52679204f459ba6a9cd201237026b9975699fdbb7d8979,7027,1636,5391,0.9447844030169347,7905aea79fa4d56ec48bee9e8651bc0bc467b5dcc9d2fef90c1924b92b156a7a,c72f1bdd05fc6c0d7d28ec2f602a0ae38dbdb8c77524b502bf37431103972ba6,f49fdea3__horizontal_well.csv,f49fdea3__typewell.csv
f4d12d23,dev,8aa0ba4fc7e9606b0a2df0debb3d70b03dd35a98cf5adab12b8bc0294394bed4,5448,1747,3701,0.7536710719530103,eee636659b29ff7c0605a50594bace7ff72beaebd52253e10d8d21691d83e131,d4a6821ef01f0d38ebfc18758f78552fad97b4a8f78c05d9b1484a1b1b1a1ae3,f4d12d23__horizontal_well.csv,f4d12d23__typewell.csv
f56d3ace,dev,5adb8bfdd927e039d6d5b41272b1b738a0783291f488d2517b0c66c5bd021717,7383,1951,5432,0.6189895706352432,d3c7881ed2a9d47c4792f0b4789300ecba61cc4ebb68e61f708264c58000d315,60bddb60c7bf5bfca35dcdc647afb4e62b25ed3d8ed2d9cf596666b3b971cb9d,f56d3ace__horizontal_well.csv,f56d3ace__typewell.csv
f5859199,holdout,6eabe7a69cd63bc4b998aa6c556d75c3496de41a43af0249834dd71125f26fe8,7438,1648,5790,0.3724119386931971,fc608c695d85c5c286bd99085e6ae13a97b471d145eded66bb915a03e2b0a98e,002e5958bf93f3d5c703031f85f08059e13147b62a8957e287bd16b6c8d30e74,f5859199__horizontal_well.csv,f5859199__typewell.csv
f5d8aab6,dev,acd383cea8494cb8e13d6d355c5974c7a94a0401212b7cffdcc2f9984e973c5d,6576,2132,4444,0.878801703163017,fd9eb6cef55ec3fe96bba83ec2de69ceb58446ee14167b9abef6984b5405a66d,a184373ac65c313f20b10fd71aca9b8dd646e461fe12303b8ab572c0dba3d59f,f5d8aab6__horizontal_well.csv,f5d8aab6__typewell.csv
f631da6e,holdout,019a54305464195b7280930d3eebe66d99d14b25c923b4ca5962ca27005eaf31,5604,1511,4093,0.4650249821556031,0b7883dc4658ab08d95e7d1a884d9120542cf4db2a1989061564237dbc6c9395,bf814764fb9da6394c404a51c04a32c9acd277dd92dfaba285da0fe6a99fedd7,f631da6e__horizontal_well.csv,f631da6e__typewell.csv
f6824bb0,holdout,5b3baf7848a3591b1d52dea81918e62644c804e0ca265e2542da5d1931249fd2,6864,1849,5015,0.8595571095571095,a3915785f7214b693743d1ebee3cf49a1459dfcef8bfed908ca9e8511123ab33,5780f176733c940e2590d78d25edfc80e636998f26dfef54efe6286e98c28549,f6824bb0__horizontal_well.csv,f6824bb0__typewell.csv
f6bc699b,dev,c439009fd48cc604c00832150e4328517db9127d844bbd0d7425ae74194acb63,5501,1749,3752,0.6782403199418288,18f7f6126d016e1c6cf9206950312cbceebd750123d413731f33d93af371932a,fc0c8a82c457b40b0f1fb5f671ef8f7b5627960e4b1a85f176b7f7473d68e659,f6bc699b__horizontal_well.csv,f6bc699b__typewell.csv
f6d009f4,dev,4116782495e81a1a16cd3d9fc574285497aa41e0ecaf4bb337096d69f20aa82b,8003,1288,6715,0.7102336623766088,6dd14c8eb817ae36515fa1ec2ac9bf710a518ee8f7a6f41340ae28b94251874a,b38da29b6bb11a594c848f4f5116f1401745f3c3c4831170fe9cde69b3724fba,f6d009f4__horizontal_well.csv,f6d009f4__typewell.csv
f72b268f,dev,b453fb7074fa8c15bcd0b070aced81c33d4b947686e863630db9439d7111c846,7918,1514,6404,0.9395049254862339,ceae704ea30df00ed8dba6f79b2f235103dc5447c1295ce7e7ac6faba50e987c,5de974a5535b5c189f218630efa5b754dbf878e0a6969751eba0cf69f4023207,f72b268f__horizontal_well.csv,f72b268f__typewell.csv
f8662c22,holdout,842d0377de19ae78579b01307ec3a85ce53d9c9c6772208111980e7fb171cc0b,6957,1528,5429,0.5255138709213741,c13b8c924c188d79a624d5fd9c53544511561212ee4a0e916cba0b34a5d4e622,3c749a26593b676ad1e4c55c13778ebfc44e3e3d18e7387dab075fa6d3cee675,f8662c22__horizontal_well.csv,f8662c22__typewell.csv
f88ddb26,dev,94eb27fdcd1e89991e52679204f459ba6a9cd201237026b9975699fdbb7d8979,6585,1595,4990,0.9614274867122248,2a37e71126500f811e1b26831e8855eae3d4eb9df1b859ff1db6436422086261,c72f1bdd05fc6c0d7d28ec2f602a0ae38dbdb8c77524b502bf37431103972ba6,f88ddb26__horizontal_well.csv,f88ddb26__typewell.csv
f8afa78a,dev,880e4dc3ca7b8b051c9fb6b372f9610c029e850693824f249a315b742f1883ee,7367,1335,6032,0.5280304058639881,1be8e8b63c414de5e54c962d65668bc1c5f1e818f7fd55fc2d184a0b1f96acdc,ace4fb29903afd4264e57e5894ab329a3469ec2bb5a2eca95ce1e80d3b481607,f8afa78a__horizontal_well.csv,f8afa78a__typewell.csv
f8f59188,dev,24ebc12aba00ab5be716756adb015eac0a771607d2b6b789cab082d6392675e7,6740,1933,4807,0.3844213649851632,f219a914d309afb6d5e4f8ad3c128439d8c0aa6093ca723f180b74394b27a673,b2df0f4fe4e7934fb962ba020db0921e08326fe98047555f8a0d63a756522142,f8f59188__horizontal_well.csv,f8f59188__typewell.csv
f9fc81aa,dev,ff1f19c68f279653252f2aed600d9cd43a447be7b410c138c27ecf7c4b689bba,7113,1515,5598,0.9399690707155912,2db9e7e27a681b7b23a6544939db4fa82439443af08f06ee00e4445ce35b9b36,64f59e2e29bf741323819df4a0ad0fb10dc5689863591c3b6442d351db1b670d,f9fc81aa__horizontal_well.csv,f9fc81aa__typewell.csv
fa16d114,dev,72afa3ed1605bfd217c8395987536199f62b9bb7c7860ef790a45cd4518ec395,6928,1242,5686,0.49898960739030024,6ccdbc4e1ac61365ce53b50dc6290d58f2249ede928da8f44b5a0d32b03d7728,13ea75f9e5177ab9234498547624cd9721b29306ec62f5f0b696fd8d53a533e7,fa16d114__horizontal_well.csv,fa16d114__typewell.csv
fa31da94,holdout,d4632de676ee36c9c78d77e83ca04958119d85736c3919c2576e0ff0aa2fc2bc,6681,1654,5027,0.36296961532704686,25cba47602e0086a8276adf6f9b2b1e8cc186c16b56f2e8f78b7d5694ac0a6e7,12687c35a180d5f4ab4f19dc3ffec54e3bec3a1d5ed1dc3fb84e1a831dcff97e,fa31da94__horizontal_well.csv,fa31da94__typewell.csv
fa667be2,holdout,946fa9cc6d0dd4615a51d662037b3a9e372d9fbd6399cd7b905951e00f88eff5,8798,1502,7296,0.8683791770857013,e94ea0143823517d5a1667bc57ed97821870ff8118afc6b5fe1855b0f74cdb47,4b9b9c3c2e5f0d32b210e9ea45dd91f716da52dd5ae07841ee10880e0adb414b,fa667be2__horizontal_well.csv,fa667be2__typewell.csv
fae0c593,dev,2d0babaf8a5f6fed539458d2dcf8491ddf115e2742a79a2d7f5b8146417416ca,6147,1744,4403,0.9677891654465594,8d126025f73fc2b282b4661490444a0b3c3e9ed6e9e101aa3e6c136fde92e219,e858d4350e0382cac44b322b10b513f6c0eb162a3757b91b2a208cf6139846dc,fae0c593__horizontal_well.csv,fae0c593__typewell.csv
fb03ae90,holdout,25125c769045612bacdceff1097ba5a1dd9930854f77057f6e8ff644311828e2,8129,1698,6431,0.8436462049452578,4b8ee1d798e542afc37da705fc37fdf93f535b67145929e827482ff774b1cdee,ad7559cf4ab38e9071a1c2cfb29fdce0c1b53ca0e58f1297f6b0570a350766c5,fb03ae90__horizontal_well.csv,fb03ae90__typewell.csv
fb0904bd,dev,fb9d05c044492df28dbeb4f23ea5ec146bc4eafb80ed138fa689abada7e15b2e,5087,1906,3181,0.49361116571653235,85740785247f4b2fbaabbfd903641b1723695e5fb72a7928eeaa299953cc83c0,ccb24c6f056aaa468ff996869692ee54907cd39df0c52c0045b3482158dfbf5e,fb0904bd__horizontal_well.csv,fb0904bd__typewell.csv
fb3848a1,dev,af252810771e097a997f55690bb1f6d003dcb2fd4d190f4ac06218d0e57b87d4,7859,1940,5919,0.42957119226364676,929ccf347b5b2e3b98bace68eb82110ada763f25361193f2eabc4df0aebb9085,d9a43012d55af1328e275900aca2bc80893f640e143908563061c97f1cb1642b,fb3848a1__horizontal_well.csv,fb3848a1__typewell.csv
fb73b13a,dev,8085e0777ffbc2945e118e0fabf273d5e4919321f81732f3f890495c3b72dc84,7465,1825,5640,0.6499665103817817,cb0b697851e0b438c012e9e5c17ddce0b862e4f5a50d61131250e3916f4a4c00,6c72e2bda757e59aca6413c2fca19f6c17256feb011b2a1a88879cbb9ebdcdf3,fb73b13a__horizontal_well.csv,fb73b13a__typewell.csv
fba7683c,dev,1d5862ff43d915db7a0c5a524520dee837a19fc77123a417620ecd56c3a15c6c,2058,1651,407,0.9795918367346939,3350aeef3f0582620f8125283e339daffc8036c8874bcfcfbae4cb3fc5018410,6bcf2061fbab4fdbdcca7010c2fd7fedf05188719a7489bd12ea434e12fddecf,fba7683c__horizontal_well.csv,fba7683c__typewell.csv
fbd68d27,holdout,fce69421b9df5106849ad157f2d1cf0ea474424eb9761e95e27c7a398c64b6f0,8552,1723,6829,0.7792329279700655,8666f40c69efd5d312b49466e545ea86ebfcb457635e9d5267cc4387c8bd63d7,c14c810c572394d827dbd76a76e7e789e5cd66e9a7ecc6367eed755f2c9b8cbe,fbd68d27__horizontal_well.csv,fbd68d27__typewell.csv
fc03f21f,dev,7bb9724fc185e24f576bbfd427bdf4127e9130ccdb45b762819a707f84dd5453,6202,1399,4803,0.9285714285714286,96ce5a087e7e47c80fdb698d1a766346ecd72fab022380e63d120c25248a65d7,a659737afd40648071078f93f6a98459fd2935e1806a8a2a5bba79df18e580a3,fc03f21f__horizontal_well.csv,fc03f21f__typewell.csv
fc0d20b2,dev,924fed58b68160cca0c9c6d43c42aee9e8d61f75e9c9e9a8db27e833f3f90f67,5308,1354,3954,0.5578372268274303,cb079ee484ef2345342b6e0dde3af4afe9cb0f4ddd77dd111e679934bc83db9d,8a33b8c82eaecab8308f9a34c7d4eb21422b188787dba280fdd1becc2224d5fa,fc0d20b2__horizontal_well.csv,fc0d20b2__typewell.csv
fcfcc902,dev,2bc5ba2f707603536d7baef0dd4e21ce6873f34f5789fc8a79ba44241cdf7370,4665,1874,2791,0.959914255091104,61a0f7c847647d5bba30361c4bd5a192084a1d974b970fc9525c5ead2c34cbe3,d6f824471c5f9962b696c5013cdae8dd3322d3d3534b7b6913c7f7656d03c964,fcfcc902__horizontal_well.csv,fcfcc902__typewell.csv
fd3b4faa,holdout,0369cca040b7469a2357d18164bc48d15b8a7fe7f610e4ec694db7696786ac17,6956,1934,5022,0.4476710753306498,ce1b6f84f4b72bd80a8a82522e13dbd7861a12ab1a76d37f7c9b9eb8591c2025,425b33c13e314fa1f1a6bd7fa71742f500b5b431b922cf188a67f47f6885e20e,fd3b4faa__horizontal_well.csv,fd3b4faa__typewell.csv
fd710aea,holdout,8bdbdaca48f7dca33957d9b3e96b8facc9a22b4d348516cb0e043d040ec482ae,5960,1743,4217,0.7778523489932886,958eb7702d36460a1b31d138ae09649401b9bcba93a0d4793a71425edd8ee86f,975843219130898d865acf4f16e10b09d2cbdb6d9e2787dd161ba2dbc0730456,fd710aea__horizontal_well.csv,fd710aea__typewell.csv
fd8f77fa,dev,19d153d098b4d7e8e0a759dbafdd300c2a93a0800d4d6207e4d70603bc00eb07,6756,1484,5272,0.5266429840142096,f136085c567afe471d4b84a3a5f31355087e56c65d462193112c9e14aad8102d,3576ccbed6a3eace67ac34a7cacd6a364ff9563c8de75026c746c42da59f5988,fd8f77fa__horizontal_well.csv,fd8f77fa__typewell.csv
fde20ecf,dev,93996f60a5c70930429ff72ac9c649a6a952ad8c342cf442b57b4722164a26a7,6386,1719,4667,0.7292514876291889,174edc5170ba0fe1f22bedbf2d3d85bcbcfa0baf1aae6861e22d53bcf3f24b1c,9a599820c864596f36160585837888c37ca9087125467ae46a460ee89df34141,fde20ecf__horizontal_well.csv,fde20ecf__typewell.csv
fdfd57da,dev,9542f56dc229c8f0eee67922d2458339bdfada6e95b0f18633c0c0b35c9be764,7364,2128,5236,0.5104562737642585,23640e99087e63d4a7372c0a7ab4b3d685c5fa598081398fb9084d99730a83fc,496487d5a97d53d71afc1ddbfbf00f1b9bb9e6cf2b57fd52a0942214982af89b,fdfd57da__horizontal_well.csv,fdfd57da__typewell.csv
febb4411,dev,2a7ce8dbfbb4412ca88e26d2f224236bfae2ff45047935c85738cdf7911ddea8,6275,2028,4247,0.9681274900398407,538b86d5d15987f67aa56bd31e86b5b302268b838a0e7fbb8791b38aba8732bb,a9aa4e1e22d75263285dfc680e3eff19d6ffbc2133e44b05e2fc24375e7005ca,febb4411__horizontal_well.csv,febb4411__typewell.csv
fef8af96,dev,9a3d5a26cb0935bbe1ae7e3c7f540f417b02f9f7bd4f848b0357ed1b4f47b55a,5068,1242,3826,0.6734411996842936,ad7708cce1f45fc2827196e383e193289871aa3cf322291eb6c72925107ead3c,0963ceb87dcff78ab54f4d805f3633a4bdda43d720ebedf36fecc7bb95486f58,fef8af96__horizontal_well.csv,fef8af96__typewell.csv
ff0aea78,dev,ba5f1ad0e27ab7f115f9156cb44bce7eb4c5b6be55c789fca9add0ac8c99b2ce,4976,1715,3261,0.6483118971061094,45494510090544330c0b769ff95374d37a0357a3f63ca026f6ea5906b4f49266,f067cf52e65831ab680adcdc2c0b70d2b881e51a03f860e9d46bd0330b7924b2,ff0aea78__horizontal_well.csv,ff0aea78__typewell.csv
ff8bb73a,holdout,d12b97b012e064bc4f2f429f2a8140dba09c83da462c4695184887c965c0b587,7670,1743,5927,0.9508474576271186,f289e0a82ec5d75a11caedc9351cc6019778d13e58390af98aaf3772ab82cbcf,d10cbf01c83a50c6a393d42b31edf91c163c48aed5f7f4f15a476073f1e03cdb,ff8bb73a__horizontal_well.csv,ff8bb73a__typewell.csv
ffefef30,holdout,b7de8d046e0a772a79e5336b3ca560d8e966a51ddf17119284a7cfaf0dacc059,6421,1851,4570,0.7086123656751285,9b9502b6548921aa0ffa52cde8f13751fe1bb2eedd5ed239a3777878f7f9de21,124ff0f421777e04b87c3a7d5dcf50411356f60a2cc6bf22d06b6e0c5a4e51f2,ffefef30__horizontal_well.csv,ffefef30__typewell.csv
